,x0,x1,x2,y0,y1,y2,t0,t1,t2,d0,d1,d2,TV0,TV1,TV2,HV0,HV1,HV2,VV0,VV1,VV2,A0,A1,A2,AM0,AM1,AM2,AV0,AV1,AV2,J0,J1,J2,Seg_id,avg_x,avg_y,avg_t,avg_d,avg_tv,avg_hv,avg_vv,avg_a,avg_am,avg_av,avg_j,min_x,max_x,min_y,max_y,min_vv,max_vv,min_hv,max_hv,min_tv,max_tv,min_a,max_a,min_am,max_am,min_j,max_j,min_d,max_d,min_av,max_av,min_t,max_t,label
0,673,680,690,320,321,324,875.0,891.0000000005311,907.0000000001528,0.0,7.071067811865476,10.44030650891055,0.0,0.4419417382520427,0.6525191567852481,0.0,0.4374999999854765,0.6250000000147793,0.0,0.0624999999979252,0.1875000000044338,0.0,0.0276213586414058,0.0407824472977241,0.0,0.1418970546041639,0.2914567944778671,0.0,0.0088685659124658,0.0093474837423274,0.0,0.0017263349150305,0.0008225680410393,1.0,681.0,321.6666666666667,891.0000000002279,5.837124773592009,0.36482029834576357,0.35416666666675195,0.4166666666682299,0.022801268646376632,0.14445128302734367,0.006072016551597732,0.0008496343186899334,673,690,320,324,0.0,0.1875000000044338,0.0,0.6250000000147793,0.0,0.6525191567852481,0.0,0.0407824472977241,0.0,0.2914567944778671,0.0,0.0017263349150305,0.0,10.44030650891055,0.0,0.0093474837423274,875.0,907.0000000001528,7
1,703,717,734,328,334,338,923.000000000684,939.0000000003056,954.9999999999272,13.601470508735444,15.231546211727816,17.46424919657298,0.8500919068160673,0.9519716382554996,1.0915155747495766,0.8124999999730278,0.875000000020691,1.0625000000251248,0.2499999999917008,0.3750000000088676,0.2500000000059117,0.0531307441772605,0.0594982273923756,0.0682197234195838,0.2984989315861793,0.4048917862850834,0.231090667195897,0.0004401335692549,0.0066495534188387,0.010862569943331,0.0007717685549454,0.0003979677009541,0.0005450935017134,2.0,718.0,333.3333333333333,939.0000000003056,15.432421972345415,0.9645263732737145,0.9166666666729478,1.0000000000082518,0.060282898329739966,0.31149379502238655,0.0059840856438082,0.0005716099192043,703,734,328,338,0.2499999999917008,0.3750000000088676,0.8124999999730278,1.0625000000251248,0.8500919068160673,1.0915155747495766,0.0531307441772605,0.0682197234195838,0.231090667195897,0.4048917862850834,0.0003979677009541,0.0007717685549454,13.601470508735444,17.46424919657298,0.0004401335692549,0.010862569943331,923.000000000684,954.9999999999272,7
2,753,775,796,344,352,357,971.0000000004584,987.00000000008,1003.0000000006112,19.92485884517128,23.40939982143925,21.587033144922906,1.2453036778526525,1.4630874887913838,1.3491895715895854,1.187499999960579,1.3750000000325144,1.3124999999564295,0.3749999999875513,0.5000000000118234,0.3124999999896261,0.0778314798676312,0.0914429680464259,0.084324348226343,0.3058788714048521,0.348771003583907,0.2337431808689014,0.0046742627629045,0.0026807582612543,0.0071892389194491,0.000600734777983,0.0008507180111947,0.0004449137387404,3.0,774.6666666666666,351.0,987.0000000003832,21.64043060384448,1.3525269127445405,1.291666666649841,1.3958333333130497,0.08453293204680003,0.29613101861922014,0.0048480866478693005,0.0006321221759727,753,796,344,357,0.3124999999896261,0.5000000000118234,1.187499999960579,1.3750000000325144,1.2453036778526525,1.4630874887913838,0.0778314798676312,0.0914429680464259,0.2337431808689014,0.348771003583907,0.0004449137387404,0.0008507180111947,19.92485884517128,23.40939982143925,0.0026807582612543,0.0071892389194491,971.0000000004584,1003.0000000006112,7
3,814,826,835,364,367,369,1019.0000000002328,1034.9999999998545,1051.0000000003856,19.313207915827967,12.36931687685298,9.219544457292889,1.2070754947677915,0.7730823047776476,0.3841476857150633,1.1250000000266027,0.7500000000177351,0.5624999999813269,0.4375000000103455,0.1875000000044338,0.1249999999958504,0.0754422184247709,0.0483176440469989,0.0160061535712329,0.3708912888126623,0.2449786631268641,0.2186689458739419,0.0085717567466877,0.0078695391055484,0.001644357328253,0.0005551331126113,0.0016952858986508,0.0020194681546683,4.0,825.0,366.6666666666667,1035.0000000001576,13.634023083324612,0.7881018284201674,0.8125000000085549,0.8541666666738384,0.04658867201433423,0.27817963260448947,0.0060285510601630335,0.0014232957219768,814,835,364,369,0.1249999999958504,0.4375000000103455,0.5624999999813269,1.1250000000266027,0.3841476857150633,1.2070754947677915,0.0160061535712329,0.0754422184247709,0.2186689458739419,0.3708912888126623,0.0005551331126113,0.0020194681546683,9.219544457292889,19.313207915827967,0.001644357328253,0.0085717567466877,1019.0000000002328,1051.0000000003856,7
4,849,864,878,371,376,380,1075.0000000007276,1091.0000000003492,1106.999999999971,14.142135623730953,15.811388300841896,14.560219778561036,0.8838834765040855,0.9882117688259866,0.9100137361298556,0.5833333333250216,0.9375000000221688,0.875000000020691,0.0833333333321459,0.3125000000073896,0.2500000000059117,0.0552427172828116,0.0617632355530846,0.0568758585062278,0.1418970546041639,0.3217505543966422,0.2782996590051113,0.0031988288028618,0.0112408437372957,0.0027156809620348,0.0016348568212924,0.0004075323919016,0.0003054610654357,5.0,863.6666666666666,375.6666666666667,1091.0000000003492,14.837914567711294,0.9273696604866425,0.7986111111226272,0.8819444444579311,0.057960603780708,0.24731575600197245,0.005718451167397433,0.0007826167595432334,849,878,371,380,0.0833333333321459,0.3125000000073896,0.5833333333250216,0.9375000000221688,0.8838834765040855,0.9882117688259866,0.0552427172828116,0.0617632355530846,0.1418970546041639,0.3217505543966422,0.0003054610654357,0.0016348568212924,14.142135623730953,15.811388300841896,0.0027156809620348,0.0112408437372957,1075.0000000007276,1106.999999999971,7
5,888,893,898,381,384,384,1123.000000000502,1139.0000000001237,1155.0000000006548,10.04987562112089,5.830951894845301,5.0,0.6281172263349086,0.3644344934157333,0.3125000000073896,0.6249999999792522,0.3125000000073896,0.3124999999896261,0.0624999999979252,0.1875000000044338,0.0,0.0392573266468601,0.0227771558377272,0.0195312500009237,0.099668652491162,0.5404195002705842,0.0,0.0111644379067512,0.0275469279868652,0.0337762187657902,0.0011011582411739,0.0010300106755951,0.0002028691147934,6.0,893.0,383.0,1139.0000000004268,6.960275838655396,0.4350172399193439,0.41666666665875596,0.41666666665875596,0.02718857749517033,0.2133627175872487,0.024162528219802203,0.0007780126771874668,888,898,381,384,0.0,0.1875000000044338,0.3124999999896261,0.6249999999792522,0.3125000000073896,0.6281172263349086,0.0195312500009237,0.0392573266468601,0.0,0.5404195002705842,0.0002028691147934,0.0011011582411739,5.0,10.04987562112089,0.0111644379067512,0.0337762187657902,1123.000000000502,1155.0000000006548,7
6,904,913,922,386,387,388,1171.0000000002765,1186.999999999898,1203.0000000004293,6.324555320336759,9.055385138137416,9.055385138137416,0.3952847075303947,0.5659615711148006,0.5659615711469718,0.3750000000088676,0.5625000000133014,0.5624999999813269,0.1250000000029558,0.0625000000014779,0.0624999999979252,0.0247052942212338,0.0353725981935007,0.0353725981975221,0.3217505543966422,0.1106572211738956,0.1106572211738956,0.0201094096502656,0.0131933333267336,0.0,0.000323377763777,0.0006667064982824,2.513371455320321e-13,7.0,913.0,387.0,1187.0000000002012,8.145108532203864,0.5090692832640556,0.5000000000011653,0.520833333333807,0.03181683020408554,0.1810216655814778,0.0111009143256664,0.00033002808743691237,904,922,386,388,0.0624999999979252,0.1250000000029558,0.3750000000088676,0.5625000000133014,0.3952847075303947,0.5659615711469718,0.0247052942212338,0.0353725981975221,0.1106572211738956,0.3217505543966422,2.513371455320321e-13,0.0006667064982824,6.324555320336759,9.055385138137416,0.0,0.0201094096502656,1171.0000000002765,1203.0000000004293,7
7,929,938,945,389,392,392,1219.000000000051,1235.000000000582,1251.0000000002035,7.071067811865476,9.486832980505138,7.0,0.4419417382269213,0.592927061295592,0.2916666666625108,0.4375000000103455,0.5624999999813269,0.4375000000103455,0.0625000000014779,0.1874999999937756,0.0,0.0276213586382656,0.0370579413318508,0.0121527777774314,0.1418970546041639,0.3217505543966422,0.0,0.0019524895894379,0.0112408437366567,0.0201094096502656,0.0004844524724649,0.0005897864183294,0.001556572722188,8.0,937.3333333333334,391.0,1235.000000000279,7.8526335974568715,0.44217848872834137,0.4791666666673393,0.4791666666673393,0.025610692582515932,0.1545492030002687,0.011100914325453399,0.0008769372043274333,929,945,389,392,0.0,0.1874999999937756,0.4375000000103455,0.5624999999813269,0.2916666666625108,0.592927061295592,0.0121527777774314,0.0370579413318508,0.0,0.3217505543966422,0.0004844524724649,0.001556572722188,7.0,9.486832980505138,0.0019524895894379,0.0201094096502656,1219.000000000051,1251.0000000002035,7
8,953,957,962,393,394,396,1275.0000000005457,1291.0000000001671,1307.0000000006985,8.06225774829855,4.123105625617661,5.385164807134504,0.5038911092805748,0.2576941015925492,0.3365728004538654,0.3333333333285837,0.2500000000059117,0.3124999999896261,0.0416666666660729,0.0625000000014779,0.1249999999958504,0.0314931943307806,0.0161058813489996,0.021035800028864,0.1243549945467614,0.2449786631268641,0.3805063771123649,0.0051814581060412,0.0075389792864346,0.0084704821238126,0.0008058506897114,0.000961707061384,0.0003081199174812,9.0,957.3333333333334,394.3333333333333,1291.0000000004704,5.856842727016905,0.36605267044232975,0.2986111111080405,0.34027777777332396,0.0228782919028814,0.2499466782619968,0.0070636398387628,0.0006918925561922,953,962,393,396,0.0416666666660729,0.1249999999958504,0.2500000000059117,0.3333333333285837,0.2576941015925492,0.5038911092805748,0.0161058813489996,0.0314931943307806,0.1243549945467614,0.3805063771123649,0.0003081199174812,0.000961707061384,4.123105625617661,8.06225774829855,0.0051814581060412,0.0084704821238126,1275.0000000005457,1307.0000000006985,7
9,968,972,978,397,398,399,1323.00000000032,1338.9999999999418,1355.000000000473,6.082762530298219,4.123105625617661,6.082762530298219,0.3801726581526286,0.2576941015925492,0.3801726581526286,0.3750000000088676,0.2500000000059117,0.3749999999875513,0.0625000000014779,0.0625000000014779,0.0624999999979252,0.0237607911351011,0.0161058813489996,0.0237607911351011,0.1651486774146268,0.2449786631268641,0.1651486774146268,0.0134598562314269,0.0049893741071328,0.0049893741068492,0.0001703119441438,0.0004784318616426,0.0004784318616154,10.0,972.6666666666666,398.0,1339.0000000002449,5.429543562071366,0.3393464726326021,0.3333333333341102,0.35416666666675195,0.021209154539733932,0.19175867265203925,0.007812868148469633,0.0003757252224672667,968,978,397,399,0.0624999999979252,0.0625000000014779,0.2500000000059117,0.3750000000088676,0.2576941015925492,0.3801726581526286,0.0161058813489996,0.0237607911351011,0.1651486774146268,0.2449786631268641,0.0001703119441438,0.0004784318616426,4.123105625617661,6.082762530298219,0.0049893741068492,0.0134598562314269,1323.00000000032,1355.000000000473,7
10,983,986,987,400,400,400,1371.0000000000946,1387.0000000006255,1403.0000000002474,5.0990195135927845,3.0,1.0,0.3186887195889696,0.1875000000044338,0.0625000000014779,0.3125000000073896,0.1874999999937756,0.0625000000014779,0.0625000000014779,0.0,0.0,0.0199180449736493,0.0117187500005542,0.0039062500001847,0.1973955598498807,0.0,0.0,0.002015430152251,0.0123372224902079,0.0,0.0002401716350964,0.0005124559358014,0.0004882812500346,11.0,985.3333333333334,400.0,1387.0000000003226,3.033006504530928,0.1895629065316271,0.18750000000088105,0.18750000000088105,0.011847681658129399,0.06579851994996024,0.0047842175474863005,0.00041363627364413334,983,987,400,400,0.0,0.0625000000014779,0.0625000000014779,0.3125000000073896,0.0625000000014779,0.3186887195889696,0.0039062500001847,0.0199180449736493,0.0,0.1973955598498807,0.0002401716350964,0.0005124559358014,1.0,5.0990195135927845,0.0,0.0123372224902079,1371.0000000000946,1403.0000000002474,7
11,989,990,993,400,400,401,1418.999999999869,1467.000000000553,1483.0000000001746,2.0,1.0,3.1622776601683795,0.0416666666660729,0.0625000000014779,0.131761569171805,0.1250000000029558,0.0208333333330364,0.1875000000044338,0.0,0.0,0.0625000000014779,0.0008680555555308,0.0039062500001847,0.0054900653820803,0.0,0.0,0.3217505543966422,0.0,0.0,0.0201094096502656,0.0001898871527953,6.329571759605485e-05,9.898846137081424e-05,12.0,990.6666666666666,400.3333333333333,1456.3333333335322,2.05409255338946,0.07864274527978528,0.11111111111347532,0.13194444444730127,0.003421456979265267,0.10725018479888072,0.006703136550088533,0.00011739044392072304,989,993,400,401,0.0,0.0625000000014779,0.0208333333330364,0.1875000000044338,0.0416666666660729,0.131761569171805,0.0008680555555308,0.0054900653820803,0.0,0.3217505543966422,6.329571759605485e-05,0.0001898871527953,1.0,3.1622776601683795,0.0,0.0201094096502656,1418.999999999869,1483.0000000001746,7
12,995,996,997,402,403,404,1507.0000000005166,1515.0000000003274,1530.999999999949,2.23606797749979,1.4142135623730951,1.4142135623730951,0.2795084971940832,0.0883883476504085,0.0589255650980393,0.0833333333321459,0.1250000000029558,0.0625000000014779,0.0416666666660729,0.1250000000029558,0.0625000000014779,0.0349385621500865,0.0055242717282811,0.0024552318790499,0.4636476090008061,0.7853981633974483,0.7853981633974483,0.0059123772750892,0.0402188193005313,0.0,0.0012270206986494,0.0036767863028126,0.0001918149905814,13.0,996.0,403.0,1517.666666666931,1.6881650340819931,0.14227413664751035,0.09027777777885987,0.11111111111268583,0.014306021919139164,0.6781479785985676,0.015377065525206832,0.0016985406640144668,995,997,402,404,0.0416666666660729,0.1250000000029558,0.0625000000014779,0.1250000000029558,0.0589255650980393,0.2795084971940832,0.0024552318790499,0.0349385621500865,0.4636476090008061,0.7853981633974483,0.0001918149905814,0.0036767863028126,1.4142135623730951,2.23606797749979,0.0,0.0402188193005313,1507.0000000005166,1530.999999999949,7
13,998,999,1002,404,404,404,1555.000000000291,1570.9999999999127,1587.0000000004438,1.0,1.0,3.0,0.0625000000014779,0.0624999999979252,0.1875000000044338,0.0416666666660729,0.0625000000014779,0.1874999999937756,0.0,0.0,0.0,0.0039062500001847,0.0039062499997406,0.0117187500005542,0.0,0.0,0.0,0.0327249234744273,0.0,0.0,6.045908837975322e-05,2.775557561628525e-14,0.0004882812500346,14.0,999.6666666666666,404.0,1571.0000000002158,1.6666666666666667,0.10416666666794562,0.09722222222044213,0.09722222222044213,0.006510416666826501,0.0,0.0109083078248091,0.0001829134461473696,998,1002,404,404,0.0,0.0,0.0416666666660729,0.1874999999937756,0.0624999999979252,0.1875000000044338,0.0039062499997406,0.0117187500005542,0.0,0.0,2.775557561628525e-14,0.0004882812500346,1.0,3.0,0.0,0.0327249234744273,1555.000000000291,1587.0000000004438,7
14,1004,1008,1011,405,407,408,1603.0000000000657,1619.0000000005966,1635.0000000002185,2.23606797749979,4.47213595499958,3.1622776601683795,0.1397542485890975,0.2795084971940832,0.1976423537651973,0.1250000000029558,0.2499999999917008,0.1875000000044338,0.0625000000014779,0.1249999999958504,0.0625000000014779,0.0087346405365286,0.0174692810750432,0.0123526471106169,0.4636476090008061,0.4636476090008061,0.3217505543966422,0.0289779755632356,0.0,0.0088685659129699,0.000186506841506,0.000545915033639,0.0003197896227842,15.0,1007.6666666666666,406.6666666666667,1619.0000000002935,3.2901605308892496,0.20563503318279266,0.1874999999996968,0.20833333333352277,0.0128521895740629,0.41634859079941816,0.012615513825401834,0.0003507371659764,1004,1011,405,408,0.0625000000014779,0.1249999999958504,0.1250000000029558,0.2499999999917008,0.1397542485890975,0.2795084971940832,0.0087346405365286,0.0174692810750432,0.3217505543966422,0.4636476090008061,0.000186506841506,0.000545915033639,2.23606797749979,4.47213595499958,0.0,0.0289779755632356,1603.0000000000657,1635.0000000002185,7
15,1013,1015,1017,408,409,410,1650.99999999984,1667.000000000371,1682.9999999999927,2.0,2.23606797749979,2.23606797749979,0.1249999999958504,0.1397542485970416,0.0559016994375455,0.1250000000029558,0.1249999999958504,0.1250000000029558,0.0,0.0624999999979252,0.0625000000014779,0.0078124999994813,0.0087346405375216,0.0013975424859399,0.0,0.4636476090008061,0.4636476090008061,0.0201094096502656,0.0289779755615884,0.0,0.0002837591944526,5.763378362560821e-05,0.0004585686282347,16.0,1015.0,409.0,1667.000000000068,2.1573786516665265,0.10688531601014584,0.12500000000058734,0.1458333333344133,0.005981561007647601,0.3090984060005374,0.01636246173728467,0.0002666538687709694,1013,1017,408,410,0.0,0.0625000000014779,0.1249999999958504,0.1250000000029558,0.0559016994375455,0.1397542485970416,0.0013975424859399,0.0087346405375216,0.0,0.4636476090008061,5.763378362560821e-05,0.0004585686282347,2.0,2.23606797749979,0.0,0.0289779755615884,1650.99999999984,1682.9999999999927,7
16,1018,1020,1021,410,410,410,1722.9999999999563,1747.0000000002983,1762.99999999992,1.0,2.0,1.0,0.0416666666660729,0.1250000000029558,0.124999999988745,0.0250000000000227,0.0833333333321459,0.0625000000014779,0.0,0.0,0.0,0.0017361111110616,0.0078125000003694,0.0156249999971862,0.0,0.0,0.0,0.0115911902250306,0.0,0.0,8.46421562805083e-06,0.0002531828703842,0.0004882812498125,17.0,1019.6666666666666,410.0,1744.3333333333915,1.3333333333333333,0.09722222221925791,0.05694444444454883,0.05694444444454883,0.0083912037028724,0.0,0.0038637300750102,0.0002499761119415836,1018,1021,410,410,0.0,0.0,0.0250000000000227,0.0833333333321459,0.0416666666660729,0.1250000000029558,0.0017361111110616,0.0156249999971862,0.0,0.0,8.46421562805083e-06,0.0004882812498125,1.0,2.0,0.0,0.0115911902250306,1722.9999999999563,1762.99999999992,7
17,1022,1023,1024,411,411,412,1771.0000000006405,1795.0000000000728,1811.000000000604,1.4142135623730951,1.0,1.4142135623730951,0.0589255651002723,0.0624999999979252,0.1767766953008171,0.124999999988745,0.0416666666676519,0.0624999999979252,0.124999999988745,0.0,0.0624999999979252,0.002455231879236,0.0039062499997406,0.0220970869131246,0.7853981633974483,0.0,0.7853981633974483,0.0981747704158413,0.0327249234756675,0.0490873852107109,0.0016462210145955,6.0459088355787095e-05,0.0011369273070487,18.0,1023.0,411.3333333333333,1792.3333333337723,1.2761423749153966,0.0994007534663382,0.07638888888477403,0.09722222221741578,0.009486189597367066,0.5235987755982988,0.05999569303407323,0.0009478691366666623,1022,1024,411,412,0.0,0.124999999988745,0.0416666666676519,0.124999999988745,0.0589255651002723,0.1767766953008171,0.002455231879236,0.0220970869131246,0.0,0.7853981633974483,6.0459088355787095e-05,0.0016462210145955,1.0,1.4142135623730951,0.0327249234756675,0.0981747704158413,1771.0000000006405,1811.000000000604,7
18,1025,1027,1028,412,413,413,1819.0000000004147,1851.0000000005675,1867.0000000001887,1.0,2.23606797749979,1.0,0.0312499999998507,0.1397542485970416,0.1250000000029558,0.1250000000029558,0.0624999999997015,0.0625000000014779,0.0,0.0312499999998507,0.0,0.0009765624999906,0.0087346405375216,0.0156250000007389,0.0,0.4636476090008061,0.0,0.0981747704270025,0.014488987781206,0.0289779755632356,0.0026400655517041,0.0002424399386716,0.0004306474664612,19.0,1026.6666666666667,412.6666666666667,1845.6666666670571,1.4120226591665965,0.09866808286661603,0.08333333333471175,0.08333333333471175,0.008445401012750367,0.1545492030002687,0.04721391125714803,0.0011043843189456335,1025,1028,412,413,0.0,0.0312499999998507,0.0624999999997015,0.1250000000029558,0.0312499999998507,0.1397542485970416,0.0009765624999906,0.0156250000007389,0.0,0.4636476090008061,0.0002424399386716,0.0026400655517041,1.0,2.23606797749979,0.014488987781206,0.0981747704270025,1819.0000000004147,1867.0000000001887,7
19,1029,1029,1030,413,414,415,1875.0,1891.0000000005311,1923.000000000684,1.0,1.0,1.4142135623730951,0.0624999999979252,0.0312499999998507,0.0441941738252042,0.1250000000029558,0.0,0.0312499999998507,0.0,0.0624999999979252,0.0312499999998507,0.0039062499997406,0.0009765624999906,0.0013810679320702,0.0,1.5707963267948966,0.7853981633974483,0.0,0.0981747704214219,0.024543692606053,0.0014648437501594,0.0001831054687282,1.2640794752427686e-05,20.0,1029.3333333333333,414.0,1896.3333333337384,1.1380711874576983,0.045981391274326704,0.05208333333426884,0.06250000000088574,0.0020879601439338,0.7853981633974483,0.04090615434249164,0.0005535300045466759,1029,1030,413,415,0.0,0.0624999999979252,0.0,0.1250000000029558,0.0312499999998507,0.0624999999979252,0.0009765624999906,0.0039062499997406,0.0,1.5707963267948966,1.2640794752427686e-05,0.0014648437501594,1.0,1.4142135623730951,0.0,0.0981747704214219,1875.0,1923.000000000684,7
20,1031,1032,1033,415,416,416,1954.9999999999272,2075.000000000728,2106.999999999971,1.0,1.4142135623730951,1.0,0.0083333333332777,0.0441941738252042,0.124999999988745,0.0312500000007389,0.0083333333332777,0.0312500000007389,0.0,0.0083333333332777,0.0,6.94444444435181e-05,0.0013810679320702,0.0156249999971862,0.0,0.7853981633974483,0.0,0.0245436926067506,0.006544984694935,0.0245436926067506,4.098823398930591e-05,1.0930195730150212e-05,0.0004451228770453,21.0,1032.0,415.6666666666667,2045.6666666668752,1.1380711874576983,0.0591758357157423,0.023611111111585165,0.023611111111585165,0.005691837457899973,0.2617993877991494,0.018544123302812066,0.00016568043558825204,1031,1033,415,416,0.0,0.0083333333332777,0.0083333333332777,0.0312500000007389,0.0083333333332777,0.124999999988745,6.94444444435181e-05,0.0156249999971862,0.0,0.7853981633974483,1.0930195730150212e-05,0.0004451228770453,1.0,1.4142135623730951,0.006544984694935,0.0245436926067506,1954.9999999999272,2106.999999999971,7
21,1034,1037,1038,416,416,415,2115.000000000691,2139.000000000124,2163.0000000004657,1.0,3.0,1.4142135623730951,0.0416666666676519,0.1249999999982189,0.1767766953008171,0.124999999988745,0.1250000000029558,0.0416666666660729,0.0,0.0,0.0416666666660729,0.0017361111111932,0.0052083333331849,0.0220970869131246,0.0,0.0,0.7853981633974483,0.0,0.0,0.0327249234744273,0.0017361111105928,0.0001446759259197,0.0007036980658207,22.0,1036.3333333333333,415.6666666666667,2139.000000000427,1.804737854124365,0.11448112065556264,0.0972222222192579,0.11111111110794886,0.0096805104525009,0.2617993877991494,0.0109083078248091,0.0008614950341110667,1034,1038,415,416,0.0,0.0416666666660729,0.0416666666660729,0.1250000000029558,0.0416666666676519,0.1767766953008171,0.0017361111111932,0.0220970869131246,0.0,0.7853981633974483,0.0001446759259197,0.0017361111105928,1.0,3.0,0.0,0.0327249234744273,2115.000000000691,2163.0000000004657,7
22,1038,1039,1040,414,412,409,2171.0000000002765,2186.999999999898,2203.0000000004293,1.0,2.23606797749979,3.1622776601683795,0.0625000000014779,0.1397542485890975,0.3952847075303947,0.0,0.0625000000014779,0.0624999999979252,0.1250000000029558,0.1250000000029558,0.1874999999937756,0.0039062500001847,0.0087346405365286,0.0494105884424677,1.5707963267948966,1.1071487177940904,1.2490457723982544,0.0981747704270025,0.0289779755632356,0.0088685659124658,0.0022738546141712,0.0003017744085286,0.0025422467440368,23.0,1039.0,411.6666666666667,2187.0000000002015,2.132781879222723,0.19917965204032337,0.0416666666664677,0.10416666666439289,0.020683826326393668,1.3089969389957472,0.045340437300901294,0.0017059585889122,1038,1040,409,414,0.1250000000029558,0.1874999999937756,0.0,0.0625000000014779,0.0625000000014779,0.3952847075303947,0.0039062500001847,0.0494105884424677,1.1071487177940904,1.5707963267948966,0.0003017744085286,0.0025422467440368,1.0,3.1622776601683795,0.0088685659124658,0.0981747704270025,2171.0000000002765,2203.0000000004293,7
23,1041,1042,1042,408,406,405,2211.00000000024,2226.9999999998618,2243.000000000393,1.4142135623730951,2.23606797749979,1.0,0.0883883476504085,0.1397542485890975,0.0625000000014779,0.1250000000029558,0.0625000000014779,0.0,0.1250000000029558,0.1250000000029558,0.0624999999979252,0.0055242717282811,0.0087346405365286,0.0039062500001847,0.7853981633974483,1.1071487177940904,1.5707963267948966,0.0579559511264712,0.0201094096502656,0.0289779755615884,0.005485789589403,0.0002006480505202,0.0003017744085114,24.0,1041.6666666666667,406.3333333333333,2227.000000000165,1.5500938466242948,0.0968808654136613,0.0625000000014779,0.08333333333411963,0.006055054088331467,1.1544477359954783,0.03568111211277507,0.0019960706828115334,1041,1042,405,408,0.0624999999979252,0.1250000000029558,0.0,0.1250000000029558,0.0625000000014779,0.1397542485890975,0.0039062500001847,0.0087346405365286,0.7853981633974483,1.5707963267948966,0.0002006480505202,0.005485789589403,1.0,2.23606797749979,0.0201094096502656,0.0579559511264712,2211.00000000024,2243.000000000393,7
24,1043,1043,1043,404,405,406,2259.0000000000146,4655.000000000655,4670.000000000073,1.4142135623730951,1.0,1.0,0.0013192290693777,0.0666666666692536,0.0454545454546807,0.0625000000014779,0.0,0.0,0.0625000000014779,0.0008532423208187,0.0666666666692536,1.2306241318820905e-06,0.0044444444447893,0.0020661157024916,0.7853981633974483,1.5707963267948966,1.5707963267948966,0.0490873852135012,0.001340269903408,0.0,0.000244063711009,3.7921880928221487e-06,0.0001585552494926,25.0,1043.0,405.0,3861.333333333581,1.1380711874576983,0.03781348039777067,0.020833333333825966,0.043055555556910506,0.0021705969238042604,1.3089969389957472,0.016809218372303068,0.00013547038286480738,1043,1043,404,406,0.0008532423208187,0.0666666666692536,0.0,0.0625000000014779,0.0013192290693777,0.0666666666692536,1.2306241318820905e-06,0.0044444444447893,0.7853981633974483,1.5707963267948966,3.7921880928221487e-06,0.000244063711009,1.0,1.4142135623730951,0.0,0.0490873852135012,2259.0000000000146,4670.000000000073,7
25,1041,1039,1021,411,413,420,4692.000000000007,4700.000000000728,4722.999999999956,5.385164807134504,2.8284271247461903,19.313207915827967,0.673145600831203,0.1229750923843928,1.207075494699177,0.0909090909093615,0.24999999997749,0.7826086956784168,0.2272727272734037,0.24999999997749,0.3043478260971621,0.0841432000963241,0.0053467431473268,0.0754422184161941,1.9513027039072612,2.356194490192345,2.770701364777131,0.0172957444142498,0.0506114732810783,0.0180220380260298,0.0037307765633671,0.0098495571177378,0.0030476293596181,26.0,1033.6666666666667,414.6666666666667,4705.00000000023,9.17559994923622,0.6677320626382576,0.37450592885508943,0.47595520422081017,0.05497738721994833,2.3593995196255793,0.028643085240452632,0.005542654346907667,1021,1041,411,420,0.2272727272734037,0.3043478260971621,0.0909090909093615,0.7826086956784168,0.1229750923843928,1.207075494699177,0.0053467431473268,0.0841432000963241,1.9513027039072612,2.770701364777131,0.0030476293596181,0.0098495571177378,2.8284271247461903,19.313207915827967,0.0172957444142498,0.0506114732810783,4692.000000000007,4722.999999999956,7
26,999,972,929,421,420,408,4739.000000000488,4755.000000000109,4771.00000000064,22.02271554554524,27.018512172212592,44.64302857109943,1.3764197216291254,1.6886570107072294,2.790189285759693,1.3749999999543547,1.687500000039904,2.6874999999107843,0.0624999999979252,0.0625000000014779,0.7499999999751026,0.0860262326038545,0.1055410631656982,0.1743868303641045,3.096169374168216,3.104572537715863,2.869446763058606,0.0203417505862675,0.0005251977217403,0.0146953609155907,0.0006615008867068,0.001219676910144,0.0043028604497575,27.0,966.6666666666666,416.3333333333333,4755.000000000412,31.228085429619085,1.9517553393653493,1.9166666666350143,2.1666666666267154,0.12198470871121907,3.0233962249808948,0.011854103074532834,0.0020613460822027667,929,999,408,421,0.0624999999979252,0.7499999999751026,1.3749999999543547,2.6874999999107843,1.3764197216291254,2.790189285759693,0.0860262326038545,0.1743868303641045,2.869446763058606,3.104572537715863,0.0006615008867068,0.0043028604497575,22.02271554554524,44.64302857109943,0.0005251977217403,0.0203417505862675,4739.000000000488,4771.00000000064,7
27,881,811,725,394,380,371,4787.000000000262,4804.000000000087,4820.0000000006185,50.0,71.386273190299,86.46964785403026,2.941176470618447,4.461642074245576,5.404352991004687,3.0000000000709406,4.117647058865826,5.3749999998215685,0.875000000020691,0.8235294117731651,0.5624999999813269,0.1730103806263916,0.2788526296310916,0.3377720619457801,2.857798544381465,2.9441970937399127,3.037321041662138,0.0007280136673384,0.0050822676093726,0.0058202467449458,8.602810860908834e-05,0.0062260146473992,0.0036824645195457,28.0,805.6666666666666,381.6666666666667,4803.666666666989,69.28530701477642,4.269057178622903,4.164215686252779,4.351715686246554,0.2632116907344211,2.946438893261172,0.0038768426738856,0.003331502425184663,725,881,371,394,0.5624999999813269,0.875000000020691,3.0000000000709406,5.3749999998215685,2.941176470618447,5.404352991004687,0.1730103806263916,0.3377720619457801,2.857798544381465,3.037321041662138,8.602810860908834e-05,0.0062260146473992,50.0,86.46964785403026,0.0007280136673384,0.0058202467449458,4787.000000000262,4820.0000000006185,7
28,644,598,562,358,353,351,4836.00000000024,4851.000000000568,4875.0,82.03657720797473,46.2709412050371,36.05551275463989,5.4691051470789365,1.9279558835888024,2.253469547090186,5.062500000119712,3.066666666599728,1.5000000000354703,0.8125000000192131,0.3333333333260573,0.0833333333353039,0.3646070097973038,0.080331495151433,0.1408418466884611,2.9824559277911,3.0333220627293374,3.086094148344076,0.0034290696170209,0.0033910756624751,0.0021988369006661,0.0016771842407598,0.0189517009759777,0.0025212646474357,29.0,601.3333333333334,354.0,4854.000000000269,54.787677055883904,3.2168435259193084,3.209722222251637,3.2375000000300713,0.1952601172123993,3.0339573796215045,0.003006327393387366,0.007716716621391066,562,644,351,358,0.0833333333353039,0.8125000000192131,1.5000000000354703,5.062500000119712,1.9279558835888024,5.4691051470789365,0.080331495151433,0.3646070097973038,2.9824559277911,3.086094148344076,0.0016771842407598,0.0189517009759777,36.05551275463989,82.03657720797473,0.0021988369006661,0.0034290696170209,4836.00000000024,4875.0,7
29,547,536,532,352,355,358,4891.000000000531,4907.000000000153,4923.000000000684,15.033296378372908,11.40175425099138,5.0,0.9395810236705248,0.712609640663305,0.2941176470618447,0.9374999999688782,0.6875000000162572,0.2499999999917008,0.0624999999979252,0.1875000000044338,0.1874999999937756,0.0587238139807964,0.044538102539978,0.0173010380626391,3.0750244898139694,2.875340604438868,2.498091544796509,0.0006918536581087,0.0124802428362389,0.0235780662268647,0.0051323770440586,0.0008866069650721,0.0017023165297771,30.0,538.3333333333334,355.0,4907.000000000456,10.478350209788095,0.6487694371318915,0.6249999999922787,0.687499999990204,0.040187651527804506,2.816152213016449,0.012250054240404101,0.0025737668463026004,532,547,352,358,0.0624999999979252,0.1875000000044338,0.2499999999917008,0.9374999999688782,0.2941176470618447,0.9395810236705248,0.0173010380626391,0.0587238139807964,2.498091544796509,3.0750244898139694,0.0008866069650721,0.0051323770440586,5.0,15.033296378372908,0.0006918536581087,0.0235780662268647,4891.000000000531,4923.000000000684,7
30,524,512,499,362,364,367,4940.000000000509,4954.999999999927,4971.000000000458,8.94427190999916,12.16552506059644,13.341664064126334,0.5962847940230829,0.7603453162620366,0.8338540040276139,0.4705882352989515,0.8000000000310441,0.8124999999730278,0.2352941176494757,0.1333333333385073,0.1874999999937756,0.0397523196030814,0.0475215822647997,0.0521158752529582,2.677945044588987,2.976443976175166,2.9147938055359077,0.0105796176349603,0.0198999287731841,0.0038531356648257,0.0013206636200395,0.0005179508441346,0.0002871433117503,31.0,511.6666666666667,364.3333333333333,4955.333333333631,11.48382034490731,0.7301613714375778,0.6943627451010078,0.756862745098933,0.046463259040279765,2.856394275433354,0.011444227357656702,0.0007085859253081334,499,524,362,367,0.1333333333385073,0.2352941176494757,0.4705882352989515,0.8124999999730278,0.5962847940230829,0.8338540040276139,0.0397523196030814,0.0521158752529582,2.677945044588987,2.976443976175166,0.0002871433117503,0.0013206636200395,8.94427190999916,13.341664064126334,0.0038531356648257,0.0198999287731841,4940.000000000509,4971.000000000458,7
31,489,478,459,368,370,373,4987.00000000008,5003.000000000611,5019.000000000233,10.04987562112089,11.180339887498947,19.235384061671343,0.6281172262992043,0.6987712429852081,1.2022115038828876,0.6250000000147793,0.6874999999771774,1.1875000000280806,0.0625000000014779,0.1249999999958504,0.1875000000044338,0.039257326642397,0.0436732026876082,0.0751382189944572,3.0419240010986317,2.961739153797315,2.984990776607778,0.0079456372228581,0.0050115529561659,0.0014532264256882,0.000803659288179,0.0002759922528165,0.0019665635192245,32.0,475.3333333333333,370.3333333333333,5003.000000000308,13.488533190097058,0.8430333243891001,0.8333333333400125,0.8958333333414904,0.052689582774820796,2.9962179771679076,0.004803472201570734,0.0010154050200733332,459,489,368,373,0.0625000000014779,0.1875000000044338,0.6250000000147793,1.1875000000280806,0.6281172262992043,1.2022115038828876,0.039257326642397,0.0751382189944572,2.961739153797315,3.0419240010986317,0.0002759922528165,0.0019665635192245,10.04987562112089,19.235384061671343,0.0014532264256882,0.0079456372228581,4987.00000000008,5019.000000000233,7
32,432,406,381,378,381,387,5034.999999999855,5051.000000000386,5075.000000000728,27.459060435491963,26.1725046566048,25.70992026436488,1.7161912771612762,1.0905210273429948,1.6068700165608023,1.687500000039904,1.6249999999460556,1.0416666666518242,0.3125000000073896,0.1874999999937756,0.2499999999964378,0.107261954819019,0.045438376138644,0.100429376037425,2.958481836327309,3.026716048172894,2.90604767286893,0.0016568087675684,0.0042646382402074,0.0050278489709268,0.0020077334890825,0.0038639736673951,0.0022912916624165,33.0,406.3333333333333,382.0,5053.666666666989,26.447161785487214,1.471194107021691,1.4513888888792614,1.5347222222114072,0.08437656899836266,2.9637485191230444,0.0036497653262342,0.002720999606298033,381,432,378,387,0.1874999999937756,0.3125000000073896,1.0416666666518242,1.687500000039904,1.0905210273429948,1.7161912771612762,0.045438376138644,0.107261954819019,2.90604767286893,3.026716048172894,0.0020077334890825,0.0038639736673951,25.70992026436488,27.459060435491963,0.0016568087675684,0.0050278489709268,5034.999999999855,5075.000000000728,7
33,354,338,329,394,395,395,5091.000000000349,5106.999999999971,5123.000000000502,27.892651361962702,16.0312195418814,9.0,1.7432907101638924,1.001951221334326,0.5625000000133014,1.687500000039904,1.0000000000236469,0.5624999999813269,0.4375000000103455,0.0625000000014779,0.0,0.1089556693878197,0.0626219513313165,0.0351562500016626,2.8879185574511506,3.079173843593836,3.141592653589793,0.001133069713638,0.0119534553842005,0.0039011756246178,0.0005328933344122,0.0028958573785999,0.0017166063330463,34.0,340.3333333333333,394.6666666666667,5107.000000000274,17.64129030128137,1.1025806438371732,1.0833333333482926,1.0833333333482926,0.06891129024026627,3.0362283515449264,0.005662566907485432,0.0017151190153528,329,354,394,395,0.0,0.4375000000103455,0.5624999999813269,1.687500000039904,0.5625000000133014,1.7432907101638924,0.0351562500016626,0.1089556693878197,2.8879185574511506,3.141592653589793,0.0005328933344122,0.0028958573785999,9.0,27.892651361962702,0.001133069713638,0.0119534553842005,5091.000000000349,5123.000000000502,7
34,325,323,323,395,396,397,5139.000000000124,5146.999999999935,5179.000000000087,4.0,2.23606797749979,1.0,0.5000000000118234,0.0698771242965347,0.0588235294123689,0.2500000000059117,0.2500000000059117,0.0,0.0,0.1250000000029558,0.0312499999998507,0.0625000000029558,0.0021836601342562,0.0034602076125278,3.141592653589793,2.677945044588987,1.5707963267948966,0.0,0.0579559511264712,0.0345983974309001,0.0017089843751212,0.0075395424837657,3.98921086957954e-05,35.0,323.6666666666667,396.0,5155.000000000048,2.4120226591665967,0.20956688457357567,0.1666666666706078,0.1770833333372247,0.022714622583246597,2.4634446749912255,0.030851449519123764,0.003096139655860898,323,325,395,397,0.0,0.1250000000029558,0.0,0.2500000000059117,0.0588235294123689,0.5000000000118234,0.0021836601342562,0.0625000000029558,1.5707963267948966,3.141592653589793,3.98921086957954e-05,0.0075395424837657,1.0,4.0,0.0,0.0579559511264712,5139.000000000124,5179.000000000087,7
35,322,321,319,397,397,398,5195.999999999913,5203.000000000429,5219.000000000051,1.0,1.0,2.23606797749979,0.1428571428466001,0.0625000000014779,0.1397542485890975,0.0588235294123689,0.1428571428466001,0.1250000000029558,0.0,0.0,0.0625000000014779,0.0204081632622939,0.0039062500001847,0.0087346405365286,3.141592653589793,3.141592653589793,2.677945044588987,0.0923997839300606,0.0,0.0289779755632356,0.0009969385676435,0.0023574161801273,0.0003017744085286,36.0,320.6666666666667,397.3333333333333,5206.000000000131,1.4120226591665965,0.1150371304790585,0.10889355742064159,0.12972689075446756,0.011016351266335732,2.9870434505895247,0.040459253164432066,0.0012187097187664668,319,322,397,398,0.0,0.0625000000014779,0.0588235294123689,0.1428571428466001,0.0625000000014779,0.1428571428466001,0.0039062500001847,0.0204081632622939,2.677945044588987,3.141592653589793,0.0003017744085286,0.0023574161801273,1.0,2.23606797749979,0.0,0.0923997839300606,5195.999999999913,5219.000000000051,7
36,316,316,309,399,400,398,5235.000000000582,5307.0000000006985,5323.00000000032,3.1622776601683795,1.0,7.280109889280518,0.0439205230578231,0.0625000000014779,0.4550068680907919,0.1874999999937756,0.0,0.4375000000103455,0.0624999999979252,0.0138888888888664,0.1250000000029558,0.000610007264691,0.0039062500001847,0.0284379292563469,2.819842099193151,1.5707963267948966,2.8632929945846817,0.0088685659124658,0.0173478579499477,0.0807810417387717,0.0005077895794729,4.578114910400569e-05,0.0015332299535463,37.0,313.6666666666667,399.0,5288.333333333867,3.814129183149633,0.18714246371669763,0.20833333333470705,0.250000000002359,0.010984728840407534,2.4179771401909096,0.035665821867061735,0.000695600227374402,309,316,398,400,0.0138888888888664,0.1250000000029558,0.0,0.4375000000103455,0.0439205230578231,0.4550068680907919,0.000610007264691,0.0284379292563469,1.5707963267948966,2.8632929945846817,4.578114910400569e-05,0.0015332299535463,1.0,7.280109889280518,0.0088685659124658,0.0807810417387717,5235.000000000582,5323.00000000032,7
37,307,301,296,398,394,392,5338.999999999942,5355.000000000473,5371.000000000095,2.0,7.211102550927978,5.385164807134504,0.1249999999958504,0.4506939094436561,0.3365728004347334,0.1250000000029558,0.3749999999875513,0.3125000000073896,0.0,0.2499999999917008,0.1250000000029558,0.0078124999994813,0.0281683693408946,0.0210358000264725,3.141592653589793,2.5535900500422257,2.761086276477428,0.0173937286882307,0.0367501627205029,0.0129685141525068,0.0012890893285845,0.001272241833796,0.0004457855821619,38.0,301.3333333333333,394.6666666666667,5355.00000000017,4.865422452687494,0.3040889032914133,0.2708333333326322,0.31250000000028416,0.019005556455616135,2.818756326703149,0.0223708018537468,0.0010023722481808,296,307,392,398,0.0,0.2499999999917008,0.1250000000029558,0.3749999999875513,0.1249999999958504,0.4506939094436561,0.0078124999994813,0.0281683693408946,2.5535900500422257,3.141592653589793,0.0004457855821619,0.0012890893285845,2.0,7.211102550927978,0.0129685141525068,0.0367501627205029,5338.999999999942,5371.000000000095,7
38,291,284,279,392,392,392,5387.000000000626,5403.000000000247,5418.999999999869,5.0,7.0,5.0,0.3125000000073896,0.4375000000103455,0.1250000000001137,0.3124999999896261,0.4375000000103455,0.3125000000073896,0.0,0.0,0.0,0.0195312500009237,0.0273437500012931,0.0031250000000056,3.141592653589793,3.141592653589793,3.141592653589793,0.0237816485687333,0.0,0.0,9.403437659367945e-05,0.0004882812500346,0.0015136718751162,39.0,284.6666666666667,392.0,5403.000000000247,5.666666666666667,0.29166666667261626,0.3541666666691204,0.3541666666691204,0.016666666667407466,3.141592653589793,0.007927216189577766,0.0006986625005814931,279,291,392,392,0.0,0.0,0.3124999999896261,0.4375000000103455,0.1250000000001137,0.4375000000103455,0.0031250000000056,0.0273437500012931,3.141592653589793,3.141592653589793,9.403437659367945e-05,0.0015136718751162,5.0,7.0,0.0,0.0237816485687333,5387.000000000626,5418.999999999869,7
39,278,275,272,391,390,389,5458.999999999833,5490.999999999985,5507.000000000517,1.4142135623730951,3.1622776601683795,3.1622776601683795,0.0441941738239482,0.1976423537539626,0.0239566489407408,0.0250000000000227,0.0937499999995523,0.1874999999937756,0.0250000000000227,0.0312499999998507,0.0624999999979252,0.0013810679319917,0.0123526471092126,0.0001814897647031,2.356194490192345,2.819842099193151,2.819842099193151,0.019634954084954,0.014488987781206,0.0,4.359830170038709e-05,0.0003428618492865,0.0007606973340065,40.0,275.0,390.0,5485.666666666778,2.5795896275699515,0.0885977255062172,0.10208333333111685,0.1229166666637586,0.004638401601969134,2.665292896192882,0.01137464728872,0.00038238582833112906,272,278,389,391,0.0250000000000227,0.0624999999979252,0.0250000000000227,0.1874999999937756,0.0239566489407408,0.1976423537539626,0.0001814897647031,0.0123526471092126,2.356194490192345,2.819842099193151,4.359830170038709e-05,0.0007606973340065,1.4142135623730951,3.1622776601683795,0.0,0.019634954084954,5458.999999999833,5507.000000000517,7
40,273,274,278,389,391,398,6529.000000000451,6957.000000000335,6972.000000000662,1.0,2.23606797749979,8.06225774829855,0.0023364485981314,0.1490711984967321,0.5038911092805748,0.0013175230566534,0.0023364485981314,0.2666666666608459,0.0,0.0046728971962629,0.4666666666564803,5.458992051710543e-06,0.0099380798995652,0.0314931943307806,0.0,1.1071487177940904,1.0516502125483738,0.0,0.002586796069613,0.0036999003496336,7.192347894216651e-09,2.320705819513132e-05,0.0014370076287163,41.0,275.0,392.6666666666667,6819.333333333816,3.766108575266113,0.21843291879181273,0.09010687943854356,0.24566243499070364,0.013812244407465835,0.7195996434474882,0.0020955654730822003,0.0004867406264197752,273,278,389,398,0.0,0.4666666666564803,0.0013175230566534,0.2666666666608459,0.0023364485981314,0.5038911092805748,5.458992051710543e-06,0.0314931943307806,0.0,1.1071487177940904,7.192347894216651e-09,0.0014370076287163,1.0,8.06225774829855,0.0,0.0036999003496336,6529.000000000451,6972.000000000662,7
41,280,285,290,407,430,455,6988.000000000284,7003.999999999905,7020.000000000437,9.219544457292889,23.53720459187964,25.495097567963924,0.5762215285944313,1.4710752869436428,1.5934435980354251,0.1250000000029558,0.3125000000073896,0.3124999999896261,0.5625000000133014,1.4375000000339924,1.5624999999481304,0.0360138455380035,0.0919422054309255,0.099590224879569,1.3521273809209546,1.356735643231075,1.373400766945016,0.0187798230237303,0.0002880163943893,0.0010415702320867,0.0002825407004581,0.0034955224933902,0.0004780012155243,42.0,285.0,430.6666666666667,7004.000000000208,19.41728220571215,1.213580137857833,0.24999999999999048,0.770833333316034,0.07584875861616601,1.3607545970323487,0.006703136550068767,0.0014186881364575332,280,290,407,455,0.5625000000133014,1.5624999999481304,0.1250000000029558,0.3125000000073896,0.5762215285944313,1.5934435980354251,0.0360138455380035,0.099590224879569,1.3521273809209546,1.373400766945016,0.0002825407004581,0.0034955224933902,9.219544457292889,25.495097567963924,0.0002880163943893,0.0187798230237303,6988.000000000284,7020.000000000437,7
42,292,293,292,478,495,507,7036.000000000058,7052.000000000589,7068.000000000211,23.08679276123039,17.029386365926403,12.041594578792296,1.4429245475289991,1.0643366478955685,0.50173310744253,0.1250000000029558,0.0624999999979252,0.0625000000014779,1.4375000000339924,1.0624999999647289,0.7500000000177351,0.0901827842175687,0.066521040495046,0.0209055461431408,1.4840579881189115,1.512040504079174,1.6539375586833378,0.006916076323532,0.0017489072474583,0.0088685659129699,0.0005879650413889,0.0014788589826085,0.0028509683970614,43.0,292.3333333333333,493.3333333333333,7052.0000000002865,17.3859245686497,1.0029981009556994,0.08333333333411963,0.3333333333400314,0.05920312361858516,1.5500120169604745,0.0058445164946534,0.0016392641403529331,292,293,478,507,0.7500000000177351,1.4375000000339924,0.0624999999979252,0.1250000000029558,0.50173310744253,1.4429245475289991,0.0209055461431408,0.0901827842175687,1.4840579881189115,1.6539375586833378,0.0005879650413889,0.0028509683970614,12.041594578792296,23.08679276123039,0.0017489072474583,0.0088685659129699,7036.000000000058,7068.000000000211,7
43,285,280,274,530,550,585,7092.000000000553,7108.000000000175,7124.000000000706,24.04163056034261,20.615528128088304,35.510561809129406,1.5026019100569452,1.2884705079627463,2.21941011312307,0.2916666666625108,0.3125000000073896,0.3749999999875513,0.9583333333196784,1.2500000000295586,2.1874999999273825,0.0939126193807798,0.0805294067449983,0.138713132073472,1.8662371639386168,1.8157749899217608,1.740574600763235,0.0088458168855105,0.003153885876128,0.0047000243222518,0.0030419613848582,0.0008364507897561,0.0036364828329088,44.0,279.6666666666667,555.0,7108.0000000004775,26.72257349918677,1.6701608437142539,0.32638888888581724,1.055555555528278,0.10438505273308336,1.8075289182078709,0.0055665756946301,0.0025049650025077,274,285,530,585,0.9583333333196784,2.1874999999273825,0.2916666666625108,0.3749999999875513,1.2884705079627463,2.21941011312307,0.0805294067449983,0.138713132073472,1.740574600763235,1.8662371639386168,0.0008364507897561,0.0036364828329088,20.615528128088304,35.510561809129406,0.003153885876128,0.0088458168855105,7092.000000000553,7124.000000000706,7
44,265,259,255,623,650,661,7140.000000000327,7155.999999999949,7172.00000000048,39.05124837953327,27.65863337187866,11.704699910719626,2.4407030237785445,1.728664585685031,0.7315437444372753,0.5625000000133014,0.3750000000088676,0.2499999999917008,2.3750000000561613,1.687500000039904,0.6874999999771774,0.1525439389897662,0.1080415366017278,0.0457214840284108,1.8033532685998055,1.7894652726688385,1.919567330378804,0.0039236667398784,0.0008679997457059,0.0081313786066028,0.0008644254322888,0.0027814001493181,0.003895003285703,45.0,259.6666666666667,644.6666666666666,7156.000000000252,26.138193887377184,1.6336371179669504,0.3958333333379566,0.6249999999970157,0.10210231987330161,1.837461957215816,0.0043076816973957,0.0025136096224366335,255,265,623,661,0.6874999999771774,2.3750000000561613,0.2499999999917008,0.5625000000133014,0.7315437444372753,2.4407030237785445,0.0457214840284108,0.1525439389897662,1.7894652726688385,1.919567330378804,0.0008644254322888,0.003895003285703,11.704699910719626,39.05124837953327,0.0008679997457059,0.0081313786066028,7140.000000000327,7172.00000000048,7
45,251,250,248,667,670,670,7188.000000000102,7195.999999999913,7260.000000000218,7.211102550927978,3.1622776601683795,2.0,0.9013878188873122,0.049410588439895,0.0624999999997015,0.2500000000059117,0.1250000000029558,0.0312499999998507,0.3750000000088676,0.3750000000088676,0.0,0.1126734773635784,0.0007720404443696,0.0019531249999813,2.158798930342464,1.892546881191539,3.141592653589793,0.0149519749980823,0.0332815061446526,0.0195163401936295,0.0041844995835469,0.0139876796152318,1.845444618134431e-05,46.0,249.66666666666666,669.0,7214.666666666744,4.124460070365452,0.33776613577563624,0.13541666666957272,0.13541666666957272,0.03846621426930977,2.3976461550412655,0.022583273778788132,0.006063544548320015,248,251,667,670,0.0,0.3750000000088676,0.0312499999998507,0.2500000000059117,0.049410588439895,0.9013878188873122,0.0007720404443696,0.1126734773635784,1.892546881191539,3.141592653589793,1.845444618134431e-05,0.0139876796152318,2.0,7.211102550927978,0.0149519749980823,0.0332815061446526,7188.000000000102,7260.000000000218,7
46,245,243,239,682,687,702,7292.000000000371,7307.000000000698,7323.00000000032,12.36931687685298,5.385164807134504,15.524174696260024,0.8246211251055323,0.3365728004538654,0.9702609185391952,0.0937499999995523,0.1333333333304229,0.2500000000059117,0.3749999999982094,0.3333333333260573,0.9375000000221688,0.0549747416725021,0.021035800028864,0.0606413074101336,1.8157749899217608,1.9513027039072612,1.8313987185422376,0.0414318019894281,0.0090351809321694,0.0074939990854912,0.0016569255210083,0.0022625961095264,0.0024753442113878,47.0,242.33333333333334,690.3333333333334,7307.333333333797,11.092885460082504,0.7104849480328643,0.15902777777862898,0.47152777778601856,0.0455506163704999,1.8661588041237531,0.019320327335696233,0.0021316219473075,239,245,682,702,0.3333333333260573,0.9375000000221688,0.0937499999995523,0.2500000000059117,0.3365728004538654,0.9702609185391952,0.021035800028864,0.0606413074101336,1.8157749899217608,1.9513027039072612,0.0016569255210083,0.0024753442113878,5.385164807134504,15.524174696260024,0.0074939990854912,0.0414318019894281,7292.000000000371,7323.00000000032,7
47,237,234,233,712,720,725,7338.999999999942,7355.000000000473,7371.000000000095,10.198039027185567,8.54400374531753,5.0990195135927845,0.6373774391779393,0.5340002340949731,0.3186887195889696,0.1250000000029558,0.1874999999937756,0.0625000000014779,0.6250000000147793,0.4999999999834017,0.3125000000073896,0.0398360899472987,0.033375014631725,0.0199180449736493,1.7681918866447774,1.9295669970654687,1.7681918866447774,0.0039504269936846,0.0100859444009583,0.0100859444015317,0.0013003260914579,0.0004038172072099,0.0008410606036496,48.0,234.66666666666666,719.0,7355.00000000017,7.947020762031961,0.49668879762062734,0.1249999999994031,0.22916666666853294,0.031043049850891,1.8219835901183412,0.0080407719320582,0.0008484013007724666,233,237,712,725,0.3125000000073896,0.6250000000147793,0.0625000000014779,0.1874999999937756,0.3186887195889696,0.6373774391779393,0.0199180449736493,0.0398360899472987,1.7681918866447774,1.9295669970654687,0.0004038172072099,0.0013003260914579,5.0990195135927845,10.198039027185567,0.0039504269936846,0.0100859444015317,7338.999999999942,7371.000000000095,7
48,230,230,230,733,745,754,7387.000000000626,7403.000000000247,7418.999999999869,8.54400374531753,12.0,9.0,0.5340002340949731,0.7500000000177351,0.5624999999813269,0.1874999999937756,0.0,0.0,0.4999999999834017,0.7500000000177351,0.5625000000133014,0.033375014631725,0.0468750000022168,0.0351562499976658,1.9295669970654687,1.5707963267948966,1.5707963267948966,0.0100859444009583,0.022423166892441,0.0,0.0008410606036018,0.0008437490856756,0.0007324218753017,49.0,230.0,744.0,7403.000000000247,9.848001248439177,0.615500078031345,0.062499999997925194,0.250000000002359,0.038468754877202534,1.6903865502184205,0.0108363704311331,0.0008057438548597001,230,230,733,754,0.4999999999834017,0.7500000000177351,0.0,0.1874999999937756,0.5340002340949731,0.7500000000177351,0.033375014631725,0.0468750000022168,1.5707963267948966,1.9295669970654687,0.0007324218753017,0.0008437490856756,8.54400374531753,12.0,0.0,0.022423166892441,7387.000000000626,7418.999999999869,7
49,230,231,231,760,765,767,7435.0000000004,7451.000000000022,7458.999999999833,6.0,5.0990195135927845,2.0,0.3750000000088676,0.63737743921417,0.0624999999997015,0.0,0.0625000000014779,0.0,0.3749999999875513,0.3125000000073896,0.2500000000059117,0.0234375000011084,0.0796721799036552,0.0019531249999813,1.5707963267948966,1.373400766945016,1.5707963267948966,0.0,0.0123372224909092,0.0246744449818185,0.0007324218747605,0.0035146674939922,0.0097148818631889,50.0,230.66666666666666,764.0,7448.3333333334185,4.3663398378642615,0.35829247974091305,0.020833333333825966,0.10416666666912988,0.035020934968248305,1.5049978068449363,0.012337222490909234,0.0046539904106472005,230,231,760,767,0.2500000000059117,0.3749999999875513,0.0,0.0625000000014779,0.0624999999997015,0.63737743921417,0.0019531249999813,0.0796721799036552,1.373400766945016,1.5707963267948966,0.0007324218747605,0.0097148818631889,2.0,6.0,0.0,0.0246744449818185,7435.0000000004,7458.999999999833,7
50,231,231,233,769,770,773,7490.999999999985,7528.000000000247,7543.999999999869,2.0,1.0,3.605551275463989,0.0540540540536713,0.0625000000014779,0.1030157507252939,0.0,0.0,0.1250000000029558,0.0624999999997015,0.0270270270268356,0.1875000000044338,0.0014609203798186,0.0039062500001847,0.0029433071635155,1.5707963267948966,1.5707963267948966,0.982793723247329,0.0,0.0,0.0367501627225919,1.5381394380011996e-05,6.608998973915718e-05,6.01839272932457e-05,51.0,231.66666666666666,770.6666666666666,7521.000000000034,2.2018504251546633,0.07318993492681437,0.04166666666765193,0.10416666666912987,0.0027701591811729333,1.3747954589457072,0.012250054240863966,4.721843713747162e-05,231,233,769,773,0.0270270270268356,0.1875000000044338,0.0,0.1250000000029558,0.0540540540536713,0.1030157507252939,0.0014609203798186,0.0039062500001847,0.982793723247329,1.5707963267948966,1.5381394380011996e-05,6.608998973915718e-05,1.0,3.605551275463989,0.0,0.0367501627225919,7490.999999999985,7543.999999999869,7
51,233,234,234,775,777,778,7579.000000000633,7587.000000000444,7610.999999999876,2.0,2.23606797749979,1.0,0.2500000000059117,0.0931694990646944,0.124999999988745,0.0,0.1250000000029558,0.0,0.0571428571416098,0.2500000000059117,0.0416666666676519,0.0312500000014779,0.0038820624611207,0.0156249999971862,1.5707963267948966,1.1071487177940904,1.5707963267948966,0.0168000743867066,0.0579559511264712,0.0193186503754904,0.0008087626524955,0.0034209921926255,0.0004892890640143,52.0,233.66666666666666,776.6666666666666,7592.333333333651,1.74535599249993,0.15605649968645038,0.04166666666765193,0.05555555555686923,0.016919020819928268,1.416247123794628,0.03135822529622273,0.0015730146363784334,233,234,775,778,0.0416666666676519,0.2500000000059117,0.0,0.1250000000029558,0.0931694990646944,0.2500000000059117,0.0038820624611207,0.0312500000014779,1.1071487177940904,1.5707963267948966,0.0004892890640143,0.0034209921926255,1.0,2.23606797749979,0.0168000743867066,0.0579559511264712,7579.000000000633,7610.999999999876,7
52,234,235,236,779,782,783,7619.000000000597,7635.000000000218,7659.00000000056,1.0,3.1622776601683795,1.4142135623730951,0.0625000000014779,0.131761569171805,0.0404061017822564,0.0,0.0625000000014779,0.0416666666660729,0.124999999988745,0.1875000000044338,0.0416666666660729,0.0039062500001847,0.0054900653820803,0.0011544600509264,1.5707963267948966,1.2490457723982544,0.7853981633974483,0.0,0.0201094096502656,0.0193186503747583,0.0014648437494932,9.898846137081424e-05,0.0001806502221288,53.0,235.0,781.3333333333334,7637.666666667125,1.858830407513825,0.07822255698517977,0.03472222222251694,0.04861111111120791,0.0035169251443971333,1.2017467541968665,0.013142686675007967,0.0005814941443309382,234,236,779,783,0.0416666666660729,0.1875000000044338,0.0,0.0625000000014779,0.0404061017822564,0.131761569171805,0.0011544600509264,0.0054900653820803,0.7853981633974483,1.5707963267948966,9.898846137081424e-05,0.0014648437494932,1.0,3.1622776601683795,0.0,0.0201094096502656,7619.000000000597,7659.00000000056,7
53,237,237,241,785,786,792,7694.000000000415,7710.000000000036,8394.000000000233,2.23606797749979,1.0,7.211102550927978,0.1397542485970416,0.0077519379845018,0.0500771010480299,0.0285714285715473,0.0,0.0094117647058783,0.0571428571430947,0.0625000000014779,0.0141176470588174,0.0087346405375216,6.0092542515561954e-05,0.0003477576461663,1.1071487177940904,1.5707963267948966,0.982793723247329,0.0091928729827994,0.0289779755632356,0.0023124558194044,0.0002165765853321,0.0005421592497007,8.18253285096856e-07,54.0,238.33333333333334,787.6666666666666,7932.666666666894,3.4823901761425895,0.06586109587652443,0.012661064425808532,0.017366946778747665,0.003047496908734487,1.2202462559454388,0.0134944347884798,0.0002531846961059656,237,241,785,792,0.0141176470588174,0.0625000000014779,0.0,0.0285714285715473,0.0077519379845018,0.1397542485970416,6.0092542515561954e-05,0.0087346405375216,0.982793723247329,1.5707963267948966,8.18253285096856e-07,0.0005421592497007,1.0,7.211102550927978,0.0023124558194044,0.0289779755632356,7694.000000000415,8394.000000000233,7
54,241,241,240,793,794,795,8538.000000000466,8554.000000000087,8625.0,1.0,1.0,1.4142135623730951,0.0625000000014779,0.0140845070422708,0.0392837100658557,0.0,0.0,0.0140845070422708,0.0069444444444332,0.0625000000014779,0.0140845070422708,0.0039062500001847,0.0001983733386237,0.0010912141684942,1.5707963267948966,1.5707963267948966,2.356194490192345,0.0040833514135181,0.0,0.0110619459633579,2.4711752458421354e-05,0.000231742291353,1.2575222955937337e-05,55.0,240.66666666666666,794.0,8572.333333333518,1.1380711874576983,0.0386227390365348,0.004694835680756933,0.009389671361513866,0.0017319458357675337,1.832595714594046,0.005048432458958667,8.967642225578623e-05,240,241,793,795,0.0069444444444332,0.0625000000014779,0.0,0.0140845070422708,0.0140845070422708,0.0625000000014779,0.0001983733386237,0.0039062500001847,1.5707963267948966,2.356194490192345,1.2575222955937337e-05,0.000231742291353,1.0,1.4142135623730951,0.0,0.0110619459633579,8538.000000000466,8625.0,7
55,239,238,241,796,797,799,8661.000000000058,9075.000000000728,9091.00000000035,1.4142135623730951,1.4142135623730951,3.605551275463989,0.0034159747883352,0.0883883476504085,0.2120912515000603,0.0277777777777328,0.0024154589371941,0.1875000000044338,0.0277777777777328,0.0024154589371941,0.1250000000029558,8.251146831714404e-06,0.0055242717282811,0.0124759559707199,2.356194490192345,2.356194490192345,0.5880026035475675,0.0,0.0,0.1105119929179118,3.0082306157243452e-05,1.3323721211209016e-05,0.0004344802651626,56.0,239.33333333333334,797.3333333333334,8942.333333333712,2.1446594667367265,0.101298524646268,0.0725644122397869,0.11423107890743883,0.006002826281944238,1.766797194644086,0.03683733097263727,0.00015929543084368416,238,241,796,799,0.0024154589371941,0.1250000000029558,0.0024154589371941,0.1875000000044338,0.0034159747883352,0.2120912515000603,8.251146831714404e-06,0.0124759559707199,0.5880026035475675,2.356194490192345,1.3323721211209016e-05,0.0004344802651626,1.4142135623730951,3.605551275463989,0.0,0.1105119929179118,8661.000000000058,9091.00000000035,7
56,247,266,300,799,799,799,9108.000000000176,9124.000000000706,9140.000000000327,6.0,19.0,34.0,0.3749999999875513,1.1875000000280806,2.1250000000502496,0.3529411764742136,1.187499999960579,2.1250000000502496,0.0,0.0,0.0,0.0234374999984439,0.07421875000351,0.1328125000062812,0.0,0.0,0.0,0.0345883884443298,0.0,0.0,0.0006447967075197,0.0031738281252112,0.0036621093752597,57.0,271.0,799.0,9124.000000000402,19.666666666666668,1.2291666666886272,1.221813725495014,1.221813725495014,0.0768229166694117,0.0,0.0115294628147766,0.0024935780693301998,247,300,799,799,0.0,0.0,0.3529411764742136,2.1250000000502496,0.3749999999875513,2.1250000000502496,0.0234374999984439,0.1328125000062812,0.0,0.0,0.0006447967075197,0.0036621093752597,6.0,34.0,0.0,0.0345883884443298,9108.000000000176,9140.000000000327,7
57,364,450,534,799,799,799,9155.999999999947,9172.00000000048,9188.000000000102,64.0,86.0,84.0,3.9999999998672138,5.375000000127102,5.249999999825718,4.0000000000945874,5.3749999998215685,5.250000000124146,0.0,0.0,0.0,0.2499999999834017,0.3359375000158877,0.3281249999782147,0.0,0.0,0.0,0.0,0.0,0.0,0.0073242187487432,0.005371093751852,0.0004882812523661,58.0,449.3333333333333,799.0,9172.000000000176,78.0,4.8749999999400115,4.875000000013434,4.875000000013434,0.30468749999250133,0.0,0.0,0.0043945312509871,364,534,799,799,0.0,0.0,4.0000000000945874,5.3749999998215685,3.9999999998672138,5.375000000127102,0.2499999999834017,0.3359375000158877,0.0,0.0,0.0004882812523661,0.0073242187487432,64.0,86.0,0.0,0.0,9155.999999999947,9188.000000000102,7
58,606,654,688,799,799,799,9204.000000000631,9220.000000000256,9235.999999999876,72.0,48.0,34.0,4.500000000106411,3.0000000000709406,2.1249999999294573,4.499999999850616,3.0000000000709406,2.1250000000502496,0.0,0.0,0.0,0.2812500000133013,0.1875000000088675,0.1328124999911821,0.0,0.0,0.0,0.0,0.0,0.0,0.0029296874977098,0.0058593750004156,0.0034179687511861,59.0,649.3333333333334,799.0,9220.000000000255,51.333333333333336,3.208333333368936,3.208333333323935,3.208333333323935,0.20052083333778362,0.0,0.0,0.0040690104164371665,606,688,799,799,0.0,0.0,2.1250000000502496,4.499999999850616,2.1249999999294573,4.500000000106411,0.1328124999911821,0.2812500000133013,0.0,0.0,0.0029296874977098,0.0058593750004156,34.0,72.0,0.0,0.0,9204.000000000631,9235.999999999876,7
59,713,731,746,795,792,788,9252.000000000407,9268.00000000003,9284.00000000056,25.317977802344327,18.24828759089466,15.524174696260024,1.5823736126839385,1.140517974393055,0.6468406123594634,1.5624999999481304,1.1250000000266027,0.9374999999688782,0.2499999999917008,0.1875000000044338,0.2499999999917008,0.0988983507950847,0.0712823733971996,0.0269516921822816,0.1586552621864014,0.1651486774146268,0.260602391747341,0.0099159538863209,0.0004058384517736,0.0059658571455965,0.0021196343246857,0.0017259985874086,0.0027706675758403,60.0,730.0,791.6666666666666,9268.000000000333,19.69681336316634,1.1232440664788188,1.2083333333145372,1.291666666645104,0.06571080545818864,0.1948021104494564,0.005429216494563666,0.0022054334959782,713,746,788,795,0.1875000000044338,0.2499999999917008,0.9374999999688782,1.5624999999481304,0.6468406123594634,1.5823736126839385,0.0269516921822816,0.0988983507950847,0.1586552621864014,0.260602391747341,0.0017259985874086,0.0027706675758403,15.524174696260024,25.317977802344327,0.0004058384517736,0.0099159538863209,9252.000000000407,9284.00000000056,7
60,768,778,788,785,784,781,9307.999999999993,9324.000000000524,9340.000000000146,22.20360331117452,10.04987562112089,10.44030650891055,1.3877252069023398,0.6281172263349086,0.6525191567852481,0.916666666688343,0.6249999999792522,0.6250000000147793,0.1250000000029558,0.0624999999979252,0.1875000000044338,0.086732825428517,0.0392573266468601,0.0407824472977241,0.1355277139855007,0.099668652491162,0.2914567944778671,0.0052114449068665,0.0022411913433217,0.0119867588744525,0.0024908805519853,0.002967218673755,9.532004068125832e-05,61.0,778.0,783.3333333333334,9324.00000000022,14.23126181373532,0.8894538633408322,0.7222222222274581,0.7847222222289361,0.0555908664577004,0.17555105365150991,0.006479798374880233,0.0018511397554738527,768,788,781,785,0.0624999999979252,0.1875000000044338,0.6249999999792522,0.916666666688343,0.6281172263349086,1.3877252069023398,0.0392573266468601,0.086732825428517,0.099668652491162,0.2914567944778671,9.532004068125832e-05,0.002967218673755,10.04987562112089,22.20360331117452,0.0022411913433217,0.0119867588744525,9307.999999999993,9340.000000000146,7
61,801,826,892,780,772,754,9356.000000000677,9372.000000000298,9387.99999999992,13.038404810405298,26.248809496813376,68.41052550594829,0.814900300669601,1.6405505935896298,4.275657843979831,0.8124999999730278,1.5625000000369482,4.125000000097543,0.0624999999979252,0.5000000000118234,1.1250000000266027,0.0509312687930544,0.1025344121017764,0.2672286152398683,0.076771891269778,0.3097029445424562,0.2662520491509254,0.0134178064500601,0.0145581908298866,0.0027156809620348,0.000634301343437,0.0032251964568713,0.0102933876963741,62.0,839.6666666666666,768.6666666666666,9372.000000000298,35.899246604388985,2.243702912746354,2.1666666667025063,2.541666666711374,0.1402314320448997,0.21757562832105318,0.010230559413993834,0.004717628498894133,801,892,754,780,0.0624999999979252,1.1250000000266027,0.8124999999730278,4.125000000097543,0.814900300669601,4.275657843979831,0.0509312687930544,0.2672286152398683,0.076771891269778,0.3097029445424562,0.000634301343437,0.0102933876963741,13.038404810405298,68.41052550594829,0.0027156809620348,0.0145581908298866,9356.000000000677,9387.99999999992,7
62,936,956,959,749,749,751,9404.000000000451,9420.000000000073,9436.000000000604,44.28317965096906,20.0,3.605551275463989,2.767698728251013,1.2499999999585043,0.0405118120838915,2.749999999908709,1.2500000000295586,0.1874999999937756,0.3124999999896261,0.0,0.1249999999958504,0.1729811705197788,0.078124999994813,0.0004551888998193,0.1131509815904845,0.0,0.5880026035475675,0.0095688167222099,0.0070719363495725,0.0367501627205029,0.00589046529481,0.0059285106579505,0.0048543631932759,63.0,950.3333333333334,749.6666666666666,9420.000000000377,22.629576975477686,1.3527368467644694,1.395833333310681,1.4374999999759643,0.08385378647147036,0.23371786171268402,0.017796971930761768,0.0055577797153454666,936,959,749,751,0.0,0.3124999999896261,0.1874999999937756,2.749999999908709,0.0405118120838915,2.767698728251013,0.0004551888998193,0.1729811705197788,0.0,0.5880026035475675,0.0048543631932759,0.0059285106579505,3.605551275463989,44.28317965096906,0.0070719363495725,0.0367501627205029,9404.000000000451,9436.000000000604,7
63,960,964,967,751,752,752,9525.000000000546,9541.000000000167,9564.000000000306,1.0,4.123105625617661,3.0,0.0625000000014779,0.179265461982299,0.3750000000088676,0.0112359550561871,0.2500000000059117,0.1304347826079116,0.0,0.0625000000014779,0.0,0.0039062500001847,0.0077941505209226,0.0468750000022168,0.0,0.2449786631268641,0.0,0.0066067708263814,0.015311166445791,0.0106512462228431,3.8775967419861736e-05,0.0002429937825518,0.0016991673687417,64.0,963.6666666666666,751.6666666666666,9543.333333333672,2.707701875205887,0.2055884873308815,0.13055691255667012,0.13055691255667012,0.0195251335077747,0.08165955437562136,0.0108563944983385,0.000660312372904454,960,967,751,752,0.0,0.0625000000014779,0.0112359550561871,0.2500000000059117,0.0625000000014779,0.3750000000088676,0.0039062500001847,0.0468750000022168,0.0,0.2449786631268641,3.8775967419861736e-05,0.0016991673687417,1.0,4.123105625617661,0.0066067708263814,0.015311166445791,9525.000000000546,9564.000000000306,7
64,972,976,981,753,755,755,9572.000000000116,9588.000000000648,9604.00000000027,5.0990195135927845,4.47213595499958,5.0,0.3186887195889696,0.2795084971940832,0.3125000000073896,0.6250000000147793,0.2499999999917008,0.3125000000073896,0.1250000000029558,0.1249999999958504,0.0,0.0199180449736493,0.0174692810750432,0.0195312500009237,0.1973955598498807,0.4636476090008061,0.0,0.0246744449818185,0.0166407530713804,0.0289779755632356,0.0033696193786506,0.0001530477436578,0.0001288730578705,65.0,976.3333333333334,754.3333333333334,9588.000000000344,4.857051822864121,0.30356573893014743,0.3958333333379566,0.3958333333379566,0.0189728586832054,0.22034772295022895,0.023431057872144834,0.0012171800600596333,972,981,753,755,0.0,0.1250000000029558,0.2499999999917008,0.6250000000147793,0.2795084971940832,0.3186887195889696,0.0174692810750432,0.0199180449736493,0.0,0.4636476090008061,0.0001288730578705,0.0033696193786506,4.47213595499958,5.0990195135927845,0.0166407530713804,0.0289779755632356,9572.000000000116,9604.00000000027,7
65,985,990,991,755,755,755,9619.99999999989,9636.000000000422,9644.000000000233,4.0,5.0,1.0,0.2499999999917008,0.6250000000147793,0.0416666666660729,0.2500000000059117,0.3124999999896261,0.1250000000029558,0.0,0.0,0.0,0.0156249999989626,0.0781250000036948,0.0017361111110616,0.0,0.0,0.0,0.0,0.0,0.0,0.0002441406251283,0.003906250000166,0.0095486111118049,66.0,988.6666666666666,755.0,9633.333333333516,3.3333333333333335,0.3055555555575177,0.22916666666616456,0.22916666666616456,0.031828703704573004,0.0,0.0,0.0045663339123664,985,991,755,755,0.0,0.0,0.1250000000029558,0.3124999999896261,0.0416666666660729,0.6250000000147793,0.0017361111110616,0.0781250000036948,0.0,0.0,0.0002441406251283,0.0095486111118049,1.0,5.0,0.0,0.0,9619.99999999989,9644.000000000233,7
66,992,993,997,755,755,755,9668.000000000577,9676.000000000386,9708.000000000538,1.0,1.0,4.0,0.1250000000029558,0.0312499999998507,0.2500000000059117,0.0416666666660729,0.1250000000029558,0.1249999999994031,0.0,0.0,0.0,0.0156250000007389,0.0009765624999906,0.0156250000007389,0.0,0.0,0.0,0.0,0.0,0.0,0.0005787037037283,0.0018310546876368,0.0004577636718961,67.0,994.0,755.0,9684.0000000005,2.0,0.13541666666957275,0.09722222222281061,0.09722222222281061,0.010742187500489464,0.0,0.0,0.0009558406877537333,992,997,755,755,0.0,0.0,0.0416666666660729,0.1250000000029558,0.0312499999998507,0.2500000000059117,0.0009765624999906,0.0156250000007389,0.0,0.0,0.0004577636718961,0.0018310546876368,1.0,4.0,0.0,0.0,9668.000000000577,9708.000000000538,7
67,1000,1003,1004,755,756,756,9724.00000000016,9740.000000000691,9756.000000000313,3.0,3.1622776601683795,1.0,0.1874999999937756,0.1976423537651973,0.0625000000014779,0.1875000000044338,0.1874999999937756,0.0625000000014779,0.0,0.0624999999979252,0.0,0.0117187499992219,0.0123526471106169,0.0039062500001847,0.0,0.3217505543966422,0.0,0.0,0.0201094096491225,0.0201094096502656,0.0002441406251005,3.961856946087103e-05,0.0005278998194144,68.0,1002.3333333333334,755.6666666666666,9740.000000000387,2.3874258867227933,0.14921411792015027,0.1458333333332291,0.1458333333332291,0.009325882370007832,0.10725018479888072,0.013406273099796034,0.00027055300465859034,1000,1004,755,756,0.0,0.0624999999979252,0.0625000000014779,0.1875000000044338,0.0625000000014779,0.1976423537651973,0.0039062500001847,0.0123526471106169,0.0,0.3217505543966422,3.961856946087103e-05,0.0005278998194144,1.0,3.1622776601683795,0.0,0.0201094096502656,9724.00000000016,9756.000000000313,7
68,1007,1009,1010,757,757,757,9771.999999999936,9796.000000000276,9811.999999999898,3.1622776601683795,2.0,1.0,0.131761569171805,0.1250000000029558,0.124999999988745,0.1875000000044338,0.0833333333321459,0.0625000000014779,0.0625000000014779,0.0,0.0,0.0054900653820803,0.0078125000003694,0.0156249999971862,0.3217505543966422,0.0,0.0,0.0201094096502656,0.013406273099669,0.0,9.898846137081424e-05,9.676810909400308e-05,0.0004882812498125,69.0,1008.6666666666666,757.0,9793.33333333337,2.05409255338946,0.12725385638783526,0.11111111111268586,0.11111111111268586,0.009642521793211968,0.10725018479888072,0.0111718942499782,0.00022801260675910575,1007,1010,757,757,0.0,0.0625000000014779,0.0625000000014779,0.1875000000044338,0.124999999988745,0.131761569171805,0.0054900653820803,0.0156249999971862,0.0,0.3217505543966422,9.676810909400308e-05,0.0004882812498125,1.0,3.1622776601683795,0.0,0.0201094096502656,9771.999999999936,9811.999999999898,7
69,1011,1015,1019,757,757,758,9820.000000000618,9836.00000000024,9851.999999999862,1.0,4.0,4.123105625617661,0.0625000000014779,0.2500000000059117,0.2576941015925492,0.124999999988745,0.2500000000059117,0.2500000000059117,0.0,0.0,0.0625000000014779,0.0039062500001847,0.0156250000007389,0.0161058813489996,0.0,0.0,0.2449786631268641,0.0,0.0,0.015311166445791,0.0014648437494932,0.0007324218750519,3.0055084267004703e-05,70.0,1015.0,757.3333333333334,9836.00000000024,3.0410352085392205,0.19006470053331292,0.2083333333335228,0.22916666666734878,0.011879043783307732,0.08165955437562136,0.005103722148597,0.0007424402362707015,1011,1019,757,758,0.0,0.0625000000014779,0.124999999988745,0.2500000000059117,0.0625000000014779,0.2576941015925492,0.0039062500001847,0.0161058813489996,0.0,0.2449786631268641,3.0055084267004703e-05,0.0014648437494932,1.0,4.123105625617661,0.0,0.015311166445791,9820.000000000618,9851.999999999862,7
70,1024,1031,1037,759,761,762,9868.000000000393,9884.000000000016,9908.000000000357,5.0990195135927845,7.280109889280518,6.082762530298219,0.318688719607085,0.3033379120490327,0.1900863290709117,0.3124999999896261,0.4375000000103455,0.2499999999964378,0.0624999999979252,0.1250000000029558,0.0416666666660729,0.0199180449759138,0.0126390796685296,0.0059401977834376,0.1973955598498807,0.2782996590051113,0.1651486774146268,0.0029739439547127,0.0050565061973214,0.0047146242328696,0.0002382602266742,0.0004549353317222,0.0002791200785415,71.0,1030.6666666666667,760.6666666666666,9886.66666666692,6.153963977723841,0.27070432024234314,0.33333333333213644,0.34722222222082744,0.012832440809293667,0.21361463208987294,0.004248358128301234,0.00032410521231263334,1024,1037,759,762,0.0416666666660729,0.1250000000029558,0.2499999999964378,0.4375000000103455,0.1900863290709117,0.318688719607085,0.0059401977834376,0.0199180449759138,0.1651486774146268,0.2782996590051113,0.0002382602266742,0.0004549353317222,5.0990195135927845,7.280109889280518,0.0029739439547127,0.0050565061973214,9868.000000000393,9908.000000000357,7
71,1038,1039,1043,762,762,762,9940.00000000051,9948.00000000032,9972.000000000662,1.0,1.0,4.0,0.1250000000029558,0.0416666666660729,0.2500000000059117,0.0312499999998507,0.1250000000029558,0.1666666666642918,0.0,0.0,0.0,0.0156250000007389,0.0017361111110616,0.0156250000007389,0.0,0.0,0.0,0.0051608961691824,0.0,0.0,0.0003026500692892,0.0017361111112507,0.0005787037037283,72.0,1040.0,762.0,9953.33333333383,2.0,0.13888888889164683,0.10763888888903277,0.10763888888903277,0.010995370370846464,0.0,0.0017202987230608,0.0008724882947560666,1038,1043,762,762,0.0,0.0,0.0312499999998507,0.1666666666642918,0.0416666666660729,0.2500000000059117,0.0017361111110616,0.0156250000007389,0.0,0.0,0.0003026500692892,0.0017361111112507,1.0,4.0,0.0,0.0051608961691824,9940.00000000051,9972.000000000662,7
72,1045,1046,1047,763,764,764,9988.000000000284,9996.000000000096,10307.999999999993,2.23606797749979,1.4142135623730951,1.0,0.2795084971940832,0.0090077296966351,0.0196078431371066,0.1250000000029558,0.1250000000029558,0.0256410256411835,0.0625000000014779,0.1250000000029558,0.0,0.0349385621500865,5.7374074500805e-05,0.0003844675124893,0.4636476090008061,0.7853981633974483,0.0,0.0289779755632356,0.0402188193005313,0.0,0.0012070976343627,0.0043601485095513,9.858141345942232e-06,73.0,1046.0,763.6666666666666,10097.333333333458,1.5500938466242948,0.10270802334260831,0.09188034188236503,0.09188034188236503,0.01179346791235887,0.41634859079941816,0.0230655982879223,0.0018590347617533141,1045,1047,763,764,0.0,0.1250000000029558,0.0256410256411835,0.1250000000029558,0.0090077296966351,0.2795084971940832,5.7374074500805e-05,0.0349385621500865,0.0,0.7853981633974483,9.858141345942232e-06,0.0043601485095513,1.0,2.23606797749979,0.0,0.0402188193005313,9988.000000000284,10307.999999999993,7
73,1046,1045,1044,764,764,764,10359.000000000378,10394.000000000233,11314.000000000306,1.0,1.0,1.0,0.0285714285715473,0.001086956521739,0.0,0.0196078431371066,0.0285714285715473,0.001086956521739,0.0,0.0,0.0,0.000816326530619,1.181474480151042e-06,0.0,3.141592653589793,3.141592653589793,3.141592653589793,0.0615998559522752,0.0,0.0,8.467823884831127e-06,2.3289858746922025e-05,0.0,74.0,1045.0,764.0,10689.000000000306,1.0,0.009886128364428766,0.01642207607679763,0.01642207607679763,0.0002725026683663837,3.141592653589793,0.020533285317425067,1.0585894210584385e-05,1044,1046,764,764,0.0,0.0,0.001086956521739,0.0285714285715473,0.0,0.0285714285715473,0.0,0.000816326530619,3.141592653589793,3.141592653589793,0.0,2.3289858746922025e-05,1.0,1.0,0.0,0.0615998559522752,10359.000000000378,11314.000000000306,7
74,1043,1039,1031,764,764,764,11314.000000000306,11329.999999999927,11355.000000000471,1.0,4.0,8.0,0.0625000000014779,0.1599999999965075,0.5000000000118234,0.0,0.2500000000059117,0.3199999999930151,0.0,0.0,0.0,0.0039062500001847,0.0063999999997206,0.0312500000014779,3.141592653589793,3.141592653589793,3.141592653589793,0.0,0.0,0.0,0.0,0.0001558593749746,0.0009940000000485,75.0,1037.6666666666667,764.0,11333.000000000235,4.333333333333333,0.24083333333660295,0.18999999999964226,0.18999999999964226,0.013852083333794401,3.141592653589793,0.0,0.0003832864583410333,1031,1043,764,764,0.0,0.0,0.0,0.3199999999930151,0.0625000000014779,0.5000000000118234,0.0039062500001847,0.0312500000014779,3.141592653589793,3.141592653589793,0.0,0.0009940000000485,1.0,8.0,0.0,0.0,11314.000000000306,11355.000000000471,7
75,1017,990,954,761,747,722,11371.000000000096,11387.000000000626,11403.000000000247,14.317821063276352,30.4138126514911,43.829214001622255,0.8948638164250657,1.900863290763143,2.7393258751661675,0.875000000020691,1.6874999999439808,2.250000000053205,0.1875000000044338,0.874999999970953,1.5625000000369482,0.0559289885247099,0.1188039556755057,0.171207867201934,2.930499320367047,2.663240222211136,2.5346049895433853,0.0131933333267336,0.0167036936341899,0.0080397020419245,0.0015424367827384,0.0039296854467942,0.0032752444704792,76.0,987.0,743.3333333333334,11387.000000000322,29.5202825721299,1.845017660784792,1.6041666666726258,2.125000000018275,0.11531360380071654,2.709448177373856,0.012645576334282668,0.0029157889000039337,954,1017,722,761,0.1875000000044338,1.5625000000369482,0.875000000020691,2.250000000053205,0.8948638164250657,2.7393258751661675,0.0559289885247099,0.171207867201934,2.5346049895433853,2.930499320367047,0.0015424367827384,0.0039296854467942,14.317821063276352,43.829214001622255,0.0080397020419245,0.0167036936341899,11371.000000000096,11403.000000000247,7
76,909,872,843,690,663,642,11418.999999999867,11435.0000000004,11451.000000000022,55.21775076911409,45.803929962395145,35.805027579936315,3.451109422955066,2.8627456227173917,1.4918761491427557,2.812500000066507,2.312499999923233,1.81250000004286,2.0000000000472937,1.6874999999439808,1.3125000000310365,0.2156943389275313,0.1789216014240678,0.0621615062133957,2.523448427654606,2.511191232116286,2.5148497523787463,0.0006972851180651,0.0007660747211195,0.0002286575164091,0.0027804044829155,0.0022982960938901,0.0072975059508395,77.0,874.6666666666666,665.0,11435.000000000096,45.60890277048185,2.601910398271738,2.3125000000108664,2.750000000021212,0.15225914885499828,2.5164964707165463,0.0005640057851979,0.0041254021758817,843,909,642,690,1.3125000000310365,2.0000000000472937,1.81250000004286,2.812500000066507,1.4918761491427557,3.451109422955066,0.0621615062133957,0.2156943389275313,2.511191232116286,2.523448427654606,0.0022982960938901,0.0072975059508395,35.805027579936315,55.21775076911409,0.0002286575164091,0.0007660747211195,11418.999999999867,11451.000000000022,7
77,820,809,801,625,615,607,11475.000000000364,11490.999999999984,11507.000000000517,28.600699292150185,14.866068747318506,11.31370849898476,1.787543705801656,0.9291292966765629,0.7071067812032684,0.9583333333196784,0.6875000000162572,0.4999999999834017,0.7083333333232404,0.6250000000147793,0.4999999999834017,0.1117214816152453,0.0580705810403574,0.0441941738262493,2.505084437801842,2.403777593469328,2.356194490192345,0.0004068881073652,0.0063316777709318,0.0029739439547127,0.0020649989750476,0.0033531812860097,0.0008672754508529,78.0,810.0,615.6666666666666,11491.00000000029,18.26015884615115,1.141259927893829,0.7152777777731124,0.8819444444342462,0.07132874549395067,2.4216855071545047,0.0032375032776699,0.0020951519039700667,801,820,607,625,0.4999999999834017,0.7083333333232404,0.4999999999834017,0.9583333333196784,0.7071067812032684,1.787543705801656,0.0441941738262493,0.1117214816152453,2.356194490192345,2.505084437801842,0.0008672754508529,0.0033531812860097,11.31370849898476,28.600699292150185,0.0004068881073652,0.0063316777709318,11475.000000000364,11507.000000000517,7
78,792,783,767,596,582,568,11523.000000000138,11539.00000000067,11555.000000000293,14.212670403551895,16.64331697709324,21.2602916254693,0.8882919001925053,1.040207311092925,1.3287682266232526,0.5625000000133014,0.5624999999813269,1.0000000000236469,0.6875000000162572,0.874999999970953,0.875000000020691,0.0555182437601885,0.0650129569448451,0.0830480141659171,2.256525837701183,2.142133806628524,2.4227626539681686,0.0062292907808449,0.0071495019418038,0.0175393029591425,0.0007077543708879,0.0005934195740213,0.0011271910763436,79.0,780.6666666666666,582.0,11539.000000000366,17.372093002038145,1.0857558126362277,0.708333333339425,1.0000000000129887,0.0678597382903169,2.2738074327659583,0.0103060318939304,0.0008094550070842666,767,792,568,596,0.6875000000162572,0.875000000020691,0.5624999999813269,1.0000000000236469,0.8882919001925053,1.3287682266232526,0.0555182437601885,0.0830480141659171,2.142133806628524,2.4227626539681686,0.0005934195740213,0.0011271910763436,14.212670403551895,21.2602916254693,0.0062292907808449,0.0175393029591425,11523.000000000138,11555.000000000293,7
79,741,717,707,548,530,521,11570.999999999913,11587.000000000444,11603.000000000064,32.802438933713454,30.0,13.45362404707371,2.050152433289033,1.8750000000443376,1.6817030059239808,1.6250000000384262,1.4999999999502052,0.6250000000147793,1.2500000000295586,1.124999999962654,0.5625000000133014,0.1281345270763109,0.1171875000055422,0.2102128757454684,2.485897027348257,2.498091544796509,2.408777551803287,0.0039458983363488,0.0007621573404904,0.0055821245622083,0.0028179070569662,0.0006841891919003,0.0058140859838828,80.0,721.6666666666666,533.0,11587.00000000014,25.41868766026239,1.8689518130857838,1.2500000000011369,1.4375000000055707,0.15184496760910718,2.4642553746493507,0.0034300600796825,0.0031053940775831,707,741,521,548,0.5625000000133014,1.2500000000295586,0.6250000000147793,1.6250000000384262,1.6817030059239808,2.050152433289033,0.1171875000055422,0.2102128757454684,2.408777551803287,2.498091544796509,0.0006841891919003,0.0058140859838828,13.45362404707371,32.802438933713454,0.0007621573404904,0.0055821245622083,11570.999999999913,11603.000000000064,7
80,705,704,701,519,518,517,11610.999999999876,11635.000000000218,11650.99999999984,2.8284271247461903,1.4142135623730951,3.1622776601683795,0.1178511301960787,0.0883883476504085,0.131761569171805,0.2500000000059117,0.0416666666660729,0.1875000000044338,0.2500000000059117,0.0416666666660729,0.0625000000014779,0.0049104637580999,0.0055242717282811,0.0054900653820803,2.356194490192345,2.356194490192345,2.819842099193151,0.0065728827015231,0.0,0.0289779755632356,0.0256628014990279,2.5575332090518457e-05,2.1378966376036426e-06,81.0,703.3333333333334,518.0,11632.333333333312,2.468306115762555,0.11266701567276406,0.1597222222254728,0.18055555555929878,0.005308266956153766,2.5107436931926137,0.0118502860882529,0.008563504909252008,701,705,517,519,0.0416666666660729,0.2500000000059117,0.0416666666660729,0.2500000000059117,0.0883883476504085,0.131761569171805,0.0049104637580999,0.0055242717282811,2.356194490192345,2.819842099193151,2.1378966376036426e-06,0.0256628014990279,1.4142135623730951,3.1622776601683795,0.0,0.0289779755632356,11610.999999999876,11650.99999999984,7
81,695,689,683,515,513,511,11675.000000000182,11691.000000000711,11707.000000000337,6.324555320336759,6.324555320336759,6.324555320336759,0.3952847075079253,0.3952847075303947,0.3952847075303947,0.2499999999964378,0.3749999999875513,0.3750000000088676,0.0833333333321459,0.1249999999958504,0.1250000000029558,0.0247052942184252,0.0247052942212338,0.0247052942212338,2.819842099193151,2.819842099193151,2.819842099193151,0.0,0.0,0.0,0.0008006345348362,1.7554187269869364e-13,0.0,82.0,689.0,513.0,11691.00000000041,6.324555320336759,0.3952847075229049,0.3333333333309522,0.37499999999860417,0.024705294220297602,2.819842099193151,0.0,0.0002668781783372473,683,695,511,515,0.0833333333321459,0.1250000000029558,0.2499999999964378,0.3750000000088676,0.3952847075079253,0.3952847075303947,0.0247052942184252,0.0247052942212338,2.819842099193151,2.819842099193151,0.0,0.0008006345348362,6.324555320336759,6.324555320336759,0.0,0.0,11675.000000000182,11707.000000000337,7
82,672,656,643,507,502,500,11722.999999999956,11739.000000000487,11755.00000000011,11.704699910719626,16.76305461424021,13.152946437965904,0.7315437443956919,1.0476909134147878,1.6441183047846164,0.6875000000162572,0.9999999999668034,0.8125000000192131,0.2500000000059117,0.3124999999896261,0.1250000000029558,0.0457214840232129,0.0654806820899726,0.2055147881029368,2.7928216500058864,2.838707785214822,2.988943325194528,0.0016887780742439,0.0028678834504632,0.0093897212489536,0.0013135118626547,0.0012349498791314,0.0087521316260172,83.0,657.0,503.0,11739.000000000184,13.873566987641913,1.1411176541983654,0.8333333333340912,0.8750000000017432,0.10557231807204076,2.873490920138412,0.0046487942578869,0.003766864455934433,643,672,500,507,0.1250000000029558,0.3124999999896261,0.6875000000162572,0.9999999999668034,0.7315437443956919,1.6441183047846164,0.0457214840232129,0.2055147881029368,2.7928216500058864,2.988943325194528,0.0012349498791314,0.0087521316260172,11.704699910719626,16.76305461424021,0.0016887780742439,0.0093897212489536,11722.999999999956,11755.00000000011,7
83,641,639,636,498,498,495,11762.99999999992,11787.000000000262,11802.999999999884,2.8284271247461903,2.0,4.242640687119285,0.1178511301960787,0.1250000000029558,0.2651650429361527,0.2500000000059117,0.0833333333321459,0.1875000000044338,0.2500000000059117,0.0,0.1875000000044338,0.0049104637580999,0.0078125000003694,0.0165728151829593,2.356194490192345,3.141592653589793,2.356194490192345,0.0790936043771432,0.0327249234744273,0.0490873852135012,0.0250755405436975,0.0001209181767595,0.0005475196989248,84.0,638.6666666666666,497.0,11784.333333333356,3.023689270621825,0.1693387243783957,0.1736111111141638,0.23611111111564173,0.009765259647142867,2.6179938779914944,0.0536353043550239,0.008581326139793934,636,641,495,498,0.0,0.2500000000059117,0.0833333333321459,0.2500000000059117,0.1178511301960787,0.2651650429361527,0.0049104637580999,0.0165728151829593,2.356194490192345,3.141592653589793,0.0001209181767595,0.0250755405436975,2.0,4.242640687119285,0.0327249234744273,0.0790936043771432,11762.99999999992,11802.999999999884,7
84,631,630,629,494,493,492,11819.000000000417,11827.000000000226,11851.000000000568,5.0990195135927845,1.4142135623730951,1.4142135623730951,0.63737743921417,0.0589255650980393,0.0589255651002723,0.3124999999896261,0.1250000000029558,0.0416666666660729,0.0624999999979252,0.1250000000029558,0.0416666666660729,0.0796721799036552,0.0024552318790499,0.002455231879236,2.9441970937399127,2.356194490192345,2.356194490192345,0.036750162720503,0.073500325445184,0.0,0.0039437102949125,0.0096521185033039,7.753545346166151e-15,85.0,630.0,493.0,11832.333333333736,2.642482212779658,0.25174285647082717,0.1597222222195516,0.17361111110824257,0.02819421455398037,2.552195358041534,0.036750162721895664,0.004531942932741385,629,631,492,494,0.0416666666660729,0.1250000000029558,0.0416666666660729,0.3124999999896261,0.0589255650980393,0.63737743921417,0.0024552318790499,0.0796721799036552,2.356194490192345,2.9441970937399127,7.753545346166151e-15,0.0096521185033039,1.4142135623730951,5.0990195135927845,0.0,0.073500325445184,11819.000000000417,11851.000000000568,7
85,627,625,621,491,490,489,11875.0,11891.000000000531,11907.000000000153,2.23606797749979,2.23606797749979,4.123105625617661,0.1397542485890975,0.1397542485970416,0.5153882032143949,0.0833333333353039,0.1249999999958504,0.2500000000059117,0.0416666666676519,0.0624999999979252,0.0625000000014779,0.0087346405365286,0.0087346405375216,0.0644235254033227,2.677945044588987,2.677945044588987,2.896613990462929,0.0134062731001771,0.0,0.0136668091174445,0.0002616420273933,6.206341863839643e-14,0.0034805553041948,86.0,624.3333333333334,490.0,11891.000000000227,2.8650805268724135,0.264965566800178,0.15277777777902202,0.173611111112848,0.0272976021591243,2.7508346932136347,0.0090243607392072,0.0012473991105500545,621,627,489,491,0.0416666666676519,0.0625000000014779,0.0833333333353039,0.2500000000059117,0.1397542485890975,0.5153882032143949,0.0087346405365286,0.0644235254033227,2.677945044588987,2.896613990462929,6.206341863839643e-14,0.0034805553041948,2.23606797749979,4.123105625617661,0.0,0.0136668091174445,11875.0,11907.000000000153,7
86,620,619,619,489,489,490,11914.999999999964,12831.000000000133,13117.00000000019,1.0,1.0,1.0,0.0129870129869749,0.0034965034965027,0.0045248868778186,0.1250000000029558,0.0014044943820233,0.0,0.0,0.0,0.0034965034965027,0.0001686625063238,1.22255367010562e-05,2.0474601257055585e-05,3.141592653589793,3.141592653589793,1.5707963267948966,0.0306223328915821,0.0044123492325728,0.005492294848932,0.0080318578623147,1.7170697613854208e-08,2.8842883062929027e-08,87.0,619.3333333333334,489.3333333333333,12621.000000000095,1.0,0.0070028011204320674,0.0421348314616597,0.043300332627160605,6.712088142730393e-05,2.6179938779914944,0.0135089923243623,0.0026773012919651257,619,620,489,490,0.0,0.0034965034965027,0.0,0.1250000000029558,0.0034965034965027,0.0129870129869749,1.22255367010562e-05,0.0001686625063238,1.5707963267948966,3.141592653589793,1.7170697613854208e-08,0.0080318578623147,1.0,1.0,0.0044123492325728,0.0306223328915821,11914.999999999964,13117.00000000019,7
87,619,619,619,491,492,493,13338.000000000648,13418.000000000577,13432.999999999993,1.0,1.0,1.0,0.0125000000000113,0.0666666666692536,0.0526315789467234,0.0,0.0,0.0,0.0045248868778186,0.0125000000000113,0.0666666666692536,0.0001562500000002,0.0044444444447893,0.0027700831024251,1.5707963267948966,1.5707963267948966,1.5707963267948966,0.0,0.0,0.0,6.143683201038326e-07,5.360243055991244e-05,0.0001116240894952,88.0,619.0,492.0,13396.333333333738,1.0,0.04393274853866277,0.0,0.022222222223084533,0.002456925849071533,1.5707963267948966,0.0,5.528029612507209e-05,619,619,491,493,0.0045248868778186,0.0666666666692536,0.0,0.0,0.0125000000000113,0.0666666666692536,0.0001562500000002,0.0044444444447893,1.5707963267948966,1.5707963267948966,6.143683201038326e-07,0.0001116240894952,1.0,1.0,0.0,0.0,13338.000000000648,13432.999999999993,7
88,615,609,599,494,495,495,13452.000000000226,13460.000000000036,13467.999999999847,4.123105625617661,6.082762530298219,10.0,0.5153882032143949,0.7603453163052571,0.6249999999792522,0.2105263157868938,0.7500000000177351,1.2500000000295586,0.0526315789467234,0.1250000000029558,0.0,0.0644235254033227,0.0950431645404046,0.0390624999974065,2.896613990462929,2.976443976175166,3.141592653589793,0.0697798770343045,0.0099787482142656,0.0206435846773165,0.0032449180157969,0.0038274548922257,0.0069975830680402,89.0,607.6666666666666,494.6666666666667,13460.000000000036,6.735289385305293,0.633577839832968,0.7368421052780625,0.7368421052780625,0.0661763966470446,3.0048835400759626,0.033467403308628865,0.004689985325354267,599,615,494,495,0.0,0.1250000000029558,0.2105263157868938,1.2500000000295586,0.5153882032143949,0.7603453163052571,0.0390624999974065,0.0950431645404046,2.896613990462929,3.141592653589793,0.0032449180157969,0.0069975830680402,4.123105625617661,10.0,0.0099787482142656,0.0697798770343045,13452.000000000226,13467.999999999847,7
89,575,538,513,493,483,475,13484.000000000378,13508.00000000072,13524.000000000342,24.08318915758459,38.3275357934736,26.248809496813376,1.00346621488506,2.3954709871487454,1.6405505935896298,1.4999999999502052,1.5416666666447,1.5625000000369482,0.1249999999958504,0.4166666666607297,0.5000000000118234,0.0418110922862817,0.1497169367003369,0.1025344121017764,3.058451421701352,2.8776289299640885,2.831889709047337,0.005196326992855,0.0075342704889452,0.0028587013073645,0.0001717870180489,0.0044960768505215,0.0029489077874797,90.0,542.0,483.6666666666667,13505.333333333814,29.55317814929052,1.6798292652078117,1.5347222222106176,1.7013888888812254,0.09802081369613165,2.922656686904259,0.005196432929721567,0.0025389238853500335,513,575,475,493,0.1249999999958504,0.5000000000118234,1.4999999999502052,1.5625000000369482,1.00346621488506,2.3954709871487454,0.0418110922862817,0.1497169367003369,2.831889709047337,3.058451421701352,0.0001717870180489,0.0044960768505215,24.08318915758459,38.3275357934736,0.0028587013073645,0.0075342704889452,13484.000000000378,13524.000000000342,7
90,478,436,405,464,453,444,13539.999999999964,13556.000000000497,13572.000000000116,36.68787265568828,43.41658669218482,32.28002478313795,2.292992040904398,2.713536668325718,2.017501548879148,2.1875000000517275,2.624999999912859,1.937500000045816,0.6875000000162572,0.6874999999771774,0.5625000000133014,0.1433120025517674,0.1695960417743677,0.1260938468007608,2.8370817703876807,2.88544127102419,2.8590377011202057,0.0003245038337791,0.0030224687896814,0.001650223119038,0.0025485994031846,0.0016427524513579,0.0027188871859147,91.0,439.6666666666667,453.6666666666667,13556.000000000191,37.461494710337014,2.3413434193697547,2.2500000000034674,2.4375000000079012,0.14633396370896531,2.860520247510692,0.0016657319141661665,0.0023034130134857336,405,478,444,464,0.5625000000133014,0.6875000000162572,1.937500000045816,2.624999999912859,2.017501548879148,2.713536668325718,0.1260938468007608,0.1695960417743677,2.8370817703876807,2.88544127102419,0.0016427524513579,0.0027188871859147,32.28002478313795,43.41658669218482,0.0003245038337791,0.0030224687896814,13539.999999999964,13572.000000000116,7
91,383,373,370,438,435,434,13588.000000000648,13604.00000000027,13612.00000000008,22.80350850198276,10.44030650891055,3.1622776601683795,1.4252192814076243,1.3050383136446788,0.0645362787789752,1.3749999999543547,0.6250000000147793,0.3750000000088676,0.3749999999875513,0.1875000000044338,0.1250000000029558,0.0890762050900828,0.1631297892094423,0.0013170669138572,2.875340604438868,2.8501358591119264,2.819842099193151,0.0010189314573825,0.001575296582971,0.0037867199899364,0.0023136026068405,0.0046283490075694,0.0202265902874264,92.0,375.3333333333333,435.6666666666667,13601.333333333665,12.135364223687228,0.9315979579437595,0.7916666666593338,0.8333333333269858,0.08450768707112742,2.8484395209146487,0.0021269826767633,0.009056180633945433,370,383,434,438,0.1250000000029558,0.3749999999875513,0.3750000000088676,1.3749999999543547,0.0645362787789752,1.4252192814076243,0.0013170669138572,0.1631297892094423,2.819842099193151,2.875340604438868,0.0023136026068405,0.0202265902874264,3.1622776601683795,22.80350850198276,0.0010189314573825,0.0037867199899364,13588.000000000648,13612.00000000008,7
92,366,361,351,433,432,428,13661.000000000058,13676.000000000386,13707.000000000337,4.123105625617661,5.0990195135927845,10.770329614269007,0.2748737083685107,0.1644845004387471,0.6731456009077308,0.0816326530612608,0.3333333333260573,0.3225806451618203,0.0204081632653152,0.0666666666652114,0.1290322580647281,0.018324913890834,0.005305951627065,0.042071600057728,2.896613990462929,2.9441970937399127,2.761086276477428,0.0015667732912206,0.003172206885063,0.005906800556864,0.0003470989178976,0.0008679308175656,0.0011859886590555,93.0,359.3333333333333,431.0,13681.333333333592,6.66415158449315,0.37083460323832956,0.24584887718304613,0.2888596298712888,0.021900821858542332,2.867299120226756,0.003548593577715866,0.0008003394648395667,351,366,428,433,0.0204081632653152,0.1290322580647281,0.0816326530612608,0.3333333333260573,0.1644845004387471,0.6731456009077308,0.005305951627065,0.042071600057728,2.761086276477428,2.9441970937399127,0.0003470989178976,0.0011859886590555,4.123105625617661,10.770329614269007,0.0015667732912206,0.005906800556864,13661.000000000058,13707.000000000337,7
93,343,334,320,423,420,415,13722.999999999956,13739.000000000487,13755.00000000011,9.433981132056603,9.486832980505138,14.866068747318506,0.5896238207339642,0.592927061295592,0.9291292966765629,0.5000000000118234,0.5624999999813269,0.875000000020691,0.3125000000073896,0.1874999999937756,0.3125000000073896,0.0368514887946494,0.0370579413318508,0.0580705810403574,2.5829933382462307,2.819842099193151,2.79856871316909,0.011130808639713,0.0148030475586911,0.0013295866265352,0.0003262569539501,1.2903283574658118e-05,0.0013132899818127,94.0,332.3333333333333,419.3333333333333,13739.000000000184,11.26229428662675,0.7038933929020397,0.6458333333379471,0.750000000007077,0.0439933370556192,2.733801383536157,0.009087814274979766,0.0005508167397791527,320,343,415,423,0.1874999999937756,0.3125000000073896,0.5000000000118234,0.875000000020691,0.5896238207339642,0.9291292966765629,0.0368514887946494,0.0580705810403574,2.5829933382462307,2.819842099193151,1.2903283574658118e-05,0.0013132899818127,9.433981132056603,14.866068747318506,0.0013295866265352,0.0148030475586911,13722.999999999956,13755.00000000011,7
94,302,281,269,408,403,399,13771.00000000064,13787.000000000262,13802.999999999884,19.313207915827967,21.587033144922906,12.649110640673518,1.2070754947677915,1.3491895715895854,0.7905694150158507,1.124999999962654,1.3125000000310365,0.7500000000177351,0.4374999999854765,0.3125000000073896,0.2500000000059117,0.0754422184247709,0.084324348226343,0.0494105884368504,2.770701364777131,2.907849472720892,2.819842099193151,0.0017417092744396,0.0085717567466877,0.0055004608456138,0.0010857273364898,0.0005551331126113,0.0021821099868948,95.0,284.0,403.3333333333333,13787.000000000262,17.849783900474797,1.115611493791076,1.0625000000038085,1.1458333333391124,0.06972571836265476,2.8327976455637245,0.005271308955580367,0.0012743234786653,269,302,399,408,0.2500000000059117,0.4374999999854765,0.7500000000177351,1.3125000000310365,0.7905694150158507,1.3491895715895854,0.0494105884368504,0.084324348226343,2.770701364777131,2.907849472720892,0.0005551331126113,0.0021821099868948,12.649110640673518,21.587033144922906,0.0017417092744396,0.0085717567466877,13771.00000000064,13802.999999999884,7
95,265,262,261,397,396,396,13819.000000000417,13835.000000000036,13844.000000000053,4.47213595499958,3.1622776601683795,1.0,0.2795084971940832,0.3513641844625851,0.032258064516182,0.2499999999917008,0.1875000000044338,0.1111111111109314,0.1249999999958504,0.0625000000014779,0.0,0.0174692810750432,0.0390404649402241,0.0010405827263301,2.677945044588987,2.819842099193151,3.141592653589793,0.0088685659124658,0.0088685659129699,0.0357500615995691,0.0019963317100466,0.0013481989916056,0.0042222091348702,96.0,262.6666666666667,396.3333333333333,13832.666666666833,2.8781378717226533,0.22104358205761676,0.18287037036902198,0.18287037036902198,0.0191834429138658,2.8797932657906435,0.0178290644750016,0.0025222466121741336,261,265,396,397,0.0,0.1249999999958504,0.1111111111109314,0.2499999999917008,0.032258064516182,0.3513641844625851,0.0010405827263301,0.0390404649402241,2.677945044588987,3.141592653589793,0.0013481989916056,0.0042222091348702,1.0,4.47213595499958,0.0088685659124658,0.0357500615995691,13819.000000000417,13844.000000000053,7
96,252,249,247,395,395,394,13875.0,13883.00000000072,14188.000000000102,9.055385138137416,3.0,2.23606797749979,1.131923142165259,0.0194805194805774,0.1397542485890975,0.2903225806456382,0.374999999966235,0.0571428571430947,0.032258064516182,0.0,0.0285714285715473,0.1414903927579175,0.0001264968797443,0.0087346405365286,3.0309354324158977,3.141592653589793,2.677945044588987,0.0035695877798089,0.0138321526454914,0.0765127155600034,0.0045306390332844,0.0176704869831806,0.0002495611581875,97.0,249.33333333333334,394.6666666666667,13982.000000000275,4.763817705212402,0.43038597007831125,0.24082181258498933,0.25034562210883843,0.05011717672473013,2.9501577101982264,0.0313048186617679,0.007483562391550833,247,252,394,395,0.0,0.032258064516182,0.0571428571430947,0.374999999966235,0.0194805194805774,1.131923142165259,0.0001264968797443,0.1414903927579175,2.677945044588987,3.141592653589793,0.0002495611581875,0.0176704869831806,2.23606797749979,9.055385138137416,0.0035695877798089,0.0765127155600034,13875.0,14188.000000000102,7
97,247,248,249,393,393,393,14204.000000000631,14368.000000000393,14384.000000000016,1.0,1.0,1.0,0.0060975609756186,0.0625000000014779,0.0499999999989086,0.0,0.0060975609756186,0.0625000000014779,0.0624999999979252,0.0,0.0,3.718024985138787e-05,0.0039062500001847,0.0024999999998908,1.5707963267948966,0.0,0.0,0.0691967948598335,0.0095780263829097,0.0,0.0005435912678992,2.3591888721579376e-05,8.789062502044588e-05,98.0,248.0,393.0,14318.666666667013,1.0,0.03953252032533503,0.022865853659032168,0.022865853659032168,0.0021478100833089626,0.5235987755982988,0.02625827374758107,0.00021835792721374174,247,249,393,393,0.0,0.0624999999979252,0.0,0.0625000000014779,0.0060975609756186,0.0625000000014779,3.718024985138787e-05,0.0039062500001847,0.0,1.5707963267948966,2.3591888721579376e-05,0.0005435912678992,1.0,1.0,0.0,0.0691967948598335,14204.000000000631,14384.000000000016,7
98,251,252,252,393,393,394,14404.000000000451,14458.999999999833,15289.999999999964,2.0,1.0,1.0,0.0363636363640452,0.0012033694344161,0.0624999999979252,0.0999999999978172,0.0181818181820226,0.0,0.0,0.0,0.0012033694344161,0.0006611570248082,1.4480979956871076e-06,0.0039062499997406,0.0,0.0,1.5707963267948966,0.0,0.0,0.0018902482873581,9.194214875212324e-05,1.1994707760363426e-05,4.698919256010048e-06,99.0,251.66666666666666,393.3333333333333,14717.66666666675,1.3333333333333333,0.0333556685987955,0.03939393939327993,0.0397950625380853,0.0015229517075148289,0.5235987755982988,0.0006300827624527,3.621192525616557e-05,251,252,393,394,0.0,0.0012033694344161,0.0,0.0999999999978172,0.0012033694344161,0.0624999999979252,1.4480979956871076e-06,0.0039062499997406,0.0,1.5707963267948966,4.698919256010048e-06,9.194214875212324e-05,1.0,2.0,0.0,0.0018902482873581,14404.000000000451,15289.999999999964,7
99,253,255,260,406,415,442,15306.000000000497,15323.00000000032,15338.999999999942,12.041594578792296,9.219544457292889,27.459060435491963,0.708329092877411,0.5762215285944313,1.7161912771612762,0.0624999999979252,0.1176470588247378,0.3125000000073896,0.7499999999751026,0.5294117647113205,1.687500000039904,0.0416664172285109,0.0360138455380035,0.107261954819019,1.4876550949064553,1.3521273809209546,1.3876855095324123,0.005196326992855,0.0079722184698172,0.0022223830382686,0.0023600104517198,0.000332504217092,0.0044530068301687,100.0,256.0,421.0,15322.666666666919,16.240066490525717,1.000247299544373,0.1642156862766842,0.7267156862899856,0.06164740586184447,1.4091559951199406,0.0051303095003136,0.0023818404996601666,253,260,406,442,0.5294117647113205,1.687500000039904,0.0624999999979252,0.3125000000073896,0.5762215285944313,1.7161912771612762,0.0360138455380035,0.107261954819019,1.3521273809209546,1.4876550949064553,0.000332504217092,0.0044530068301687,9.219544457292889,27.459060435491963,0.0022223830382686,0.0079722184698172,15306.000000000497,15338.999999999942,7
100,270,273,273,475,496,512,15355.000000000471,15371.000000000096,15387.000000000626,34.48187929913333,21.213203435596427,16.0,2.155117456246795,1.325825214680764,1.0000000000236469,0.6249999999792522,0.1875000000044338,0.0,2.062499999931532,1.3125000000310365,0.9999999999668034,0.1346948410186098,0.0828640759147969,0.0625000000029558,1.2765617616837088,1.4288992721907328,1.5707963267948966,0.0069452342403134,0.0095210944069141,0.0088685659124658,0.0017145553874175,0.0032394228190649,0.0012727547444478,101.0,272.0,494.3333333333333,15371.000000000398,23.89836091157659,1.4936475569837355,0.27083333332789533,0.6041666666501632,0.09335297231212082,1.4254191202231128,0.0084449648532311,0.0020755776503100665,270,273,475,512,0.9999999999668034,2.062499999931532,0.0,0.6249999999792522,1.0000000000236469,2.155117456246795,0.0625000000029558,0.1346948410186098,1.2765617616837088,1.5707963267948966,0.0012727547444478,0.0032394228190649,16.0,34.48187929913333,0.0069452342403134,0.0095210944069141,15355.000000000471,15387.000000000626,7
101,271,269,269,531,549,570,15403.000000000247,15418.999999999867,15435.0000000004,19.1049731745428,18.110770276274835,21.0,1.1940608234371608,1.1319231422296012,1.3125000000310365,0.1250000000029558,0.1250000000029558,0.0,1.1875000000280806,1.1250000000266027,1.3124999999564295,0.0746288014665872,0.0707451963870015,0.0820312500038795,1.6756732655251303,1.6814535479687922,1.5707963267948966,0.0065548086707946,0.0003612676527373,0.0069160763231388,0.0007580500914948,0.0002427253174798,0.0007053783510314,102.0,269.6666666666667,550.0,15419.000000000173,19.405247816939212,1.2128279885659328,0.08333333333530386,0.5208333333207804,0.07580174928582273,1.6426410467629395,0.004610717548890233,0.0005687179200020001,269,271,531,570,1.1250000000266027,1.3124999999564295,0.0,0.1250000000029558,1.1319231422296012,1.3125000000310365,0.0707451963870015,0.0820312500038795,1.5707963267948966,1.6814535479687922,0.0002427253174798,0.0007580500914948,18.110770276274835,21.0,0.0003612676527373,0.0069160763231388,15403.000000000247,15435.0000000004,7
102,269,269,269,607,663,687,15451.000000000022,15475.000000000364,15490.999999999984,37.0,56.0,24.0,1.5416666666447,3.500000000082764,1.4999999999502052,0.0,0.0,0.0,2.312500000054684,2.3333333333000863,1.5000000000354703,0.0642361111092805,0.2187500000103455,0.0937499999937756,1.5707963267948966,1.5707963267948966,1.5707963267948966,0.0,0.0,0.0,0.0011121961809387,0.0064380787041193,0.0078125000012203,103.0,269.0,652.3333333333334,15472.333333333458,39.0,2.180555555559223,0.0,0.5000000000118234,0.1255787037044672,1.5707963267948966,0.0,0.005120924962092766,269,269,607,687,1.5000000000354703,2.3333333333000863,0.0,0.0,1.4999999999502052,3.500000000082764,0.0642361111092805,0.2187500000103455,1.5707963267948966,1.5707963267948966,0.0011121961809387,0.0078125000012203,24.0,56.0,0.0,0.0,15451.000000000022,15490.999999999984,7
103,269,268,268,702,707,708,15507.000000000517,15523.000000000138,15530.999999999947,15.0,5.0990195135927845,1.0,0.9375000000221688,0.63737743921417,0.0624999999979252,0.0,0.0625000000014779,0.0,0.9374999999688782,0.3125000000073896,0.1250000000029558,0.0585937500027711,0.0796721799036552,0.0039062499997406,1.5707963267948966,1.7681918866447774,1.5707963267948966,0.0,0.0123372224909092,0.0246744449818185,0.0021972656243648,0.0013174018688364,0.0094707412382132,104.0,268.3333333333333,705.6666666666666,15520.333333333534,7.0330065045309285,0.5457924797447546,0.020833333333825966,0.0625000000014779,0.047390726635388965,1.6365948467448568,0.012337222490909234,0.004328469577138134,268,269,702,708,0.1250000000029558,0.9374999999688782,0.0,0.0625000000014779,0.0624999999979252,0.9375000000221688,0.0039062499997406,0.0796721799036552,1.5707963267948966,1.7681918866447774,0.0013174018688364,0.0094707412382132,1.0,15.0,0.0,0.0246744449818185,15507.000000000517,15530.999999999947,7
104,267,266,263,709,711,720,15547.00000000048,15641.000000000531,15657.000000000153,1.4142135623730951,2.23606797749979,9.486832980505138,0.0150448251316205,0.1397542485970416,0.5270462766938777,0.0624999999979252,0.0106382978723346,0.1875000000044338,0.0624999999979252,0.0212765957446693,0.5625000000133014,0.0001600513311873,0.0087346405375216,0.029280348705168,2.356194490192345,2.0344439357957027,1.892546881191539,0.0490873852107109,0.0034228782382602,0.0088685659129699,0.0002341374167768,9.121903410988974e-05,0.0012841067605082,105.0,265.3333333333333,713.3333333333334,15615.000000000387,4.3790381734593415,0.22728178347417993,0.08687943262489788,0.2743794326293317,0.012725013524625633,2.0943951023931953,0.020459609787313666,0.0005364877371316299,263,267,709,720,0.0212765957446693,0.5625000000133014,0.0106382978723346,0.1875000000044338,0.0150448251316205,0.5270462766938777,0.0001600513311873,0.029280348705168,1.892546881191539,2.356194490192345,9.121903410988974e-05,0.0012841067605082,1.4142135623730951,9.486832980505138,0.0034228782382602,0.0490873852107109,15547.00000000048,15657.000000000153,7
105,263,262,262,723,728,733,15675.000000000182,15691.000000000711,15707.000000000337,3.0,5.0990195135927845,5.0,0.1874999999937756,0.318688719607085,0.3125000000073896,0.0,0.0624999999979252,0.0,0.1666666666663971,0.3124999999896261,0.3125000000073896,0.0117187499992219,0.0199180449759138,0.0195312500009237,1.5707963267948966,1.7681918866447774,1.5707963267948966,0.0178750307997845,0.012337222490208,0.0123372224909092,0.0009756443725509,0.0005124559360262,2.417468593745324e-05,106.0,262.3333333333333,728.0,15691.00000000041,4.3663398378642615,0.27289623986941675,0.020833333332641733,0.1250000000017716,0.0170560149920198,1.6365948467448568,0.014183158593633899,0.0005040916648381844,262,263,723,733,0.1666666666663971,0.3125000000073896,0.0,0.0624999999979252,0.1874999999937756,0.318688719607085,0.0117187499992219,0.0199180449759138,1.5707963267948966,1.7681918866447774,2.417468593745324e-05,0.0009756443725509,3.0,5.0990195135927845,0.012337222490208,0.0178750307997845,15675.000000000182,15707.000000000337,7
106,259,255,252,739,754,766,15722.999999999956,15739.000000000487,15755.00000000011,6.708203932499369,15.524174696260024,12.36931687685298,0.4192627457672925,0.9702609185391952,0.7730823047776476,0.1875000000044338,0.2499999999917008,0.1875000000044338,0.3750000000088676,0.9374999999688782,0.7500000000177351,0.0262039216095859,0.0606413074101336,0.0483176440469989,2.0344439357957027,1.8313987185422376,1.8157749899217608,0.0289779755632356,0.0126903260779202,0.0009764830388028,0.0004170419755512,0.0021523366124627,0.0007702289602141,107.0,255.33333333333334,753.0,15739.000000000184,11.53389850187079,0.7208686563613784,0.2083333333335228,0.45833333333943455,0.045054291022239464,1.893872548086567,0.014214928226652867,0.001113202516076,252,259,739,766,0.3750000000088676,0.9374999999688782,0.1875000000044338,0.2499999999917008,0.4192627457672925,0.9702609185391952,0.0262039216095859,0.0606413074101336,1.8157749899217608,2.0344439357957027,0.0004170419755512,0.0021523366124627,6.708203932499369,15.524174696260024,0.0009764830388028,0.0289779755632356,15722.999999999956,15755.00000000011,7
107,250,250,249,772,775,777,15771.00000000064,15787.000000000262,15802.999999999884,6.324555320336759,3.0,2.23606797749979,0.3952847075303947,0.1875000000044338,0.1397542485890975,0.1249999999958504,0.0,0.0625000000014779,0.3749999999875513,0.1875000000044338,0.1250000000029558,0.0247052942212338,0.0117187500005542,0.0087346405365286,1.892546881191539,1.5707963267948966,2.0344439357957027,0.0047982432042018,0.0201094096502656,0.0289779755632356,0.0014757718640613,0.0008116590138116,0.000186506841506,108.0,249.66666666666666,774.6666666666666,15787.000000000262,3.85354109927885,0.24084631870797532,0.062499999999109435,0.10416666666676137,0.015052894919438868,1.832595714594046,0.017961876139234334,0.0008246459064596333,249,250,772,777,0.1250000000029558,0.3749999999875513,0.0,0.1249999999958504,0.1397542485890975,0.3952847075303947,0.0087346405365286,0.0247052942212338,1.5707963267948966,2.0344439357957027,0.000186506841506,0.0014757718640613,2.23606797749979,6.324555320336759,0.0047982432042018,0.0289779755632356,15771.00000000064,15802.999999999884,7
108,248,245,245,780,785,787,15819.000000000417,15827.000000000226,15842.999999999847,3.1622776601683795,5.830951894845301,2.0,0.3952847075303947,0.364434493436449,0.0416666666660729,0.0624999999979252,0.3750000000088676,0.0,0.1874999999937756,0.6250000000147793,0.1250000000029558,0.0494105884424677,0.0227771558403166,0.0008680555555308,1.892546881191539,2.1112158270654806,1.5707963267948966,0.0088685659124658,0.027333618234889,0.0337762187677102,0.0025422467440368,0.0033291790753476,0.0013693187678314,109.0,246.0,784.0,15829.66666666683,3.664409851671227,0.2671286225443055,0.1458333333355976,0.18750000000324954,0.024351933279438364,1.8581863450173053,0.023326134305021663,0.0024135815290719335,245,248,780,787,0.1250000000029558,0.6250000000147793,0.0,0.3750000000088676,0.0416666666660729,0.3952847075303947,0.0008680555555308,0.0494105884424677,1.5707963267948966,2.1112158270654806,0.0013693187678314,0.0033291790753476,2.0,5.830951894845301,0.0088685659124658,0.0337762187677102,15819.000000000417,15842.999999999847,7
109,244,244,242,788,790,795,15891.000000000531,15899.000000000342,15923.000000000684,1.4142135623730951,2.0,5.385164807134504,0.1767766953008171,0.0833333333321459,0.3365728004538654,0.0208333333330364,0.0,0.0833333333321459,0.0208333333330364,0.2500000000059117,0.2083333333303648,0.0220970869131246,0.0034722222221232,0.021035800028864,2.356194490192345,1.5707963267948966,1.9513027039072612,0.0163624617372136,0.0981747704270025,0.0158544323794559,0.0004422714866102,0.0023281080864302,0.0007318157419371,110.0,243.33333333333334,791.0,15904.333333333852,2.9331261231691994,0.19889427636227616,0.03472222222172743,0.10416666666518237,0.015535036388037266,1.9594311736315009,0.04346388818122401,0.0011673984383258334,242,244,788,795,0.0208333333330364,0.2500000000059117,0.0,0.0833333333321459,0.0833333333321459,0.3365728004538654,0.0034722222221232,0.0220970869131246,1.5707963267948966,2.356194490192345,0.0004422714866102,0.0023281080864302,1.4142135623730951,5.385164807134504,0.0158544323794559,0.0981747704270025,15891.000000000531,15923.000000000684,7
110,242,241,241,798,800,801,15939.000000000306,15954.999999999927,16041.000000000167,3.0,2.23606797749979,1.0,0.1875000000044338,0.0260007904359714,0.0192307692308876,0.0,0.0625000000014779,0.0,0.1875000000044338,0.1250000000029558,0.0116279069767117,0.0117187500005542,0.0003023347725104,0.0003698224852116,1.5707963267948966,2.0344439357957027,1.5707963267948966,0.0237816485700851,0.0289779755632356,0.0053912512674361,0.0005823156267831,0.0007135259517696,7.84740845360625e-07,111.0,241.33333333333334,799.6666666666666,15978.333333333467,2.0786893258332633,0.0775771865570976,0.020833333333825966,0.024709302326063203,0.0041303024194254,1.7253455297951652,0.0193836251335856,0.00043220877313268684,241,242,798,801,0.0116279069767117,0.1875000000044338,0.0,0.0625000000014779,0.0192307692308876,0.1875000000044338,0.0003023347725104,0.0117187500005542,1.5707963267948966,2.0344439357957027,7.84740845360625e-07,0.0007135259517696,1.0,3.0,0.0053912512674361,0.0289779755632356,15939.000000000306,16041.000000000167,7
111,241,242,243,803,803,803,16427.999999999884,16462.000000000444,16476.99999999986,2.0,1.0,1.0,0.0588235294107954,0.0666666666692536,0.0199999999999272,0.0,0.0294117647053977,0.0666666666692536,0.0089686098654726,0.0,0.0,0.0017301038061713,0.0044444444447893,0.000399999999997,1.5707963267948966,0.0,0.0,0.0070439297165704,0.0461998919637945,0.0,7.75831303216007e-06,7.983354819333225e-05,0.0002696296296632,112.0,242.0,803.0,16455.66666666673,1.3333333333333333,0.04849673202665874,0.032026143791550436,0.032026143791550436,0.0021915160836525334,0.5235987755982988,0.017747940560121633,0.00011907383029623078,241,243,803,803,0.0,0.0089686098654726,0.0,0.0666666666692536,0.0199999999999272,0.0666666666692536,0.000399999999997,0.0044444444447893,0.0,1.5707963267948966,7.75831303216007e-06,0.0002696296296632,1.0,2.0,0.0,0.0461998919637945,16427.999999999884,16476.99999999986,7
112,245,246,247,803,802,802,16527.000000000044,16577.000000000226,16627.000000000407,2.0,1.4142135623730951,1.0,0.0399999999998544,0.028284271247359,0.0625000000014779,0.0399999999998544,0.0199999999999272,0.0199999999999272,0.0,0.0199999999999272,0.0,0.0007999999999941,0.0005656854249451,0.0039062500001847,0.0,0.7853981633974483,0.0,0.0,0.0157079632678918,0.0157079632678918,7.999999999912687e-06,4.686291500964091e-06,6.681129150454932e-05,113.0,246.0,802.3333333333334,16577.000000000226,1.4714045207910316,0.0435947570828971,0.0266666666665696,0.0266666666665696,0.0017573118083746332,0.2617993877991494,0.010471975511927868,2.6499194335142032e-05,245,247,802,803,0.0,0.0199999999999272,0.0199999999999272,0.0399999999998544,0.028284271247359,0.0625000000014779,0.0005656854249451,0.0039062500001847,0.0,0.7853981633974483,4.686291500964091e-06,6.681129150454932e-05,1.0,2.0,0.0,0.0157079632678918,16527.000000000044,16627.000000000407,7
113,248,249,249,802,801,802,16643.00000000003,16710.000000000036,16710.000000000036,1.0,1.4142135623730951,1.0,0.0149253731343267,0.0,0.0624999999979252,0.0625000000014779,0.0149253731343267,0.0,0.0,0.0149253731343267,0.0,0.0002227667631988,0.0,0.0039062499997406,0.0,0.7853981633974483,1.5707963267948966,0.0,0.0117223606477218,0.0,0.000230217702317,0.0,0.0,114.0,248.66666666666666,801.6666666666666,16687.6666666667,1.1380711874576983,0.025808457710750632,0.025808457711934865,0.025808457711934865,0.0013763389209798,0.7853981633974483,0.0039074535492406,7.673923410566667e-05,248,249,801,802,0.0,0.0149253731343267,0.0,0.0625000000014779,0.0,0.0624999999979252,0.0,0.0039062499997406,0.0,1.5707963267948966,0.0,0.000230217702317,1.0,1.4142135623730951,0.0,0.0117223606477218,16643.00000000003,16710.000000000036,7
114,250,251,252,801,801,800,16726.000000000568,16747.0000000003,16762.99999999992,1.4142135623730951,1.0,1.4142135623730951,0.0673435029710107,0.0625000000014779,0.0353553390593595,0.0624999999979252,0.047619047619658,0.0625000000014779,0.0624999999979252,0.0,0.0625000000014779,0.0032068334748511,0.0039062500001847,0.0008838834764847,0.7853981633974483,0.0,0.7853981633974483,0.0490873852107109,0.037399912543215,0.0490873852135012,4.371353280414312e-05,3.330554882583636e-05,0.0001888979077357,115.0,251.0,800.6666666666666,16745.333333333594,1.2761423749153966,0.0550662806772827,0.05753968253968703,0.078373015873513,0.002665655650506833,0.5235987755982988,0.045191560989142364,8.863899645522649e-05,250,252,800,801,0.0,0.0625000000014779,0.047619047619658,0.0625000000014779,0.0353553390593595,0.0673435029710107,0.0008838834764847,0.0039062500001847,0.0,0.7853981633974483,3.330554882583636e-05,0.0001888979077357,1.0,1.4142135623730951,0.037399912543215,0.0490873852135012,16726.000000000568,16762.99999999992,7
115,254,255,256,799,798,796,16802.999999999884,17325.000000000728,17341.00000000035,2.23606797749979,1.4142135623730951,2.23606797749979,0.004283655129303,0.0883883476504085,0.1016394535230202,0.0500000000000454,0.0019157088122574,0.0625000000014779,0.0250000000000227,0.0019157088122574,0.1250000000029558,8.206235879877566e-06,0.0055242717282811,0.004619975160151,0.4636476090008061,0.7853981633974483,1.1071487177940904,0.0080437638599233,0.0006163803724063,0.0201094096502656,2.189193101514277e-05,1.0567175272782318e-05,5.651853550946964e-05,116.0,255.0,797.6666666666666,17156.333333333652,1.9621165057908916,0.0647704854342439,0.03813856960459357,0.0798052362722455,0.003384151041437326,0.7853981633974483,0.0095898512941984,2.9659213932464908e-05,254,256,796,799,0.0019157088122574,0.1250000000029558,0.0019157088122574,0.0625000000014779,0.004283655129303,0.1016394535230202,8.206235879877566e-06,0.0055242717282811,0.4636476090008061,1.1071487177940904,1.0567175272782318e-05,5.651853550946964e-05,1.4142135623730951,2.23606797749979,0.0006163803724063,0.0201094096502656,16802.999999999884,17341.00000000035,7
116,257,259,264,796,795,794,17363.000000000284,17457.000000000335,17472.000000000662,1.0,2.23606797749979,5.0990195135927845,0.0106382978723346,0.1490711984967321,0.254950975685668,0.0454545454546807,0.0212765957446693,0.3333333333260573,0.0,0.0106382978723346,0.0666666666652114,0.0001131733816205,0.0099380798995652,0.0127475487845848,0.0,0.4636476090008061,0.1973955598498807,0.0503249417180629,0.0049324213723463,0.0177501366096742,0.0002048546262974,0.0001045202821057,0.0001872979256638,117.0,260.0,795.0,17430.666666667094,2.7783624970308582,0.13822015735157822,0.13335482484180242,0.15557704706353956,0.007599600688590166,0.22034772295022895,0.024335833233361134,0.00016555761135563334,257,264,794,796,0.0,0.0666666666652114,0.0212765957446693,0.3333333333260573,0.0106382978723346,0.254950975685668,0.0001131733816205,0.0127475487845848,0.0,0.4636476090008061,0.0001045202821057,0.0002048546262974,1.0,5.0990195135927845,0.0049324213723463,0.0503249417180629,17363.000000000284,17472.000000000662,7
117,271,297,339,794,794,794,17492.00000000019,17508.00000000072,17524.000000000342,7.0,26.0,42.0,0.4374999999854765,1.6250000000384262,2.625000000062073,0.3500000000082764,1.6249999999460556,2.625000000062073,0.0,0.0,0.0,0.0273437499981845,0.1015625000048032,0.1640625000077591,0.0,0.0,0.0,0.0098697779927274,0.0,0.0,0.0007298100606972,0.0046386718752596,0.0039062500002771,118.0,302.3333333333333,794.0,17508.00000000042,25.0,1.5625000000286586,1.5333333333388017,1.5333333333388017,0.09765625000358226,0.0,0.0032899259975758,0.003091577312077967,271,339,794,794,0.0,0.0,0.3500000000082764,2.625000000062073,0.4374999999854765,2.625000000062073,0.0273437499981845,0.1640625000077591,0.0,0.0,0.0007298100606972,0.0046386718752596,7.0,42.0,0.0,0.0098697779927274,17492.00000000019,17524.000000000342,7
118,415,497,572,793,786,777,17539.999999999964,17556.000000000495,17572.000000000116,76.00657866263946,82.29823813423954,75.53806987208503,4.750411166257269,5.143639883511602,4.721129366848589,4.750000000112323,5.124999999829868,4.687500000110845,0.0625000000014779,0.4374999999854765,0.5625000000133014,0.2969006978812232,0.321477492727077,0.2950705854182415,0.0131571354727557,0.0851593926197067,0.1194289260183384,0.0008223209670666,0.004500141071535,0.0021418458374651,0.0083023873672878,0.0015360496778148,0.0016504317068412,119.0,494.6666666666667,785.3333333333334,17556.000000000193,77.94762888965467,4.871726805539153,4.854166666684345,5.041666666688779,0.3044829253421805,0.0725818180369336,0.0024881026253555667,0.0038296229173146006,415,572,777,793,0.0625000000014779,0.5625000000133014,4.687500000110845,5.124999999829868,4.721129366848589,5.143639883511602,0.2950705854182415,0.321477492727077,0.0131571354727557,0.1194289260183384,0.0015360496778148,0.0083023873672878,75.53806987208503,82.29823813423954,0.0008223209670666,0.004500141071535,17539.999999999964,17572.000000000116,7
119,628,684,734,769,761,755,17588.000000000648,17604.00000000027,17619.99999999989,56.56854249492381,56.56854249492381,50.35871324805669,3.535533906016342,3.535533906016342,3.1474195778990595,3.499999999883812,3.500000000082764,3.1250000000738964,0.4999999999834017,0.5000000000118234,0.3750000000088676,0.2209708691312466,0.2209708691312466,0.196713723612161,0.1418970546041639,0.1418970546041639,0.1194289260183384,0.0014042580365674,0.0,0.0014042580366472,0.0046312322677834,0.0,0.0015160715949787,120.0,682.0,761.6666666666666,17604.00000000027,54.49859941263477,3.406162463310581,3.375000000013491,3.500000000016447,0.21288515395821808,0.13440767840888876,0.0009361720244048666,0.002049101287587367,628,734,755,769,0.3750000000088676,0.5000000000118234,3.1250000000738964,3.500000000082764,3.1474195778990595,3.535533906016342,0.196713723612161,0.2209708691312466,0.1194289260183384,0.1418970546041639,0.0,0.0046312322677834,50.35871324805669,56.56854249492381,0.0,0.0014042580366472,17588.000000000648,17619.99999999989,7
120,760,770,772,751,750,750,17636.000000000422,17652.000000000044,17668.000000000575,26.30589287593181,10.04987562112089,2.0,1.6441183047846164,0.6281172262992043,0.1250000000029558,1.6249999999460556,0.6250000000147793,0.1249999999958504,0.2499999999917008,0.0625000000014779,0.0,0.1027573940514684,0.039257326642397,0.0078125000003694,0.1526493283952651,0.099668652491162,0.0,0.0020762751484889,0.0033112922440847,0.0062292907804908,0.0058722705973483,0.0039687542131608,0.0019653016650614,121.0,767.3333333333334,750.3333333333334,17652.000000000346,12.785256165684233,0.7990785103622589,0.7916666666522284,0.7916666666522284,0.049942406898078266,0.08410599362880904,0.0038722860576881333,0.003935442158523501,760,772,750,751,0.0,0.2499999999917008,0.1249999999958504,1.6249999999460556,0.1250000000029558,1.6441183047846164,0.0078125000003694,0.1027573940514684,0.0,0.1526493283952651,0.0019653016650614,0.0058722705973483,2.0,26.30589287593181,0.0020762751484889,0.0062292907804908,17636.000000000422,17668.000000000575,7
121,773,776,779,749,747,745,17684.000000000196,17708.00000000054,17724.00000000016,1.4142135623730951,3.605551275463989,3.605551275463989,0.0589255650980393,0.225346954721828,0.2253469547090185,0.0625000000014779,0.1249999999982189,0.1875000000044338,0.0625000000014779,0.0833333333321459,0.1250000000029558,0.0024552318790499,0.0140841846704473,0.0140841846688461,0.7853981633974483,0.5880026035475675,0.5880026035475675,0.0490873852135012,0.0082248149936278,0.0,0.0003348292575903,0.0004845396996346,1.0007402892712347e-13,122.0,776.0,747.0,17705.33333333363,2.8751053711003576,0.16987315817629525,0.12500000000137687,0.16666666666902877,0.0102078670727811,0.6538011234975277,0.019104066735709666,0.00027312298577499136,773,779,745,749,0.0625000000014779,0.1250000000029558,0.0625000000014779,0.1875000000044338,0.0589255650980393,0.225346954721828,0.0024552318790499,0.0140841846704473,0.5880026035475675,0.7853981633974483,1.0007402892712347e-13,0.0004845396996346,1.4142135623730951,3.605551275463989,0.0,0.0490873852135012,17684.000000000196,17724.00000000016,7
122,780,782,782,744,744,743,17740.00000000069,17764.000000000124,17771.999999999935,1.4142135623730951,2.0,1.0,0.0589255651002723,0.2500000000059117,0.0624999999979252,0.0624999999979252,0.0833333333353039,0.0,0.0624999999979252,0.0,0.1250000000029558,0.002455231879236,0.0312500000014779,0.0039062499997406,0.7853981633974483,0.0,1.5707963267948966,0.0123372224902079,0.0327249234756675,0.1963495408540051,0.0007268095493265,0.0011997820051217,0.0034179687502979,123.0,781.3333333333334,743.6666666666666,17758.666666666915,1.4714045207910316,0.12380852170136974,0.048611111111076376,0.09027777777872831,0.012537160626818167,0.7853981633974483,0.08047056227329351,0.0017815201015820333,780,782,743,744,0.0,0.1250000000029558,0.0,0.0833333333353039,0.0589255651002723,0.2500000000059117,0.002455231879236,0.0312500000014779,0.0,1.5707963267948966,0.0007268095493265,0.0034179687502979,1.0,2.0,0.0123372224902079,0.1963495408540051,17740.00000000069,17771.999999999935,7
123,788,803,817,743,743,744,17788.000000000466,17804.000000000087,17820.00000000062,6.0,15.0,14.0356688476182,0.3750000000088676,0.9374999999688782,0.8772293029968812,0.3749999999875513,0.9375000000221688,0.874999999970953,0.0,0.0,0.0624999999979252,0.0234375000011084,0.0585937499961097,0.0548268314386015,0.0,0.0,0.0713074647852903,0.0981747704214219,0.0,0.0044567165489326,0.0012207031250449,0.0021972656247395,0.0002354324098364,124.0,802.6666666666666,743.3333333333334,17804.00000000039,11.678556282539398,0.729909767658209,0.7291666666602244,0.7499999999928662,0.045619360478606534,0.0237691549284301,0.034210495656784835,0.0012178003865402666,788,817,743,744,0.0,0.0624999999979252,0.3749999999875513,0.9375000000221688,0.3750000000088676,0.9374999999688782,0.0234375000011084,0.0585937499961097,0.0,0.0713074647852903,0.0002354324098364,0.0021972656247395,6.0,15.0,0.0,0.0981747704214219,17788.000000000466,17820.00000000062,7
124,827,845,856,746,747,747,17836.00000000024,17851.99999999986,17868.000000000393,10.198039027185567,18.027756377319943,11.0,0.63737743921417,1.126734773545093,0.6875000000162572,0.6250000000147793,1.1250000000266027,0.6874999999771774,0.1250000000029558,0.0625000000014779,0.0,0.0398360899518276,0.0704209233442305,0.0429687500020321,0.1973955598498807,0.0554985052457168,0.0,0.0078805059417232,0.0088685659129699,0.0034686565777421,0.0009369213429455,0.0019115520870703,0.0017157608338304,125.0,842.6666666666666,746.6666666666666,17852.000000000164,13.07526513483517,0.8172040709251734,0.8125000000061865,0.8125000000061865,0.05107525443269673,0.0842980216985325,0.006739242810811733,0.0015214114212820666,827,856,746,747,0.0,0.1250000000029558,0.6250000000147793,1.1250000000266027,0.63737743921417,1.126734773545093,0.0398360899518276,0.0704209233442305,0.0,0.1973955598498807,0.0009369213429455,0.0019115520870703,10.198039027185567,18.027756377319943,0.0034686565777421,0.0088685659129699,17836.00000000024,17868.000000000393,7
125,860,861,862,747,747,747,17884.000000000015,17891.999999999825,17944.000000000415,4.0,1.0,1.0,0.5000000000118234,0.0192307692305512,0.0666666666692536,0.2500000000059117,0.1250000000029558,0.0192307692305512,0.0,0.0,0.0,0.0625000000029558,0.0003698224851987,0.0044444444447893,0.0,0.0,0.0,0.0,0.0,0.0,0.0012207031250865,0.0077662721899032,7.835811460662464e-05,126.0,861.0,747.0,17906.66666666675,2.0,0.19529914530387607,0.13141025641313958,0.13141025641313958,0.022438088977647933,0.0,0.0,0.003021777809865442,860,862,747,747,0.0,0.0,0.0192307692305512,0.2500000000059117,0.0192307692305512,0.5000000000118234,0.0003698224851987,0.0625000000029558,0.0,0.0,7.835811460662464e-05,0.0077662721899032,1.0,4.0,0.0,0.0,17884.000000000015,17944.000000000415,7
126,865,882,907,747,744,739,17958.999999999833,17987.00000000008,18003.00000000061,3.0,17.26267650163207,25.495097567963924,0.1071428571419105,1.078917281316188,1.5934435980354251,0.200000000007761,0.6071428571374929,1.5624999999481304,0.0,0.1071428571419105,0.3124999999896261,0.0038265306121772,0.0674323300800232,0.099590224879569,0.0,0.1746721990082397,0.1973955598498807,0.0,0.0062382928216677,0.0014202100525554,4.11942555090717e-05,0.0022716356952601,0.0020098684249048,127.0,884.6666666666666,743.3333333333334,17983.000000000175,15.252591356532,0.9265012454978412,0.7898809523644615,0.8940476190276702,0.05694969519058981,0.12402258628604013,0.0025528342914077,0.0014408994585579907,865,907,739,747,0.0,0.3124999999896261,0.200000000007761,1.5624999999481304,0.1071428571419105,1.5934435980354251,0.0038265306121772,0.099590224879569,0.0,0.1973955598498807,4.11942555090717e-05,0.0022716356952601,3.0,25.495097567963924,0.0,0.0062382928216677,17958.999999999833,18003.00000000061,7
127,914,915,917,739,738,738,18019.000000000236,18061.000000000604,18077.000000000226,7.0,1.4142135623730951,2.0,0.1666666666651941,0.0883883476504085,0.0666666666672325,0.4375000000103455,0.0238095238093134,0.1250000000029558,0.0,0.0238095238093134,0.0,0.0039682539681838,0.0055242717282811,0.0022222222222599,0.0,0.7853981633974483,0.0,0.0123372224909092,0.0186999562712026,0.0490873852135012,0.0059763731821028,3.704804190675168e-05,0.0002063780941312,128.0,915.3333333333334,738.3333333333334,18052.33333333369,3.471404520791032,0.10724056032761171,0.19543650794087156,0.19543650794087156,0.0039049159729082675,0.2617993877991494,0.026708187991871,0.0020732664393802508,914,917,738,739,0.0,0.0238095238093134,0.0238095238093134,0.4375000000103455,0.0666666666672325,0.1666666666651941,0.0022222222222599,0.0055242717282811,0.0,0.7853981633974483,3.704804190675168e-05,0.0059763731821028,1.4142135623730951,7.0,0.0123372224909092,0.0490873852135012,18019.000000000236,18077.000000000226,7
128,919,924,930,739,742,746,18106.99999999997,18123.000000000506,18139.000000000124,2.23606797749979,5.830951894845301,7.211102550927978,0.1397542485890975,0.364434493436449,0.4506939094180371,0.0666666666672325,0.3124999999896261,0.3750000000088676,0.0333333333336162,0.1874999999937756,0.2500000000059117,0.0087346405365286,0.0227771558403166,0.0281683693376922,0.4636476090008061,0.5404195002705842,0.5880026035475675,0.015454920300158,0.0047982432042018,0.0029739439548817,0.0002170806104774,0.0008776572064576,0.0003369508435939,129.0,924.3333333333334,742.3333333333334,18123.0000000002,5.092707474424356,0.3182942171478612,0.2513888888885754,0.3347222222238793,0.019893388571512467,0.5306899042729859,0.007742369153080501,0.00047722955350963333,919,930,739,746,0.0333333333336162,0.2500000000059117,0.0666666666672325,0.3750000000088676,0.1397542485890975,0.4506939094180371,0.0087346405365286,0.0281683693376922,0.4636476090008061,0.5880026035475675,0.0002170806104774,0.0008776572064576,2.23606797749979,7.211102550927978,0.0029739439548817,0.015454920300158,18106.99999999997,18139.000000000124,7
129,936,949,962,749,753,756,18155.00000000065,18171.00000000028,18186.999999999894,6.708203932499369,13.601470508735444,13.341664064126334,0.4192627457911248,0.8500919068160673,0.8338540039802148,0.3749999999875513,0.8125000000192131,0.8125000000192131,0.1874999999937756,0.2500000000059117,0.1875000000044338,0.0262039216125649,0.0531307441772605,0.0521158752470333,0.4636476090008061,0.2984989315861793,0.2267988480538858,0.0077721871589145,0.0103217923386582,0.0044812552208743,0.0001227779828163,0.0016829264103332,6.342930814070138e-05,130.0,949.0,752.6666666666666,18171.000000000276,11.217112835120382,0.7010695521958024,0.6666666666753258,0.7291666666768037,0.04381684701228624,0.3296484628802904,0.007525078239482334,0.0006230445670967338,936,962,749,756,0.1874999999937756,0.2500000000059117,0.3749999999875513,0.8125000000192131,0.4192627457911248,0.8500919068160673,0.0262039216125649,0.0531307441772605,0.2267988480538858,0.4636476090008061,6.342930814070138e-05,0.0016829264103332,6.708203932499369,13.601470508735444,0.0044812552208743,0.0103217923386582,18155.00000000065,18186.999999999894,7
130,970,974,975,757,757,757,18203.00000000043,18219.00000000005,18243.000000000397,8.06225774829855,4.0,1.0,0.5038911092805748,0.1666666666642918,0.1250000000029558,0.4999999999834017,0.2500000000059117,0.0416666666660729,0.0624999999979252,0.0,0.0,0.0314931943307806,0.0069444444442465,0.0156250000007389,0.1243549945467614,0.0,0.0,0.0064027408439827,0.0077721871593563,0.0,0.001288917557223,0.0015342968679446,0.0003616898148486,131.0,973.0,757.0,18221.66666666696,4.354085916099517,0.2651859253159408,0.2638888888851288,0.2638888888851288,0.018020879591922,0.04145166484892047,0.004724976001113,0.0010616347466720667,970,975,757,757,0.0,0.0624999999979252,0.0416666666660729,0.4999999999834017,0.1250000000029558,0.5038911092805748,0.0069444444442465,0.0314931943307806,0.0,0.1243549945467614,0.0003616898148486,0.0015342968679446,1.0,8.06225774829855,0.0,0.0077721871593563,18203.00000000043,18243.000000000397,7
131,976,977,978,757,757,758,18251.000000000204,18266.999999999825,18374.000000000706,1.0,1.0,1.4142135623730951,0.0625000000014779,0.0093457943924464,0.0942809041618649,0.1250000000029558,0.0625000000014779,0.0093457943924464,0.0,0.0,0.0093457943924464,0.0039062500001847,8.734387282588383e-05,0.0062853936110349,0.0,0.0,0.7853981633974483,0.0,0.0,0.0073401697513176,0.0014648437501039,0.0002386816329655,5.792569848745812e-05,132.0,977.0,757.3333333333334,18297.33333333358,1.1380711874576983,0.05537556618526307,0.06561526479896003,0.06873052959644217,0.0034263291613484946,0.2617993877991494,0.0024467232504392,0.0005871503605189527,976,978,757,758,0.0,0.0093457943924464,0.0093457943924464,0.1250000000029558,0.0093457943924464,0.0942809041618649,8.734387282588383e-05,0.0062853936110349,0.0,0.7853981633974483,5.792569848745812e-05,0.0014648437501039,1.0,1.4142135623730951,0.0,0.0073401697513176,18251.000000000204,18374.000000000706,7
132,980,981,982,760,762,763,18389.000000000124,18412.000000000266,18420.000000000076,2.8284271247461903,2.23606797749979,1.4142135623730951,0.12297509237953,0.2795084971940832,0.0441941738239482,0.1333333333385073,0.0434782608693038,0.1250000000029558,0.1333333333385073,0.0869565217386077,0.1250000000029558,0.0053467431469039,0.0349385621500865,0.0013810679319917,0.7853981633974483,1.1071487177940904,0.7853981633974483,0.0,0.0139891545389003,0.0402188193005313,6.257669761115829e-05,0.0012866008262175,0.004194686777361,133.0,981.0,761.6666666666666,18407.000000000156,2.1595695548730247,0.14889258779918713,0.1006038647369223,0.14227053140457424,0.013888791076327366,0.892648348196329,0.018069324613143867,0.0018479547670632193,980,982,760,763,0.0869565217386077,0.1333333333385073,0.0434782608693038,0.1333333333385073,0.0441941738239482,0.2795084971940832,0.0013810679319917,0.0349385621500865,0.7853981633974483,1.1071487177940904,6.257669761115829e-05,0.004194686777361,1.4142135623730951,2.8284271247461903,0.0,0.0402188193005313,18389.000000000124,18420.000000000076,7
133,984,985,987,763,764,764,18452.000000000226,18460.00000000004,18467.999999999847,2.0,1.4142135623730951,2.0,0.2500000000059117,0.1767766953008171,0.1249999999958504,0.0624999999997015,0.1250000000029558,0.2500000000059117,0.0,0.1250000000029558,0.0,0.0312500000014779,0.0220970869131246,0.0078124999994813,0.0,0.7853981633974483,0.0,0.024543692606053,0.0981747704270025,0.0981747704270025,0.0009334041271669,0.0011441141360712,0.0017855733642476,134.0,985.3333333333334,763.6666666666666,18460.000000000036,1.804737854124365,0.18392556510085975,0.14583333333618967,0.14583333333618967,0.020386528971361267,0.2617993877991494,0.07363107782001933,0.0012876972091619,984,987,763,764,0.0,0.1250000000029558,0.0624999999997015,0.2500000000059117,0.1249999999958504,0.2500000000059117,0.0078124999994813,0.0312500000014779,0.0,0.7853981633974483,0.0009334041271669,0.0017855733642476,1.4142135623730951,2.0,0.024543692606053,0.0981747704270025,18452.000000000226,18467.999999999847,7
134,993,999,1004,764,764,764,18484.00000000038,18508.00000000072,18524.000000000346,6.0,6.0,5.0,0.2499999999964378,0.3750000000088676,0.3125000000073896,0.3749999999875513,0.2499999999964378,0.3125000000073896,0.0,0.0,0.0,0.0104166666663698,0.0234375000011084,0.0195312500009237,0.0,0.0,0.0,0.0,0.0,0.0,0.0001627604166751,0.000542534722273,0.0002441406250173,135.0,998.6666666666666,764.0,18505.333333333812,5.666666666666667,0.31250000000423167,0.31249999999712624,0.31249999999712624,0.0177951388894673,0.0,0.0,0.0003164785879884667,993,1004,764,764,0.0,0.0,0.2499999999964378,0.3749999999875513,0.2499999999964378,0.3750000000088676,0.0104166666663698,0.0234375000011084,0.0,0.0,0.0001627604166751,0.000542534722273,5.0,6.0,0.0,0.0,18484.00000000038,18524.000000000346,7
135,1007,1013,1025,764,764,766,18539.999999999964,18556.00000000049,18572.00000000012,3.0,6.0,12.16552506059644,0.1874999999937756,0.3750000000088676,0.7603453162620366,0.1875000000044338,0.3749999999875513,0.7500000000177351,0.0,0.0,0.1250000000029558,0.0117187499992219,0.0234375000011084,0.0475215822647997,0.0,0.0,0.1651486774146268,0.0,0.0,0.0103217923386582,0.0004882812501179,0.0007324218750935,0.0015052551415163,136.0,1015.0,764.6666666666666,18556.00000000019,7.0551750201988135,0.44094843875489326,0.4375000000032401,0.479166666670892,0.027559277421710004,0.055049559138208935,0.0034405974462194,0.0009086527555758999,1007,1025,764,766,0.0,0.1250000000029558,0.1875000000044338,0.7500000000177351,0.1874999999937756,0.7603453162620366,0.0117187499992219,0.0475215822647997,0.0,0.1651486774146268,0.0004882812501179,0.0015052551415163,3.0,12.16552506059644,0.0,0.0103217923386582,18539.999999999964,18572.00000000012,7
136,1043,1054,1057,766,766,766,18588.000000000648,18604.00000000027,18619.99999999989,18.0,11.0,3.0,1.1250000000266027,0.6875000000162572,0.374999999966235,1.124999999962654,0.6875000000162572,0.1875000000044338,0.0,0.0,0.0,0.0703125000033253,0.0429687500020321,0.0468749999915587,0.0,0.0,0.0,0.0103217923380715,0.0,0.0,0.0014244323586105,0.0017089843751212,0.0002441406243511,137.0,1051.3333333333333,766.0,18604.00000000027,10.666666666666666,0.7291666666696983,0.6666666666611151,0.6666666666611151,0.053385416665638695,0.0,0.003440597446023833,0.0011258524526942667,1043,1057,766,766,0.0,0.0,0.1875000000044338,1.124999999962654,0.374999999966235,1.1250000000266027,0.0429687500020321,0.0703125000033253,0.0,0.0,0.0002441406243511,0.0017089843751212,3.0,18.0,0.0,0.0103217923380715,18588.000000000648,18619.99999999989,7
137,1058,1060,1061,766,766,765,18628.00000000061,18652.000000000044,18668.00000000057,1.0,2.0,1.4142135623730951,0.0416666666676519,0.1249999999958504,0.1767766953008171,0.124999999988745,0.0833333333353039,0.0624999999979252,0.0,0.0,0.0624999999979252,0.0017361111111932,0.0078124999994813,0.0220970869131246,0.0,0.0,0.7853981633974483,0.0,0.0,0.0490873852107109,0.0056423611095376,0.0002531828703513,0.000892786682073,138.0,1059.6666666666667,765.6666666666666,18649.33333333374,1.4714045207910316,0.11448112065477313,0.09027777777399137,0.11111111110663312,0.010548566007933033,0.2617993877991494,0.016362461736903634,0.0022627768873206334,1058,1061,765,766,0.0,0.0624999999979252,0.0624999999979252,0.124999999988745,0.0416666666676519,0.1767766953008171,0.0017361111111932,0.0220970869131246,0.0,0.7853981633974483,0.0002531828703513,0.0056423611095376,1.0,2.0,0.0,0.0490873852107109,18628.00000000061,18668.00000000057,7
138,1061,1059,1053,764,764,764,18676.000000000386,20027.000000000044,20042.00000000037,1.0,2.0,6.0,0.0077519379845018,0.1333333333304229,0.0,0.0,0.0018331805682869,0.3999999999912688,0.1250000000029558,0.0,0.0,6.0092542515561954e-05,0.0088888888885008,0.0,1.5707963267948966,3.141592653589793,3.141592653589793,0.0981747704270025,0.0028795533030168,0.0,0.0027546242963912,8.147469192030616e-06,0.0,139.0,1057.6666666666667,764.0,19581.666666666933,3.0,0.04702842377164157,0.1339443935198519,0.1339443935198519,0.002982993810338787,2.6179938779914944,0.0336847745766731,0.0009209239218610769,1053,1061,764,764,0.0,0.1250000000029558,0.0,0.3999999999912688,0.0,0.1333333333304229,0.0,0.0088888888885008,1.5707963267948966,3.141592653589793,0.0,0.0027546242963912,1.0,6.0,0.0,0.0981747704270025,18676.000000000386,20042.00000000037,7
139,1055,1048,1034,764,763,759,20042.00000000037,20068.00000000021,20092.000000000557,2.0,7.071067811865476,14.560219778561036,0.0769230769235505,0.2946278254901967,0.9100137361815838,0.0,0.2692307692324268,0.5833333333250216,0.0,0.0384615384617752,0.1666666666642918,0.0029585798816932,0.0122761593952499,0.0568758585126939,0.0,2.999695598985629,2.8632929945846817,0.0,0.1153729076540037,0.0056834418499584,0.0,0.0003583684428313,0.0018583207965336,140.0,1045.6666666666667,762.0,20067.33333333371,7.877095863475503,0.42718821286511033,0.2841880341858161,0.33974358974058005,0.024036865929879,1.9543295311901037,0.0403521165013207,0.0007388964131216334,1034,1055,759,764,0.0,0.1666666666642918,0.0,0.5833333333250216,0.0769230769235505,0.9100137361815838,0.0029585798816932,0.0568758585126939,0.0,2.999695598985629,0.0,0.0018583207965336,2.0,14.560219778561036,0.0,0.1153729076540037,20042.00000000037,20092.000000000557,7
140,1017,997,970,754,744,732,20108.00000000017,20124.000000000706,20140.000000000327,17.72004514666935,22.360679774997894,29.546573405388315,1.107502821630069,1.3975424859704162,1.8466608378804372,1.0625000000251248,1.2499999999585043,1.687500000039904,0.3125000000073896,0.6249999999792522,0.7500000000177351,0.0692189263495814,0.0873464053752164,0.1154163023702565,2.8555412118724752,2.677945044588987,2.723368324010564,0.0004844864195243,0.0110997604548495,0.0028389549639156,0.0007714417398237,0.0011329674390645,0.0017543685622314,141.0,994.6666666666666,743.3333333333334,20124.0000000004,23.209099442351853,1.4505687151603075,1.3333333333411777,1.5833333333470894,0.09066054469835144,2.752284860157342,0.004807733946096467,0.0012195925803732,970,1017,732,754,0.3125000000073896,0.7500000000177351,1.0625000000251248,1.687500000039904,1.107502821630069,1.8466608378804372,0.0692189263495814,0.1154163023702565,2.677945044588987,2.8555412118724752,0.0007714417398237,0.0017543685622314,17.72004514666935,29.546573405388315,0.0004844864195243,0.0110997604548495,20108.00000000017,20140.000000000327,7
141,934,893,864,710,686,669,20155.99999999995,20172.00000000048,20188.000000000106,42.190046219457976,47.50789408087881,33.61547262794322,2.636877888628588,2.969243380125139,2.1009670391767066,2.250000000053205,2.562499999914934,1.81250000004286,1.3750000000325144,1.4999999999502052,1.0625000000251248,0.1648048680338158,0.1855777112622095,0.1313104399441851,2.593043251139265,2.6120030548077167,2.611376880813163,0.0081453170546487,0.0011849877292388,3.913587466051589e-05,0.0030867853540454,0.0012983027017315,0.0033917044574567,142.0,897.0,688.3333333333334,20172.00000000018,41.10447097609334,2.569029435976811,2.208333333337,2.5625000000120415,0.1605643397467368,2.605474395586715,0.0031231468861826713,0.0025922641710778667,864,934,669,710,1.0625000000251248,1.4999999999502052,1.81250000004286,2.562499999914934,2.1009670391767066,2.969243380125139,0.1313104399441851,0.1855777112622095,2.593043251139265,2.6120030548077167,0.0012983027017315,0.0033917044574567,33.61547262794322,47.50789408087881,3.913587466051589e-05,0.0081453170546487,20155.99999999995,20188.000000000106,7
142,836,814,797,653,641,631,20204.000000000637,20220.00000000025,20235.99999999988,32.2490309931942,25.059928172283332,19.72308292331602,2.015564437122299,1.5662455108047453,1.2326926826663305,1.749999999941906,1.3750000000325144,1.0625000000251248,0.9999999999668034,0.7500000000177351,0.6250000000147793,0.1259727773231225,0.0978903444276113,0.077043292664088,2.62244653934327,2.642245931909663,2.609868586330988,0.0006918536581087,0.0012374620354288,0.002023584098715,0.0003336039138053,0.0017551520560109,0.001302940735251,143.0,815.6666666666666,641.6666666666666,20220.00000000026,25.677347362931187,1.6048342101977917,1.3958333333331818,1.6041666666714416,0.10030213813827393,2.624853685861307,0.0013176332640841666,0.0011305655683557334,797,836,631,653,0.6250000000147793,0.9999999999668034,1.0625000000251248,1.749999999941906,1.2326926826663305,2.015564437122299,0.077043292664088,0.1259727773231225,2.609868586330988,2.642245931909663,0.0003336039138053,0.0017551520560109,19.72308292331602,32.2490309931942,0.0006918536581087,0.002023584098715,20204.000000000637,20235.99999999988,7
143,786,771,736,624,618,609,20252.000000000407,20268.00000000003,20292.00000000037,13.038404810405298,16.15549442140351,36.1386219991853,0.814900300669601,0.6731456008822214,2.258663875002492,0.6874999999771774,0.9375000000221688,1.458333333312554,0.4374999999854765,0.3750000000088676,0.3749999999946567,0.0509312687930544,0.0280477333696929,0.1411664921909938,2.5748634360662868,2.761086276477428,2.8899026818316065,0.0021878218914711,0.0116389275259715,0.0053673502230142,0.0016320014918854,0.0014302209639939,0.004713281617487,144.0,764.3333333333334,617.0,20270.666666666937,21.777507076998035,1.2489032588514382,1.0277777777706334,1.1527777777688524,0.07338183145124703,2.741950798125107,0.006398033213485599,0.0025918346911221,736,786,609,624,0.3749999999946567,0.4374999999854765,0.6874999999771774,1.458333333312554,0.6731456008822214,2.258663875002492,0.0280477333696929,0.1411664921909938,2.5748634360662868,2.8899026818316065,0.0014302209639939,0.004713281617487,13.038404810405298,36.1386219991853,0.0021878218914711,0.0116389275259715,20252.000000000407,20292.00000000037,7
144,713,696,685,601,594,588,20307.999999999996,20324.000000000524,20340.000000000146,24.35159132377184,18.384776310850235,12.529964086141668,1.521974457685216,1.149048519455311,0.8353309390578777,1.4375000000339924,1.0624999999647289,0.6875000000162572,0.5000000000118234,0.4374999999854765,0.3750000000088676,0.0951234036021682,0.0718155324676551,0.0556887292693096,2.806855816272978,2.7509856098921066,2.642245931909663,0.0051904290975369,0.0034918878986885,0.0067962298740634,0.0028776930368696,0.0014567419458587,0.0010079251999204,145.0,698.0,594.3333333333334,20324.000000000222,18.42211057358791,1.1687846387328016,1.0625000000049927,1.1875000000079485,0.07420922177971097,2.733362452691583,0.0051595156234295995,0.0017807867275495663,685,713,588,601,0.3750000000088676,0.5000000000118234,0.6875000000162572,1.4375000000339924,0.8353309390578777,1.521974457685216,0.0556887292693096,0.0951234036021682,2.642245931909663,2.806855816272978,0.0010079251999204,0.0028776930368696,12.529964086141668,24.35159132377184,0.0034918878986885,0.0067962298740634,20307.999999999996,20340.000000000146,7
145,682,680,680,585,583,581,20355.000000000477,20372.0000000003,20387.99999999992,4.242640687119285,2.8284271247461903,2.0,0.2495670992448744,0.1767766953008171,0.1333333333304229,0.1999999999956344,0.1176470588247378,0.0,0.1999999999956344,0.1176470588247378,0.1250000000029558,0.0146804176027904,0.0110485434565623,0.0088888888885008,2.356194490192345,2.356194490192345,1.5707963267948966,0.0190700961140716,0.0,0.0490873852135012,0.0027338874443749,0.0002136396556626,0.000134978410507,146.0,680.6666666666666,583.0,20371.666666666897,3.023689270621825,0.18655904262537146,0.10588235294012406,0.147549019607776,0.011539283315951165,2.0943951023931953,0.022719160442524266,0.0010275018368481666,680,682,581,585,0.1176470588247378,0.1999999999956344,0.0,0.1999999999956344,0.1333333333304229,0.2495670992448744,0.0088888888885008,0.0146804176027904,1.5707963267948966,2.356194490192345,0.000134978410507,0.0027338874443749,2.0,4.242640687119285,0.0,0.0490873852135012,20355.000000000477,20387.99999999992,7
146,677,675,672,578,572,566,20403.000000000247,20420.000000000076,20435.0000000004,4.242640687119285,6.324555320336759,6.708203932499369,0.2495670992448744,0.4216370213465805,0.4192627457911248,0.1999999999956344,0.1176470588247378,0.1999999999956344,0.1999999999956344,0.3529411764742136,0.3999999999912688,0.0146804176027904,0.0281091347558251,0.0262039216125649,2.356194490192345,1.892546881191539,2.0344439357957027,0.0523598775586869,0.0272733887650334,0.0094598036400711,0.0003861019142775,0.0007899245384219,0.0001270142095479,147.0,674.6666666666666,572.0,20419.333333333572,5.758466646651804,0.36348895546085996,0.17254901960533553,0.30588235293575844,0.022997824657060132,2.0943951023931953,0.02969768998793047,0.00043434688741576664,672,677,566,578,0.1999999999956344,0.3999999999912688,0.1176470588247378,0.1999999999956344,0.2495670992448744,0.4216370213465805,0.0146804176027904,0.0281091347558251,1.892546881191539,2.356194490192345,0.0001270142095479,0.0007899245384219,4.242640687119285,6.708203932499369,0.0094598036400711,0.0523598775586869,20403.000000000247,20435.0000000004,7
147,666,658,639,556,542,520,20451.000000000025,20467.000000000557,20492.00000000019,11.6619037896906,16.1245154965971,29.068883707497267,0.7288689868314666,0.6449806198732696,1.8168052316582677,0.3750000000088676,0.4999999999834017,0.7600000000110595,0.6250000000147793,0.874999999970953,0.8800000000128056,0.0455543116754544,0.0257992247953062,0.1135503269748722,2.1112158270654806,2.08994244104142,2.2831539248892256,0.0047982432044745,0.0013295866264596,0.0077284593540247,0.0012093993789591,0.0012346929299682,0.0035100440872337,148.0,654.3333333333334,539.3333333333334,20470.00000000026,18.951767664594986,1.0635516127876679,0.5450000000011096,0.8383333333387114,0.06163462114854427,2.1614373976653756,0.004618763061652933,0.0019847121320536666,639,666,520,556,0.6250000000147793,0.8800000000128056,0.3750000000088676,0.7600000000110595,0.6449806198732696,1.8168052316582677,0.0257992247953062,0.1135503269748722,2.08994244104142,2.2831539248892256,0.0012093993789591,0.0035100440872337,11.6619037896906,29.068883707497267,0.0013295866264596,0.0077284593540247,20451.000000000025,20492.00000000019,7
148,627,623,617,505,498,488,20508.00000000072,20516.00000000053,20539.00000000067,19.209372712298546,8.06225774829855,11.6619037896906,2.4011715890940986,0.3505329455760909,0.728868986872898,0.7499999999751026,0.5000000000118234,0.2608695652158233,0.9374999999688782,0.875000000020691,0.4347826086930388,0.3001464486438598,0.0152405628510427,0.0455543116806333,2.2455372690184494,2.08994244104142,2.1112158270654806,0.0023510409918454,0.0194493534975886,0.0009249298271275,0.0116622576039245,0.0356132357249442,0.0013179890795394,149.0,622.3333333333334,497.0,20521.00000000064,12.977844750095898,1.1601911738476958,0.5036231884009165,0.6485507246319294,0.12031377439184526,2.148898512375117,0.0075751081055205,0.016197827469469368,617,627,488,505,0.4347826086930388,0.9374999999688782,0.2608695652158233,0.7499999999751026,0.3505329455760909,2.4011715890940986,0.0152405628510427,0.3001464486438598,2.08994244104142,2.2455372690184494,0.0013179890795394,0.0356132357249442,8.06225774829855,19.209372712298546,0.0009249298271275,0.0194493534975886,20508.00000000072,20539.00000000067,7
149,617,616,616,485,484,483,20555.00000000029,21078.00000000043,21127.000000000407,3.0,1.4142135623730951,1.0,0.0167597765363046,0.0288615012729331,0.0015847860538819,0.0,0.004405286343615,0.0,0.1875000000044338,0.004405286343615,0.0204081632653152,9.36300365156229e-05,0.0005890102300601,2.5115468365786917e-06,1.5707963267948966,2.356194490192345,1.5707963267948966,0.0337762187677102,0.0103797114105452,0.0160285339468938,0.0028412926028245,2.5947587227333998e-06,1.196936088211848e-05,150.0,616.3333333333334,484.0,20920.000000000375,1.804737854124365,0.015735354621039865,0.001468428781205,0.0082711498696434,0.00022838393780410054,1.832595714594046,0.0200614880417164,0.000951952240809784,616,617,483,485,0.004405286343615,0.1875000000044338,0.0,0.004405286343615,0.0015847860538819,0.0288615012729331,2.5115468365786917e-06,0.0005890102300601,1.5707963267948966,2.356194490192345,2.5947587227333998e-06,0.0028412926028245,1.0,3.0,0.0103797114105452,0.0337762187677102,20555.00000000029,21127.000000000407,7
150,617,617,619,482,483,486,21758.00000000072,21793.99999999987,21810.0000000004,1.4142135623730951,1.0,3.605551275463989,0.0392837100668482,0.0624999999979252,0.0279500098873382,0.0015847860538819,0.0,0.1249999999958504,0.0015847860538819,0.0277777777784346,0.1874999999937756,0.0010912141685493,0.0039062499997406,0.0002166667433128,0.7853981633974483,1.5707963267948966,0.982793723247329,0.0012446880560967,0.021816615650445,0.0367501627205029,1.7253607317151313e-06,7.819543975716256e-05,0.000230598953519,151.0,617.6666666666666,483.6666666666667,21787.333333333663,2.0065882792790277,0.043244573317370534,0.0421949286832441,0.1046949286811693,0.0017380436372008998,1.112996071146558,0.019937155475681534,0.00010350658466929258,617,619,482,486,0.0015847860538819,0.1874999999937756,0.0,0.1249999999958504,0.0279500098873382,0.0624999999979252,0.0002166667433128,0.0039062499997406,0.7853981633974483,1.5707963267948966,1.7253607317151313e-06,0.000230598953519,1.0,3.605551275463989,0.0012446880560967,0.0367501627205029,21758.00000000072,21810.0000000004,7
151,619,619,616,487,489,494,21939.000000000306,21954.999999999927,21971.00000000046,1.0,2.0,5.830951894845301,0.0625000000014779,0.1249999999958504,0.364434493436449,0.0,0.0,0.1874999999937756,0.0077519379845018,0.1250000000029558,0.3124999999896261,0.0039062500001847,0.0078124999994813,0.0227771558403166,1.5707963267948966,1.5707963267948966,2.1112158270654806,0.0045581597174263,0.0,0.0337762187657902,2.860142059592704e-05,0.0002441406249618,0.0009352909900211,152.0,618.0,490.0,21955.000000000233,2.9436506316151,0.18397816447792578,0.062499999997925194,0.1666666666611339,0.011498635279994202,1.7509361602184246,0.012778126161072165,0.0004026776785262757,616,619,487,494,0.0077519379845018,0.3124999999896261,0.0,0.1874999999937756,0.0625000000014779,0.364434493436449,0.0039062500001847,0.0227771558403166,1.5707963267948966,2.1112158270654806,2.860142059592704e-05,0.0009352909900211,1.0,5.830951894845301,0.0,0.0337762187657902,21939.000000000306,21971.00000000046,7
152,610,598,576,495,496,488,21987.00000000008,22003.00000000061,22019.000000000236,6.082762530298219,12.041594578792296,23.40939982143925,0.3801726581310183,0.7525996611923151,1.4630874888745506,0.3750000000088676,0.7499999999751026,1.3750000000325144,0.0625000000014779,0.0624999999979252,0.5000000000118234,0.0237607911323998,0.0470374788256319,0.0914429680568217,2.976443976175166,3.058451421701352,2.7928216500058864,0.0540767593206341,0.0051254653452164,0.0166018607313591,6.147720575665361e-05,0.0014547929807787,0.0027753430770149,153.0,594.6666666666666,493.0,22003.00000000031,13.844585643509921,0.865286602732628,0.8333333333388282,1.000000000009436,0.054080412671617804,2.942572349294135,0.02526802846573653,0.0014305377545167511,576,610,488,496,0.0624999999979252,0.5000000000118234,0.3750000000088676,1.3750000000325144,0.3801726581310183,1.4630874888745506,0.0237607911323998,0.0914429680568217,2.7928216500058864,3.058451421701352,6.147720575665361e-05,0.0027753430770149,6.082762530298219,23.40939982143925,0.0051254653452164,0.0540767593206341,21987.00000000008,22019.000000000236,7
153,540,497,460,476,459,441,22034.99999999985,22051.000000000386,22067.000000000007,37.94733192202055,46.238512086787566,41.14608122288197,2.371708245047552,2.88990700549256,1.714420050928987,2.250000000053205,2.6874999999107843,2.312500000054684,0.7500000000177351,1.0624999999647289,1.1250000000266027,0.1482317653105512,0.1806191878475561,0.0714341687876899,2.819842099193151,2.76510231914327,2.6888141817662574,0.0016887780742439,0.0034212362530039,0.004768008586176,0.003549299828442,0.0020242139084956,0.006824063691403,154.0,499.0,458.6666666666667,22051.000000000076,41.777308410563364,2.3253451004896997,2.416666666672891,2.7916666666817584,0.1334283739819324,2.7579195333675597,0.0032926743044746003,0.004132525809446866,460,540,441,476,0.7500000000177351,1.1250000000266027,2.250000000053205,2.6874999999107843,1.714420050928987,2.88990700549256,0.0714341687876899,0.1806191878475561,2.6888141817662574,2.819842099193151,0.0020242139084956,0.006824063691403,37.94733192202055,46.238512086787566,0.0016887780742439,0.004768008586176,22034.99999999985,22067.000000000007,7
154,405,378,359,422,413,409,22091.00000000035,22106.99999999997,22123.000000000506,58.18934610390462,28.46049894151541,19.4164878389476,3.6368341315800383,1.778781183785664,1.2135304899629211,2.291666666634013,1.687500000039904,1.187499999960579,0.7916666666553864,0.5625000000133014,0.2499999999917008,0.2273021332291273,0.1111738239829134,0.075845655624476,2.808972962015881,2.819842099193151,2.93409642715459,0.0050066158436629,0.0006793210735954,0.0071408954973529,0.0064944985183006,0.00725801932806,0.002208010522329,155.0,380.6666666666667,414.6666666666667,22107.000000000276,35.35544429478921,2.2097152684428747,1.7222222222114987,1.8055555555420657,0.1381072042788389,2.8543038294545404,0.0042756108048703995,0.0053201761228965335,359,405,409,422,0.2499999999917008,0.7916666666553864,1.187499999960579,2.291666666634013,1.2135304899629211,3.6368341315800383,0.075845655624476,0.2273021332291273,2.808972962015881,2.93409642715459,0.002208010522329,0.00725801932806,19.4164878389476,58.18934610390462,0.0006793210735954,0.0071408954973529,22091.00000000035,22123.000000000506,7
155,353,347,342,407,406,404,22139.000000000124,22155.00000000065,22171.00000000028,6.324555320336759,6.082762530298219,5.385164807134504,0.3952847075079253,0.3801726581526286,0.3365728004538654,0.3750000000088676,0.3749999999875513,0.3125000000073896,0.1250000000029558,0.0624999999979252,0.1250000000029558,0.0247052942184252,0.0237607911351011,0.021035800028864,2.819842099193151,2.976443976175166,2.761086276477428,0.0071408954977588,0.009787617311051,0.0134598562314269,0.0031962725879537,5.903144270579338e-05,0.0001703119441438,156.0,347.3333333333333,405.6666666666667,22155.00000000035,5.930827552589828,0.3706767220381398,0.35416666666793617,0.3958333333355881,0.023167295127463433,2.852457450615249,0.010129456346745567,0.0011418719916010977,342,353,404,407,0.0624999999979252,0.1250000000029558,0.3125000000073896,0.3750000000088676,0.3365728004538654,0.3952847075079253,0.021035800028864,0.0247052942184252,2.761086276477428,2.976443976175166,5.903144270579338e-05,0.0031962725879537,5.385164807134504,6.324555320336759,0.0071408954977588,0.0134598562314269,22139.000000000124,22171.00000000028,7
156,337,332,328,404,402,401,22186.999999999894,22203.00000000043,22219.00000000005,5.0,5.385164807134504,4.123105625617661,0.3124999999896261,0.3365728004538654,0.2576941015925492,0.3125000000073896,0.3124999999896261,0.2500000000059117,0.0,0.1249999999958504,0.0625000000014779,0.0195312499987032,0.021035800028864,0.0161058813489996,3.141592653589793,2.761086276477428,2.896613990462929,0.0237816485700851,0.0237816485687333,0.008470482124294,9.40343768872711e-05,9.403437688192586e-05,0.0003081199174988,157.0,332.3333333333333,402.3333333333333,22203.000000000127,4.836090144250722,0.30225563401201355,0.29166666666764246,0.31250000000146844,0.018890977125522266,2.9330976401767166,0.018677926421037466,0.000165396223755999,328,337,401,404,0.0,0.1249999999958504,0.2500000000059117,0.3125000000073896,0.2576941015925492,0.3365728004538654,0.0161058813489996,0.021035800028864,2.761086276477428,3.141592653589793,9.403437688192586e-05,0.0003081199174988,4.123105625617661,5.385164807134504,0.008470482124294,0.0237816485700851,22186.999999999894,22219.00000000005,7
157,319,306,290,400,397,396,22235.000000000586,22251.000000000204,22266.999999999825,9.055385138137416,13.341664064126334,16.0312195418814,0.5659615711469718,0.8338540040276139,1.001951221334326,0.5624999999813269,0.8125000000192131,1.0000000000236469,0.0624999999979252,0.1875000000044338,0.0625000000014779,0.0353725981975221,0.0521158752529582,0.0626219513313165,3.0309354324158977,2.9147938055359077,3.079173843593836,0.0083950901217818,0.007258851680171,0.0102737523788634,0.0012041698029926,0.0010464548159894,0.0006566297549129,158.0,305.0,397.6666666666667,22251.000000000204,12.80942291471505,0.8005889321696372,0.791666666674729,0.8125000000085549,0.05003680826059894,3.0083010271818806,0.008642564726938733,0.0009690847912983,290,319,396,400,0.0624999999979252,0.1875000000044338,0.5624999999813269,1.0000000000236469,0.5659615711469718,1.001951221334326,0.0353725981975221,0.0626219513313165,2.9147938055359077,3.079173843593836,0.0006566297549129,0.0012041698029926,9.055385138137416,16.0312195418814,0.007258851680171,0.0102737523788634,22235.000000000586,22266.999999999825,7
158,268,250,245,396,396,396,22283.00000000036,22307.0000000007,22323.00000000032,22.0,18.0,5.0,0.9166666666536052,1.1250000000266027,0.0337837837837522,1.3749999999543547,0.7499999999893134,0.3125000000073896,0.0,0.0,0.0,0.038194444443356,0.0703125000033253,0.0002282688093494,3.141592653589793,3.141592653589793,3.141592653589793,0.0039011756246178,0.0,0.0,0.0015267191804468,0.0013382523149796,0.004380264449727,159.0,254.33333333333334,396.0,22304.333333333794,15.0,0.6918168168213201,0.8124999999836859,0.8124999999836859,0.03624507108534356,3.141592653589793,0.0013003918748726,0.0024150786483844665,245,268,396,396,0.0,0.0,0.3125000000073896,1.3749999999543547,0.0337837837837522,1.1250000000266027,0.0002282688093494,0.0703125000033253,3.141592653589793,3.141592653589793,0.0013382523149796,0.004380264449727,5.0,22.0,0.0,0.0039011756246178,22283.00000000036,22323.00000000032,7
