,x0,x1,x2,y0,y1,y2,t0,t1,t2,d0,d1,d2,TV0,TV1,TV2,HV0,HV1,HV2,VV0,VV1,VV2,A0,A1,A2,AM0,AM1,AM2,AV0,AV1,AV2,J0,J1,J2,Seg_id,avg_x,avg_y,avg_t,avg_d,avg_tv,avg_hv,avg_vv,avg_a,avg_am,avg_av,avg_j,min_x,max_x,min_y,max_y,min_vv,max_vv,min_hv,max_hv,min_tv,max_tv,min_a,max_a,min_am,max_am,min_j,max_j,min_d,max_d,min_av,max_av,min_t,max_t,label
0,662,661,660.0,174,174,175.0,271.0,286.89999999990687,302.89999999990687,0.0,1.0,1.4142135623730951,0.0,0.0625,0.0147160620434102,0.0,0.0628930817613746,0.0625,0.0,0.0,0.0625,0.0,0.00390625,0.0001531327996191,0.0,3.141592653589793,2.356194490192345,0.0,0.1975844436231568,0.0490873852123405,0.0,0.0002456761006303,0.0002345698250238,1.0,661.0,174.33333333333334,286.93333333327126,0.8047378541243649,0.025738687347803397,0.0417976939204582,0.06263102725379154,0.0013531275998730334,1.832595714594046,0.08222394294516576,0.00016008197521803332,660.0,662.0,174.0,175.0,0.0,0.0625,0.0,0.0628930817613746,0.0,0.0625,0.0,0.00390625,0.0,3.141592653589793,0.0,0.0002456761006303,0.0,1.4142135623730951,0.0,0.1975844436231568,271.0,302.89999999990687,3
1,658,657,655.0,177,178,179.0,399.0,415.0,430.79999999981374,2.8284271247461903,1.4142135623730951,2.23606797749979,0.1767766952966369,0.0895071874930232,0.1388862097817922,0.0208116545265146,0.0625,0.1265822784825049,0.0208116545265146,0.0625,0.0632911392412524,0.0110485434560398,0.0056650118667138,0.0086264726572042,2.356194490192345,2.356194490192345,2.677945044588987,0.0,0.0,0.020363959139268,0.0001133757612529,0.0003364707243328,0.0001874342272484,2.0,656.6666666666666,178.0,414.93333333327126,2.159569554873025,0.13505669752381744,0.06996464433633982,0.09106169075009063,0.008446675993319266,2.4634446749912255,0.006787986379756,0.00021242690427803333,655.0,658.0,177.0,179.0,0.0208116545265146,0.0632911392412524,0.0208116545265146,0.1265822784825049,0.0895071874930232,0.1767766952966369,0.0056650118667138,0.0110485434560398,2.356194490192345,2.677945044588987,0.0001133757612529,0.0003364707243328,1.4142135623730951,2.8284271247461903,0.0,0.020363959139268,399.0,430.79999999981374,3
2,652,648,646.0,182,185,187.0,446.89999999990687,462.79999999981374,478.89999999990687,4.242640687119285,5.0,2.8284271247461903,0.266832747619128,0.3105590062093836,0.177888498412752,0.1863354037256302,0.2515723270454987,0.1242236024837534,0.1863354037256302,0.188679245284124,0.1242236024837534,0.016781933812622,0.019289379267552,0.0111879558750813,2.356194490192345,2.498091544796509,2.356194490192345,0.0199845064841478,0.0089243430569179,0.0088134816523815,0.0005065503823211,0.000157700972009,0.0005031939995294,3.0,648.6666666666666,184.66666666666666,462.86666666654247,4.023689270621825,0.2517600840804212,0.18737711108496077,0.22878497857954525,0.015753089651751765,2.403493508393733,0.012574110397815733,0.00038914845128649995,646.0,652.0,182.0,187.0,0.1242236024837534,0.188679245284124,0.1242236024837534,0.2515723270454987,0.177888498412752,0.3105590062093836,0.0111879558750813,0.019289379267552,2.356194490192345,2.498091544796509,0.000157700972009,0.0005065503823211,2.8284271247461903,5.0,0.0088134816523815,0.0199845064841478,446.89999999990687,478.89999999990687,3
3,642,639,637.0,189,191,192.0,494.79999999981374,510.79999999981374,519.0,4.47213595499958,3.605551275463989,2.23606797749979,0.2795084971874737,0.4397013750465961,0.0935593296028662,0.2515723270454987,0.1875,0.2439024390188499,0.1257861635227493,0.125,0.1219512195094249,0.0174692810742171,0.0536221189069034,0.0039146163013904,2.677945044588987,2.5535900500422257,2.677945044588987,0.0202358839244356,0.0077721871591725,0.0151652432370654,0.000395051899319,0.0022595523645428,0.0060618905615102,4.0,639.3333333333334,190.66666666666666,508.19999999987584,3.437918402654453,0.2709230672789787,0.22765825535478287,0.2683086618579245,0.025002005427503634,2.6364933797400663,0.014391104773557836,0.002905498275124,637.0,642.0,189.0,192.0,0.1219512195094249,0.1257861635227493,0.1875,0.2515723270454987,0.0935593296028662,0.4397013750465961,0.0039146163013904,0.0536221189069034,2.5535900500422257,2.677945044588987,0.000395051899319,0.0060618905615102,2.23606797749979,4.47213595499958,0.0077721871591725,0.0202358839244356,494.79999999981374,519.0,3
4,634,632,631.0,193,193,194.0,542.8999999999069,558.8999999999069,566.8999999999069,3.1622776601683795,2.0,1.4142135623730951,0.1976423537605237,0.25,0.0586810606791547,0.1255230125527904,0.125,0.125,0.0418410041842634,0.0,0.125,0.0123526471100327,0.03125,0.002434898783358,2.819842099193151,3.141592653589793,2.356194490192345,0.0059371152554274,0.0201094096497901,0.098174770424681,0.0003530556823713,0.0011810845556229,0.0036018876520802,5.0,632.3333333333334,193.33333333333334,556.2333333332402,2.192163740847158,0.1687744714798928,0.1251743375175968,0.16684100418426348,0.015345848631130234,2.7725430809917633,0.0414070984432995,0.0017120092966914668,631.0,634.0,193.0,194.0,0.0,0.125,0.125,0.1255230125527904,0.0586810606791547,0.25,0.002434898783358,0.03125,2.356194490192345,3.141592653589793,0.0003530556823713,0.0036018876520802,1.4142135623730951,3.1622776601683795,0.0059371152554274,0.098174770424681,542.8999999999069,566.8999999999069,3
5,630,629,627.0,195,195,195.0,591.0,606.8999999999069,662.8999999999069,1.4142135623730951,1.0,2.0,0.088944249206376,0.0178571428571428,0.0829875518668992,0.0414937759334496,0.0628930817613746,0.0357142857142857,0.0414937759334496,0.0,0.0,0.0055939779375406,0.0003188775510204,0.0034434668824306,2.356194490192345,3.141592653589793,3.141592653589793,0.0,0.0493961109057892,0.0,0.0001310821225796,0.0003317673199088,5.579623806089707e-05,6.0,628.6666666666666,195.0,620.2666666666046,1.4714045207910316,0.06326298131013934,0.04670038113636996,0.04670038113636996,0.0031187741236638664,2.8797932657906435,0.016465370301929735,0.00017288189351643234,627.0,630.0,195.0,195.0,0.0,0.0414937759334496,0.0357142857142857,0.0628930817613746,0.0178571428571428,0.088944249206376,0.0003188775510204,0.0055939779375406,2.356194490192345,3.141592653589793,5.579623806089707e-05,0.0003317673199088,1.0,2.0,0.0,0.0493961109057892,591.0,662.8999999999069,3
6,627,626,626.0,196,197,198.0,687.0,702.8999999999069,710.8999999999069,1.0,1.4142135623730951,1.0,0.0628930817613746,0.1767766952966369,0.0414937759334496,0.0,0.0628930817613746,0.0,0.0414937759334496,0.0628930817613746,0.125,0.0039555397334429,0.0220970869120796,0.0017217334412153,1.5707963267948966,2.356194490192345,1.5707963267948966,0.0651782708211131,0.0493961109057892,0.098174770424681,2.124783614150776e-05,0.0011409778099838,0.002546919183858,7.0,626.3333333333334,197.0,700.2666666666046,1.1380711874576983,0.09372118433048704,0.020964360587124867,0.06263102725379154,0.009258120028912601,1.832595714594046,0.07091638405052776,0.0012363816099944358,626.0,627.0,196.0,198.0,0.0414937759334496,0.125,0.0,0.0628930817613746,0.0414937759334496,0.1767766952966369,0.0017217334412153,0.0220970869120796,1.5707963267948966,2.356194490192345,2.124783614150776e-05,0.002546919183858,1.0,1.4142135623730951,0.0493961109057892,0.098174770424681,687.0,710.8999999999069,3
7,626,626,625.0,200,201,206.0,735.0,743.0,759.0,2.0,1.0,5.0990195135927845,0.25,0.0625,0.2142445173795248,0.0,0.0,0.0625,0.0829875518668992,0.125,0.3125,0.03125,0.00390625,0.0090018704782017,1.5707963267948966,1.5707963267948966,1.7681918866447774,0.0,0.0,0.0123372224906175,0.0012252392762933,0.00341796875,0.0003184762798876,8.0,625.6666666666666,202.33333333333334,745.6666666666666,2.699673171197595,0.1755815057931749,0.020833333333333332,0.125,0.014719373492733901,1.6365948467448568,0.0041124074968725,0.0016538947687269668,625.0,626.0,200.0,206.0,0.0829875518668992,0.3125,0.0,0.0625,0.0625,0.25,0.00390625,0.03125,1.5707963267948966,1.7681918866447774,0.0003184762798876,0.00341796875,1.0,5.0990195135927845,0.0,0.0123372224906175,735.0,759.0,3
8,624,624,622.0,215,219,223.0,782.7999999998137,798.7999999998137,814.8999999999069,9.055385138137416,4.0,4.47213595499958,0.5659615711335886,0.2484472049675069,0.0507620426219619,0.0420168067230179,0.0,0.1242236024837534,0.3781512605071612,0.25,0.2484472049675069,0.0353725981958492,0.0154315034140416,0.0005761866358899,1.6814535479687922,1.5707963267948966,2.0344439357957027,0.0036444680116245,0.0069160763233684,0.0287979881365294,0.0011080137696577,0.0012463184238629,0.0009226904831096,9.0,623.3333333333334,219.0,798.8333333331781,5.842507031045666,0.2883902729076858,0.055413469735590436,0.1382292047247594,0.01712676274859357,1.762231270186464,0.013119510823840766,0.0010923408922100667,622.0,624.0,215.0,223.0,0.2484472049675069,0.3781512605071612,0.0,0.1242236024837534,0.0507620426219619,0.5659615711335886,0.0005761866358899,0.0353725981958492,1.5707963267948966,2.0344439357957027,0.0009226904831096,0.0012463184238629,4.0,9.055385138137416,0.0036444680116245,0.0287979881365294,782.7999999998137,814.8999999999069,3
9,621,620,619.0,223,223,222.0,903.0,910.8999999999068,918.8999999999068,1.0,1.0,1.4142135623730951,0.1265822784825049,0.125,0.0591721155806948,0.0113507377979448,0.1265822784825049,0.125,0.0,0.0,0.125,0.0160230732258224,0.015625,0.0024758207356035,3.141592653589793,3.141592653589793,2.356194490192345,0.0125669547990115,0.0,0.098174770424681,0.0001753335594769,5.038901592748377e-05,0.0016436474080495,10.0,620.0,222.66666666666666,910.9333333332712,1.1380711874576983,0.10358479802106657,0.08764433876014989,0.12931100542681656,0.0113746313204753,2.8797932657906435,0.036913908407897496,0.0006231233278179613,619.0,621.0,222.0,223.0,0.0,0.125,0.0113507377979448,0.1265822784825049,0.0591721155806948,0.1265822784825049,0.0024758207356035,0.0160230732258224,2.356194490192345,3.141592653589793,5.038901592748377e-05,0.0016436474080495,1.0,1.4142135623730951,0.0,0.098174770424681,903.0,918.8999999999068,3
10,615,599,583.0,221,218,212.0,942.7999999998136,966.7999999998136,982.8999999999068,4.123105625617661,16.278820596099706,17.08800749063506,0.1717960677340692,1.0111068693171144,1.0680004681646913,0.1673640167370538,0.6666666666666666,0.9937888198700278,0.0418410041842634,0.125,0.3726708074512604,0.0071581694889195,0.0628016689013208,0.0667500292602932,2.896613990462929,2.9562447035940984,2.782821983319221,0.022611694572079,0.002484613047132,0.0107715975325387,0.0001959141737796,0.0023184791421833,0.0002452397738477,11.0,599.0,217.0,964.1666666665113,12.496644570784142,0.7503011350719584,0.6092731677579161,0.7334967702416696,0.04556995588351117,2.8785602257920826,0.011955968383916568,0.0009198776966035331,583.0,615.0,212.0,221.0,0.0418410041842634,0.3726708074512604,0.1673640167370538,0.9937888198700278,0.1717960677340692,1.0680004681646913,0.0071581694889195,0.0667500292602932,2.782821983319221,2.9562447035940984,0.0001959141737796,0.0023184791421833,4.123105625617661,17.08800749063506,0.002484613047132,0.022611694572079,942.7999999998136,982.8999999999068,3
11,564,541,517.0,206,201,195.0,998.8999999999068,1014.8999999999068,1031.1999999997206,19.92485884517128,23.53720459187964,24.73863375370596,1.2453036778232047,1.4440002817269084,1.5461646096066226,1.1875,1.4375,1.4723926380536352,0.375,0.3125,0.3680981595134088,0.0778314798639503,0.0885889743400864,0.0966352881004139,2.835713782184941,2.927531970025972,2.896613990462929,0.0033057374291075,0.0057386367400644,0.0018968085621715,0.0006925906627285,0.0006723434047585,0.0004936388810073,12.0,540.6666666666666,200.66666666666666,1014.9999999998448,22.73356573025229,1.4118228563855784,1.3657975460178784,1.4884969325223478,0.08768524743481687,2.886619914224614,0.0036470609104477998,0.0006195243161647666,517.0,564.0,195.0,206.0,0.3125,0.375,1.1875,1.4723926380536352,1.2453036778232047,1.5461646096066226,0.0778314798639503,0.0966352881004139,2.835713782184941,2.927531970025972,0.0004936388810073,0.0006925906627285,19.92485884517128,24.73863375370596,0.0018968085621715,0.0057386367400644,998.8999999999068,1031.1999999997206,3
12,492,445,345.0,191,186,186.0,1047.1999999997206,1063.3999999999069,1079.2999999998135,25.317977802344327,47.265209192385896,100.0,1.5628381359292114,2.972654666205204,6.289308176137467,1.5625,2.901234567867877,6.289308176137467,0.25,0.3086419753050932,0.0,0.0964714898710643,0.1869594129699758,0.395553973344296,2.982937391403392,3.035608295600193,3.141592653589793,0.0053952125587789,0.0032512903824812,0.0066656828924666,1.0237389334349228e-05,0.0055856742653006,0.0131191547406001,13.0,427.3333333333333,187.66666666666666,1063.2999999998137,57.52772899824341,3.608266992757294,3.584347581335115,3.584347581335115,0.2263282920617787,3.0533794468644593,0.005104061944575566,0.006238355465078349,345.0,492.0,186.0,191.0,0.0,0.3086419753050932,1.5625,6.289308176137467,1.5628381359292114,6.289308176137467,0.0964714898710643,0.395553973344296,2.982937391403392,3.141592653589793,1.0237389334349228e-05,0.0131191547406001,25.317977802344327,100.0,0.0032512903824812,0.0066656828924666,1047.1999999997206,1079.2999999998135,3
13,255,190,151.0,186,186,185.0,1095.1999999997206,1111.0,1127.0,90.0,65.0,39.01281840626232,5.6962025315448415,4.0625,1.6323354981763325,5.660377358523721,4.113924050560163,2.4375,0.0,0.0,0.0625,0.360519147559754,0.25390625,0.0682985564093177,3.141592653589793,3.141592653589793,3.115957245068116,0.0,0.0,0.0016022130326048,0.0022034481625627,0.0067476517441689,0.0116004808494176,14.0,198.66666666666666,185.66666666666666,1111.0666666665736,64.6709394687541,3.797012676573724,4.070600469694628,4.091433803027962,0.2275746513230239,3.133047517415901,0.0005340710108682667,0.0068505269187164,151.0,255.0,185.0,186.0,0.0,0.0625,2.4375,5.660377358523721,1.6323354981763325,5.6962025315448415,0.0682985564093177,0.360519147559754,3.115957245068116,3.141592653589793,0.0022034481625627,0.0116004808494176,39.01281840626232,90.0,0.0,0.0016022130326048,1095.1999999997206,1127.0,3
14,72,17,0.0,185,185,185.0,1150.8999999999069,1167.0,1182.8999999999069,79.0,55.0,17.0,4.906832298108262,3.459119496875607,1.0303030303030305,3.3054393305568137,3.4161490683032203,1.0691823899433694,0.0,0.0,0.0,0.3047721924273216,0.2175546853393628,0.0624426078971533,3.141592653589793,3.141592653589793,3.141592653589793,0.0010726112352208,0.0,0.0,0.0098942943940972,0.0054172364650592,0.0097554765687495,15.0,29.666666666666668,185.0,1166.9333333332713,50.333333333333336,3.1320849417623005,2.5969235962678012,2.5969235962678012,0.1949231618879459,3.141592653589793,0.00035753707840693335,0.0083556691426353,0.0,72.0,185.0,185.0,0.0,0.0,1.0691823899433694,3.4161490683032203,1.0303030303030305,4.906832298108262,0.0624426078971533,0.3047721924273216,3.141592653589793,3.141592653589793,0.0054172364650592,0.0098942943940972,17.0,79.0,0.0,0.0010726112352208,1150.8999999999069,1182.8999999999069,3
15,0,0,0.0,186,189,190.0,1199.3999999999069,1215.2999999998135,1223.6000000000931,1.0,3.0,1.0,0.0628930817613746,0.361445783120363,0.0056818181818181,0.0,0.0,0.0,0.0606060606060606,0.188679245284124,0.1204819277067876,0.0039555397334429,0.0435476847118308,3.228305785123967e-05,1.5707963267948966,1.5707963267948966,1.5707963267948966,0.0951997773815088,0.0,0.0,0.0035446707978006,0.0024900720112339,0.0052428194762065,16.0,0.0,188.33333333333334,1212.7666666666046,1.6666666666666667,0.1433402276878519,0.0,0.0401606425689292,0.015845169167708312,1.5707963267948966,0.0317332591271696,0.0037591874284136663,0.0,0.0,186.0,190.0,0.0606060606060606,0.188679245284124,0.0,0.0,0.0056818181818181,0.361445783120363,3.228305785123967e-05,0.0435476847118308,1.5707963267948966,1.5707963267948966,0.0024900720112339,0.0052428194762065,1.0,3.0,0.0,0.0951997773815088,1199.3999999999069,1223.6000000000931,3
16,0,0,2.0,189,188,187.0,1399.6000000000931,1407.6999999997206,1415.6000000000931,1.0,1.0,2.23606797749979,0.1234567901291347,0.1265822784750436,0.140633206132886,0.0,0.0,0.2531645569500872,0.0056818181818181,0.1234567901291347,0.1265822784750436,0.0152415790289892,0.0160230732239334,0.0088448557316798,1.5707963267948966,1.5707963267948966,0.4636476090008061,0.0,0.0,0.140145407309099,8.641645438146578e-05,9.6480764812372e-05,0.0009086351255588,17.0,0.6666666666666666,188.0,1407.6333333333023,1.4120226591665965,0.13022409157902143,0.08438818565002908,0.1265822784750436,0.013369835994867465,1.2017467541968665,0.04671513576969966,0.0003638441149175459,0.0,2.0,187.0,189.0,0.0056818181818181,0.1265822784750436,0.0,0.2531645569500872,0.1234567901291347,0.140633206132886,0.0088448557316798,0.0160230732239334,0.4636476090008061,1.5707963267948966,8.641645438146578e-05,0.0009086351255588,1.0,2.23606797749979,0.0,0.140145407309099,1399.6000000000931,1415.6000000000931,3
17,8,11,13.0,185,184,183.0,1431.5,1447.6000000000931,1463.6999999997206,6.324555320336759,3.1622776601683795,2.23606797749979,0.3928295230000108,0.1964147615056863,0.2830465794170059,0.377358490568248,0.1863354037256302,0.1242236024873463,0.1257861635227493,0.0621118012418767,0.0621118012436731,0.0243993492545179,0.0121996746279646,0.0358286809371719,0.3217505543966422,0.3217505543966422,0.4636476090008061,0.0089243430569179,0.0,0.0088134816526364,0.0009782700328886,0.00075774376562,0.0014676401434629,18.0,10.666666666666666,184.0,1447.5999999999378,3.9076336526683093,0.29076362130756767,0.22930583226040815,0.2500097660082992,0.024142568273218132,0.3690495725980301,0.0059126082365181,0.0010678846473238335,8.0,13.0,183.0,185.0,0.0621118012418767,0.1257861635227493,0.1242236024873463,0.377358490568248,0.1964147615056863,0.3928295230000108,0.0121996746279646,0.0358286809371719,0.3217505543966422,0.4636476090008061,0.00075774376562,0.0014676401434629,2.23606797749979,6.324555320336759,0.0,0.0089243430569179,1431.5,1463.6999999997206,3
18,14,15,15.0,183,183,184.0,1471.6000000000931,1495.6000000000931,1591.5,1.0,1.0,1.0,0.0416666666666666,0.0104275286757139,0.1219512195163503,0.1265822784750436,0.0416666666666666,0.0,0.0,0.0,0.0104275286757139,0.0017361111111111,0.0001087333542828,0.014872099941525,0.0,0.0,1.5707963267948966,0.0586895707568281,0.0,0.0163795237413599,0.0043155151676523,6.78074065345114e-05,0.0001539454284385,19.0,14.666666666666666,183.33333333333334,1519.5666666667287,1.0,0.0580151382862436,0.056082981713903406,0.05955882460580803,0.0055723148023063,0.5235987755982988,0.025023031499395998,0.0015124226675417704,14.0,15.0,183.0,184.0,0.0,0.0104275286757139,0.0,0.1265822784750436,0.0104275286757139,0.1219512195163503,0.0001087333542828,0.014872099941525,0.0,1.5707963267948966,6.78074065345114e-05,0.0043155151676523,1.0,1.0,0.0,0.0586895707568281,1471.6000000000931,1591.5,3
19,16,17,18.0,185,186,188.0,1599.6999999997206,1615.6000000000931,1631.6000000000931,1.4142135623730951,1.4142135623730951,2.23606797749979,0.0889442492037711,0.0883883476483184,0.1397542485937368,0.1219512195163503,0.0628930817595327,0.0625,0.1219512195163503,0.0628930817595327,0.125,0.005593977937213,0.0055242717280199,0.0087346405371085,0.7853981633974483,0.7853981633974483,1.1071487177940904,0.0957802638322206,0.0,0.0201094096497901,0.0011314782932473,4.384038313930559e-06,0.000200648050568,20.0,17.0,186.33333333333334,1615.6333333333023,1.6881650340819931,0.10569561514860877,0.08244810042529434,0.12411476709196101,0.006617630067447133,0.892648348196329,0.038629891160670234,0.0004455034607097435,16.0,18.0,185.0,188.0,0.0628930817595327,0.125,0.0625,0.1219512195163503,0.0883883476483184,0.1397542485937368,0.0055242717280199,0.0087346405371085,0.7853981633974483,1.1071487177940904,4.384038313930559e-06,0.0011314782932473,1.4142135623730951,2.23606797749979,0.0,0.0957802638322206,1599.6999999997206,1631.6000000000931,3
20,22,29,33.0,192,198,202.0,1647.6000000000931,1663.6000000000931,1679.7999999998135,5.656854249492381,9.219544457292889,5.656854249492381,0.3535533905932738,0.5691076825587589,0.358028749961541,0.25,0.4375,0.246913580251172,0.25,0.375,0.246913580251172,0.0220970869120796,0.0351301038622576,0.0226600474655196,0.7853981633974483,0.7086262721276703,0.7853981633974483,0.0201094096497901,0.0047982432043611,0.0047390056340186,0.0008351528984356,0.0008145635593861,0.0007697565677131,21.0,28.0,197.33333333333334,1663.6666666666667,6.84441765209255,0.4268966077045245,0.3114711934170573,0.39377572016744794,0.0266290794132856,0.759807532974189,0.009882219496056598,0.0008064910085116001,22.0,33.0,192.0,202.0,0.246913580251172,0.375,0.246913580251172,0.4375,0.3535533905932738,0.5691076825587589,0.0220970869120796,0.0351301038622576,0.7086262721276703,0.7853981633974483,0.0007697565677131,0.0008351528984356,5.656854249492381,9.219544457292889,0.0047390056340186,0.0201094096497901,1647.6000000000931,1679.7999999998135,3
21,37,37,38.0,205,208,209.0,1695.6000000000931,1719.6999999997206,1743.6000000000931,5.0,3.0,1.4142135623730951,0.2074688796712567,0.1255230125503447,0.0591721155806948,0.2531645569575485,0.0,0.0418410041834482,0.1898734177181613,0.124481327802754,0.0418410041834482,0.0086086672064092,0.005252008893238,0.0024758207356035,0.6435011087932844,1.5707963267948966,0.7853981633974483,0.008980826240611,0.0384769800006616,0.0328618478403852,0.0008893278644849,0.0001392804279345,0.0001161585003176,22.0,37.333333333333336,207.33333333333334,1719.6333333333023,3.1380711874576988,0.13072133593409874,0.09833518704699891,0.11228218844148165,0.005445498945083567,0.9998985329952097,0.026773218027219266,0.0003815889309123333,37.0,38.0,205.0,209.0,0.0418410041834482,0.1898734177181613,0.0,0.2531645569575485,0.0591721155806948,0.2074688796712567,0.0024758207356035,0.0086086672064092,0.6435011087932844,1.5707963267948966,0.0001161585003176,0.0008893278644849,1.4142135623730951,5.0,0.008980826240611,0.0384769800006616,1695.6000000000931,1743.6000000000931,3
22,39,40,42.0,209,209,209.0,1767.5,1775.6999999997206,1783.6000000000931,1.0,1.0,2.0,0.1219512195163503,0.1265822784750436,0.125,0.0418410041842634,0.1219512195163503,0.2531645569500872,0.0,0.0,0.0,0.014872099941525,0.0160230732239334,0.0078125,0.0,0.0,0.0,0.0328618478410254,0.0,0.0,0.0005186727701242,0.0001403625954204,0.0010393130662716,23.0,40.333333333333336,209.0,1775.5999999999378,1.3333333333333333,0.1245111659971313,0.13898559355023363,0.13898559355023363,0.012902557721819466,0.0,0.010953949280341801,0.0005661161439387333,39.0,42.0,209.0,209.0,0.0,0.0,0.0418410041842634,0.2531645569500872,0.1219512195163503,0.1265822784750436,0.0078125,0.0160230732239334,0.0,0.0,0.0001403625954204,0.0010393130662716,1.0,2.0,0.0,0.0328618478410254,1767.5,1783.6000000000931,3
23,45,48,50.0,209,209,209.0,1799.6000000000931,1815.5,1831.5,3.0,3.0,2.0,0.188679245284124,0.1875,0.1242236024837534,0.1875,0.188679245284124,0.125,0.0,0.0,0.0,0.0118666192003288,0.01171875,0.0077157517070208,0.0,0.0,0.0,0.0,0.0,0.0,0.0002533824500205,9.299949706273362e-06,0.0002501873933112,24.0,47.666666666666664,209.0,1815.5333333333645,2.6666666666666665,0.16680094925595912,0.1670597484280413,0.1670597484280413,0.010433706969116533,0.0,0.0,0.00017095659767932446,45.0,50.0,209.0,209.0,0.0,0.0,0.125,0.188679245284124,0.1242236024837534,0.188679245284124,0.0077157517070208,0.0118666192003288,0.0,0.0,9.299949706273362e-06,0.0002533824500205,2.0,3.0,0.0,0.0,1799.6000000000931,1831.5,3
24,53,56,59.0,208,206,204.0,1847.600000000093,1863.600000000093,1879.600000000093,3.1622776601683795,3.605551275463989,3.605551275463989,0.1976423537605237,0.2253469547164993,0.1508598860032652,0.1863354037256302,0.1875,0.1875,0.0621118012418767,0.125,0.125,0.0123526471100327,0.0140841846697812,0.0063121291215001,0.3217505543966422,0.5880026035475675,0.5880026035475675,0.0199845064841478,0.0166407530719328,0.0,0.0002880059256512,0.0001082210974842,0.0004857534717675,25.0,56.0,206.0,1863.600000000093,3.4577934036987856,0.19128306482676272,0.18711180124187674,0.2287784679085434,0.010916320300438001,0.49925192049725914,0.012208419852026869,0.00029399349830096667,53.0,59.0,204.0,208.0,0.0621118012418767,0.125,0.1863354037256302,0.1875,0.1508598860032652,0.2253469547164993,0.0063121291215001,0.0140841846697812,0.3217505543966422,0.5880026035475675,0.0001082210974842,0.0004857534717675,3.1622776601683795,3.605551275463989,0.0,0.0199845064841478,1847.600000000093,1879.600000000093,3
25,67,73,81.0,197,196,195.0,1903.5,1919.5,1935.600000000093,10.63014581273465,6.082762530298219,8.06225774829855,0.6643841132959156,0.3778113372834182,0.4976702313850368,0.3347280334741077,0.375,0.4968944099350139,0.2928870292898442,0.0625,0.0621118012418767,0.0415240070809947,0.0234665426882753,0.0307203846539271,0.7188299996216245,0.1651486774146268,0.1243549945467614,0.0054739496265509,0.0346050826379373,0.002533769122213,0.0014733003330389,0.0011285915245449,0.0004505491904105,26.0,73.66666666666667,196.0,1919.5333333333645,8.258388697110473,0.5132885606547902,0.40220748113637383,0.42291141488366607,0.03190364480773237,0.3361112238610042,0.014204267128900402,0.0010174803493314334,67.0,81.0,195.0,197.0,0.0621118012418767,0.2928870292898442,0.3347280334741077,0.4968944099350139,0.3778113372834182,0.6643841132959156,0.0234665426882753,0.0415240070809947,0.1243549945467614,0.7188299996216245,0.0004505491904105,0.0014733003330389,6.082762530298219,10.63014581273465,0.002533769122213,0.0346050826379373,1903.5,1935.600000000093,3
26,90,98,103.0,195,195,195.0,1951.7999999998135,1967.600000000093,1983.600000000093,9.0,8.0,5.0,0.5696202531544842,0.5,0.3125,0.555555555565137,0.506329113915097,0.3125,0.0,0.0,0.0,0.0360519147559754,0.03125,0.01953125,0.0,0.0,0.0,0.0076762342314139,0.0,0.0,0.0003291067964284,0.0003039186554361,0.000732421875,27.0,97.0,195.0,1967.6666666666663,7.333333333333333,0.46070675105149467,0.458128223160078,0.458128223160078,0.0289443882519918,0.0,0.0025587447438046333,0.00045514910895483334,90.0,103.0,195.0,195.0,0.0,0.0,0.3125,0.555555555565137,0.3125,0.5696202531544842,0.01953125,0.0360519147559754,0.0,0.0,0.0003039186554361,0.000732421875,5.0,9.0,0.0,0.0076762342314139,1951.7999999998135,1983.600000000093,3
27,107,111,115.0,194,193,192.0,1999.600000000093,2015.600000000093,2031.600000000093,4.123105625617661,4.123105625617661,4.123105625617661,0.2576941016011038,0.2576941016011038,0.2593148192227554,0.25,0.25,0.25,0.0625,0.0625,0.0625,0.0161058813500689,0.0161058813500689,0.0163091081273128,0.2449786631268641,0.2449786631268641,0.2449786631268641,0.015311166445429,0.0,0.0,0.0002140855406206,0.0,1.2701673577741488e-05,28.0,111.0,193.0,2015.600000000093,4.123105625617661,0.258234340808321,0.25,0.2708333333333333,0.0161736236091502,0.2449786631268641,0.005103722148476333,7.559573806611382e-05,107.0,115.0,192.0,194.0,0.0625,0.0625,0.25,0.25,0.2576941016011038,0.2593148192227554,0.0161058813500689,0.0163091081273128,0.2449786631268641,0.2449786631268641,0.0,0.0002140855406206,4.123105625617661,4.123105625617661,0.0,0.015311166445429,1999.600000000093,2031.600000000093,3
28,122,131,140.0,190,189,189.0,2047.5,2063.600000000093,2079.6999999997206,7.280109889280518,9.055385138137416,9.0,0.4521807384620128,0.5624462818849034,0.3765690376510341,0.4402515723296227,0.5590062111768906,0.5590062111930587,0.1257861635227493,0.0621118012418767,0.0,0.0280857601527575,0.0349345516706781,0.015756026679714,0.2782996590051113,0.1106572211738956,0.0,0.002095660118141,0.0104125737782761,0.0068731193277301,0.0007406699387115,0.0004253907775081,0.0011912127323855,29.0,131.0,189.33333333333334,2063.599999999938,8.445165009139311,0.4637320193326501,0.519421331566524,0.519421331566524,0.026258779501049864,0.1296522933930023,0.006460451074715733,0.0007857578162017001,122.0,140.0,189.0,190.0,0.0,0.1257861635227493,0.4402515723296227,0.5590062111930587,0.3765690376510341,0.5624462818849034,0.015756026679714,0.0349345516706781,0.0,0.2782996590051113,0.0004253907775081,0.0011912127323855,7.280109889280518,9.055385138137416,0.002095660118141,0.0104125737782761,2047.5,2079.6999999997206,3
29,157,164,169.0,189,189,190.0,2103.600000000093,2119.600000000093,2135.600000000093,17.0,7.0,5.0990195135927845,1.0625,0.4375,0.318688719599549,0.7112970711186202,0.4375,0.3125,0.0,0.0,0.0625,0.06640625,0.02734375,0.0199180449749718,0.0,0.0,0.1973955598498807,0.0,0.0,0.0123372224906175,0.0021192562058366,0.00244140625,0.0004641065640642,30.0,163.33333333333334,189.33333333333334,2119.600000000093,9.699673171197595,0.6062295731998496,0.4870990237062067,0.5079323570395401,0.0378893483249906,0.06579851994996024,0.0041124074968725,0.0016749230066336,157.0,169.0,189.0,190.0,0.0,0.0625,0.3125,0.7112970711186202,0.318688719599549,1.0625,0.0199180449749718,0.06640625,0.0,0.1973955598498807,0.0004641065640642,0.00244140625,5.0990195135927845,17.0,0.0,0.0123372224906175,2103.600000000093,2135.600000000093,3
30,175,178,180.0,193,195,196.0,2151.600000000093,2167.6999999997206,2175.600000000093,6.708203932499369,3.605551275463989,2.23606797749979,0.4166586293574277,0.4563988956068313,0.0214799997839365,0.375,0.1863354037310196,0.2531645569500872,0.1875,0.1242236024873463,0.1265822784750436,0.0258794179731098,0.0577720120994062,0.000206340055562,0.4636476090008061,0.5880026035475675,0.4636476090008061,0.0166407530719328,0.0077239127049465,0.0157411385494806,0.0003725858123836,0.0019809064675176,0.0072867939292569,31.0,177.66666666666666,194.66666666666666,2164.966666666636,4.183274395154383,0.29817917491606516,0.2714999868937023,0.3136940797187168,0.027952590042692668,0.5050992738497265,0.013368601442119968,0.0032134287363860333,175.0,180.0,193.0,196.0,0.1242236024873463,0.1875,0.1863354037310196,0.375,0.0214799997839365,0.4563988956068313,0.000206340055562,0.0577720120994062,0.4636476090008061,0.5880026035475675,0.0003725858123836,0.0072867939292569,2.23606797749979,6.708203932499369,0.0077239127049465,0.0166407530719328,2151.600000000093,2175.600000000093,3
31,179,177,173.0,196,197,198.0,2279.6999999997206,2287.6999999997206,2303.5,1.0,2.23606797749979,4.123105625617661,0.125,0.1415232897126739,0.2560935171176279,0.0096061479347125,0.25,0.2531645569575485,0.0,0.125,0.0632911392393871,0.015625,0.0089571702348209,0.0159064296345432,3.141592653589793,2.677945044588987,2.896613990462929,0.0257247362593522,0.0579559511251007,0.0138398067006376,0.0001481139283812,0.0008334787206473,0.0004398265442784,32.0,176.33333333333334,197.0,2290.2999999998137,2.453057867705817,0.1742056022767673,0.1709235682974203,0.19202061471054935,0.013496199956454699,2.905383896213903,0.03250683136169683,0.0004738063977689667,173.0,179.0,196.0,198.0,0.0,0.125,0.0096061479347125,0.2531645569575485,0.125,0.2560935171176279,0.0089571702348209,0.0159064296345432,2.677945044588987,3.141592653589793,0.0001481139283812,0.0008334787206473,1.0,4.123105625617661,0.0138398067006376,0.0579559511251007,2279.6999999997206,2303.5,3
32,170,167,162.0,200,201,204.0,2319.600000000093,2335.600000000093,2351.600000000093,3.605551275463989,3.1622776601683795,5.830951894845301,0.2253469547164993,0.1976423537605237,0.3621709251540509,0.1863354037256302,0.1875,0.3125,0.1242236024837534,0.0625,0.1875,0.0140841846697812,0.0123526471100327,0.0224950885194056,2.5535900500422257,2.819842099193151,2.601173153319209,0.021305834808616,0.0166407530719328,0.0136668091171213,0.0001131829170653,0.0001082210974842,0.0006339025880858,33.0,166.33333333333334,201.66666666666666,2335.600000000093,4.199593610159223,0.2617200778770246,0.2287784679085434,0.2912784679085434,0.016310640099739832,2.6582017675181953,0.017204465665890036,0.0002851022008784333,162.0,170.0,200.0,204.0,0.0625,0.1875,0.1863354037256302,0.3125,0.1976423537605237,0.3621709251540509,0.0123526471100327,0.0224950885194056,2.5535900500422257,2.819842099193151,0.0001082210974842,0.0006339025880858,3.1622776601683795,5.830951894845301,0.0136668091171213,0.021305834808616,2319.600000000093,2351.600000000093,3
33,156,153,151.0,206,207,208.0,2367.6999999997206,2383.600000000093,2391.6999999997206,6.324555320336759,3.1622776601683795,2.23606797749979,0.3977707748546275,0.3904046494214588,0.0931694990624912,0.3726708074620392,0.1886792452785982,0.2469135802582694,0.1242236024873463,0.0628930817595327,0.1234567901291347,0.0250170298644847,0.0481981048690634,0.0038820624609371,2.819842099193151,2.819842099193151,2.677945044588987,0.0135819221042858,0.0,0.0175181548902086,0.0001566423195737,0.0014579292455368,0.0054711163469338,34.0,153.33333333333334,207.0,2380.999999999845,3.9076336526683093,0.29378164111285915,0.2694212109996356,0.31057347437601385,0.025699065731495066,2.7725430809917633,0.010366692331498133,0.0023618959706814334,151.0,156.0,206.0,208.0,0.0628930817595327,0.1242236024873463,0.1886792452785982,0.3726708074620392,0.0931694990624912,0.3977707748546275,0.0038820624609371,0.0481981048690634,2.677945044588987,2.819842099193151,0.0001566423195737,0.0054711163469338,2.23606797749979,6.324555320336759,0.0,0.0175181548902086,2367.6999999997206,2391.6999999997206,3
34,147,145,138.0,208,208,208.0,2415.6999999997206,2431.7999999998137,2455.5,4.0,2.0,7.0,0.2484472049675069,0.0843881856533452,0.4375,0.1666666666666666,0.1242236024837534,0.2953586497867082,0.0,0.0,0.0,0.0154315034140416,0.0035606829389317,0.02734375,3.141592653589793,3.141592653589793,3.141592653589793,0.0193186503750335,0.0,0.0,0.0004812267063793,0.000737318041928,0.0010035049392776,35.0,143.33333333333334,208.0,2434.333333333178,4.333333333333333,0.25677846354028405,0.19541630631237608,0.19541630631237608,0.015445312117657766,3.141592653589793,0.006439550125011167,0.0007406832291949666,138.0,147.0,208.0,208.0,0.0,0.0,0.1242236024837534,0.2953586497867082,0.0843881856533452,0.4375,0.0035606829389317,0.02734375,3.141592653589793,3.141592653589793,0.0004812267063793,0.0010035049392776,2.0,7.0,0.0,0.0193186503750335,2415.6999999997206,2455.5,3
35,135,134,133.0,208,208,208.0,2471.5,2479.6999999997206,2503.600000000093,3.0,1.0,1.0,0.365853658549051,0.0418410041834482,0.0096246390760432,0.1875,0.1219512195163503,0.0418410041834482,0.0,0.0,0.0,0.0446162998245752,0.0017506696310793,9.263367734409918e-05,3.141592653589793,3.141592653589793,3.141592653589793,0.0,0.0,0.0,0.0010795343640359,0.0052275158774337,6.937388927654353e-05,36.0,134.0,208.0,2484.933333333271,1.6666666666666667,0.1391064339361808,0.11709740789993284,0.11709740789993284,0.0154865343776662,3.141592653589793,0.0,0.002125474710248714,133.0,135.0,208.0,208.0,0.0,0.0,0.0418410041834482,0.1875,0.0096246390760432,0.365853658549051,9.263367734409918e-05,0.0446162998245752,3.141592653589793,3.141592653589793,6.937388927654353e-05,0.0052275158774337,1.0,3.0,0.0,0.0,2471.5,2503.600000000093,3
36,134,135,139.0,208,208,208.0,2607.5,2615.6999999997206,2631.600000000093,1.0,1.0,4.0,0.1219512195163503,0.0628930817595327,0.1666666666666666,0.0096246390760432,0.1219512195163503,0.2515723270381309,0.0,0.0,0.0,0.014872099941525,0.0039555397332112,0.0069444444444444,0.0,0.0,0.0,0.0302366954147508,0.0,0.0,0.0001422470285292,0.0013312878303275,0.000187981428375,37.0,136.0,208.0,2618.2666666666046,2.0,0.11717032264751653,0.12771606187684148,0.12771606187684148,0.008590694706393533,0.0,0.0100788984715836,0.0005538387624105666,134.0,139.0,208.0,208.0,0.0,0.0,0.0096246390760432,0.2515723270381309,0.0628930817595327,0.1666666666666666,0.0039555397332112,0.014872099941525,0.0,0.0,0.0001422470285292,0.0013312878303275,1.0,4.0,0.0,0.0302366954147508,2607.5,2631.600000000093,3
37,144,147,149.0,208,208,208.0,2655.600000000093,2671.6999999997206,2687.600000000093,5.0,3.0,2.0,0.3105590062183659,0.1886792452785982,0.1242236024873463,0.2083333333333333,0.1863354037310196,0.1257861635190654,0.0,0.0,0.0,0.0192893792686678,0.0118666191996338,0.0077157517074671,0.0,0.0,0.0,0.0,0.0,0.0,0.0005143722843426,0.0004610409980873,0.0002610608485578,38.0,146.66666666666666,208.0,2671.6333333333023,3.3333333333333335,0.20782061799477014,0.17348496686113943,0.17348496686113943,0.012957250058589566,0.0,0.0,0.0004121580436625666,144.0,149.0,208.0,208.0,0.0,0.0,0.1257861635190654,0.2083333333333333,0.1242236024873463,0.3105590062183659,0.0077157517074671,0.0192893792686678,0.0,0.0,0.0002610608485578,0.0005143722843426,2.0,5.0,0.0,0.0,2655.600000000093,2687.600000000093,3
38,150,151,153.0,208,208,208.0,2703.6999999997206,2823.600000000093,2855.6999999997206,1.0,1.0,2.0,0.0083402835696154,0.0311526479754394,0.25,0.0621118012436731,0.0083402835696154,0.0623052959508788,0.0,0.0,0.0,6.956033002159751e-05,0.0009704874758816,0.03125,0.0,0.0,0.0,0.0,0.0,0.0,0.0004749187191069,7.513987872037139e-06,0.0009432869945317,39.0,151.33333333333334,208.0,2794.333333333178,1.3333333333333333,0.09649764384835159,0.04425246025472243,0.04425246025472243,0.0107633492686344,0.0,0.0,0.0004752399005035457,150.0,153.0,208.0,208.0,0.0,0.0,0.0083402835696154,0.0623052959508788,0.0083402835696154,0.25,6.956033002159751e-05,0.03125,0.0,0.0,7.513987872037139e-06,0.0009432869945317,1.0,2.0,0.0,0.0,2703.6999999997206,2855.6999999997206,3
39,154,156,161.0,208,208,207.0,2863.6999999997206,2871.600000000093,2887.6999999997206,1.0,2.0,5.0990195135927845,0.1265822784750436,0.1242236024873463,0.3206930511618438,0.125,0.2531645569500872,0.3105590062183659,0.0,0.0,0.0621118012436731,0.0160230732239334,0.0077157517074671,0.0201693742864358,0.0,0.0,0.1973955598498807,0.0,0.0,0.0122605937797793,0.0019033658470083,0.001051559685579,0.0007735169303886,40.0,157.0,207.66666666666666,2874.333333333178,2.699673171197595,0.19049964404141126,0.22957452105615106,0.2502784548040421,0.014636066405945433,0.06579851994996024,0.004086864593259767,0.0012428141543253,154.0,161.0,207.0,208.0,0.0,0.0621118012436731,0.125,0.3105590062183659,0.1242236024873463,0.3206930511618438,0.0077157517074671,0.0201693742864358,0.0,0.1973955598498807,0.0007735169303886,0.0019033658470083,1.0,5.0990195135927845,0.0,0.0122605937797793,2863.6999999997206,2887.6999999997206,3
40,165,171,176.0,206,204,203.0,2903.600000000093,2919.600000000093,2935.600000000093,4.123105625617661,6.324555320336759,5.0990195135927845,0.2576941016011038,0.3952847075210474,0.318688719599549,0.2515723270381309,0.375,0.3125,0.0628930817595327,0.125,0.0625,0.0161058813500689,0.0247052942200654,0.0199180449749718,0.2449786631268641,0.3217505543966422,0.1973955598498807,0.0029926480047716,0.0047982432043611,0.0077721871591725,0.0002555655934762,0.0005374633043747,0.0002992030778183,41.0,170.66666666666666,204.33333333333334,2919.600000000093,5.182226819849068,0.3238891762405667,0.3130241090127103,0.33385744234604364,0.020243073515035365,0.2547082591244623,0.005187692789435067,0.0003640773252230667,165.0,176.0,203.0,206.0,0.0625,0.125,0.2515723270381309,0.375,0.2576941016011038,0.3952847075210474,0.0161058813500689,0.0247052942200654,0.1973955598498807,0.3217505543966422,0.0002555655934762,0.0005374633043747,4.123105625617661,6.324555320336759,0.0029926480047716,0.0077721871591725,2903.600000000093,2935.600000000093,3
41,180,184,187.0,201,200,200.0,2951.600000000093,2967.600000000093,2983.6999999997206,4.47213595499958,4.123105625617661,3.0,0.2795084971874737,0.256093517125035,0.1886792452785982,0.25,0.25,0.1863354037310196,0.125,0.0625,0.0,0.0174692810742171,0.0159064296354633,0.0118666191996338,0.4636476090008061,0.2449786631268641,0.0,0.0166407530719328,0.0136668091171213,0.0152160660330765,0.0001530477437971,9.767821492210736e-05,0.0002509199028523,42.0,183.66666666666666,200.33333333333334,2967.6333333333023,3.8650805268724135,0.24142708653036893,0.22877846791033987,0.22877846791033987,0.015080776636438066,0.23620875737589006,0.0151745427407102,0.00016721528719050244,180.0,187.0,200.0,201.0,0.0,0.125,0.1863354037310196,0.25,0.1886792452785982,0.2795084971874737,0.0118666191996338,0.0174692810742171,0.0,0.4636476090008061,9.767821492210736e-05,0.0002509199028523,3.0,4.47213595499958,0.0136668091171213,0.0166407530719328,2951.600000000093,2983.6999999997206,3
42,190,191,193.0,199,199,199.0,2999.600000000093,3023.6999999997206,3039.5,3.1622776601683795,1.0,2.0,0.1312148406729154,0.0632911392393871,0.0083298625572645,0.1886792452785982,0.0414937759342513,0.1265822784787742,0.0628930817595327,0.0,0.0,0.0054445991981304,0.0040057683062194,3.469330511145915e-05,0.3217505543966422,0.0,0.0,0.020235883923843,0.0133506454108554,0.0,0.0004039006290159,5.970252663623209e-05,0.0002513338608251,43.0,191.33333333333334,199.0,3020.933333333271,2.05409255338946,0.06761194748985568,0.11891843323054123,0.11891843323054123,0.003161686936487086,0.10725018479888072,0.011195509778232799,0.000238312338825744,190.0,193.0,199.0,199.0,0.0,0.0628930817595327,0.0414937759342513,0.1886792452785982,0.0083298625572645,0.1312148406729154,3.469330511145915e-05,0.0054445991981304,0.0,0.3217505543966422,5.970252663623209e-05,0.0004039006290159,1.0,3.1622776601683795,0.0,0.020235883923843,2999.600000000093,3039.5,3
43,193,191,191.0,200,200,201.0,3279.600000000093,3303.6999999997206,3399.6999999997206,1.0,2.0,1.0,0.0414937759342513,0.0208333333333333,0.0418410041834482,0.0,0.0829875518685027,0.0,0.0041649312786322,0.0,0.0104166666666666,0.0017217334412818,0.0002170138888888,0.0017506696310793,1.5707963267948966,3.141592653589793,1.5707963267948966,0.0065422587538287,0.0651782708223725,0.0163624617374468,7.026406231444162e-06,6.243649595088081e-05,1.5975580647817132e-05,44.0,191.66666666666666,200.33333333333334,3327.6666666665114,1.3333333333333333,0.0347227044836776,0.027662517289500903,0.031134739511723103,0.0012298056537499668,2.0943951023931953,0.02936099710454933,2.8479494276714037e-05,191.0,193.0,200.0,201.0,0.0,0.0104166666666666,0.0,0.0829875518685027,0.0208333333333333,0.0418410041834482,0.0002170138888888,0.0017506696310793,1.5707963267948966,3.141592653589793,7.026406231444162e-06,6.243649595088081e-05,1.0,2.0,0.0065422587538287,0.0651782708223725,3279.600000000093,3399.6999999997206,3
44,193,195,197.0,201,201,201.0,3423.600000000093,3439.600000000093,3447.600000000093,2.0,2.0,2.0,0.125,0.25,0.25,0.0836820083668964,0.125,0.25,0.0,0.0,0.0,0.0078125,0.03125,0.03125,0.0,0.0,0.0,0.0657236956807704,0.0,0.0,0.0002536330698253,0.00146484375,0.0,45.0,195.0,201.0,3436.9333333334266,2.0,0.20833333333333334,0.15289400278896548,0.15289400278896548,0.0234375,0.0,0.021907898560256798,0.0005728256066084334,193.0,197.0,201.0,201.0,0.0,0.0,0.0836820083668964,0.25,0.125,0.25,0.0078125,0.03125,0.0,0.0,0.0,0.00146484375,2.0,2.0,0.0,0.0657236956807704,3423.600000000093,3447.600000000093,3
45,199,205,212.0,201,201,201.0,3455.600000000093,3471.5,3487.600000000093,2.0,6.0,7.0,0.1257861635227493,0.3726708074512604,0.4375,0.25,0.377358490568248,0.4347826086931371,0.0,0.0,0.0,0.0079110794668859,0.0231472551210624,0.02734375,0.0,0.0,0.0,0.0,0.0,0.0,0.0029173650666392,0.0009582500411487,0.0002606518558331,46.0,205.33333333333334,201.0,3471.566666666729,5.0,0.31198565699133657,0.35404703308712837,0.35404703308712837,0.0194673615293161,0.0,0.0,0.0013787556545403333,199.0,212.0,201.0,201.0,0.0,0.0,0.25,0.4347826086931371,0.1257861635227493,0.4375,0.0079110794668859,0.02734375,0.0,0.0,0.0002606518558331,0.0029173650666392,2.0,7.0,0.0,0.0,3455.600000000093,3487.600000000093,3
46,220,228,243.0,201,201,201.0,3503.600000000093,3519.600000000093,3535.600000000093,8.0,8.0,15.0,0.5,0.5,0.9375,0.5,0.5,0.9375,0.0,0.0,0.0,0.03125,0.03125,0.05859375,0.0,0.0,0.0,0.0,0.0,0.0,0.000244140625,0.0,0.001708984375,47.0,230.33333333333334,201.0,3519.600000000093,10.333333333333334,0.6458333333333334,0.6458333333333334,0.6458333333333334,0.040364583333333336,0.0,0.0,0.0006510416666666666,220.0,243.0,201.0,201.0,0.0,0.0,0.5,0.9375,0.5,0.9375,0.03125,0.05859375,0.0,0.0,0.0,0.001708984375,8.0,15.0,0.0,0.0,3503.600000000093,3535.600000000093,3
47,262,305,350.0,204,217,226.0,3551.600000000093,3575.600000000093,3591.6999999997206,19.235384061671343,44.9221548904324,45.89117562233506,0.8014743359029727,2.790195955992039,2.8862374604565946,1.1875,1.7916666666666667,2.795031055965294,0.1875,0.5416666666666666,0.5590062111930587,0.0333947639959571,0.1733040966494782,0.1815243685779227,0.1566018769820153,0.2935889874087498,0.1973955598498807,0.0097876173113759,0.0057077962677806,0.0059747470534841,0.0015749366252526,0.00582955552723,0.0005105758961884,48.0,305.6666666666667,215.66666666666666,3572.966666666636,36.682904858146266,2.1593025841172024,1.9247325742106536,2.1110679779416732,0.12940774307445266,0.21586214141354856,0.0071567202108802006,0.0026383560162236666,262.0,350.0,204.0,226.0,0.1875,0.5590062111930587,1.1875,2.795031055965294,0.8014743359029727,2.8862374604565946,0.0333947639959571,0.1815243685779227,0.1566018769820153,0.2935889874087498,0.0005105758961884,0.00582955552723,19.235384061671343,45.89117562233506,0.0057077962677806,0.0097876173113759,3551.600000000093,3591.6999999997206,3
48,422,499,597.0,242,258,274.0,3607.600000000093,3623.5,3639.600000000093,73.7563556583431,78.64477096412705,99.29753269845128,4.638764506841202,4.884768382836778,6.206095793653205,4.528301886686357,4.84276729562585,6.08695652170392,1.0062893081525237,1.0062893081819948,0.9937888198700278,0.2917461954005266,0.3034017629073615,0.3878809871033253,0.2186689458739419,0.2048767170371084,0.1618374312384229,0.0013379488065133,0.0008674357759065,0.0026732475651202,0.006932190366039,0.0007330545601825,0.0052471567823276,49.0,506.0,258.0,3623.566666666729,83.89955310697381,5.243209561110395,5.152675234672043,5.483938174628719,0.32767631513707113,0.1951276980498244,0.0016262107158466668,0.004304133902849699,422.0,597.0,242.0,274.0,0.9937888198700278,1.0062893081819948,4.528301886686357,6.08695652170392,4.638764506841202,6.206095793653205,0.2917461954005266,0.3878809871033253,0.1618374312384229,0.2186689458739419,0.0007330545601825,0.006932190366039,73.7563556583431,99.29753269845128,0.0008674357759065,0.0026732475651202,3607.600000000093,3639.600000000093,3
49,722,830,885.0,292,294,288.0,3655.600000000093,3671.600000000093,3687.600000000093,126.28935030318272,108.0185169311262,55.326304774492215,7.893084393948921,6.751157308195388,3.4578940484057634,7.8125,6.75,3.4375,1.125,0.125,0.375,0.4933177746218075,0.4219473317622118,0.2161183780253602,0.143016874964747,0.018516402068009,0.1086612158405878,0.0011762847671047,0.0077812795560461,0.0056340508607861,0.0065897992199051,0.0044606526787247,0.0128643096085532,50.0,812.3333333333334,291.3333333333333,3671.600000000093,96.5447240029337,6.0340452501833575,6.0,6.125,0.37712782813645984,0.09006483095778127,0.004863871727978967,0.007971587169061,722.0,885.0,288.0,294.0,0.125,1.125,3.4375,7.8125,3.4578940484057634,7.893084393948921,0.2161183780253602,0.4933177746218075,0.018516402068009,0.143016874964747,0.0044606526787247,0.0128643096085532,55.326304774492215,126.28935030318272,0.0011762847671047,0.0077812795560461,3655.600000000093,3687.600000000093,3
50,907,916,925.0,278,268,259.0,3703.600000000093,3719.600000000093,3735.6999999997206,24.166091947189145,13.45362404707371,12.727922061357855,1.5103807466993215,0.8356288228189445,0.5325490402158772,1.375,0.5625,0.5590062111930587,0.625,0.625,0.5590062111930587,0.0943987966687076,0.0519024113564148,0.0222823866195638,0.4266274931268761,0.83798122500839,0.7853981633974483,0.019872892330393,0.0257096082425946,0.0032660286715626,0.0076074738347907,0.0026560240820182,0.0018397530892879,51.0,916.0,268.3333333333333,3719.6333333333023,16.782546018540234,0.9595195365780477,0.8321687370643529,1.0185041407953725,0.05619453154822873,0.6833356271775713,0.016282843081516733,0.004034417002032266,907.0,925.0,259.0,278.0,0.5590062111930587,0.625,0.5590062111930587,1.375,0.5325490402158772,1.5103807466993215,0.0222823866195638,0.0943987966687076,0.4266274931268761,0.83798122500839,0.0018397530892879,0.0076074738347907,12.727922061357855,24.166091947189145,0.0032660286715626,0.0257096082425946,3703.600000000093,3735.6999999997206,3
51,931,933,934.0,255,254,254.0,3759.600000000093,3767.600000000093,3783.5,7.211102550927978,2.23606797749979,1.0,0.9013878188659972,0.140633206132886,0.0207900207899805,0.2510460251006894,0.25,0.0628930817613746,0.1673640167337929,0.125,0.0,0.1126734773582496,0.0088448557316798,0.0004322249644478,0.5880026035475675,0.4636476090008061,0.0,0.0082592284454729,0.0155443743183451,0.0291602269813535,0.0037820540057438,0.0129785777033212,0.0005290962746717,52.0,932.6666666666666,254.33333333333334,3770.2333333333954,3.4823901761425895,0.35427034859628787,0.1879797022873547,0.1879797022873547,0.040650186018125735,0.35055007084945783,0.017654609915057167,0.005763242661245567,931.0,934.0,254.0,255.0,0.0,0.1673640167337929,0.0628930817613746,0.2510460251006894,0.0207900207899805,0.9013878188659972,0.0004322249644478,0.1126734773582496,0.0,0.5880026035475675,0.0005290962746717,0.0129785777033212,1.0,7.211102550927978,0.0082592284454729,0.0291602269813535,3759.600000000093,3783.5,3
52,935,942,957.0,254,254,257.0,3831.600000000093,3855.600000000093,3871.600000000093,1.0,7.0,15.297058540778355,0.0416666666666666,0.4375,0.9560661587986472,0.0207900207899805,0.2916666666666667,0.9375,0.0,0.0,0.1875,0.0017361111111111,0.02734375,0.0597541349249154,0.0,0.0,0.1973955598498807,0.0,0.0,0.0123372224906175,2.7107820096897367e-05,0.0010669849537037,0.0020256490578072,53.0,944.6666666666666,255.0,3852.9333333334266,7.7656861802594515,0.4784109418217713,0.4166522291522157,0.4791522291522157,0.029611332012008832,0.06579851994996024,0.0041124074968725,0.001039913943869266,935.0,957.0,254.0,257.0,0.0,0.1875,0.0207900207899805,0.9375,0.0416666666666666,0.9560661587986472,0.0017361111111111,0.0597541349249154,0.0,0.1973955598498807,2.7107820096897367e-05,0.0020256490578072,1.0,15.297058540778355,0.0,0.0123372224906175,3831.600000000093,3871.600000000093,3
53,973,983,995.0,262,267,272.0,3887.600000000093,3903.600000000093,3919.600000000093,16.76305461424021,11.180339887498947,13.0,1.0476909133900132,0.6987712429686843,0.5416666666666666,1.0,0.625,0.75,0.3125,0.3125,0.3125,0.0654806820868758,0.0436732026855427,0.0225694444444444,0.3028848683749714,0.4636476090008061,0.3947911196997615,0.0065930817828181,0.0100476712891146,0.0043035305813152,0.0003579091976225,0.0013629674625833,0.0013189848900686,54.0,983.6666666666666,267.0,3903.600000000093,13.647798167246386,0.7627096076751214,0.7916666666666666,0.8958333333333334,0.04390777640562096,0.38710786569184635,0.006981427884415967,0.0010132871834248002,973.0,995.0,262.0,272.0,0.3125,0.3125,0.625,1.0,0.5416666666666666,1.0476909133900132,0.0225694444444444,0.0654806820868758,0.3028848683749714,0.4636476090008061,0.0003579091976225,0.0013629674625833,11.180339887498947,16.76305461424021,0.0043035305813152,0.0100476712891146,3887.600000000093,3919.600000000093,3
54,1012,1022,1029.0,278,281,285.0,3943.600000000093,3959.600000000093,3975.600000000093,18.027756377319943,10.44030650891055,8.06225774829855,1.1267347735824966,0.6525191568069094,0.5070602357450171,0.7083333333333334,0.625,0.4375,0.25,0.1875,0.25,0.070420923348906,0.0407824473004318,0.0318905808646532,0.3392926144540447,0.2914567944778671,0.5191461142465229,0.0023124377185715,0.002989738748511,0.0142305824855409,0.0019938116210192,0.0018524047530296,0.0005557416522361,55.0,1021.0,281.3333333333333,3959.600000000093,12.176773544843014,0.7621047220448078,0.5902777777777778,0.6736111111111112,0.047697983837997004,0.3832985077261449,0.006510919650874467,0.0014673193420949669,1012.0,1029.0,278.0,285.0,0.1875,0.25,0.4375,0.7083333333333334,0.5070602357450171,1.1267347735824966,0.0318905808646532,0.070420923348906,0.2914567944778671,0.5191461142465229,0.0005557416522361,0.0019938116210192,8.06225774829855,18.027756377319943,0.0023124377185715,0.0142305824855409,3943.600000000093,3975.600000000093,3
55,1034,1049,1073.0,286,290,294.0,3991.5,4007.600000000093,4023.600000000093,5.0990195135927845,15.524174696260024,24.33105012119288,0.316709286556726,0.9702609185162516,1.5112453491773823,0.3144654088068734,0.931677018628151,1.5,0.0628930817613746,0.2484472049675069,0.25,0.0196713842580679,0.0606413074072657,0.093866170758531,0.1973955598498807,0.260602391747341,0.1651486774146268,0.0202358839244356,0.0039258901799437,0.0059658571457946,0.0007685029312362,0.0025447157235379,0.002076553959454,56.0,1052.0,290.0,4007.566666666729,14.984748110348562,0.9327385180834534,0.9153808091450081,0.9987141424783413,0.05805962080795487,0.20771554300394948,0.010042543750057966,0.0017965908714093666,1034.0,1073.0,286.0,294.0,0.0628930817613746,0.25,0.3144654088068734,1.5,0.316709286556726,1.5112453491773823,0.0196713842580679,0.093866170758531,0.1651486774146268,0.260602391747341,0.0007685029312362,0.0025447157235379,5.0990195135927845,24.33105012119288,0.0039258901799437,0.0202358839244356,3991.5,4023.600000000093,3
56,1095,1107,1112.0,300,301,301.0,4039.6999999997206,4056.0,4071.600000000093,22.80350850198276,12.041594578792296,5.0,1.398988251631404,0.7718970883795133,0.6329113924125246,1.3664596273608105,0.7361963190057859,0.320512820510907,0.3726708074620392,0.0613496932504821,0.0,0.0858275000986149,0.0494805825881349,0.0801153661291121,0.2662520491509254,0.0831412318884412,0.0,0.0062797125303501,0.0112337924698984,0.0053295661466631,0.000499296314292,0.0022298722398685,0.0019637681756919,57.0,1104.6666666666667,300.6666666666667,4055.7666666666046,13.281701026925019,0.934598910807814,0.8077229222925011,0.8077229222925011,0.07180781627195397,0.1164644270131222,0.007614357048970534,0.0015643122432841335,1095.0,1112.0,300.0,301.0,0.0,0.3726708074620392,0.320512820510907,1.3664596273608105,0.6329113924125246,1.398988251631404,0.0494805825881349,0.0858275000986149,0.0,0.2662520491509254,0.000499296314292,0.0022298722398685,5.0,22.80350850198276,0.0053295661466631,0.0112337924698984,4039.6999999997206,4071.600000000093,3
57,1113,1114,1115.0,301,301,301.0,4079.5,4112.299999999814,4127.699999999721,1.0,1.0,1.0,0.0304878048782219,0.0649350649354576,0.0625,0.1265822784825049,0.0304878048782219,0.0649350649354576,0.0,0.0,0.0,0.0009295062462925,0.004216562658172,0.00390625,0.0,0.0,0.0,0.0,0.0,0.0,0.0100235265675636,0.000100215134509,2.0150172608699745e-05,58.0,1114.0,301.0,4106.4999999998445,1.0,0.052640956604559835,0.07400171609872813,0.07400171609872813,0.0030174396348215,0.0,0.0,0.0033812972915604335,1113.0,1115.0,301.0,301.0,0.0,0.0,0.0304878048782219,0.1265822784825049,0.0304878048782219,0.0649350649354576,0.0009295062462925,0.004216562658172,0.0,0.0,2.0150172608699745e-05,0.0100235265675636,1.0,1.0,0.0,0.0,4079.5,4127.699999999721,3
58,1116,1118,1123.0,301,301,301.0,4143.699999999721,4159.699999999721,4175.600000000093,1.0,2.0,5.0,0.0625,0.1257861635190654,0.3125,0.0625,0.125,0.3144654087976636,0.0,0.0,0.0,0.00390625,0.0079110794664225,0.01953125,0.0,0.0,0.0,0.0,0.0,0.0,0.0,0.0002503018416514,0.000730828335428,59.0,1119.0,301.0,4159.666666666511,2.6666666666666665,0.1669287211730218,0.16732180293255453,0.16732180293255453,0.0104495264888075,0.0,0.0,0.0003270433923598,1116.0,1123.0,301.0,301.0,0.0,0.0,0.0625,0.3144654087976636,0.0625,0.3125,0.00390625,0.01953125,0.0,0.0,0.0,0.000730828335428,1.0,5.0,0.0,0.0,4143.699999999721,4175.600000000093,3
59,1130,1136,1148.0,301,301,300.0,4191.600000000093,4207.699999999721,4223.600000000093,7.0,6.0,12.041594578792296,0.4347826087057124,0.3773584905571964,0.7525996611745185,0.4375,0.3726708074620392,0.7547169811143928,0.0,0.0,0.0628930817595327,0.0270051309761349,0.0237332383992676,0.0470374788234074,0.0,0.0,0.0831412318884412,0.0,0.0,0.005229008294748,0.0004671175610084,0.000203223141425,0.0014656754983392,60.0,1138.0,300.6666666666667,4207.633333333302,8.347198192930765,0.5215802534791424,0.5216292628588106,0.5425936234453216,0.0325919493996033,0.027713743962813734,0.001743002764916,0.0007120054002575333,1130.0,1148.0,300.0,301.0,0.0,0.0628930817595327,0.3726708074620392,0.7547169811143928,0.3773584905571964,0.7525996611745185,0.0237332383992676,0.0470374788234074,0.0,0.0831412318884412,0.000203223141425,0.0014656754983392,6.0,12.041594578792296,0.0,0.005229008294748,4191.600000000093,4223.600000000093,3
60,1159,1164,1165.0,300,299,298.0,4239.600000000093,4255.600000000093,4271.600000000093,11.0,5.0990195135927845,1.4142135623730951,0.6875,0.318688719599549,0.0584385769582406,0.6875,0.3125,0.0625,0.0,0.0625,0.0625,0.04296875,0.0199180449749718,0.0024148172297072,0.0,0.1973955598498807,0.7853981633974483,0.0051963269930275,0.0123372224906175,0.0367501627217229,0.0002542955514629,0.0014406690640642,0.001093951734079,61.0,1162.6666666666667,299.0,4255.600000000093,5.837744358655294,0.35487576551926314,0.3541666666666667,0.375,0.02176720406822633,0.32759790774910963,0.018094570735122634,0.0009296387832020333,1159.0,1165.0,298.0,300.0,0.0,0.0625,0.0625,0.6875,0.0584385769582406,0.6875,0.0024148172297072,0.04296875,0.0,0.7853981633974483,0.0002542955514629,0.0014406690640642,1.4142135623730951,11.0,0.0051963269930275,0.0367501627217229,4239.600000000093,4271.600000000093,3
61,1166,1165,1163.0,298,298,298.0,4295.799999999814,4415.600000000093,4423.699999999721,1.0,1.0,2.0,0.0083472454089955,0.1234567901291347,0.2531645569500872,0.0413223140500638,0.0083472454089955,0.2469135802582694,0.0,0.0,0.0,6.967650591799741e-05,0.0152415790289892,0.0320461464478669,0.0,3.141592653589793,3.141592653589793,0.0324544695622527,0.0262236448546115,0.0,9.69066414800133e-05,0.0001266435936814,0.0020746379530432,62.0,1164.6666666666667,298.0,4378.366666666542,1.3333333333333333,0.12832286416273914,0.09886104657244289,0.09886104657244289,0.0157858006609247,2.0943951023931953,0.019559371472288065,0.0007660627294015378,1163.0,1166.0,298.0,298.0,0.0,0.0,0.0083472454089955,0.2469135802582694,0.0083472454089955,0.2531645569500872,6.967650591799741e-05,0.0320461464478669,0.0,3.141592653589793,9.69066414800133e-05,0.0020746379530432,1.0,2.0,0.0,0.0324544695622527,4295.799999999814,4423.699999999721,3
62,1162,1159,1156.0,298,298,298.0,4431.600000000093,4455.799999999814,4471.699999999721,1.0,3.0,3.0,0.0413223140500638,0.188679245284124,0.1875,0.1265822784750436,0.1239669421501915,0.188679245284124,0.0,0.0,0.0,0.0017075336384521,0.0118666192003288,0.01171875,3.141592653589793,3.141592653589793,3.141592653589793,0.0,0.0,0.0,0.0038403307351878,0.0004197969240493,9.299949706273362e-06,63.0,1159.0,298.0,4453.033333333209,2.3333333333333335,0.13916718644472928,0.14640948863645303,0.14640948863645303,0.008430967612926967,3.141592653589793,0.0,0.0014231425363144578,1156.0,1162.0,298.0,298.0,0.0,0.0,0.1239669421501915,0.188679245284124,0.0413223140500638,0.188679245284124,0.0017075336384521,0.0118666192003288,3.141592653589793,3.141592653589793,9.299949706273362e-06,0.0038403307351878,1.0,3.0,0.0,0.0,4431.600000000093,4471.699999999721,3
63,1153,1152,1151.0,298,294,293.0,4487.699999999721,4511.699999999721,4631.699999999721,3.0,4.123105625617661,1.4142135623730951,0.125,0.0343592135468138,0.0196691733291483,0.1875,0.0416666666666666,0.0083333333333333,0.0,0.1666666666666666,0.0083333333333333,0.0052083333333333,0.0002863267795567,0.0002735629113914,3.141592653589793,1.8157749899217608,2.356194490192345,0.0,0.0552424026528346,0.0045034958355882,0.0004069010416666,0.0002050836064073,1.0636556804429325e-07,64.0,1152.0,295.0,4543.699999999721,2.8457730626635853,0.05967612895865404,0.07916666666666664,0.0819444444444444,0.0019227410080938,2.4378540445679664,0.019915299496140935,0.00020403033788064809,1151.0,1153.0,293.0,298.0,0.0,0.1666666666666666,0.0083333333333333,0.1875,0.0196691733291483,0.125,0.0002735629113914,0.0052083333333333,1.8157749899217608,3.141592653589793,1.0636556804429325e-07,0.0004069010416666,1.4142135623730951,4.123105625617661,0.0,0.0552424026528346,4487.699999999721,4631.699999999721,3
64,1151,1151,1152.0,291,289,288.0,4703.600000000093,4719.600000000093,4727.600000000093,2.0,2.0,1.4142135623730951,0.125,0.25,0.0878393517022247,0.0,0.0,0.125,0.0278164116827487,0.125,0.125,0.0078125,0.03125,0.0054558603543016,1.5707963267948966,1.5707963267948966,0.7853981633974483,0.0109234793239691,0.0,0.098174770424681,0.0001048530888535,0.00146484375,0.0032242674557122,65.0,1151.3333333333333,289.3333333333333,4716.933333333426,1.804737854124365,0.15427978390074157,0.041666666666666664,0.08333333333333333,0.014839453451433867,1.3089969389957472,0.036366083249550034,0.0015979880981885667,1151.0,1152.0,288.0,291.0,0.0278164116827487,0.125,0.0,0.125,0.0878393517022247,0.25,0.0054558603543016,0.03125,0.7853981633974483,1.5707963267948966,0.0001048530888535,0.0032242674557122,1.4142135623730951,2.0,0.0,0.098174770424681,4703.600000000093,4727.600000000093,3
65,1155,1157,1159.0,284,282,280.0,4743.699999999721,4759.5,4775.5,5.0,2.8284271247461903,2.8284271247461903,0.3164556961969356,0.1767766952966369,0.3449301371759223,0.1863354037310196,0.1265822784787742,0.125,0.2484472049746927,0.1265822784787742,0.125,0.0200288415310974,0.0110485434560398,0.0420646508765457,0.9272952180016122,0.7853981633974483,0.7853981633974483,0.0088134816526364,0.008980826240611,0.0,0.0009051541103809,0.0005683732958796,0.0019385067137816,66.0,1157.0,282.0,4759.566666666574,3.5522847498307932,0.2793875095564982,0.14597256073659792,0.18763922740326458,0.02438067862122763,0.8326971815988363,0.0059314359644158,0.0011373447066807,1155.0,1159.0,280.0,284.0,0.125,0.2484472049746927,0.125,0.1863354037310196,0.1767766952966369,0.3449301371759223,0.0110485434560398,0.0420646508765457,0.7853981633974483,0.9272952180016122,0.0005683732958796,0.0019385067137816,2.8284271247461903,5.0,0.0,0.008980826240611,4743.699999999721,4775.5,3
66,1160,1161,1160.0,279,278,278.0,4783.699999999721,4823.600000000093,5159.5,1.4142135623730951,1.4142135623730951,1.0,0.0354439489313255,0.0042102219778907,0.0014039028499231,0.1219512195163503,0.02506265664137,0.0029770765108671,0.1219512195163503,0.02506265664137,0.0,0.00088831952208,1.2534152955915068e-05,1.970943212022349e-06,0.7853981633974483,0.7853981633974483,3.141592653589793,0.0,0.0,0.0070145712717862,0.0050215038238864,2.194950799789411e-05,3.1447483607906065e-08,67.0,1160.3333333333333,278.3333333333333,4922.266666666605,1.2761423749153968,0.013686024586379767,0.049996984222862466,0.049996984222862466,0.00030094153941597916,1.5707963267948966,0.0023381904239287332,0.001681161593122634,1160.0,1161.0,278.0,279.0,0.0,0.1219512195163503,0.0029770765108671,0.1219512195163503,0.0014039028499231,0.0354439489313255,1.970943212022349e-06,0.00088831952208,0.7853981633974483,3.141592653589793,3.1447483607906065e-08,0.0050215038238864,1.0,1.4142135623730951,0.0,0.0070145712717862,4783.699999999721,5159.5,3
67,1159,1158,1157.0,278,280,280.0,5871.799999999814,5911.699999999721,6103.600000000093,1.0,2.23606797749979,1.0,0.0250626566416625,0.0116522562662608,0.0005434487256128,0.0014039028499231,0.0250626566416625,0.0052110474205214,0.0,0.050125313283325,0.0,0.0006281367579378,6.072045995955283e-05,2.9533651737022906e-07,3.141592653589793,2.0344439357957027,3.141592653589793,0.0,0.0277480881653301,0.0057694044699944,8.790759718180701e-07,1.4220959849113822e-05,3.148781836480735e-07,68.0,1158.0,279.3333333333333,5962.366666666542,1.4120226591665965,0.012419453877845368,0.010559202304035667,0.010559202304035667,0.00022971751813824105,2.7725430809917633,0.011172497545108165,5.138304668193321e-06,1157.0,1159.0,278.0,280.0,0.0,0.050125313283325,0.0014039028499231,0.0250626566416625,0.0005434487256128,0.0250626566416625,2.9533651737022906e-07,0.0006281367579378,2.0344439357957027,3.141592653589793,3.148781836480735e-07,1.4220959849113822e-05,1.0,2.23606797749979,0.0,0.0277480881653301,5871.799999999814,6103.600000000093,3
68,1156,1155,1154.0,280,280,280.0,7943.699999999721,7975.899999999907,8047.699999999721,1.0,1.0,1.0,0.0310559006209383,0.0139275766017074,0.0208768267221758,0.0005434487256128,0.0310559006209383,0.0139275766017074,0.0,0.0,0.0,0.0009644689633776,0.0001939773899964,0.0004358418939877,3.141592653589793,3.141592653589793,3.141592653589793,0.0,0.0,0.0,5.239789287867099e-07,2.39283097321961e-05,3.3685864065731777e-06,69.0,1155.0,280.0,7989.099999999783,1.0,0.021953434648273835,0.015175641982752832,0.015175641982752832,0.0005314294157872333,3.141592653589793,0.0,9.273625022518663e-06,1154.0,1156.0,280.0,280.0,0.0,0.0,0.0005434487256128,0.0310559006209383,0.0139275766017074,0.0310559006209383,0.0001939773899964,0.0009644689633776,3.141592653589793,3.141592653589793,5.239789287867099e-07,2.39283097321961e-05,1.0,1.0,0.0,0.0,7943.699999999721,8047.699999999721,3
69,1153,1152,1151.0,280,280,279.0,8095.600000000093,10543.600000000091,11207.69999999972,1.0,1.0,1.4142135623730951,0.0004084967320261,0.0015057973196816,0.0883883476483184,0.0208768267221758,0.0004084967320261,0.0015057973196816,0.0,0.0,0.0015057973196816,1.6686958007603912e-07,2.2674255679603378e-06,0.0055242717280199,3.141592653589793,3.141592653589793,2.356194490192345,0.0,0.0,0.0011826504493267,9.09551199173885e-06,8.58070256488684e-10,8.315019277902485e-06,70.0,1152.0,279.6666666666667,9948.966666666636,1.1380711874576983,0.03010088056667537,0.0075970402579611665,0.008098972697855034,0.0018422353410559788,2.8797932657906435,0.0003942168164422333,5.8037964466326085e-06,1151.0,1153.0,279.0,280.0,0.0,0.0015057973196816,0.0004084967320261,0.0208768267221758,0.0004084967320261,0.0883883476483184,1.6686958007603912e-07,0.0055242717280199,2.356194490192345,3.141592653589793,8.58070256488684e-10,9.09551199173885e-06,1.0,1.4142135623730951,0.0,0.0011826504493267,8095.600000000093,11207.69999999972,3
70,1151,1151,1152.0,277,276,276.0,11223.69999999972,11239.600000000091,11247.600000000091,2.0,1.0,1.0,0.1257861635190654,0.125,0.0621118012436731,0.0,0.0,0.125,0.125,0.0628930817595327,0.0,0.0079110794664225,0.015625,0.0038578758537335,1.5707963267948966,1.5707963267948966,0.0,0.0490873852123405,0.0,0.196349540849362,0.0001491754836501,0.0004851522348048,0.0014708905182833,71.0,1151.3333333333333,276.3333333333333,11236.966666666636,1.3333333333333333,0.1042993215875795,0.041666666666666664,0.041666666666666664,0.009131318440052,1.0471975511965976,0.08181230868723416,0.0007017394122460667,1151.0,1152.0,276.0,277.0,0.0,0.125,0.0,0.125,0.0621118012436731,0.1257861635190654,0.0038578758537335,0.015625,0.0,1.5707963267948966,0.0001491754836501,0.0014708905182833,1.0,2.0,0.0,0.196349540849362,11223.69999999972,11247.600000000091,3
71,1152,1152,1150.0,274,282,296.0,11263.69999999972,11319.69999999972,11335.5,2.0,8.0,14.142135623730953,0.0357142857142857,0.506329113915097,0.8783935169968412,0.0,0.0,0.1265822784787742,0.1242236024873463,0.1428571428571428,0.8860759493514199,0.0006377551020408,0.0320461464497559,0.0545586035398608,1.5707963267948966,1.5707963267948966,1.7126933813990606,0.0975649892441765,0.0,0.008980826240611,0.0002000075001097,0.0005608641312091,0.0014248390563105,72.0,1151.3333333333333,284.0,11306.299999999814,8.047378541243651,0.4734789722087413,0.04219409282625807,0.3375527426100647,0.0290808350305525,1.6180953449962845,0.0355152718282625,0.0007285702292097666,1150.0,1152.0,274.0,296.0,0.1242236024873463,0.8860759493514199,0.0,0.1265822784787742,0.0357142857142857,0.8783935169968412,0.0006377551020408,0.0545586035398608,1.5707963267948966,1.7126933813990606,0.0002000075001097,0.0014248390563105,2.0,14.142135623730953,0.0,0.0975649892441765,11263.69999999972,11335.5,3
72,1150,1150,1150.0,305,304,296.0,11351.600000000091,11503.600000000091,11519.5,9.0,1.0,8.0,0.0592105263157894,0.0628930817613746,0.493827160502344,0.0,0.0,0.0,0.5590062111768906,0.006578947368421,0.5031446540909974,0.000389542936288,0.0039555397334429,0.0304831580562259,1.5707963267948966,1.5707963267948966,1.5707963267948966,0.0088134816523815,0.0,0.0,0.0033645379256682,2.3460505244439943e-05,0.0016684036681093,73.0,1150.0,301.6666666666667,11458.233333333395,6.0,0.20531025619316934,0.0,0.16771488469699913,0.011609413575318932,1.5707963267948966,0.0029378272174604998,0.0016854673663406466,1150.0,1150.0,296.0,305.0,0.006578947368421,0.5590062111768906,0.0,0.0,0.0592105263157894,0.493827160502344,0.000389542936288,0.0304831580562259,1.5707963267948966,1.5707963267948966,2.3460505244439943e-05,0.0033645379256682,1.0,9.0,0.0,0.0088134816523815,11351.600000000091,11519.5,3
73,1150,1154,1159.0,285,271,258.0,11535.69999999972,11551.600000000091,11567.600000000091,11.0,14.560219778561036,13.92838827718412,0.6918238993548601,0.9100137361600648,0.8340352261926435,0.0,0.2515723270381309,0.3125,0.6790123456907231,0.8805031446334584,0.8125,0.0435109370653239,0.056875858510004,0.0499422291141674,1.5707963267948966,1.2924966677897851,1.2036224929766774,0.0,0.0175031232074585,0.0055546359258192,0.0008041838894643,0.0008405610971299,0.0004333518372397,74.0,1154.3333333333333,271.3333333333333,11551.633333333302,13.16286935191505,0.8119576205691894,0.1880241090127103,0.45885744234604364,0.05010967489649843,1.3556384958537864,0.007685919711092567,0.0006926989412779668,1150.0,1159.0,258.0,285.0,0.6790123456907231,0.8805031446334584,0.0,0.3125,0.6918238993548601,0.9100137361600648,0.0435109370653239,0.056875858510004,1.2036224929766774,1.5707963267948966,0.0004333518372397,0.0008405610971299,11.0,14.560219778561036,0.0,0.0175031232074585,11535.69999999972,11567.600000000091,3
74,1167,1174,1180.0,245,229,215.0,11584.299999999814,11599.600000000091,11615.600000000091,15.264337522473747,17.46424919657298,15.231546211727816,0.9976691190977124,1.0915155747858112,0.9519716382329886,0.4790419161756792,0.4575163398609262,0.375,0.7784431137854787,1.0457516339678314,0.875,0.0652071319659799,0.0682197234241132,0.0594982273895617,1.0191413442663495,1.1583858851975093,1.1659045405098132,0.0110467753720607,0.0091009503874912,0.0004699159570189,0.0009140660390459,0.0001969014024887,0.0005450935021594,75.0,1173.6666666666667,229.66666666666666,11599.833333333334,15.986710976924847,1.0137187773721708,0.43718608534553516,0.7288527520122018,0.0643083609265516,1.1144772566578907,0.006872547238856933,0.0005520203145646667,1167.0,1180.0,215.0,245.0,0.7784431137854787,1.0457516339678314,0.375,0.4790419161756792,0.9519716382329886,1.0915155747858112,0.0594982273895617,0.0682197234241132,1.0191413442663495,1.1659045405098132,0.0001969014024887,0.0009140660390459,15.231546211727816,17.46424919657298,0.0004699159570189,0.0110467753720607,11584.299999999814,11615.600000000091,3
75,1182,1183,1185.0,209,209,209.0,11631.600000000091,11639.69999999972,11671.899999999909,6.324555320336759,1.0,2.0,0.7808092988429177,0.0310559006209383,0.1273885350303358,0.125,0.1234567901291347,0.0621118012418767,0.375,0.0,0.0,0.0963962097381269,0.0009644689633776,0.0081139194285875,1.2490457723982544,0.0,0.0,0.0051963269930275,0.1542031817846542,0.0,0.0023061238967853,0.0117816963924862,0.0002220326231418,76.0,1183.3333333333333,209.0,11647.73333333324,3.10818510677892,0.3130845781647306,0.10352286379033714,0.10352286379033714,0.035158199376697334,0.41634859079941816,0.053133169592560564,0.004769950970804434,1182.0,1185.0,209.0,209.0,0.0,0.375,0.0621118012418767,0.125,0.0310559006209383,0.7808092988429177,0.0009644689633776,0.0963962097381269,0.0,1.2490457723982544,0.0002220326231418,0.0117816963924862,1.0,6.324555320336759,0.0,0.1542031817846542,11631.600000000091,11671.899999999909,3
76,1188,1190,1190.0,211,214,218.0,11687.600000000091,11703.600000000091,11719.600000000091,3.605551275463989,3.605551275463989,4.0,0.2253469547164993,0.2253469547164993,0.4938271605165389,0.1910828025455037,0.125,0.0,0.1273885350303358,0.1875,0.25,0.0140841846697812,0.0140841846697812,0.0609663161159568,0.5880026035475675,0.982793723247329,1.5707963267948966,0.0374523951299739,0.024674444981235,0.0367501627217229,0.000380271671409,0.0,0.0029301332153859,77.0,1189.3333333333333,214.33333333333334,11703.600000000091,3.7370341836426597,0.31484035664984583,0.10536093418183456,0.1886942675151679,0.0297115618185064,1.0471975511965976,0.0329590009443106,0.0011034682955983,1188.0,1190.0,211.0,218.0,0.1273885350303358,0.25,0.0,0.1910828025455037,0.2253469547164993,0.4938271605165389,0.0140841846697812,0.0609663161159568,0.5880026035475675,1.5707963267948966,0.0,0.0029301332153859,3.605551275463989,4.0,0.024674444981235,0.0374523951299739,11687.600000000091,11719.600000000091,3
77,1190,1190,1190.0,221,224,226.0,11727.69999999972,11751.600000000091,11759.69999999972,3.0,3.0,2.0,0.1255230125503447,0.3703703703874041,0.1257861635190654,0.0,0.0,0.0,0.3703703703874041,0.1255230125503447,0.2469135802582694,0.005252008893238,0.0457247370869676,0.0079110794664225,1.5707963267948966,1.5707963267948966,1.5707963267948966,0.0,0.0,0.0,0.0068783095339853,0.0016934195896694,0.0046683527928745,78.0,1190.0,223.66666666666666,11746.333333333178,2.6666666666666665,0.20722651548560475,0.0,0.08230452675275647,0.019629275148876035,1.5707963267948966,0.0,0.004413360638843067,1190.0,1190.0,221.0,226.0,0.1255230125503447,0.3703703703874041,0.0,0.0,0.1255230125503447,0.3703703703874041,0.005252008893238,0.0457247370869676,1.5707963267948966,1.5707963267948966,0.0016934195896694,0.0068783095339853,2.0,3.0,0.0,0.0,11727.69999999972,11759.69999999972,3
78,1190,1190,1190.0,227,228,229.0,11775.600000000091,11799.600000000091,11815.69999999972,1.0,1.0,1.0,0.0416666666666666,0.0621118012436731,0.0628930817595327,0.0,0.0,0.0,0.0628930817595327,0.0416666666666666,0.0621118012436731,0.0017361111111111,0.0038578758537335,0.0039555397332112,1.5707963267948966,1.5707963267948966,1.5707963267948966,0.0,0.0,0.0,0.0003883627896331,8.840686427593551e-05,6.0660794708052985e-06,79.0,1190.0,228.0,11796.966666666636,1.0,0.055557183223290806,0.0,0.02070393374789103,0.0031831755660186,1.5707963267948966,0.0,0.00016094524445994695,1190.0,1190.0,227.0,229.0,0.0416666666666666,0.0628930817595327,0.0,0.0,0.0416666666666666,0.0628930817595327,0.0017361111111111,0.0039555397332112,1.5707963267948966,1.5707963267948966,6.0660794708052985e-06,0.0003883627896331,1.0,1.0,0.0,0.0,11775.600000000091,11815.69999999972,3
79,1190,1190,1190.0,230,231,234.0,11831.600000000091,11855.69999999972,11871.600000000091,1.0,1.0,3.0,0.0414937759342513,0.0628930817595327,0.1875,0.0,0.0,0.0,0.0628930817595327,0.0414937759342513,0.1886792452785982,0.0017217334412818,0.0039555397332112,0.01171875,1.5707963267948966,1.5707963267948966,1.5707963267948966,0.0,0.0,0.0,0.0001404909617532,9.268905775783989e-05,0.0004882522180255,80.0,1190.0,231.66666666666666,11852.966666666636,1.6666666666666667,0.09729561923126133,0.0,0.06289308175953273,0.005798674391497667,1.5707963267948966,0.0,0.00024047741251217994,1190.0,1190.0,230.0,234.0,0.0414937759342513,0.1886792452785982,0.0,0.0,0.0414937759342513,0.1875,0.0017217334412818,0.01171875,1.5707963267948966,1.5707963267948966,9.268905775783989e-05,0.0004882522180255,1.0,3.0,0.0,0.0,11831.600000000091,11871.600000000091,3
80,1189,1189,1189.0,239,241,246.0,11887.600000000091,11903.5,11919.600000000091,5.0990195135927845,2.0,5.0,0.3206930511712359,0.1242236024837534,0.3144654088068734,0.0625,0.0,0.0,0.3125,0.1257861635227493,0.3105590062093836,0.0201693742876172,0.0077157517070208,0.0197776986672148,1.7681918866447774,1.5707963267948966,1.5707963267948966,0.0123372224906175,0.0124148150849708,0.0,0.000528164017976,0.0007832467031867,0.0007491892521816,81.0,1189.0,242.0,11903.56666666673,4.0330065045309285,0.25312735415395426,0.020833333333333332,0.12435300206979454,0.0158876082206176,1.6365948467448568,0.008250679191862767,0.0006868666577814333,1189.0,1189.0,239.0,246.0,0.1257861635227493,0.3125,0.0,0.0625,0.1242236024837534,0.3206930511712359,0.0077157517070208,0.0201693742876172,1.5707963267948966,1.7681918866447774,0.000528164017976,0.0007832467031867,2.0,5.0990195135927845,0.0,0.0124148150849708,11887.600000000091,11919.600000000091,3
81,1187,1187,1186.0,251,254,258.0,11935.5,11951.5,11967.600000000091,5.385164807134504,3.0,4.123105625617661,0.3365728004459065,0.1863354037256302,0.2576941016011038,0.1257861635227493,0.0,0.0621118012418767,0.3144654088068734,0.1875,0.2484472049675069,0.0210358000278691,0.0115736275605312,0.0161058813500689,1.9513027039072612,1.5707963267948966,1.8157749899217608,0.0239312186864524,0.0237816485695228,0.0152160660326364,7.912587173973106e-05,0.0005913857792086,0.0002815064465535,82.0,1186.6666666666667,254.33333333333334,11951.533333333364,4.169423477584055,0.2602007685908802,0.062632654921542,0.14544838991071096,0.016238436312823065,1.7792913402079729,0.020976311096203865,0.0003173393658339437,1186.0,1187.0,251.0,258.0,0.1875,0.3144654088068734,0.0,0.1257861635227493,0.1863354037256302,0.3365728004459065,0.0115736275605312,0.0210358000278691,1.5707963267948966,1.9513027039072612,7.912587173973106e-05,0.0005913857792086,3.0,5.385164807134504,0.0152160660326364,0.0239312186864524,11935.5,11967.600000000091,3
82,1185,1185,1185.0,262,264,266.0,11983.600000000091,11999.5,12015.799999999814,4.123105625617661,2.0,2.0,0.2593148192227554,0.1226993865044696,0.1257861635227493,0.0625,0.0,0.0,0.25,0.1257861635227493,0.1226993865044696,0.0163091081273128,0.0075275697242866,0.0079110794668859,1.8157749899217608,1.5707963267948966,1.5707963267948966,0.0,0.0154074630898301,0.0,1.2701673577741488e-05,0.0005522980127721,2.3528205067711292e-05,83.0,1185.0,264.0,11999.633333333302,2.707701875205887,0.16926678974999143,0.020833333333333332,0.0617331288348232,0.010582585772828432,1.652455881170518,0.005135821029943367,0.00019617596380585092,1185.0,1185.0,262.0,266.0,0.1226993865044696,0.25,0.0,0.0625,0.1226993865044696,0.2593148192227554,0.0075275697242866,0.0163091081273128,1.5707963267948966,1.8157749899217608,1.2701673577741488e-05,0.0005522980127721,2.0,4.123105625617661,0.0,0.0154074630898301,11983.600000000091,12015.799999999814,3
83,1185,1183,1183.0,268,270,271.0,12031.69999999972,12055.5,12063.600000000091,2.0,2.8284271247461903,1.0,0.0840336134443916,0.3491885339152678,0.0311526479754394,0.0,0.0840336134443916,0.0,0.1257861635227493,0.0840336134443916,0.1234567901220373,0.0035308240942607,0.0431096955445991,0.0009704874758816,1.5707963267948966,2.356194490192345,1.5707963267948966,0.0,0.0329999228314381,0.0969627362207923,0.0002754877592862,0.0016629777920115,0.0052023713664485,84.0,1183.6666666666667,269.6666666666667,12050.266666666605,1.9428090415820634,0.1547915984450329,0.028011204481463867,0.0691634678554763,0.015870335704913797,1.832595714594046,0.043320886350743465,0.0023802789725820665,1183.0,1185.0,268.0,271.0,0.0840336134443916,0.1257861635227493,0.0,0.0840336134443916,0.0311526479754394,0.3491885339152678,0.0009704874758816,0.0431096955445991,1.5707963267948966,2.356194490192345,0.0002754877592862,0.0052023713664485,1.0,2.8284271247461903,0.0,0.0969627362207923,12031.69999999972,12063.600000000091,3
84,1182,1180,1177.0,272,274,275.0,12095.69999999972,12119.600000000091,12151.600000000091,1.4142135623730951,2.8284271247461903,3.1622776601683795,0.0591721155795419,0.0883883476483184,0.1976423537605237,0.0311526479754394,0.0836820083668964,0.09375,0.0311526479754394,0.0836820083668964,0.03125,0.002475820735507,0.0027621358640099,0.0123526471100327,2.356194490192345,2.356194490192345,2.819842099193151,0.0244672325048773,0.0,0.0144889877812751,4.689511712283229e-05,1.1979712489472484e-05,0.0002997034764382,85.0,1179.6666666666667,273.6666666666667,12122.299999999968,2.468306115762555,0.11506760566279467,0.0695282187807786,0.07994488544744527,0.005863534569849866,2.5107436931926137,0.0129854067620508,0.00011952610201683493,1177.0,1182.0,272.0,275.0,0.0311526479754394,0.0836820083668964,0.0311526479754394,0.09375,0.0591721155795419,0.1976423537605237,0.002475820735507,0.0123526471100327,2.356194490192345,2.819842099193151,1.1979712489472484e-05,0.0002997034764382,1.4142135623730951,3.1622776601683795,0.0,0.0244672325048773,12095.69999999972,12151.600000000091,3
85,1176,1174,1172.0,277,278,281.0,12167.600000000091,12183.600000000091,12199.69999999972,2.23606797749979,2.23606797749979,3.605551275463989,0.1397542485937368,0.1388862097858092,0.2253469547164993,0.0625,0.125,0.1242236024873463,0.125,0.0625,0.1863354037310196,0.0087346405371085,0.0086264726577032,0.0140841846697812,2.0344439357957027,2.677945044588987,2.158798930342464,0.0490873852123405,0.0402188192995802,0.0322451002645053,0.0002261254108077,6.760492462829382e-06,0.0003389883237393,86.0,1174.0,278.6666666666667,12183.633333333302,2.692562410154523,0.16799580436534844,0.10390786749578211,0.1660196687394553,0.010481765954864301,2.2903959702423844,0.040517101592142,0.00019062474233660977,1172.0,1176.0,277.0,281.0,0.0625,0.1863354037310196,0.0625,0.125,0.1388862097858092,0.2253469547164993,0.0086264726577032,0.0140841846697812,2.0344439357957027,2.677945044588987,6.760492462829382e-06,0.0003389883237393,2.23606797749979,3.605551275463989,0.0322451002645053,0.0490873852123405,12167.600000000091,12199.69999999972,3
86,1170,1169,1168.0,282,283,284.0,12215.69999999972,12223.799999999814,12239.799999999814,2.23606797749979,1.4142135623730951,1.4142135623730951,0.2760577749968,0.0883883476483184,0.0444721246025367,0.125,0.1234567901220373,0.0625,0.0625,0.1234567901220373,0.0625,0.0340812067893365,0.0055242717280199,0.0013984944843442,2.677945044588987,2.356194490192345,2.356194490192345,0.0324466321404076,0.0397222906657954,0.0,0.0012498138824722,0.0035255475383936,0.0002578610777297,87.0,1169.0,283.0,12226.433333333116,1.6881650340819931,0.13630608241588504,0.10365226337401244,0.12448559670734577,0.013667991000566865,2.4634446749912255,0.024056307602067662,0.0016777408328651669,1168.0,1170.0,282.0,284.0,0.0625,0.1234567901220373,0.0625,0.125,0.0444721246025367,0.2760577749968,0.0013984944843442,0.0340812067893365,2.356194490192345,2.677945044588987,0.0002578610777297,0.0035255475383936,1.4142135623730951,2.23606797749979,0.0,0.0397222906657954,12215.69999999972,12239.799999999814,3
87,1167,1167,1168.0,285,286,288.0,12271.600000000091,12463.69999999972,12503.600000000091,1.4142135623730951,1.0,2.23606797749979,0.0073618613345957,0.02506265664137,0.1397542485937368,0.0314465408802268,0.0,0.02506265664137,0.0314465408802268,0.0052056220718476,0.05012531328274,3.832306785325349e-05,0.0006281367579232,0.0087346405371085,2.356194490192345,1.5707963267948966,1.1071487177940904,0.0,0.0040884860145703,0.0116202408269793,4.27726860527991e-05,3.070347163306084e-06,0.0002031705207796,88.0,1167.3333333333333,286.3333333333333,12412.966666666636,1.5500938466242948,0.05739292218990084,0.018836399173865603,0.03554483693477894,0.0031337001209616514,1.6780465115937773,0.005236242280516533,8.300451799856839e-05,1167.0,1168.0,285.0,288.0,0.0052056220718476,0.05012531328274,0.0,0.0314465408802268,0.0073618613345957,0.1397542485937368,3.832306785325349e-05,0.0087346405371085,1.1071487177940904,2.356194490192345,3.070347163306084e-06,0.0002031705207796,1.0,2.23606797749979,0.0,0.0116202408269793,12271.600000000091,12503.600000000091,3
88,1168,1168,1168.0,289,290,291.0,12519.600000000091,12543.600000000091,12551.600000000091,1.0,1.0,1.0,0.0416666666666666,0.125,0.0208333333333333,0.0,0.0,0.0,0.0625,0.0416666666666666,0.125,0.0017361111111111,0.015625,0.0004340277777777,1.5707963267948966,1.5707963267948966,1.5707963267948966,0.0289779755625503,0.0,0.0,0.0004374080891248,0.0005787037037037,0.0018988715277777,89.0,1168.0,290.0,12538.266666666757,1.0,0.062499999999999965,0.0,0.041666666666666664,0.005931712962962934,1.5707963267948966,0.009659325187516768,0.0009716611068687333,1168.0,1168.0,289.0,291.0,0.0416666666666666,0.125,0.0,0.0,0.0208333333333333,0.125,0.0004340277777777,0.015625,1.5707963267948966,1.5707963267948966,0.0004374080891248,0.0018988715277777,1.0,1.0,0.0,0.0289779755625503,12519.600000000091,12551.600000000091,3
89,1168,1167,1166.0,292,292,292.0,12599.600000000091,13479.600000000091,13543.5,1.0,1.0,1.0,0.0011363636363636,0.0156494522691933,0.1234567901220373,0.0,0.0011363636363636,0.0156494522691933,0.0208333333333333,0.0,0.0,1.2913223140495869e-06,0.0002449053563257,0.0152415790272367,1.5707963267948966,3.141592653589793,3.141592653589793,0.0,0.0017849958259032,0.0,9.015342822161004e-06,2.7683412955876415e-07,0.0002346897288095,90.0,1167.0,292.0,13207.56666666673,1.0,0.0467475353425314,0.005595271968518966,0.005595271968518966,0.005162591901958817,2.6179938779914944,0.0005949986086343999,8.132730192040659e-05,1166.0,1168.0,292.0,292.0,0.0,0.0208333333333333,0.0,0.0156494522691933,0.0011363636363636,0.1234567901220373,1.2913223140495869e-06,0.0152415790272367,1.5707963267948966,3.141592653589793,2.7683412955876415e-07,0.0002346897288095,1.0,1.0,0.0,0.0017849958259032,12599.600000000091,13543.5,3
90,1165,1164,1163.0,293,293,295.0,13551.600000000091,13599.69999999972,13615.69999999972,1.4142135623730951,1.0,2.23606797749979,0.0294015293634937,0.0625,0.0931694990624912,0.1234567901220373,0.0207900207901818,0.0625,0.1234567901220373,0.0,0.125,0.0006112584067301,0.00390625,0.0038820624609371,2.356194490192345,3.141592653589793,2.0344439357957027,0.0969627362207923,0.0163284441456035,0.0691967948621306,0.0018062124222639,6.850294372755392e-05,1.511721191429079e-06,91.0,1164.0,293.6666666666667,13588.999999999845,1.5500938466242948,0.061690342808661626,0.06891560363740636,0.11058227030407303,0.002799856955889067,2.5107436931926137,0.060829325076175465,0.000625409029060961,1163.0,1165.0,293.0,295.0,0.0,0.125,0.0207900207901818,0.1234567901220373,0.0294015293634937,0.0931694990624912,0.0006112584067301,0.00390625,2.0344439357957027,3.141592653589793,1.511721191429079e-06,0.0018062124222639,1.0,2.23606797749979,0.0163284441456035,0.0969627362207923,13551.600000000091,13615.69999999972,3
91,1162,1162,1161.0,295,296,295.0,13639.69999999972,13671.600000000091,14839.600000000091,1.0,1.0,1.4142135623730951,0.031347962382079,0.0019841269841269,0.0589255650988789,0.0416666666666666,0.0,0.0018362100624308,0.0,0.031347962382079,0.0018362100624308,0.0009826947455082,3.936759889140841e-06,0.0024552318791199,3.141592653589793,1.5707963267948966,2.356194490192345,0.0461311965747537,0.0492412641622743,0.0043264680319352,0.0001208069881428,3.068206851434711e-05,4.508321482041015e-06,92.0,1161.6666666666667,295.3333333333333,14050.299999999968,1.1380711874576983,0.0307525514883616,0.014500958909699135,0.015113028930509401,0.0011472877948390803,2.356194490192345,0.033232976256321066,5.199912604639604e-05,1161.0,1162.0,295.0,296.0,0.0,0.031347962382079,0.0,0.0416666666666666,0.0019841269841269,0.0589255650988789,3.936759889140841e-06,0.0024552318791199,1.5707963267948966,3.141592653589793,4.508321482041015e-06,0.0001208069881428,1.0,1.4142135623730951,0.0043264680319352,0.0492412641622743,13639.69999999972,14839.600000000091,3
92,1158,1154,1150.0,295,294,293.0,14863.600000000091,14871.600000000091,14879.600000000091,3.0,4.123105625617661,4.123105625617661,0.375,0.5153882032022076,0.2576941016011038,0.125,0.5,0.5,0.0,0.125,0.125,0.046875,0.0644235254002759,0.0161058813500689,3.141592653589793,2.896613990462929,2.896613990462929,0.0327249234748936,0.030622332890858,0.0,0.0018508236717033,0.0021935656750344,0.0060397055062758,93.0,1154.0,294.0,14871.600000000091,3.748737083745107,0.3826941016011038,0.375,0.4166666666666667,0.04246813558344827,2.9782735448385504,0.0211157521219172,0.0033613649510045,1150.0,1158.0,293.0,295.0,0.0,0.125,0.125,0.5,0.2576941016011038,0.5153882032022076,0.0161058813500689,0.0644235254002759,2.896613990462929,3.141592653589793,0.0018508236717033,0.0060397055062758,3.0,4.123105625617661,0.0,0.0327249234748936,14863.600000000091,14879.600000000091,3
93,1138,1126,1122.0,290,287,286.0,14895.600000000091,14911.600000000091,14927.5,12.36931687685298,12.36931687685298,4.123105625617661,0.7730823048033113,0.7779444576682663,0.5090253858728708,0.75,0.75,0.2515723270454987,0.1875,0.1875,0.0628930817613746,0.0483176440502069,0.0489273243819385,0.062842640230496,2.896613990462929,2.896613990462929,2.896613990462929,0.0,0.0,0.0,0.0020132351687586,3.810502073322468e-05,0.0008751770973986,94.0,1128.6666666666667,287.6666666666667,14911.56666666673,9.620579793107874,0.6866840494481495,0.5838574423484996,0.6048218029356244,0.05336253622088047,2.8966139904629293,0.0,0.0009755057622968082,1122.0,1138.0,286.0,290.0,0.0628930817613746,0.1875,0.2515723270454987,0.75,0.5090253858728708,0.7779444576682663,0.0483176440502069,0.062842640230496,2.896613990462929,2.896613990462929,3.810502073322468e-05,0.0020132351687586,4.123105625617661,12.36931687685298,0.0,0.0,14895.600000000091,14927.5,3
94,1121,1120,1119.0,286,286,286.0,14935.600000000091,14975.69999999972,15511.69999999972,1.0,1.0,1.0,0.0249376558605807,0.001865671641791,0.0113895216400548,0.1234567901220373,0.0249376558605807,0.001865671641791,0.0,0.0,0.0,0.0006218866798207,3.480730674983292e-06,0.0001297212031892,3.141592653589793,3.141592653589793,3.141592653589793,0.0302442793980305,0.0,0.0,0.0076815745123407,1.5421594741933203e-05,2.355232696162219e-07,95.0,1120.0,286.0,15140.999999999845,1.0,0.012730949714142167,0.050086705874802996,0.050086705874802996,0.0002516962045616278,3.141592653589793,0.010081426466010167,0.0025657438767840834,1119.0,1121.0,286.0,286.0,0.0,0.0,0.001865671641791,0.1234567901220373,0.001865671641791,0.0249376558605807,3.480730674983292e-06,0.0006218866798207,3.141592653589793,3.141592653589793,2.355232696162219e-07,0.0076815745123407,1.0,1.0,0.0,0.0302442793980305,14935.600000000091,15511.69999999972,3
95,1117,1082,892.0,286,288,266.0,15599.5,15631.600000000091,15663.69999999972,2.0,35.05709628591621,191.2694434560837,0.062305295949975,1.0921213796362323,5.99590731830251,0.0227790432801097,1.0903426791245625,5.919003115333489,0.0,0.062305295949975,0.6853582554596671,0.0019409749517069,0.0340224728862587,0.1879594770605796,3.141592653589793,3.0845118711835284,3.026316527618841,0.0,0.0017782175204392,0.0018129390518804,2.062931376437293e-05,0.0009994236116653,0.0047955453014363,96.0,1030.3333333333333,280.0,15631.599999999939,76.10884658066664,2.383444664629572,2.344041612579387,2.572494364399276,0.07464097496618173,3.0841403507973872,0.0011970521907732,0.0019385327422886576,892.0,1117.0,266.0,288.0,0.0,0.6853582554596671,0.0227790432801097,5.919003115333489,0.062305295949975,5.99590731830251,0.0019409749517069,0.1879594770605796,3.026316527618841,3.141592653589793,2.062931376437293e-05,0.0047955453014363,2.0,191.2694434560837,0.0,0.0018129390518804,15599.5,15663.69999999972,3
96,605,416,385.0,205,167,163.0,15695.600000000091,15727.600000000091,15743.799999999814,293.4109745732085,192.78226059469267,31.25699921617557,9.169092955412763,11.9001395430875,3.956582179309374,8.99686520365669,5.90625,1.9135802469465832,1.9122257053068223,1.1875,0.246913580251172,0.2865341548566489,0.7345765150180703,0.5008331872602554,2.932165588760671,2.943179800092875,3.0132694259039985,0.0029514400895633,0.0003441941041313,0.0043265201118723,0.0030901152913767,0.0140013237550444,0.0144286004791263,97.0,468.6666666666667,178.33333333333334,15722.333333333334,172.48341146135888,8.341938225936547,5.605565150201091,5.687869676951482,0.5073146190449915,2.9628716049191817,0.0025407181018556333,0.010506679841849132,385.0,605.0,163.0,205.0,0.246913580251172,1.9122257053068223,1.9135802469465832,8.99686520365669,3.956582179309374,11.9001395430875,0.2865341548566489,0.7345765150180703,2.932165588760671,3.0132694259039985,0.0030901152913767,0.0144286004791263,31.25699921617557,293.4109745732085,0.0003441941041313,0.0043265201118723,15695.600000000091,15743.799999999814,3
97,380,373,366.0,163,163,163.0,15751.69999999972,15767.5,15783.5,5.0,7.0,7.0,0.3164556961969356,0.4375,0.4347826086931371,0.6329113924125246,0.4430379746757099,0.4375,0.0,0.0,0.0,0.0200288415310974,0.02734375,0.0270051309745728,3.141592653589793,3.141592653589793,3.141592653589793,0.0162434465426971,0.0,0.0,0.0608613095866868,0.0004629688904286,2.1163689089200025e-05,98.0,373.0,163.0,15767.566666666573,6.333333333333333,0.3962461016300242,0.5044831223627448,0.5044831223627448,0.024792574168556736,3.141592653589793,0.005414482180899034,0.0204484807220682,366.0,380.0,163.0,163.0,0.0,0.0,0.4375,0.6329113924125246,0.3164556961969356,0.4375,0.0200288415310974,0.02734375,3.141592653589793,3.141592653589793,2.1163689089200025e-05,0.0608613095866868,5.0,7.0,0.0,0.0162434465426971,15751.69999999972,15783.5,3
98,357,349,343.0,163,163,161.0,15799.600000000091,15815.600000000091,15831.5,9.0,8.0,6.324555320336759,0.5625,0.5031446540909974,0.3904046494102368,0.5590062111768906,0.5,0.377358490568248,0.0,0.0,0.1257861635227493,0.03515625,0.0316443178675436,0.0240990524331463,3.141592653589793,3.141592653589793,2.819842099193151,0.0,0.0,0.0202358839244356,0.0005062806848062,0.0002194957582785,0.0004745449958768,99.0,349.6666666666667,162.33333333333334,15815.56666666673,7.774851773445587,0.48534976783374467,0.4787882339150462,0.5207169550892959,0.0302998734335633,3.0343424687909124,0.006745294641478533,0.0004001071463205,343.0,357.0,161.0,163.0,0.0,0.1257861635227493,0.377358490568248,0.5590062111768906,0.3904046494102368,0.5625,0.0240990524331463,0.03515625,2.819842099193151,3.141592653589793,0.0002194957582785,0.0005062806848062,6.324555320336759,9.0,0.0,0.0202358839244356,15799.600000000091,15831.5,3
99,337,328,320.0,161,161,161.0,15847.69999999972,15863.600000000091,15879.600000000091,6.0,9.0,8.0,0.3773584905571964,0.5625,0.4968944099493855,0.370370370376758,0.5660377358357946,0.5,0.0,0.0,0.0,0.0237332383992676,0.03515625,0.0308630068298685,3.141592653589793,3.141592653589793,3.141592653589793,0.0198611453334685,0.0,0.0,2.2581113202777328e-05,0.0007184284025449,0.0002683276981332,100.0,328.3333333333333,161.0,15863.633333333302,7.666666666666667,0.478917633502194,0.4788027020708509,0.4788027020708509,0.02991749840971203,3.141592653589793,0.006620381777822833,0.0003364457379602924,320.0,337.0,161.0,161.0,0.0,0.0,0.370370370376758,0.5660377358357946,0.3773584905571964,0.5625,0.0237332383992676,0.03515625,3.141592653589793,3.141592653589793,2.2581113202777328e-05,0.0007184284025449,6.0,9.0,0.0,0.0198611453334685,15847.69999999972,15879.600000000091,3
100,317,317,320.0,162,170,196.0,15895.69999999972,15911.600000000091,15935.600000000091,3.1622776601683795,8.0,26.1725046566048,0.1988853874273137,0.3333333333333333,1.6460694752678051,0.1863354037310196,0.0,0.125,0.0621118012436731,0.5031446540762619,1.0833333333333333,0.0125085149322423,0.0138888888888888,0.1035263820929211,2.819842099193151,1.5707963267948966,1.4559197213779975,0.0199845064847258,0.0785563378848421,0.0047865252257041,0.0011400305526739,8.681597211409795e-05,0.003734895550168,101.0,318.0,176.0,15914.299999999968,12.444927438924394,0.7260960653428175,0.10377846791033986,0.46488957902145095,0.043307928638017405,1.9488527157886815,0.034442456531757336,0.0016539140249853326,317.0,320.0,162.0,196.0,0.0621118012436731,1.0833333333333333,0.0,0.1863354037310196,0.1988853874273137,1.6460694752678051,0.0125085149322423,0.1035263820929211,1.4559197213779975,2.819842099193151,8.681597211409795e-05,0.003734895550168,3.1622776601683795,26.1725046566048,0.0047865252257041,0.0785563378848421,15895.69999999972,15935.600000000091,3
101,323,323,320.0,213,225,235.0,15951.5,15967.5,15983.600000000091,17.26267650163207,12.0,10.44030650891055,1.0789172813520045,0.7453416149025208,0.6525191568069094,0.188679245284124,0.0,0.1863354037256302,1.0691823899433694,0.75,0.6211180124187673,0.0674323300845002,0.0462945102421248,0.0407824473004318,1.396124127786657,1.5707963267948966,1.862253121272764,0.0037607291567101,0.0109170124380149,0.0181029064892038,0.0022700661640649,0.0013211137401484,0.0003423641578671,102.0,322.0,224.33333333333334,15967.533333333364,13.234327670180873,0.8255926843538116,0.1250048830032514,0.3320442204761738,0.0515030958756856,1.6097245252847727,0.010926882694642934,0.0013111813540268,320.0,323.0,213.0,235.0,0.6211180124187673,1.0691823899433694,0.0,0.188679245284124,0.6525191568069094,1.0789172813520045,0.0407824473004318,0.0674323300845002,1.396124127786657,1.862253121272764,0.0003423641578671,0.0022700661640649,10.44030650891055,17.26267650163207,0.0037607291567101,0.0181029064892038,15951.5,15983.600000000091,3
102,310,300,293.0,250,262,271.0,15999.600000000091,16015.600000000091,16031.69999999972,18.027756377319943,15.620499351813308,11.40175425099138,1.1267347735824966,0.9702173510667542,0.7170914623097008,0.625,0.625,0.4347826087057124,0.9375,0.75,0.5590062111930587,0.070420923348906,0.0602619472726213,0.0451000919681068,2.158798930342464,2.2655346029916,2.231839495645584,0.0185341130668562,0.0066709795405709,0.0020928638103599,0.0018524047530296,0.0006349360047677,0.0009417301431593,103.0,301.0,261.0,16015.633333333302,15.016669993374878,0.9380145289863172,0.5615942029019041,0.7479296066329236,0.05859432086321136,2.218724342993216,0.009099318805929001,0.0011430236336522,293.0,310.0,250.0,271.0,0.5590062111930587,0.9375,0.4347826087057124,0.625,0.7170914623097008,1.1267347735824966,0.0451000919681068,0.070420923348906,2.158798930342464,2.2655346029916,0.0006349360047677,0.0018524047530296,11.40175425099138,18.027756377319943,0.0020928638103599,0.0185341130668562,15999.600000000091,16031.69999999972,3
103,287,283,281.0,281,289,293.0,16047.600000000091,16063.600000000091,16079.600000000091,11.6619037896906,8.94427190999916,4.47213595499958,0.7288689868556626,0.5590169943749475,0.2777724195716185,0.3773584905571964,0.25,0.125,0.6289308175953273,0.5,0.25,0.0455543116784789,0.0349385621484342,0.0172529453154065,2.1112158270654806,2.0344439357957027,2.0344439357957027,0.0075863942501431,0.0047982432043611,0.0,2.856727738121854e-05,0.0006634843456277,0.0011053510520642,104.0,283.6666666666667,287.6666666666667,16063.600000000091,8.359437218229779,0.5218861336007429,0.25078616351906546,0.3341194968523988,0.032581939714106535,2.060034566218962,0.004128212484834733,0.0005991342250243728,281.0,287.0,281.0,293.0,0.25,0.6289308175953273,0.125,0.3773584905571964,0.2777724195716185,0.7288689868556626,0.0172529453154065,0.0455543116784789,2.0344439357957027,2.1112158270654806,2.856727738121854e-05,0.0011053510520642,4.47213595499958,11.6619037896906,0.0,0.0075863942501431,16047.600000000091,16079.600000000091,3
104,279,277,276.0,296,297,297.0,16095.69999999972,16119.600000000091,16135.600000000091,3.605551275463989,2.23606797749979,1.0,0.1508598860003259,0.1397542485937368,0.0628930817613746,0.1242236024873463,0.0836820083668964,0.0625,0.1863354037310196,0.0418410041834482,0.0,0.0063121291212541,0.0087346405371085,0.0039555397334429,2.158798930342464,2.677945044588987,3.141592653589793,0.0077239127049464,0.0217215947380096,0.0289779755625503,0.0006795538008947,0.0001013603102852,0.000298693800229,105.0,277.3333333333333,296.6666666666667,16116.966666666636,2.2805397509879266,0.11783573878514576,0.0901352036180809,0.0901352036180809,0.006334103130601833,2.6594455428404147,0.019474494335168766,0.00035986930380296664,276.0,279.0,296.0,297.0,0.0,0.1863354037310196,0.0625,0.1242236024873463,0.0628930817613746,0.1508598860003259,0.0039555397334429,0.0087346405371085,2.158798930342464,3.141592653589793,0.0001013603102852,0.0006795538008947,1.0,3.605551275463989,0.0077239127049464,0.0289779755625503,16095.69999999972,16135.600000000091,3
105,273,269,266.0,297,296,296.0,16151.5,16167.600000000091,16175.600000000091,3.0,4.123105625617661,3.0,0.1863354037256302,0.5153882032022076,0.1863354037310196,0.188679245284124,0.2484472049675069,0.375,0.0,0.0621118012418767,0.0,0.0115736275605312,0.0644235254002759,0.0115736275612006,3.141592653589793,2.896613990462929,3.141592653589793,0.0,0.0152160660326364,0.030622332890858,0.0004791250205743,0.0032826023502757,0.0066062372298844,106.0,269.3333333333333,296.3333333333333,16164.900000000061,3.374368541872554,0.2960196702196191,0.27070881675054365,0.27070881675054365,0.029190260174002572,3.0599330992141716,0.015279466307831467,0.0034559882002448,266.0,273.0,296.0,297.0,0.0,0.0621118012418767,0.188679245284124,0.375,0.1863354037256302,0.5153882032022076,0.0115736275605312,0.0644235254002759,2.896613990462929,3.141592653589793,0.0004791250205743,0.0066062372298844,3.0,4.123105625617661,0.0,0.030622332890858,16151.5,16175.600000000091,3
106,265,264,263.0,295,295,295.0,16191.69999999972,16223.69999999972,16247.600000000091,1.4142135623730951,1.0,1.0,0.0441941738241592,0.0418410041834482,0.125,0.0621118012436731,0.03125,0.0418410041834482,0.0621118012436731,0.0,0.0,0.0013810679320049,0.0017506696310793,0.015625,2.356194490192345,3.141592653589793,3.141592653589793,0.0487824946220882,0.0245436926061702,0.0,0.0006330782378528,1.1550053096073676e-05,0.0005805159150085,107.0,264.0,295.0,16220.999999999845,1.1380711874576983,0.07034505933586914,0.04506760180904044,0.04506760180904044,0.0062522458543614,2.8797932657906435,0.024442062409419468,0.0004083814019857912,263.0,265.0,295.0,295.0,0.0,0.0621118012436731,0.03125,0.0621118012436731,0.0418410041834482,0.125,0.0013810679320049,0.015625,2.356194490192345,3.141592653589793,1.1550053096073676e-05,0.0006330782378528,1.0,1.4142135623730951,0.0,0.0487824946220882,16191.69999999972,16247.600000000091,3
107,263,262,262.0,294,293,292.0,16255.600000000091,16271.69999999972,16295.600000000091,1.0,1.4142135623730951,1.0,0.0621118012436731,0.0591721155795419,0.0414937759342513,0.0,0.0621118012436731,0.0,0.125,0.0621118012436731,0.0418410041834482,0.0038578758537335,0.002475820735507,0.0017217334412818,1.5707963267948966,2.356194490192345,1.5707963267948966,0.196349540849362,0.0487824946220882,0.0328618478403852,0.0014708905182833,8.584193281108358e-05,3.155176963236341e-05,108.0,262.3333333333333,293.0,16274.299999999968,1.1380711874576983,0.05425923091915543,0.02070393374789103,0.034650935142373766,0.0026851433435074335,1.832595714594046,0.0926646277706118,0.0005294280735755823,262.0,263.0,292.0,294.0,0.0418410041834482,0.125,0.0,0.0621118012436731,0.0414937759342513,0.0621118012436731,0.0017217334412818,0.0038578758537335,1.5707963267948966,2.356194490192345,3.155176963236341e-05,0.0014708905182833,1.0,1.4142135623730951,0.0328618478403852,0.196349540849362,16255.600000000091,16295.600000000091,3
108,262,262,262.0,291,290,289.0,16319.69999999972,16343.69999999972,16367.600000000091,1.0,1.0,1.0,0.0416666666666666,0.0418410041834482,0.0139082058414644,0.0,0.0,0.0,0.0414937759342513,0.0416666666666666,0.0418410041834482,0.0017361111111111,0.0017506696310793,0.0001934381897285,1.5707963267948966,1.5707963267948966,1.5707963267948966,0.0,0.0,0.0,5.965838103517208e-07,6.066049986759317e-07,6.515612725215541e-05,109.0,262.0,290.0,16343.666666666511,1.0,0.03247195889719307,0.0,0.013947001394482733,0.0012267396439729667,1.5707963267948966,0.0,2.2119772020394356e-05,262.0,262.0,289.0,291.0,0.0414937759342513,0.0418410041834482,0.0,0.0,0.0139082058414644,0.0418410041834482,0.0001934381897285,0.0017506696310793,1.5707963267948966,1.5707963267948966,5.965838103517208e-07,6.515612725215541e-05,1.0,1.0,0.0,0.0,16319.69999999972,16367.600000000091,3
109,262,263,264.0,287,287,286.0,16599.69999999972,16671.69999999972,16703.600000000093,2.0,1.0,1.4142135623730951,0.0277777777777777,0.031347962382079,0.0883883476483184,0.0,0.0138888888888888,0.031347962382079,0.0352733686068757,0.0,0.031347962382079,0.0003858024691358,0.0009826947455082,0.0055242717280199,1.5707963267948966,0.0,0.7853981633974483,0.0277036389206814,0.0218166156499291,0.0246206320811371,6.804276351634983e-06,8.290170505172796e-06,0.000142369184403,110.0,263.0,286.6666666666667,16658.33333333318,1.4714045207910316,0.04917136260272503,0.015078950423655932,0.025528271217682266,0.0022975896475546337,0.7853981633974483,0.02471362888391587,5.2487877086602586e-05,262.0,264.0,286.0,287.0,0.0,0.0352733686068757,0.0,0.031347962382079,0.0277777777777777,0.0883883476483184,0.0003858024691358,0.0055242717280199,0.0,1.5707963267948966,6.804276351634983e-06,0.000142369184403,1.0,2.0,0.0218166156499291,0.0277036389206814,16599.69999999972,16703.600000000093,3
110,265,265,267.0,286,285,285.0,16719.600000000093,16727.69999999972,16751.799999999814,1.0,1.0,2.0,0.1234567901291347,0.0414937759334496,0.1257861635227493,0.0625,0.0,0.0829875518668992,0.0,0.1234567901291347,0.0,0.0152415790289892,0.0017217334412153,0.0079110794668859,0.0,1.5707963267948966,0.0,0.0490873852123405,0.1939254724527332,0.0651782708211131,0.0006073317063105,0.0016691167393081,0.0002568193371637,111.0,265.6666666666667,285.3333333333333,16733.03333333321,1.3333333333333333,0.0969122431951112,0.04849585062229974,0.04849585062229974,0.008291463979030134,0.5235987755982988,0.10273037616206226,0.0008444225942607666,265.0,267.0,285.0,286.0,0.0,0.1234567901291347,0.0,0.0829875518668992,0.0414937759334496,0.1257861635227493,0.0017217334412153,0.0152415790289892,0.0,1.5707963267948966,0.0002568193371637,0.0016691167393081,1.0,2.0,0.0490873852123405,0.1939254724527332,16719.600000000093,16751.799999999814,3
111,267,268,269.0,284,284,284.0,16767.69999999972,16783.600000000093,16815.600000000093,1.0,1.0,1.0,0.0628930817595327,0.03125,0.03125,0.0,0.0628930817595327,0.03125,0.0628930817613746,0.0,0.0,0.0039555397332112,0.0009765625,0.0009765625,1.5707963267948966,0.0,0.0,0.0987922218115784,0.0987922218086851,0.0,0.0002487760838803,0.0001873570586881,0.0,112.0,268.0,284.0,16788.966666666634,1.0,0.04179769391984423,0.03138102725317757,0.03138102725317757,0.0019695549110704,0.5235987755982988,0.0658614812067545,0.00014537771418946668,267.0,269.0,284.0,284.0,0.0,0.0628930817613746,0.0,0.0628930817595327,0.03125,0.0628930817595327,0.0009765625,0.0039555397332112,0.0,1.5707963267948966,0.0,0.0002487760838803,1.0,1.0,0.0,0.0987922218115784,16767.69999999972,16815.600000000093,3
112,270,271,272.0,283,283,282.0,16847.600000000093,16927.600000000093,17023.69999999972,1.4142135623730951,1.0,1.4142135623730951,0.0176776695296636,0.0104058272633077,0.0889442492037711,0.03125,0.0125,0.0104058272633077,0.03125,0.0,0.0104058272633077,0.0002209708691207,0.0001082812410337,0.005593977937213,0.7853981633974483,0.0,0.7853981633974483,0.0245436926061702,0.0098174770424681,0.008172717621233,2.3612238464975123e-05,1.408620351087461e-06,5.708321223933921e-05,113.0,271.0,282.6666666666667,16932.966666666634,1.2761423749153966,0.0390092486655808,0.018051942421102567,0.0215205515088718,0.0019744100157891332,0.5235987755982988,0.014177962423290433,2.7368023685133932e-05,270.0,272.0,282.0,283.0,0.0,0.03125,0.0104058272633077,0.03125,0.0104058272633077,0.0889442492037711,0.0001082812410337,0.005593977937213,0.0,0.7853981633974483,1.408620351087461e-06,5.708321223933921e-05,1.0,1.4142135623730951,0.008172717621233,0.0245436926061702,16847.600000000093,17023.69999999972,3
113,273,274,279.0,282,282,278.0,17039.600000000093,17047.600000000093,17359.899999999907,1.0,1.0,6.4031242374328485,0.125,0.0032020493115613,0.021646802695865,0.0628930817595327,0.125,0.0160102465578065,0.0,0.0,0.0128081972462452,0.015625,1.0253119793670245e-05,7.318053649722338e-05,0.0,0.0,0.6747409422235526,0.0493961109043425,0.0,0.0021605537695291,0.0006308818907265,0.0019518433600257,2.0149669133394386e-07,114.0,275.3333333333333,280.6666666666667,17149.033333333366,2.801041412477616,0.049949617335808764,0.06796777610577974,0.07223717518786148,0.005236144552096964,0.2249136474078509,0.017185554891290533,0.0008609755824811779,273.0,279.0,278.0,282.0,0.0,0.0128081972462452,0.0160102465578065,0.125,0.0032020493115613,0.125,1.0253119793670245e-05,0.015625,0.0,0.6747409422235526,2.0149669133394386e-07,0.0019518433600257,1.0,6.4031242374328485,0.0,0.0493961109043425,17039.600000000093,17359.899999999907,3
114,279,278,276.0,280,286,290.0,17655.69999999972,17663.799999999814,17671.69999999972,2.0,6.082762530298219,4.47213595499958,0.2469135802440746,0.7699699405531555,0.2812664122575345,0.0,0.1234567901220373,0.2531645569650098,0.0067613252197473,0.7407407407322238,0.5063291139300197,0.0304831580544735,0.0974645494382572,0.0176897114623235,1.5707963267948966,1.7359450042095237,2.0344439357957027,0.0030292609349963,0.0203887256065096,0.0377846748847719,0.0001028058739621,0.0082693075781498,0.0100980807565663,115.0,277.6666666666667,285.3333333333333,17663.733333333086,4.184966161765932,0.4327166443515882,0.1255404490290157,0.29431682033902223,0.048545806318351405,1.7803950889333742,0.020400887142092598,0.006156731402892734,276.0,279.0,280.0,290.0,0.0067613252197473,0.7407407407322238,0.0,0.2531645569650098,0.2469135802440746,0.7699699405531555,0.0176897114623235,0.0974645494382572,1.5707963267948966,2.0344439357957027,0.0001028058739621,0.0100980807565663,2.0,6.082762530298219,0.0030292609349963,0.0377846748847719,17655.69999999972,17671.69999999972,3
115,269,256,241.0,306,327,361.0,17687.600000000093,17703.600000000093,17719.600000000093,17.46424919657298,24.698178070456937,37.16180835212409,1.0915155747858112,1.5436361294035583,2.322613022007756,0.4402515723167292,0.8125,0.9375,1.0062893081525237,1.3125,2.125,0.0682197234241132,0.0964772580877224,0.1451633138754847,1.983206768392284,2.125103822996448,1.9862884227357875,0.00322246335863,0.0088685659127602,0.0086759625162912,0.003177988173623,0.0017660959164755,0.0030428784867351,116.0,255.33333333333334,331.3333333333333,17703.600000000093,26.441411873051333,1.6525882420657085,0.7300838574389097,1.438417190772243,0.10328676512910677,2.0315330047081734,0.0069223305958937996,0.0026623208589445333,241.0,269.0,306.0,361.0,1.0062893081525237,2.125,0.4402515723167292,0.9375,1.0915155747858112,2.322613022007756,0.0682197234241132,0.1451633138754847,1.983206768392284,2.125103822996448,0.0017660959164755,0.003177988173623,17.46424919657298,37.16180835212409,0.00322246335863,0.0088685659127602,17687.600000000093,17719.600000000093,3
116,226,211,201.0,399,436,475.0,17735.600000000093,17751.799999999814,17775.600000000093,40.85339643163099,39.92492955535426,40.26164427839479,2.521814594588616,1.6775180485246035,2.5321788854484666,0.9375,0.9259259259418952,0.4201680672219582,2.375,2.2839506173233413,1.6386554621656373,0.1556675675698832,0.0704839516178534,0.159256533676937,1.9467572806662023,1.9559538331583708,1.8217990134379312,0.002470696379349,0.0005676884254522,0.0056367571310447,0.0006565158558999,0.0052582478983641,0.0037299404226067,117.0,212.66666666666666,436.6666666666667,17754.333333333332,40.34665675512668,2.243837176187229,0.7611979977212844,1.3074164851098302,0.1284693509548912,1.9081700424208348,0.0028917139786153,0.003214901392290233,201.0,226.0,399.0,475.0,1.6386554621656373,2.375,0.4201680672219582,0.9375,1.6775180485246035,2.5321788854484666,0.0704839516178534,0.159256533676937,1.8217990134379312,1.9559538331583708,0.0006565158558999,0.0052582478983641,39.92492955535426,40.85339643163099,0.0005676884254522,0.0056367571310447,17735.600000000093,17775.600000000093,3
117,200,200,205.0,495,506,512.0,17791.5,17807.600000000093,17823.600000000093,20.024984394500787,11.0,7.810249675906654,1.2437878505829163,0.6875,0.4881406047441659,0.0628930817613746,0.0,0.3125,1.2578616352274936,0.6832298136606441,0.375,0.0772539037624671,0.04296875,0.0305087877965103,1.6207547225168393,1.5707963267948966,0.8760580505981934,0.0126442950265578,0.0031030059454443,0.0434211422622939,0.0051573981078585,0.0021295126560415,0.0007787476377181,118.0,201.66666666666666,504.3333333333333,17807.566666666728,12.945078023469145,0.8064761517756941,0.12513102725379152,0.25013102725379155,0.050243813852992474,1.3558696999699764,0.019722814411432,0.0026885528005393664,200.0,205.0,495.0,512.0,0.375,1.2578616352274936,0.0,0.3125,0.4881406047441659,1.2437878505829163,0.0305087877965103,0.0772539037624671,0.8760580505981934,1.6207547225168393,0.0007787476377181,0.0051573981078585,7.810249675906654,20.024984394500787,0.0031030059454443,0.0434211422622939,17791.5,17823.600000000093,3
118,210,216,223.0,514,514,514.0,17839.600000000093,17855.600000000093,17871.5,5.385164807134504,6.0,7.0,0.3365728004459065,0.377358490568248,0.4347826086931371,0.3125,0.375,0.4402515723296227,0.125,0.0,0.0,0.0210358000278691,0.0237332384006577,0.0270051309745728,0.3805063771123649,0.0,0.0,0.0309719795928642,0.0237816485695228,0.0,0.00059206173554,0.0001685898982992,0.0002057794071656,119.0,216.33333333333334,514.0,17855.566666666728,6.128388269044835,0.3829046332357639,0.3759171907765409,0.3759171907765409,0.023924723134366537,0.12683545903745497,0.018251209387462334,0.0003221436803349333,210.0,223.0,514.0,514.0,0.0,0.125,0.3125,0.4402515723296227,0.3365728004459065,0.4347826086931371,0.0210358000278691,0.0270051309745728,0.0,0.3805063771123649,0.0001685898982992,0.00059206173554,5.385164807134504,7.0,0.0,0.0309719795928642,17839.600000000093,17871.5,3
119,233,245,259.0,515,521,527.0,17887.600000000093,17903.600000000093,17919.600000000093,10.04987562112089,13.41640786499874,15.231546211727816,0.6281172263200556,0.8385254915624212,0.9344506878467408,0.6211180124187673,0.75,0.875,0.0621118012418767,0.375,0.375,0.0392573266450034,0.0524078432226513,0.0573282630587373,0.099668652491162,0.4636476090008061,0.4048917862850834,0.0061905995335767,0.0227486847818527,0.0036722389197326,0.0007610059422583,0.0008219072861029,0.0003075262397553,120.0,245.66666666666666,521.0,17903.600000000093,12.89927656594915,0.8003644685764059,0.7487060041395891,0.8737060041395891,0.04966447764213067,0.32273601592568385,0.010870507745054,0.0006301464893721666,233.0,259.0,515.0,527.0,0.0621118012418767,0.375,0.6211180124187673,0.875,0.6281172263200556,0.9344506878467408,0.0392573266450034,0.0573282630587373,0.099668652491162,0.4636476090008061,0.0003075262397553,0.0008219072861029,10.04987562112089,15.231546211727816,0.0036722389197326,0.0227486847818527,17887.600000000093,17919.600000000093,3
120,269,278,280.0,533,538,539.0,17935.899999999907,17959.600000000093,17975.600000000093,11.6619037896906,10.295630140987,2.23606797749979,0.4920634510379302,0.6434768838116876,0.0927829036321308,0.613496932522348,0.3797468354400534,0.125,0.3680981595134088,0.210970464133363,0.0625,0.0207621709297073,0.0402173052382304,0.0038499130138408,0.5404195002705842,0.507098504392337,0.4636476090008061,0.008314583680187,0.0014059491931639,0.0027156809619706,0.0022433185355489,0.0008208917429692,0.0022729620140243,121.0,275.6666666666667,536.6666666666666,17957.033333333366,8.064533969392462,0.4094410794939162,0.37274792265413376,0.3935812559874671,0.021609796393926167,0.5037218712212425,0.004145404611773834,0.0017790574308474665,269.0,280.0,533.0,539.0,0.0625,0.3680981595134088,0.125,0.613496932522348,0.0927829036321308,0.6434768838116876,0.0038499130138408,0.0402173052382304,0.4636476090008061,0.5404195002705842,0.0008208917429692,0.0022729620140243,2.23606797749979,11.6619037896906,0.0014059491931639,0.008314583680187,17935.899999999907,17975.600000000093,3
121,281,281,282.0,540,541,542.0,17999.69999999972,18007.69999999972,18023.69999999972,1.4142135623730951,1.0,1.4142135623730951,0.1767766952966369,0.0625,0.1790143749754945,0.0414937759342513,0.0,0.0625,0.0414937759342513,0.125,0.0625,0.0220970869120796,0.00390625,0.0226600474641839,0.7853981633974483,1.5707963267948966,0.7853981633974483,0.0133506454108554,0.098174770424681,0.0490873852123405,0.0007571441451668,0.0022738546140099,0.0011721123415114,122.0,281.3333333333333,541.0,18010.36666666639,1.2761423749153966,0.13943035675737714,0.03466459197808377,0.0554979253114171,0.016221128125421164,1.0471975511965976,0.0535376003492923,0.0014010370335627,281.0,282.0,540.0,542.0,0.0414937759342513,0.125,0.0,0.0625,0.0625,0.1790143749754945,0.00390625,0.0226600474641839,0.7853981633974483,1.5707963267948966,0.0007571441451668,0.0022738546140099,1.0,1.4142135623730951,0.0133506454108554,0.098174770424681,17999.69999999972,18023.69999999972,3
122,284,284,284.0,545,548,550.0,18031.600000000093,18055.5,18071.600000000093,3.605551275463989,3.0,2.0,0.1508598860032652,0.1863354037256302,0.25,0.2531645569500872,0.0,0.0,0.3797468354251307,0.1255230125527904,0.1242236024837534,0.0063121291215001,0.0115736275605312,0.03125,0.982793723247329,1.5707963267948966,1.5707963267948966,0.0249867797266547,0.0246026193953915,0.0,0.0020693567521408,0.0002201463782029,0.0012221349341214,123.0,284.0,547.6666666666666,18052.900000000063,2.86851709182133,0.19573176324296515,0.08438818565002908,0.12579605314461353,0.0163785855606771,1.3747954589457076,0.016529799707348733,0.0011705460214883666,284.0,284.0,545.0,550.0,0.1242236024837534,0.3797468354251307,0.0,0.2531645569500872,0.1508598860032652,0.25,0.0063121291215001,0.03125,0.982793723247329,1.5707963267948966,0.0002201463782029,0.0020693567521408,2.0,3.605551275463989,0.0,0.0249867797266547,18031.600000000093,18071.600000000093,3
123,284,284,282.0,551,553,553.0,18079.600000000093,18103.799999999814,18151.600000000093,1.0,2.0,2.0,0.0413223140500638,0.0418410041838558,0.1242236024873463,0.0,0.0,0.0418410041838558,0.125,0.0826446281001277,0.0,0.0017075336384521,0.0008753348155567,0.0077157517074671,1.5707963267948966,1.5707963267948966,3.141592653589793,0.0,0.0,0.0328618478407053,0.0036928082951934,3.43883811117765e-05,0.0001431049558968,124.0,283.3333333333333,552.3333333333334,18111.666666666668,1.6666666666666667,0.0691289735737553,0.0139470013946186,0.0139470013946186,0.003432873387158633,2.0943951023931953,0.010953949280235098,0.0012901005440673255,282.0,284.0,551.0,553.0,0.0,0.125,0.0,0.0418410041838558,0.0413223140500638,0.1242236024873463,0.0008753348155567,0.0077157517074671,1.5707963267948966,3.141592653589793,3.43883811117765e-05,0.0036928082951934,1.0,2.0,0.0,0.0328618478407053,18079.600000000093,18151.600000000093,3
124,281,280,280.0,554,555,556.0,18167.69999999972,18191.69999999972,18223.69999999972,1.4142135623730951,1.4142135623730951,1.0,0.0589255650988789,0.0441941738241592,0.0418410041834482,0.0621118012436731,0.0416666666666666,0.0,0.0621118012436731,0.0416666666666666,0.03125,0.0024552318791199,0.0013810679320049,0.0017506696310793,2.356194490192345,2.356194490192345,1.5707963267948966,0.0487824946220882,0.0,0.0245436926061702,0.0003267403620167,4.475683112979088e-05,1.1550053096073676e-05,125.0,280.3333333333333,555.0,18194.36666666639,1.2761423749153968,0.04832024770216211,0.0345928226367799,0.045009489303446566,0.0018623231474013669,2.0943951023931953,0.024442062409419468,0.00012768241541418818,280.0,281.0,554.0,556.0,0.03125,0.0621118012436731,0.0,0.0621118012436731,0.0418410041834482,0.0589255650988789,0.0013810679320049,0.0024552318791199,1.5707963267948966,2.356194490192345,1.1550053096073676e-05,0.0003267403620167,1.0,1.4142135623730951,0.0,0.0487824946220882,18167.69999999972,18223.69999999972,3
125,280,278,278.0,557,550,549.0,18247.600000000093,18591.69999999972,18599.799999999814,1.0,7.280109889280518,1.0,0.0083333333333333,0.8987789986662732,0.0420168067221958,0.0,0.0206825232678984,0.0,0.0418410041834482,0.0723888314376445,0.1234567901220373,6.944444444444444e-05,0.1109603702044369,0.0017654120471303,1.5707963267948966,1.849095985800008,1.5707963267948966,0.0,0.0191219853754431,0.0343579825928285,7.034415006730894e-05,0.0011474702192839,0.0134808590316112,126.0,278.6666666666667,552.0,18479.699999999877,3.093369963093506,0.3163763795739341,0.0068941744226328,0.048046437796645226,0.03759840889867055,1.6635628797966004,0.017826655989423866,0.004899557800320802,278.0,280.0,549.0,557.0,0.0418410041834482,0.1234567901220373,0.0,0.0206825232678984,0.0083333333333333,0.8987789986662732,6.944444444444444e-05,0.1109603702044369,1.5707963267948966,1.849095985800008,7.034415006730894e-05,0.0134808590316112,1.0,7.280109889280518,0.0,0.0343579825928285,18247.600000000093,18599.799999999814,3
126,277,277,276.0,547,546,544.0,18623.600000000093,18631.69999999972,18655.5,2.23606797749979,1.0,2.23606797749979,0.2760577750126703,0.0420168067221958,0.2830465794336899,0.0420168067221958,0.0,0.0420168067221958,0.0840336134443916,0.1234567901291347,0.0840336134443916,0.0340812067932551,0.0017654120471303,0.0358286809413957,2.0344439357957027,1.5707963267948966,2.0344439357957027,0.019480991974595,0.0572404455582876,0.019480991974595,0.001357806501922,0.0039896042898285,0.0014312297854565,127.0,276.6666666666667,545.6666666666666,18636.933333333272,1.8240453183331933,0.2003737203895187,0.028011204481463867,0.05602240896292773,0.023891766593927038,1.879894732795434,0.03206747650249254,0.002259546859069,276.0,277.0,544.0,547.0,0.0840336134443916,0.1234567901291347,0.0,0.0420168067221958,0.0420168067221958,0.2830465794336899,0.0017654120471303,0.0358286809413957,1.5707963267948966,2.0344439357957027,0.001357806501922,0.0039896042898285,1.0,2.23606797749979,0.019480991974595,0.0572404455582876,18623.600000000093,18655.5,3
127,276,276,276.0,543,539,536.0,18663.399999999907,18695.600000000093,18711.5,1.0,4.0,3.0,0.0310559006209383,0.2515723270454987,0.1863354037256302,0.0,0.0,0.0,0.1265822784825049,0.1242236024837534,0.188679245284124,0.0009644689633776,0.0158221589337718,0.0115736275605312,1.5707963267948966,1.5707963267948966,1.5707963267948966,0.0586895707602876,0.0,0.0,0.0044131913896745,0.0004614189431772,0.0002672032310229,128.0,276.0,539.3333333333334,18690.166666666668,2.6666666666666665,0.1563212104640224,0.0,0.06289308176137466,0.009453418485893534,1.5707963267948966,0.0195631902534292,0.0017139378546248668,276.0,276.0,536.0,543.0,0.1242236024837534,0.188679245284124,0.0,0.0,0.0310559006209383,0.2515723270454987,0.0009644689633776,0.0158221589337718,1.5707963267948966,1.5707963267948966,0.0002672032310229,0.0044131913896745,1.0,4.0,0.0,0.0586895707602876,18663.399999999907,18711.5,3
128,276,276,279.0,532,526,521.0,18727.600000000093,18743.5,18759.600000000093,4.0,6.0,5.830951894845301,0.2515723270454987,0.3726708074512604,0.3644344934278313,0.0,0.0,0.1863354037256302,0.2484472049675069,0.377358490568248,0.3105590062093836,0.0158221589337718,0.0231472551210624,0.0227771558392394,1.5707963267948966,1.5707963267948966,1.0303768265243125,0.0,0.0,0.0335664285880408,0.0002638839362246,0.0004606978734171,2.2987533032348124e-05,129.0,277.0,526.3333333333334,18743.566666666728,5.276983964948434,0.3295592093081968,0.062111801241876735,0.16563146997833791,0.0205821899646912,1.3906564933713685,0.011188809529346934,0.0002491897808913494,276.0,279.0,521.0,532.0,0.2484472049675069,0.377358490568248,0.0,0.1863354037256302,0.2515723270454987,0.3726708074512604,0.0158221589337718,0.0231472551210624,1.0303768265243125,1.5707963267948966,2.2987533032348124e-05,0.0004606978734171,4.0,6.0,0.0,0.0335664285880408,18727.600000000093,18759.600000000093,3
129,280,284,293.0,515,507,494.0,18775.600000000093,18791.600000000093,18807.69999999972,6.082762530298219,8.94427190999916,15.811388300841896,0.3801726581436387,0.555544839143237,1.0007207785166012,0.0625,0.25,0.5590062111930587,0.375,0.5,0.8074534161677516,0.0237607911339774,0.0345058906308131,0.063336758132842,1.40564764938027,1.1071487177940904,0.9652516631899266,0.0234544264284973,0.0186561832241362,0.0088134816526364,6.14772059211227e-05,0.0006715687185522,0.0017907371119686,130.0,285.6666666666667,505.3333333333333,18791.633333333302,10.279474247046425,0.6454794252678256,0.2905020703976862,0.5596532091202701,0.040534479965877494,1.1593493434547624,0.01697469710175663,0.0008412610121473076,280.0,293.0,494.0,515.0,0.375,0.8074534161677516,0.0625,0.5590062111930587,0.3801726581436387,1.0007207785166012,0.0237607911339774,0.063336758132842,0.9652516631899266,1.40564764938027,6.14772059211227e-05,0.0017907371119686,6.082762530298219,15.811388300841896,0.0088134816526364,0.0234544264284973,18775.600000000093,18807.69999999972,3
130,305,321,339.0,476,455,428.0,18823.5,18839.69999999972,18855.799999999814,21.633307652783937,26.40075756488817,32.449961479175904,1.3353893613059902,1.6397986065053076,1.3634437596132338,0.7594936708726455,0.987654321004688,1.1180124223537813,1.1392405063089683,1.296296296318653,1.6770186335306718,0.082431442057347,0.1018508451239641,0.0572875529242532,0.982793723247329,0.9197196053504167,0.982793723247329,0.0011102569656387,0.0038934640677777,0.0039176470743197,0.0012085242989979,0.0011987285843797,0.0027679063477921,131.0,321.6666666666667,453.0,18839.66666666651,26.82800889894934,1.4462105758081771,0.9550534714103716,1.514059682587262,0.08052328003518809,0.9617690172816916,0.0029737893692453666,0.0017250530770565667,305.0,339.0,428.0,476.0,1.1392405063089683,1.6770186335306718,0.7594936708726455,1.1180124223537813,1.3353893613059902,1.6397986065053076,0.0572875529242532,0.1018508451239641,0.9197196053504167,0.982793723247329,0.0011987285843797,0.0027679063477921,21.633307652783937,32.449961479175904,0.0011102569656387,0.0039176470743197,18823.5,18855.799999999814,3
131,367,394,425.0,383,342,291.0,18879.600000000093,18895.5,18911.69999999972,53.0,49.09175083453431,59.682493245507096,3.333333333352858,3.030354989838332,3.753615927302438,1.1764705882214832,1.6981132075571164,1.9135802469465832,1.890756302498812,2.5786163522163617,3.148148148202443,0.2096436058724768,0.1870589499932466,0.2360764734097165,1.014197008784674,0.9884433806509134,1.0246297633611088,0.0013194657788645,0.0016197250398686,0.0022337273278283,0.0064015148296821,0.0014204186087649,0.0030257730504515,132.0,395.3333333333333,338.6666666666667,18895.599999999937,53.92474802668047,3.3724347501645426,1.5960546809083944,2.6454373969758755,0.21092634309181327,1.009090050932232,0.0017243060488538002,0.003615902162966166,367.0,425.0,291.0,383.0,1.890756302498812,3.148148148202443,1.1764705882214832,1.9135802469465832,3.030354989838332,3.753615927302438,0.1870589499932466,0.2360764734097165,0.9884433806509134,1.0246297633611088,0.0014204186087649,0.0064015148296821,49.09175083453431,59.682493245507096,0.0013194657788645,0.0022337273278283,18879.600000000093,18911.69999999972,3
132,450,465,465.0,234,188,149.0,18927.600000000093,18943.600000000093,18959.600000000093,62.24146527838174,48.38388161361178,39.0,3.8900915798988582,3.023992600850736,2.4528301886936124,1.5723270439883184,0.9375,0.0,3.5849056602933658,2.875,2.4375,0.2431307237436786,0.188999537553171,0.1542660496042754,1.1574659222555688,1.2555816270441855,1.5707963267948966,0.0083544754019715,0.0061322315492885,0.0197009187344194,0.000443663543006,0.0033831991369067,0.0021708429968059,133.0,460.0,190.33333333333334,18943.600000000093,49.8751156306645,3.122304789814402,0.8366090146627728,1.6491090146627727,0.19546543696704166,1.327947958698217,0.011395875228559801,0.0019992352255728666,450.0,465.0,149.0,234.0,2.4375,3.5849056602933658,0.0,1.5723270439883184,2.4528301886936124,3.8900915798988582,0.1542660496042754,0.2431307237436786,1.1574659222555688,1.5707963267948966,0.000443663543006,0.0033831991369067,39.0,62.24146527838174,0.0061322315492885,0.0197009187344194,18927.600000000093,18959.600000000093,3
133,463,459,459.0,111,83,62.0,18975.5,18991.600000000093,19007.5,38.05259518088089,28.284271247461906,21.0,2.3635152286124703,1.7788849841275205,1.3043478260794117,0.1257861635227493,0.2484472049675069,0.0,2.389937106932238,1.7391304347725485,1.3207547169888685,0.1468021881117266,0.1118795587508138,0.0810153929237184,1.6233793884058385,1.7126933813990606,1.5707963267948966,0.0033071107931603,0.0055474529809133,0.0089243430569179,0.0004694252511064,0.0021691074137087,0.0019411425048601,134.0,460.3333333333333,85.33333333333333,18991.533333333366,29.112288809447602,1.8155826796064678,0.12474445616341874,0.5649960284930415,0.11323237992875294,1.6356230321999317,0.005926302276997167,0.0015265583898917334,459.0,463.0,62.0,111.0,1.3207547169888685,2.389937106932238,0.0,0.2484472049675069,1.3043478260794117,2.3635152286124703,0.0810153929237184,0.1468021881117266,1.5707963267948966,1.7126933813990606,0.0004694252511064,0.0021691074137087,21.0,38.05259518088089,0.0033071107931603,0.0089243430569179,18975.5,19007.5,3
134,459,459,459.0,46,30,15.0,19023.600000000093,19039.600000000093,19055.69999999972,16.0,16.0,15.0,1.0,0.9937888198987712,1.875,0.0,0.0,0.0,0.9937888198700278,1.0,0.931677018655098,0.0625,0.061726013659737,0.234375,1.5707963267948966,1.5707963267948966,1.5707963267948966,0.0,0.0,0.0,0.0011500244051932,4.83741462664368e-05,0.010723539524488,135.0,459.0,30.333333333333332,19039.633333333302,15.666666666666666,1.2895962732995905,0.0,0.310559006218366,0.11953367121991233,1.5707963267948966,0.0,0.003973979358649213,459.0,459.0,15.0,46.0,0.931677018655098,1.0,0.0,0.0,0.9937888198987712,1.875,0.061726013659737,0.234375,1.5707963267948966,1.5707963267948966,4.83741462664368e-05,0.010723539524488,15.0,16.0,0.0,0.0,19023.600000000093,19055.69999999972,3
135,459,0,0.0,6,35,102.0,19063.69999999972,19224.100000000093,19234.100000000093,9.0,459.91520957672185,67.0,0.0561097256856552,45.991520957672186,5.000000000034751,0.0,2.8615960099684163,0.0,1.125,0.1807980049871112,6.7,0.000349811257391,4.599152095767218,0.3731343283633956,1.5707963267948966,3.078495693691012,1.5707963267948966,0.0,0.0093996219881085,0.1507699366896115,0.0292531485928261,0.0286708371851567,0.4226017767403823,136.0,153.0,47.666666666666664,19173.966666666634,178.63840319224062,17.0158768944642,0.9538653366561388,3.1871986699894723,1.6575454117960016,2.073362782426935,0.053389852892573336,0.16017525417278836,0.0,459.0,6.0,102.0,0.1807980049871112,6.7,0.0,2.8615960099684163,0.0561097256856552,45.991520957672186,0.000349811257391,4.599152095767218,1.5707963267948966,3.078495693691012,0.0286708371851567,0.4226017767403823,9.0,459.91520957672185,0.0,0.1507699366896115,19063.69999999972,19234.100000000093,3
136,0,0,0.0,273,450,650.0,19247.5,19263.600000000093,19279.600000000093,171.0,177.0,200.0,10.62111801236092,11.0625,1.182732111179424,0.0,0.0,0.0,12.76119402993944,10.99378881981218,12.5,0.6596967709502783,0.69140625,0.0069942762340746,1.5707963267948966,1.5707963267948966,1.5707963267948966,0.0,0.0,0.0,0.0213852569096174,0.0019695328602197,0.0427757483603703,137.0,0.0,457.6666666666667,19263.566666666728,182.66666666666666,7.622116707846781,0.0,4.166666666666667,0.452699099061451,1.5707963267948966,0.0,0.022043512710069133,0.0,0.0,273.0,650.0,10.99378881981218,12.76119402993944,0.0,0.0,1.182732111179424,11.0625,0.0069942762340746,0.69140625,1.5707963267948966,1.5707963267948966,0.0019695328602197,0.0427757483603703,171.0,200.0,0.0,0.0,19247.5,19279.600000000093,3
137,1365,1365,1365.0,632,571,525.0,19448.69999999972,19463.5,19479.5,1365.1186761596955,61.0,46.0,92.23774838742736,3.8125,2.8395061728884783,8.07214665879957,0.0,0.0,0.1064458900061481,4.121621621543813,2.875,6.232280296330139,0.23828125,0.1752781588232994,0.0131860489059287,1.5707963267948966,1.5707963267948966,0.0092111784618119,0.1052439376932137,0.0,0.0368142283862198,0.4049999355552016,0.0039376931985437,138.0,1365.0,576.0,19463.899999999907,490.70622538656517,32.96325152010528,2.69071555293319,3.6490488862665234,2.2152799017178126,1.0515929008319074,0.03815170538500853,0.14858395237998837,1365.0,1365.0,525.0,632.0,0.1064458900061481,4.121621621543813,0.0,8.07214665879957,2.8395061728884783,92.23774838742736,0.1752781588232994,6.232280296330139,0.0131860489059287,1.5707963267948966,0.0039376931985437,0.4049999355552016,46.0,1365.1186761596955,0.0,0.1052439376932137,19448.69999999972,19479.5,3
138,1365,1365,1365.0,509,500,495.0,19495.69999999972,19511.600000000093,19527.600000000093,16.0,9.0,5.0,1.0062893081525237,0.5625,0.3105590062183659,0.0,0.0,0.0,0.987654321004688,0.5660377358357946,0.3125,0.0632886357313803,0.03515625,0.0192893792686678,1.5707963267948966,1.5707963267948966,1.5707963267948966,0.0,0.0,0.0,0.0069129335243117,0.0017693324358944,0.0009916794207082,139.0,1365.0,501.3333333333333,19511.633333333302,10.0,0.6264494381236299,0.0,0.10416666666666667,0.039244755000016035,1.5707963267948966,0.0,0.0032246484603047666,1365.0,1365.0,495.0,509.0,0.3125,0.987654321004688,0.0,0.0,0.3105590062183659,1.0062893081525237,0.0192893792686678,0.0632886357313803,1.5707963267948966,1.5707963267948966,0.0009916794207082,0.0069129335243117,5.0,16.0,0.0,0.0,19495.69999999972,19527.600000000093,3
139,1363,1352,1333.0,486,475,467.0,19543.69999999972,19559.600000000093,19575.69999999972,9.219544457292889,15.556349186104043,20.615528128088304,0.5798455633381684,0.9662328687244718,1.2804675855881398,0.1242236024873463,0.6918238993548601,1.1801242236297906,0.5590062111930587,0.6918238993548601,0.4968944099493855,0.0364682744229297,0.0600144638973185,0.0795321481727163,1.7894652726688385,2.356194490192345,2.743070207923373,0.0135819221042858,0.0356433470132218,0.024029547685713,0.0010670121214074,0.0014808924197381,0.0012122785264502,140.0,1349.3333333333333,476.0,19559.66666666651,15.130473923828413,0.9421820058835934,0.6653905751573324,0.8310220451404607,0.058671628830988164,2.2962433235948523,0.0244182722677402,0.0012533943558652335,1333.0,1363.0,467.0,486.0,0.4968944099493855,0.6918238993548601,0.1242236024873463,1.1801242236297906,0.5798455633381684,1.2804675855881398,0.0364682744229297,0.0795321481727163,1.7894652726688385,2.743070207923373,0.0010670121214074,0.0014808924197381,9.219544457292889,20.615528128088304,0.0135819221042858,0.0356433470132218,19543.69999999972,19575.69999999972,3
140,1326,1324,1331.0,467,467,480.0,19591.799999999814,19607.600000000093,19631.5,7.0,2.0,14.7648230602334,0.4430379746757099,0.0836820083685269,0.9228014412645876,0.4347826086931371,0.1265822784787742,0.2928870292898442,0.0,0.0,0.543933054395425,0.0280403781435364,0.0035013392622951,0.0576750900790367,3.141592653589793,3.141592653589793,1.0768549578753157,0.0247529469356593,0.0,0.0863906985657959,0.0031982465856448,0.0015531037266333,0.0022666841346005,141.0,1327.0,471.3333333333333,19610.29999999997,7.9216076867444665,0.48317380810294147,0.2847506388205852,0.4660616569523935,0.0297389358282894,2.4533467550183006,0.0370478818338184,0.0023393448156262004,1324.0,1331.0,467.0,480.0,0.0,0.543933054395425,0.1265822784787742,0.4347826086931371,0.0836820083685269,0.9228014412645876,0.0035013392622951,0.0576750900790367,1.0768549578753157,3.141592653589793,0.0015531037266333,0.0031982465856448,2.0,14.7648230602334,0.0,0.0863906985657959,19591.799999999814,19631.5,3
141,1348,1365,1365.0,487,490,485.0,19647.5,19655.69999999972,19687.69999999972,18.384776310850235,17.26267650163207,5.0,2.2420458916434947,0.5394586406760021,0.1572327044011342,1.0625,2.073170731777956,0.0,0.4375,0.365853658549051,0.15625,0.2734202306975472,0.016858082521125,0.0049444246666588,0.3906070436976868,0.1746721990082397,1.5707963267948966,0.0428904946361018,0.0263335176459517,0.043628878993333,0.0134840712886569,0.0312880668518492,0.000372301807952,142.0,1359.3333333333333,487.3333333333333,19663.633333333146,13.5491509374941,0.9795790789068771,1.0452235772593188,1.097306910592652,0.0984075792951103,0.7120251898336076,0.037617630425128834,0.015048146649486033,1348.0,1365.0,485.0,490.0,0.15625,0.4375,0.0,2.073170731777956,0.1572327044011342,2.2420458916434947,0.0049444246666588,0.2734202306975472,0.1746721990082397,1.5707963267948966,0.000372301807952,0.0312880668518492,5.0,18.384776310850235,0.0263335176459517,0.043628878993333,19647.5,19687.69999999972,3
142,1365,1365,1363.0,483,481,481.0,19719.5,19743.600000000093,19791.69999999972,2.0,2.0,2.0,0.0829875518668992,0.0415800415803636,0.0836820083668964,0.0,0.0,0.0415800415803636,0.0628930817604537,0.0829875518668992,0.0,0.0034434668824306,0.0008644499289123,0.0035013392621586,1.5707963267948966,1.5707963267948966,3.141592653589793,0.0,0.0,0.0326568882912071,4.7199930321228345e-05,0.0001070131515978,5.482098405959887e-05,143.0,1364.3333333333333,481.6666666666667,19751.599999999937,2.0,0.06941653393805307,0.0138600138601212,0.0138600138601212,0.0026030853578338335,2.0943951023931953,0.010885629430402367,6.967802199287573e-05,1363.0,1365.0,481.0,483.0,0.0,0.0829875518668992,0.0,0.0415800415803636,0.0415800415803636,0.0836820083668964,0.0008644499289123,0.0035013392621586,1.5707963267948966,3.141592653589793,4.7199930321228345e-05,0.0001070131515978,2.0,2.0,0.0,0.0326568882912071,19719.5,19791.69999999972,3
143,1348,1312,1241.0,492,522,557.0,19815.600000000093,19831.600000000093,19847.69999999972,18.601075237738275,46.86149805543992,79.1580697086532,1.1625672023586422,2.9106520532002627,4.9784949501131175,0.6276150627517236,2.25,4.409937888300797,0.4602510460179306,1.875,2.173913043528562,0.0726604501474151,0.180785841817864,0.3131128899368851,2.5088438185876103,2.44685437739309,2.6835947019925714,0.0264748466523983,0.0038743400746575,0.0147043679878856,0.0028936866478735,0.006757836979403,0.0082190713119306,144.0,1300.3333333333333,523.6666666666666,19831.633333333302,48.20688100061047,3.0172380685573406,2.4291843170175067,3.153821998193694,0.18885306063405474,2.5464309659910906,0.015017851571647131,0.005956864979735701,1241.0,1348.0,492.0,557.0,0.4602510460179306,2.173913043528562,0.6276150627517236,4.409937888300797,1.1625672023586422,4.9784949501131175,0.0726604501474151,0.3131128899368851,2.44685437739309,2.6835947019925714,0.0028936866478735,0.0082190713119306,18.601075237738275,79.1580697086532,0.0038743400746575,0.0264748466523983,19815.600000000093,19847.69999999972,3
144,1179,1161,1152.0,596,622,639.0,19863.600000000093,19879.600000000093,19895.5,73.24616030891995,31.622776601683796,19.235384061671343,4.577885019307497,1.9888538743313848,1.202211503854459,3.8993710690910297,1.125,0.566037735852372,2.4528301886217765,1.625,1.0691823899433694,0.2861178137067185,0.1250851493297506,0.0751382189909036,2.5800989903226945,2.1763409903998667,2.0576955586061656,0.0065091642558145,0.0252348749951767,0.0074619768424148,0.0016978035364486,0.0100645415235604,0.0031413163735307,145.0,1164.0,619.0,19879.566666666728,41.36810699075836,2.58965013249778,1.863469601647801,2.2198637316289243,0.16211372734245758,2.2713785131095756,0.013068672031135334,0.004967887144513233,1152.0,1179.0,596.0,639.0,1.0691823899433694,2.4528301886217765,0.566037735852372,3.8993710690910297,1.202211503854459,4.577885019307497,0.0751382189909036,0.2861178137067185,2.0576955586061656,2.5800989903226945,0.0016978035364486,0.0100645415235604,19.235384061671343,73.24616030891995,0.0065091642558145,0.0252348749951767,19863.600000000093,19895.5,3
145,1147,1140,1125.0,647,649,652.0,19911.5,19927.5,19943.600000000093,9.433981132056603,7.280109889280518,15.297058540778355,0.5896238207535377,0.4521807384620128,0.9442628729038384,0.3125,0.4375,0.931677018628151,0.5,0.125,0.1863354037256302,0.0368514887970961,0.0280857601527575,0.058287831661736,2.129395642138459,2.8632929945846817,2.9441970937399127,0.0044812552207683,0.0458685845278889,0.0050250993263827,0.0023929206371129,0.0005478580402711,0.0018759050626586,146.0,1137.3333333333333,649.3333333333334,19927.533333333366,10.670383187371826,0.6620224773731297,0.5605590062093837,0.6226708074512605,0.041075026870529864,2.645628576821018,0.0184583130250133,0.0016055612466808666,1125.0,1147.0,647.0,652.0,0.125,0.5,0.3125,0.931677018628151,0.4521807384620128,0.9442628729038384,0.0280857601527575,0.058287831661736,2.129395642138459,2.9441970937399127,0.0005478580402711,0.0023929206371129,7.280109889280518,15.297058540778355,0.0044812552207683,0.0458685845278889,19911.5,19943.600000000093,3
146,1116,1115,1114.0,654,655,655.0,19959.799999999814,19968.100000000093,20031.69999999972,9.219544457292889,1.4142135623730951,1.0,1.1107884887930766,0.022236062301594,0.0632911392393871,0.555555555565137,0.1204819277067876,0.0157232704403436,0.123456790125586,0.1204819277067876,0.0,0.1338299384042993,0.0003496236210962,0.0040057683062194,2.922923707715851,2.356194490192345,3.141592653589793,0.0013131719768165,0.0682806286149914,0.0123490277264473,0.0046630930088806,0.0160819656359891,5.748655165321717e-05,147.0,1115.0,654.6666666666666,19986.53333333321,3.8779193398886616,0.3987718967780192,0.2305869179040894,0.2305869179040894,0.046061776777204966,2.8069036171659967,0.02731427610608507,0.006934181732174306,1114.0,1116.0,654.0,655.0,0.0,0.123456790125586,0.0157232704403436,0.555555555565137,0.022236062301594,1.1107884887930766,0.0003496236210962,0.1338299384042993,2.356194490192345,3.141592653589793,5.748655165321717e-05,0.0160819656359891,1.0,9.219544457292889,0.0013131719768165,0.0682806286149914,19959.799999999814,20031.69999999972,3
147,1113,1113,1113.0,655,653,647.0,20047.5,20063.69999999972,20079.5,1.0,2.0,6.0,0.061728395062793,0.1265822784787742,0.375,0.0632911392393871,0.0,0.0,0.0,0.123456790125586,0.3797468354363227,0.0038103947570282,0.0080115366124389,0.0234375,3.141592653589793,1.5707963267948966,1.5707963267948966,0.0,0.0969627362235794,0.0,1.2365414505556118e-05,0.0002593297441656,0.0009763267966638,148.0,1113.0,651.6666666666666,20063.566666666575,3.0,0.18777022451385572,0.021097046413129036,0.14767932489190327,0.011753143789822368,2.0943951023931953,0.03232091207452647,0.00041600731844498536,1113.0,1113.0,647.0,655.0,0.0,0.3797468354363227,0.0,0.0632911392393871,0.061728395062793,0.375,0.0038103947570282,0.0234375,1.5707963267948966,3.141592653589793,1.2365414505556118e-05,0.0009763267966638,1.0,6.0,0.0,0.0969627362235794,20047.5,20079.5,3
148,1117,1122,1127.0,640,627,620.0,20095.5,20111.600000000093,20127.600000000093,8.06225774829855,13.92838827718412,8.602325267042627,0.5007613508231001,0.8705242673240075,0.5310077325426537,0.25,0.3105590062093836,0.3125,0.4375,0.8074534161443975,0.4375,0.0311031894919381,0.0544077667077504,0.0327782550957908,1.0516502125483738,1.2036224929766774,0.9505468408120752,0.0324466321404076,0.0094392720762375,0.0158172282602876,0.0004791055932461,0.0014474892680545,0.0013518444757474,149.0,1122.0,629.0,20111.566666666728,10.197657097508431,0.6340977835632537,0.2910196687364612,0.43685300206979455,0.0394297370984931,1.068606515445709,0.0192343774923109,0.0010928131123493334,1117.0,1127.0,620.0,640.0,0.4375,0.8074534161443975,0.25,0.3125,0.5007613508231001,0.8705242673240075,0.0311031894919381,0.0544077667077504,0.9505468408120752,1.2036224929766774,0.0004791055932461,0.0014474892680545,8.06225774829855,13.92838827718412,0.0094392720762375,0.0324466321404076,20095.5,20127.600000000093,3
149,1134,1141,1150.0,613,608,603.0,20143.799999999814,20159.69999999972,20183.5,9.899494936611664,8.602325267042627,10.295630140987,0.6226097444446321,0.3614422381067916,0.6355327247632448,0.432098765439551,0.4402515723296227,0.3781512604997624,0.432098765439551,0.3144654088068734,0.2100840336109791,0.0391578455627848,0.0151866486597709,0.0392304151095188,0.7853981633974483,0.6202494859828215,0.507098504392337,0.0101943628035478,0.010386709271421,0.0047542429239141,0.0003938018806854,0.0015076224467392,0.0010102422877926,150.0,1141.6666666666667,608.0,20162.33333333318,9.59915011488043,0.5398615691048896,0.41683386608964534,0.48686187729330505,0.031191636444024836,0.6375820512575355,0.008445104999627634,0.0009705555384057334,1134.0,1150.0,603.0,613.0,0.2100840336109791,0.432098765439551,0.3781512604997624,0.4402515723296227,0.3614422381067916,0.6355327247632448,0.0151866486597709,0.0392304151095188,0.507098504392337,0.7853981633974483,0.0003938018806854,0.0015076224467392,8.602325267042627,10.295630140987,0.0047542429239141,0.010386709271421,20143.799999999814,20183.5,3
150,1151,1152,1153.0,602,602,601.0,20199.69999999972,20215.600000000093,20231.69999999972,1.4142135623730951,1.0,1.4142135623730951,0.0889442492037711,0.0621118012436731,0.1767766952966369,0.061728395062793,0.0628930817595327,0.0621118012436731,0.061728395062793,0.0,0.0621118012436731,0.005593977937213,0.0038578758537335,0.0220970869120796,0.7853981633974483,0.0,0.7853981633974483,0.017178991296908,0.0493961109043425,0.0487824946220882,0.0020763232822769,0.0001091888102791,0.0011328702520973,151.0,1152.0,601.6666666666666,20215.66666666651,1.2761423749153966,0.10927758191469368,0.062244426021999595,0.08294835976989064,0.010516313567675366,0.5235987755982988,0.038452532274446234,0.0011061274482177667,1151.0,1153.0,601.0,602.0,0.0,0.0621118012436731,0.061728395062793,0.0628930817595327,0.0621118012436731,0.1767766952966369,0.0038578758537335,0.0220970869120796,0.0,0.7853981633974483,0.0001091888102791,0.0020763232822769,1.0,1.4142135623730951,0.017178991296908,0.0493961109043425,20199.69999999972,20231.69999999972,3
151,1154,1155,1158.0,600,598,593.0,20239.69999999972,20263.600000000093,20279.600000000093,1.4142135623730951,2.23606797749979,5.830951894845301,0.0591721155795419,0.1397542485937368,0.3667265342691481,0.125,0.0418410041834482,0.1875,0.125,0.0836820083668964,0.3125,0.002475820735507,0.0087346405371085,0.0230645619038551,0.7853981633974483,1.1071487177940904,1.0303768265243125,0.0,0.0134623662925366,0.0047982432043611,0.0024526582720715,0.0002618753055022,0.0008956200854216,152.0,1155.6666666666667,597.0,20260.966666666634,3.1604111449060617,0.18855096614747557,0.11811366806114941,0.22228033472781608,0.011425007725490202,0.9743079025719504,0.006086869832299234,0.0012033845543317665,1154.0,1158.0,593.0,600.0,0.0836820083668964,0.3125,0.0418410041834482,0.1875,0.0591721155795419,0.3667265342691481,0.002475820735507,0.0230645619038551,0.7853981633974483,1.1071487177940904,0.0002618753055022,0.0024526582720715,1.4142135623730951,5.830951894845301,0.0,0.0134623662925366,20239.69999999972,20279.600000000093,3
152,1158,1158,1158.0,590,584,580.0,20295.5,20311.600000000093,20327.799999999814,3.0,6.0,4.0,0.1863354037256302,0.370370370376758,0.2531645569575485,0.0,0.0,0.0,0.188679245284124,0.3726708074512604,0.246913580251172,0.0115736275605312,0.0228623685421694,0.0160230732248779,1.5707963267948966,1.5707963267948966,1.5707963267948966,0.033988647815959,0.0,0.0,0.0007227002731692,0.0007011640361225,0.0004221787232968,153.0,1158.0,584.6666666666666,20311.633333333302,4.333333333333333,0.2699567770199789,0.0,0.08230452675039067,0.0168196897758595,1.5707963267948966,0.011329549271986332,0.0006153476775295,1158.0,1158.0,580.0,590.0,0.188679245284124,0.3726708074512604,0.0,0.0,0.1863354037256302,0.370370370376758,0.0115736275605312,0.0228623685421694,1.5707963267948966,1.5707963267948966,0.0004221787232968,0.0007227002731692,3.0,6.0,0.0,0.033988647815959,20295.5,20327.799999999814,3
153,1158,1154,1151.0,575,567,559.0,20343.600000000093,20367.600000000093,20383.69999999972,5.0,8.94427190999916,8.54400374531753,0.2083333333333333,0.555544839143237,0.5340002340823456,0.0,0.1666666666666666,0.1863354037310196,0.3164556961969356,0.3333333333333333,0.4968944099493855,0.0086805555555555,0.0345058906308131,0.0333750146301466,1.5707963267948966,2.0344439357957027,1.9295669970654687,0.0,0.0193186503750335,0.0065140955734571,0.0004647163081767,0.0010760556281357,7.024074538463969e-05,154.0,1154.3333333333333,567.0,20364.966666666634,7.496091885105564,0.43262613551963863,0.11766735679922873,0.28329882678235724,0.025520486938838405,1.8449357532186894,0.008610915316163533,0.0005370042272323465,1151.0,1158.0,559.0,575.0,0.3164556961969356,0.4968944099493855,0.0,0.1863354037310196,0.2083333333333333,0.555544839143237,0.0086805555555555,0.0345058906308131,1.5707963267948966,2.0344439357957027,7.024074538463969e-05,0.0010760556281357,5.0,8.94427190999916,0.0,0.0193186503750335,20343.600000000093,20383.69999999972,3
154,1150,1149,1148.0,556,553,552.0,20399.69999999972,20415.600000000093,20431.600000000093,3.1622776601683795,3.1622776601683795,1.4142135623730951,0.1988853874273137,0.1976423537605237,0.0589255650988789,0.0625,0.0628930817595327,0.0625,0.1875,0.1886792452785982,0.0625,0.0125085149322423,0.0123526471100327,0.0024552318791199,1.892546881191539,1.892546881191539,2.356194490192345,0.0023137572421206,0.0,0.0289779755625503,0.001304156231119,9.803007685912256e-06,0.000618588451932,155.0,1149.0,553.6666666666666,20415.633333333302,2.5795896275699515,0.15181776876223876,0.06263102725317757,0.0834643605865109,0.009105464640464968,2.0470960841918076,0.010430577601556967,0.0006441825635789708,1148.0,1150.0,552.0,556.0,0.0625,0.1886792452785982,0.0625,0.0628930817595327,0.0589255650988789,0.1988853874273137,0.0024552318791199,0.0125085149322423,1.892546881191539,2.356194490192345,9.803007685912256e-06,0.001304156231119,1.4142135623730951,3.1622776601683795,0.0,0.0289779755625503,20399.69999999972,20431.600000000093,3
155,1147,1146,1145.0,552,552,552.0,20455.600000000093,21071.69999999972,21095.600000000093,1.0,1.0,1.0,0.0104275286757139,0.0418410041834482,0.0178571428571428,0.0416666666666666,0.0023992322456824,0.0418410041834482,0.0,0.0,0.0,0.0001087333542828,0.0017506696310793,0.0003188775510204,3.141592653589793,3.141592653589793,3.141592653589793,0.0327249234748936,0.0075374103972917,0.0,9.77707718682133e-05,4.200263030422543e-06,5.990761841157356e-05,156.0,1146.0,552.0,20874.29999999997,1.0,0.0233752252387683,0.028635634365265738,0.028635634365265738,0.0007260935121274999,3.141592653589793,0.0134207779573951,5.395955110340313e-05,1145.0,1147.0,552.0,552.0,0.0,0.0,0.0023992322456824,0.0418410041834482,0.0104275286757139,0.0418410041834482,0.0001087333542828,0.0017506696310793,3.141592653589793,3.141592653589793,4.200263030422543e-06,9.77707718682133e-05,1.0,1.0,0.0,0.0327249234748936,20455.600000000093,21095.600000000093,3
156,1144,1143,1142.0,552,553,554.0,21151.600000000093,21215.600000000093,21247.600000000093,1.0,1.4142135623730951,1.4142135623730951,0.015625,0.0441941738241592,0.0029955805176323,0.0178571428571428,0.015625,0.03125,0.0,0.015625,0.03125,0.000244140625,0.0013810679320049,6.345224566055218e-06,3.141592653589793,2.356194490192345,2.356194490192345,0.0,0.0122718463030851,0.0,1.3345879646501453e-06,1.7764489171952746e-05,4.2960084607466265e-05,157.0,1143.0,553.0,21204.933333333425,1.2761423749153966,0.02093825144726383,0.02157738095238093,0.031994047619047596,0.0005438512605236517,2.6179938779914944,0.0040906154343617,2.068638724802305e-05,1142.0,1144.0,552.0,554.0,0.0,0.03125,0.015625,0.03125,0.0029955805176323,0.0441941738241592,6.345224566055218e-06,0.0013810679320049,2.356194490192345,3.141592653589793,1.3345879646501453e-06,4.2960084607466265e-05,1.0,1.4142135623730951,0.0,0.0122718463030851,21151.600000000093,21247.600000000093,3
157,1141,1140,1138.0,554,554,553.0,21719.69999999972,21727.799999999814,21743.69999999972,1.0,1.0,2.23606797749979,0.1234567901220373,0.0628930817613746,0.2795084971874737,0.0021181952976081,0.1234567901220373,0.1257861635227493,0.0,0.0,0.0628930817613746,0.0152415790272367,0.0039555397334429,0.0349385621484342,3.141592653589793,3.141592653589793,2.677945044588987,0.0016636266964585,0.0,0.0291602269813535,3.2271200598777243e-05,0.0013933381844029,0.0019486177619605,158.0,1139.6666666666667,553.6666666666666,21730.39999999975,1.4120226591665965,0.15528612302362854,0.0837870496474649,0.10475141023458977,0.018045226969704602,2.9870434505895247,0.010274617892604,0.0011247423823207258,1138.0,1141.0,553.0,554.0,0.0,0.0628930817613746,0.0021181952976081,0.1257861635227493,0.0628930817613746,0.2795084971874737,0.0039555397334429,0.0349385621484342,2.677945044588987,3.141592653589793,3.2271200598777243e-05,0.0019486177619605,1.0,2.23606797749979,0.0,0.0291602269813535,21719.69999999972,21743.69999999972,3
158,1133,1107,1059.0,552,547,535.0,21751.69999999972,21767.600000000093,21783.5,5.0990195135927845,26.476404589747453,49.47726750741192,0.3206930511618438,1.6651826786102224,3.073122205411535,0.625,1.6352201257478511,3.0188679245459844,0.125,0.3144654087976636,0.7547169811364961,0.0201693742864358,0.1047284703534576,0.1908771556145191,2.9441970937399127,2.951604365671077,2.896613990462929,0.0332815061438657,0.0004658661591818,0.0034585141640547,0.0018461484827497,0.0053181821424553,0.0054181563057588,159.0,1099.6666666666667,544.6666666666666,21767.599999999937,27.017563870250722,1.6863326450612004,1.7596960167646118,2.0112683438101104,0.1052583334181375,2.9308051499579726,0.012401962155700734,0.0041941623103212665,1059.0,1133.0,535.0,552.0,0.125,0.7547169811364961,0.625,3.0188679245459844,0.3206930511618438,3.073122205411535,0.0201693742864358,0.1908771556145191,2.896613990462929,2.951604365671077,0.0018461484827497,0.0054181563057588,5.0990195135927845,49.47726750741192,0.0004658661591818,0.0332815061438657,21751.69999999972,21783.5,3
159,972,876,805.0,507,471,440.0,21799.600000000093,21815.600000000093,21839.600000000093,91.39474820797966,102.52804494381036,77.47257579298626,5.712171762998729,4.272001872658765,4.842035987061641,5.403726708043275,6.0,2.958333333333333,1.7391304347725485,2.25,1.2916666666666667,0.3570107351874205,0.1780000780274485,0.3026272491913526,2.8302223491918914,2.782821983319221,2.7299213101578985,0.0041237044267486,0.0029625228670419,0.0022041947150551,0.0103188558740335,0.0111881660724982,0.005192798798496,160.0,884.3333333333334,472.6666666666667,21818.26666666676,90.4651229815921,4.942069874239713,4.787353347125536,5.217908902681091,0.27921268746874056,2.780988547556337,0.0030968073362818665,0.008899940248342567,805.0,972.0,440.0,507.0,1.2916666666666667,2.25,2.958333333333333,6.0,4.272001872658765,5.712171762998729,0.1780000780274485,0.3570107351874205,2.7299213101578985,2.8302223491918914,0.005192798798496,0.0111881660724982,77.47257579298626,102.52804494381036,0.0022041947150551,0.0041237044267486,21799.600000000093,21839.600000000093,3
160,790,786,784.0,430,426,421.0,21855.600000000093,21871.600000000093,21887.69999999972,18.027756377319943,5.656854249492381,5.385164807134504,1.1267347735824966,0.3513574068088988,0.3386896105036687,0.9375,0.25,0.1242236024873463,0.625,0.25,0.3105590062183659,0.070420923348906,0.0218234414172067,0.0213012333645115,2.5535900500422257,2.356194490192345,1.9513027039072612,0.0110207037572295,0.0123372224906175,0.0251485581549349,0.0145128953651529,0.0030373426207312,3.2435282776851085e-05,161.0,786.6666666666666,425.6666666666667,21871.633333333302,9.689925144648942,0.6055939302983547,0.4372412008291154,0.5407608695685707,0.03784853271020807,2.2870290813806107,0.016168828134260634,0.00586089108955365,784.0,790.0,421.0,430.0,0.25,0.625,0.1242236024873463,0.9375,0.3386896105036687,1.1267347735824966,0.0213012333645115,0.070420923348906,1.9513027039072612,2.5535900500422257,3.2435282776851085e-05,0.0145128953651529,5.385164807134504,18.027756377319943,0.0110207037572295,0.0251485581549349,21855.600000000093,21887.69999999972,3
161,783,781,781.0,419,416,415.0,21903.600000000093,21911.600000000093,21983.600000000093,2.23606797749979,3.605551275463989,1.0,0.2795084971874737,0.0500771010481109,0.125,0.0628930817595327,0.25,0.0,0.1257861635190654,0.375,0.0138888888888888,0.0349385621484342,0.0006955152923348,0.015625,2.0344439357957027,2.158798930342464,1.5707963267948966,0.005229008294748,0.0155443743183451,0.0081667028270495,0.0008576936341888,0.0042803808570124,0.0002073539542731,162.0,781.6666666666666,416.6666666666667,21932.933333333425,2.2805397509879266,0.15152853274519487,0.10429769391984423,0.10892732354947382,0.017086359146923,1.9213463976443546,0.0096466951467142,0.0017818094818247666,781.0,783.0,415.0,419.0,0.0138888888888888,0.375,0.0,0.25,0.0500771010481109,0.2795084971874737,0.0006955152923348,0.0349385621484342,1.5707963267948966,2.158798930342464,0.0002073539542731,0.0042803808570124,1.0,3.605551275463989,0.005229008294748,0.0155443743183451,21903.600000000093,21983.600000000093,3
162,780,777,772.0,415,415,413.0,21991.600000000093,22007.899999999907,22023.600000000093,1.0,3.0,5.385164807134504,0.0613496932522348,0.1910828025455037,0.3386896105135878,0.125,0.1840490797567044,0.3184713375758395,0.0,0.0,0.1273885350303358,0.0037637848621433,0.0121708791428813,0.0213012333657592,3.141592653589793,3.141592653589793,2.761086276477428,0.196349540849362,0.0,0.0242360749750223,0.001482651892232,0.0005157726552658,0.0005815512243802,163.0,776.3333333333334,414.3333333333333,22007.70000000003,3.128388269044835,0.19704070210377544,0.2091734724441813,0.2516363174542932,0.012411965790261265,3.014757194552338,0.0735285386081281,0.0008599919239593333,772.0,780.0,413.0,415.0,0.0,0.1273885350303358,0.125,0.3184713375758395,0.0613496932522348,0.3386896105135878,0.0037637848621433,0.0213012333657592,2.761086276477428,3.141592653589793,0.0005157726552658,0.001482651892232,1.0,5.385164807134504,0.0,0.196349540849362,21991.600000000093,22023.600000000093,3
163,766,759,748.0,412,411,408.0,22039.5,22055.600000000093,22071.5,6.082762530298219,7.071067811865476,11.40175425099138,0.3778113372834182,0.44472124603188,0.7081834938462996,0.377358490568248,0.4347826086931371,0.6918238993751215,0.0628930817613746,0.0621118012418767,0.188679245284124,0.0234665426882753,0.0279698896877034,0.0439865524125592,2.976443976175166,2.999695598985629,2.875340604438868,0.0135445094150314,0.0014442001745545,0.0078210688394647,0.0001361829762596,0.0002797109937516,0.0010073372782987,164.0,757.6666666666666,410.3333333333333,22055.533333333366,8.185194864385025,0.5102386923871993,0.5013216662121689,0.5642147479735435,0.031807661596179294,2.950493393199888,0.0076032594763502,0.0004744104161033,748.0,766.0,408.0,412.0,0.0621118012418767,0.188679245284124,0.377358490568248,0.6918238993751215,0.3778113372834182,0.7081834938462996,0.0234665426882753,0.0439865524125592,2.875340604438868,2.999695598985629,0.0001361829762596,0.0010073372782987,6.082762530298219,11.40175425099138,0.0014442001745545,0.0135445094150314,22039.5,22071.5,3
164,738,729,722.0,404,401,397.0,22087.600000000093,22103.69999999972,22119.600000000093,10.770329614269007,9.486832980505138,8.06225774829855,0.668964572330324,0.5966561622819413,0.5038911092686593,0.6211180124187673,0.5590062111930587,0.4402515723167292,0.2484472049675069,0.1863354037310196,0.2515723270381309,0.0415505945556399,0.0375255447967271,0.0314931943292912,2.761086276477428,2.819842099193151,2.62244653934327,0.0070965421093651,0.0036494299824274,0.0124148150846072,0.0001513017302425,0.0002500030906214,0.0003793931111506,165.0,729.6666666666666,400.6666666666667,22103.633333333302,9.439806781024231,0.5898372812936415,0.5401252653095184,0.6239827076555621,0.03685644456055273,2.7344583050046167,0.007720262392133234,0.00026023264400483335,722.0,738.0,397.0,404.0,0.1863354037310196,0.2515723270381309,0.4402515723167292,0.6211180124187673,0.5038911092686593,0.668964572330324,0.0314931943292912,0.0415505945556399,2.62244653934327,2.819842099193151,0.0001513017302425,0.0003793931111506,8.06225774829855,10.770329614269007,0.0036494299824274,0.0124148150846072,22087.600000000093,22119.600000000093,3
165,713,700,692.0,392,385,380.0,22135.600000000093,22151.5,22167.69999999972,10.295630140987,14.7648230602334,9.433981132056603,0.6475239082419689,0.9114088308943238,0.5896238207535377,0.5625,0.8176100628978709,0.493827160502344,0.3125,0.4402515723296227,0.308641975313965,0.040724774103507,0.0562598043771631,0.0368514887970961,2.6344941491974563,2.647651284670212,2.5829933382462307,0.0007529756158866,0.0008274927970335,0.0039912312608084,0.0005769737358884,0.0009770459291664,0.0011980441716297,166.0,701.6666666666666,385.6666666666667,22151.599999999937,11.498144777759002,0.7161855199632767,0.624645741133405,0.7275263995713933,0.04461202242592207,2.6217129240379666,0.0018572332245761665,0.0009173546122281667,692.0,713.0,380.0,392.0,0.308641975313965,0.4402515723296227,0.493827160502344,0.8176100628978709,0.5896238207535377,0.9114088308943238,0.0368514887970961,0.0562598043771631,2.5829933382462307,2.647651284670212,0.0005769737358884,0.0011980441716297,9.433981132056603,14.7648230602334,0.0007529756158866,0.0039912312608084,22135.600000000093,22167.69999999972,3
166,686,679,677.0,376,369,365.0,22183.69999999972,22207.600000000093,22223.600000000093,7.211102550927978,9.899494936611664,4.47213595499958,0.3017197720006518,0.6187184335382291,0.2795084971874737,0.375,0.2928870292841377,0.125,0.25,0.2928870292841377,0.25,0.0126242582425083,0.0386699020961393,0.0174692810742171,2.5535900500422257,2.356194490192345,2.0344439357957027,0.0018377055127503,0.0082592284454729,0.0201094096497901,0.0015142019096617,0.0010897758934403,0.0013250388138701,167.0,680.6666666666666,370.0,22204.966666666634,7.194244480846407,0.3999822342421182,0.2642956764280459,0.3476290097613792,0.022921147137621566,2.314742825343424,0.0100687812026711,0.0013096722056573668,677.0,686.0,365.0,376.0,0.25,0.2928870292841377,0.125,0.375,0.2795084971874737,0.6187184335382291,0.0126242582425083,0.0386699020961393,2.0344439357957027,2.5535900500422257,0.0010897758934403,0.0015142019096617,4.47213595499958,9.899494936611664,0.0018377055127503,0.0201094096497901,22183.69999999972,22223.600000000093,3
167,676,675,675.0,362,361,359.0,22239.600000000093,22255.600000000093,22327.600000000093,3.1622776601683795,1.4142135623730951,2.0,0.1976423537605237,0.0196418550329596,0.050125313283325,0.0625,0.0625,0.0,0.1875,0.0625,0.0277777777777777,0.0123526471100327,0.0002728035421244,0.0012562735158757,1.892546881191539,2.356194490192345,1.5707963267948966,0.0088685659127602,0.0289779755625503,0.0109083078249645,0.0003197896227615,0.0007549902229942,1.3659305190990283e-05,168.0,675.3333333333334,360.6666666666667,22274.26666666676,2.192163740847158,0.08913650735893609,0.041666666666666664,0.0509259259259259,0.004627241389344267,1.9398458993929266,0.016251616433424997,0.0003628130503155634,675.0,676.0,359.0,362.0,0.0277777777777777,0.1875,0.0,0.0625,0.0196418550329596,0.1976423537605237,0.0002728035421244,0.0123526471100327,1.5707963267948966,2.356194490192345,1.3659305190990283e-05,0.0007549902229942,1.4142135623730951,3.1622776601683795,0.0088685659127602,0.0289779755625503,22239.600000000093,22327.600000000093,3
168,675,675,672.0,358,358,358.0,22511.399999999907,22543.0,22558.799999999814,1.0,0.0,3.0,0.0641025641021814,0.0,0.0093487067622339,0.0,0.0,0.1898734177237573,0.0069492703266202,0.0,0.0,0.0041091387244742,0.0,2.9132772708746182e-05,1.5707963267948966,0.0,3.141592653589793,0.0109158883029597,0.0,0.1988349780776474,2.855551580595508e-05,0.0,1.8438463739930144e-06,169.0,674.0,358.0,22537.73333333324,1.3333333333333333,0.024483756954805102,0.06329113924125243,0.06329113924125243,0.0013794238323943154,1.5707963267948966,0.06991695546020237,1.0133120726649365e-05,672.0,675.0,358.0,358.0,0.0,0.0069492703266202,0.0,0.1898734177237573,0.0,0.0641025641021814,0.0,0.0041091387244742,0.0,3.141592653589793,0.0,2.855551580595508e-05,0.0,3.0,0.0,0.1988349780776474,22511.399999999907,22558.799999999814,3
169,671,671,671.0,358,359,360.0,22879.69999999972,22927.600000000093,22943.69999999972,1.0,1.0,1.0,0.0208768267221758,0.0621118012436731,0.0062539086929185,0.0031162355874113,0.0,0.0,0.0,0.0208768267221758,0.0621118012436731,0.0004358418939877,0.0038578758537335,3.911137393936175e-05,3.141592653589793,1.5707963267948966,1.5707963267948966,0.0,0.0327932427303273,0.0,1.2674014374544316e-06,7.144121001501449e-05,0.0002371903403653,170.0,671.0,359.0,22916.999999999844,1.0,0.029747512219589132,0.0010387451958037666,0.0217426789436948,0.001444276373886854,2.0943951023931953,0.0109310809101091,0.00010329965060592297,671.0,671.0,358.0,360.0,0.0,0.0621118012436731,0.0,0.0031162355874113,0.0062539086929185,0.0621118012436731,3.911137393936175e-05,0.0038578758537335,1.5707963267948966,3.141592653589793,1.2674014374544316e-06,0.0002371903403653,1.0,1.0,0.0,0.0327932427303273,22879.69999999972,22943.69999999972,3
170,671,671,671.0,361,362,363.0,23103.600000000093,23135.600000000093,23167.600000000093,1.0,1.0,1.0,0.03125,0.03125,0.0016441959881625,0.0,0.0,0.0,0.0062539086929185,0.03125,0.03125,0.0009765625,0.0009765625,2.703380447489805e-06,1.5707963267948966,1.5707963267948966,1.5707963267948966,0.0,0.0,0.0,5.862733746456874e-06,0.0,3.0433097486015945e-05,171.0,671.0,362.0,23135.600000000093,1.0,0.021381398662720832,0.0,0.010416666666666666,0.0006519427934824966,1.5707963267948966,0.0,1.2098610410824273e-05,671.0,671.0,361.0,363.0,0.0062539086929185,0.03125,0.0,0.0,0.0016441959881625,0.03125,2.703380447489805e-06,0.0009765625,1.5707963267948966,1.5707963267948966,0.0,3.0433097486015945e-05,1.0,1.0,0.0,0.0,23103.600000000093,23167.600000000093,3
171,668,660,647.0,364,364,359.0,23775.799999999814,23784.299999999814,23791.399999999907,3.1622776601683795,8.0,13.92838827718412,0.3720326659021623,1.1267605633655018,0.8759992627211134,0.0049325879644876,0.9411764705882352,1.8309859154689403,0.0016441959881625,0.0,0.7042253521034386,0.0437685489296661,0.1586986708944678,0.0550942932532229,2.819842099193151,3.141592653589793,2.774418819771574,0.0020536760480085,0.0378530063996049,0.0517146244807609,7.195962767056686e-05,0.0135211908193884,0.0145921658647726,172.0,658.3333333333334,362.3333333333333,23783.83333333318,8.363555312450833,0.7915974973295925,0.9256983246738878,1.1604401087083673,0.08585383769245226,2.911951190851506,0.030540435642791432,0.00939510543727719,647.0,668.0,359.0,364.0,0.0,0.7042253521034386,0.0049325879644876,1.8309859154689403,0.3720326659021623,1.1267605633655018,0.0437685489296661,0.1586986708944678,2.774418819771574,3.141592653589793,7.195962767056686e-05,0.0145921658647726,3.1622776601683795,13.92838827718412,0.0020536760480085,0.0517146244807609,23775.799999999814,23791.399999999907,3
172,603,524,440.0,348,324,302.0,23807.299999999814,23823.399999999907,23839.5,45.35416188179427,82.56512580987206,86.83317338436964,2.817028688293908,5.12826868381332,3.603036240001414,2.767295597500486,4.906832298108262,5.217391304317646,0.6918238993751215,1.4906832298050416,1.366459627321288,0.1749707259799759,0.3185260052039537,0.1495035784227174,2.896613990462929,2.8466555947409864,2.88544127102419,0.0076852308611365,0.0031030059454443,0.0024090482163341,0.0075393982847456,0.0089164769703818,0.0104982873776558,173.0,522.3333333333334,324.6666666666667,23823.399999999907,71.58415369201198,3.8494445373695476,4.297173066642132,4.752659609082561,0.214333436535549,2.876236952076035,0.0043990950076383,0.0089847208775944,440.0,603.0,302.0,348.0,0.6918238993751215,1.4906832298050416,2.767295597500486,5.217391304317646,2.817028688293908,5.12826868381332,0.1495035784227174,0.3185260052039537,2.8466555947409864,2.896613990462929,0.0075393982847456,0.0104982873776558,45.35416188179427,86.83317338436964,0.0024090482163341,0.0076852308611365,23807.299999999814,23839.5,3
173,329,277,220.0,267,251,235.0,23863.600000000093,23879.600000000093,23895.5,116.3872845288522,54.405882034941776,59.20304046246274,7.274205283053263,3.4217535871232987,3.700190028903921,4.605809128612907,3.25,3.5849056603983565,1.4522821576707363,1.0,1.0062893081819948,0.4546378301908289,0.2152046281222227,0.231261876806495,2.836145002511813,2.843093722003614,2.867933332507703,0.0020454883200077,0.0004342949682375,0.0015622396543543,0.0126611722724868,0.0149645751292878,0.0010098898543626,174.0,275.3333333333333,251.0,23879.566666666728,76.66540234208559,4.798716299693495,3.8135715963370878,4.149001365731086,0.3003681117065155,2.849057352341043,0.0013473409808664998,0.0095452124187124,220.0,329.0,235.0,267.0,1.0,1.4522821576707363,3.25,4.605809128612907,3.4217535871232987,7.274205283053263,0.2152046281222227,0.4546378301908289,2.836145002511813,2.867933332507703,0.0010098898543626,0.0149645751292878,54.405882034941776,116.3872845288522,0.0004342949682375,0.0020454883200077,23863.600000000093,23895.5,3
174,177,147,124.0,227,222,221.0,23911.5,23927.600000000093,23943.5,43.73785545725808,30.4138126514911,23.021728866442675,2.7166369849071472,1.9128184057653608,1.4299210475968636,2.6875,1.863354037256302,1.4465408805116176,0.5,0.3105590062093836,0.0628930817613746,0.168735216452884,0.1203030443884632,0.0888149718999125,2.957649197052618,2.976443976175166,3.0981417581982624,0.0056072415340572,0.0011673775852446,0.0076539485549565,0.0039079162721006,0.0030082094449776,0.0019803819175305,175.0,149.33333333333334,223.33333333333334,23927.533333333366,32.39113232506395,2.0197921460897903,1.9991316392559735,2.020095999843098,0.1259510775804199,3.0107449771420156,0.0048095225580861,0.0029655025448695666,124.0,177.0,221.0,227.0,0.0628930817613746,0.5,1.4465408805116176,2.6875,1.4299210475968636,2.7166369849071472,0.0888149718999125,0.168735216452884,2.957649197052618,3.0981417581982624,0.0019803819175305,0.0039079162721006,23.021728866442675,43.73785545725808,0.0011673775852446,0.0076539485549565,23911.5,23943.5,3
175,116,115,119.0,221,222,226.0,23959.600000000093,24007.5,24023.799999999814,8.0,1.4142135623730951,5.656854249492381,0.1670146137790303,0.0867615682447396,0.360309187861482,0.4968944099350139,0.0208768267223787,0.2453987730089392,0.0,0.0208768267223787,0.2453987730089392,0.0034867351519698,0.0053227955978976,0.0229496297998221,3.141592653589793,2.356194490192345,0.7853981633974483,0.0026988133783403,0.016396621365323,0.096367872810604,0.005299890481208,3.833111578144773e-05,0.001081400871296,176.0,116.66666666666667,223.0,23996.966666666634,5.0236892706218255,0.204695123295084,0.2543900032221106,0.3361895942250903,0.010586386849896498,2.0943951023931953,0.038487769184755764,0.0021398741560951493,115.0,119.0,221.0,226.0,0.0,0.2453987730089392,0.0208768267223787,0.4968944099350139,0.0867615682447396,0.360309187861482,0.0034867351519698,0.0229496297998221,0.7853981633974483,3.141592653589793,3.833111578144773e-05,0.005299890481208,1.4142135623730951,8.0,0.0026988133783403,0.096367872810604,23959.600000000093,24023.799999999814,3
176,125,137,149.0,232,241,250.0,24039.5,24063.600000000093,24079.600000000093,8.48528137423857,15.0,15.0,0.3520863640749286,0.9375,0.9375,0.3821656050910074,0.4979253112013953,0.75,0.3821656050910074,0.3734439834010465,0.5625,0.014609392700148,0.05859375,0.05859375,0.7853981633974483,0.6435011087932844,0.6435011087932844,0.0,0.0058878445893616,0.0,0.0005312252929665,0.0018250770663768,0.0,177.0,137.0,241.0,24060.900000000063,12.82842712474619,0.7423621213583095,0.5433636387641342,0.7308636387641343,0.043932297566715996,0.6908001269946723,0.0019626148631205335,0.0007854341197811001,125.0,149.0,232.0,250.0,0.3734439834010465,0.5625,0.3821656050910074,0.75,0.3520863640749286,0.9375,0.014609392700148,0.05859375,0.6435011087932844,0.7853981633974483,0.0,0.0018250770663768,8.48528137423857,15.0,0.0,0.0058878445893616,24039.5,24079.600000000093,3
177,163,177,189.0,261,271,279.0,24095.600000000093,24111.600000000093,24127.5,17.804493814764857,17.204650534085253,14.422205101855956,1.1127808634228036,1.0820534927161023,0.8957891367560578,0.875,0.875,0.7547169811364961,0.6875,0.625,0.5031446540909974,0.0695488039639252,0.0680536787875748,0.0556390768168246,0.6659692373791098,0.6202494859828215,0.5880026035475675,0.001404258036614,0.002857484462268,0.0020281058135498,0.0006846908727453,9.34453235218978e-05,0.0007807925767813,178.0,176.33333333333334,270.3333333333333,24111.566666666728,16.47711648356869,1.030207830964988,0.8349056603788321,1.0026205450758312,0.06441385318944153,0.6247404423031663,0.0020966161041439334,0.0005196429243494992,163.0,189.0,261.0,279.0,0.5031446540909974,0.6875,0.7547169811364961,0.875,0.8957891367560578,1.1127808634228036,0.0556390768168246,0.0695488039639252,0.5880026035475675,0.6659692373791098,9.34453235218978e-05,0.0007807925767813,14.422205101855956,17.804493814764857,0.001404258036614,0.002857484462268,24095.600000000093,24127.5,3
178,199,204,208.0,286,289,290.0,24143.600000000093,24159.600000000093,24175.600000000093,12.206555615733702,5.830951894845301,4.123105625617661,0.7629097259833564,0.3644344934278313,0.2576941016011038,0.6211180124187673,0.3125,0.25,0.4347826086931371,0.1875,0.0625,0.0476818578739597,0.0227771558392394,0.0161058813500689,0.6107259643892086,0.5404195002705842,0.2449786631268641,0.0014113888721434,0.004394154007414,0.0184650523214825,0.0004942372014173,0.00155654387717,0.0004169546555731,179.0,203.66666666666666,288.3333333333333,24159.600000000093,7.386871045398888,0.4616794403374305,0.39453933747292247,0.4153726708062558,0.028854965021089335,0.4653747092622189,0.008090198400346632,0.0008225785780534666,199.0,208.0,286.0,290.0,0.0625,0.4347826086931371,0.25,0.6211180124187673,0.2576941016011038,0.7629097259833564,0.0161058813500689,0.0476818578739597,0.2449786631268641,0.6107259643892086,0.0004169546555731,0.00155654387717,4.123105625617661,12.206555615733702,0.0014113888721434,0.0184650523214825,24143.600000000093,24175.600000000093,3
179,211,214,215.0,292,292,290.0,24191.600000000093,24223.600000000093,24239.600000000093,3.605551275463989,3.0,2.23606797749979,0.1126734773582496,0.1875,0.2795084971874737,0.1875,0.09375,0.0625,0.125,0.0,0.125,0.0035210461674453,0.01171875,0.0349385621484342,0.5880026035475675,0.0,1.1071487177940904,0.0214389962762939,0.0183750813608614,0.0691967948621306,0.0007865521989139,0.0002561782447673,0.0014512382592771,180.0,213.33333333333334,291.3333333333333,24218.26666666676,2.947206417654593,0.19322732484857444,0.11458333333333333,0.15625,0.0167261194386265,0.5650504404472193,0.036336957499761964,0.0008313229009861001,211.0,215.0,290.0,292.0,0.0,0.125,0.0625,0.1875,0.1126734773582496,0.2795084971874737,0.0035210461674453,0.0349385621484342,0.0,1.1071487177940904,0.0002561782447673,0.0014512382592771,2.23606797749979,3.605551275463989,0.0183750813608614,0.0691967948621306,24191.600000000093,24239.600000000093,3
180,217,223,228.0,289,287,287.0,24247.600000000093,24263.5,24279.5,2.23606797749979,6.324555320336759,5.0,0.140633206132886,0.3952847075210474,0.3105590062093836,0.25,0.377358490568248,0.3125,0.125,0.1257861635227493,0.0,0.0088448557316798,0.0247052942200654,0.019289379267552,0.4636476090008061,0.3217505543966422,0.0,0.0804376385991605,0.0089243430569179,0.0201094096497901,0.0032617133020942,0.0009975118546212,0.000338494684532,181.0,222.66666666666666,287.6666666666667,24263.533333333366,4.520207765945517,0.28215897328777234,0.31328616352274935,0.31328616352274935,0.0176131764064324,0.2617993877991494,0.03649046376862283,0.0015325732804158,217.0,228.0,287.0,289.0,0.0,0.1257861635227493,0.25,0.377358490568248,0.140633206132886,0.3952847075210474,0.0088448557316798,0.0247052942200654,0.0,0.4636476090008061,0.000338494684532,0.0032617133020942,2.23606797749979,6.324555320336759,0.0089243430569179,0.0804376385991605,24247.600000000093,24279.5,3
181,236,242,248.0,285,284,284.0,24295.600000000093,24311.69999999972,24327.600000000093,8.246211251235321,6.082762530298219,6.0,0.51218703425007,0.3825636811418681,0.377358490568248,0.4968944099350139,0.3726708074620392,0.3773584905571964,0.1242236024837534,0.0621118012436731,0.0,0.0318128592709267,0.0240606088762833,0.0237332384006577,0.2449786631268641,0.1651486774146268,0.0,0.0152160660326364,0.0049583842058437,0.0103867092711168,0.0007778559008262,0.0004815062357032,2.0589338089175697e-05,182.0,242.0,284.3333333333333,24311.633333333302,6.776324593844514,0.4240364019867287,0.41564123598474984,0.41564123598474984,0.02653556884928923,0.1367091135138303,0.010187053169865633,0.0004266504915395252,236.0,248.0,284.0,285.0,0.0,0.1242236024837534,0.3726708074620392,0.4968944099350139,0.377358490568248,0.51218703425007,0.0237332384006577,0.0318128592709267,0.0,0.2449786631268641,2.0589338089175697e-05,0.0007778559008262,6.0,8.246211251235321,0.0049583842058437,0.0152160660326364,24295.600000000093,24327.600000000093,3
182,254,260,263.0,284,284,283.0,24343.5,24359.600000000093,24375.600000000093,6.0,6.0,3.1622776601683795,0.3726708074512604,0.375,0.1306726305869789,0.377358490568248,0.3726708074512604,0.1875,0.0,0.0,0.0625,0.0231472551210624,0.0234375,0.0053996954788631,0.0,0.0,0.3217505543966422,0.0,0.0,0.0201094096497901,3.685429431438939e-05,1.802763223204468e-05,0.001127362782571,183.0,259.0,283.6666666666667,24359.566666666728,5.05409255338946,0.2927811460127464,0.3125097660065028,0.33334309933983614,0.017328150199975165,0.10725018479888072,0.006703136549930033,0.00039408156970581135,254.0,263.0,283.0,284.0,0.0,0.0625,0.1875,0.377358490568248,0.1306726305869789,0.375,0.0053996954788631,0.0234375,0.0,0.3217505543966422,1.802763223204468e-05,0.001127362782571,3.1622776601683795,6.0,0.0,0.0201094096497901,24343.5,24375.600000000093,3
183,264,265,267.0,283,283,281.0,24399.799999999814,24415.69999999972,24471.69999999972,1.0,1.0,2.8284271247461903,0.0628930817613746,0.0178571428571428,0.0710660081589531,0.0413223140500638,0.0628930817613746,0.0357142857142857,0.0,0.0,0.0357142857142857,0.0039555397334429,0.0003188775510204,0.0017855780944335,0.0,0.0,0.7853981633974483,0.0132954774545602,0.0,0.0140249672035258,5.9675857249456005e-05,0.0002287208919776,2.6191081132377066e-05,184.0,265.3333333333333,282.3333333333333,24429.06666666642,1.6094757082487299,0.05060541092582351,0.046643227175241365,0.05854798908000327,0.0020199984596322666,0.2617993877991494,0.009106814886028667,0.00010486261011981102,264.0,267.0,281.0,283.0,0.0,0.0357142857142857,0.0357142857142857,0.0628930817613746,0.0178571428571428,0.0710660081589531,0.0003188775510204,0.0039555397334429,0.0,0.7853981633974483,2.6191081132377066e-05,0.0002287208919776,1.0,2.8284271247461903,0.0,0.0140249672035258,24399.799999999814,24471.69999999972,3
184,264,264,264.0,282,283,284.0,25175.600000000093,25191.69999999972,25351.600000000093,3.1622776601683795,1.0,1.0,0.1964147615056863,0.0062539086929185,0.0046274872744179,0.0052770448548812,0.0,0.0,0.001759014951627,0.0621118012436731,0.0062539086929185,0.0121996746279646,3.911137393936175e-05,2.141363847490028e-05,2.819842099193151,1.5707963267948966,1.5707963267948966,0.0049601444137082,0.0775804827594506,0.0,2.145941007557548e-05,0.0007553144878451,1.1068002166616785e-07,185.0,264.0,283.0,25239.633333333302,1.7207592200561266,0.06909871915767422,0.0017590149516270668,0.0038436511825999005,0.004086733213459621,1.9871449175943148,0.02751354239105294,0.0002589615259807805,264.0,264.0,282.0,284.0,0.001759014951627,0.0621118012436731,0.0,0.0052770448548812,0.0046274872744179,0.1964147615056863,2.141363847490028e-05,0.0121996746279646,1.5707963267948966,2.819842099193151,1.1068002166616785e-07,0.0007553144878451,1.0,3.1622776601683795,0.0,0.0775804827594506,25175.600000000093,25351.600000000093,3
185,264,263,263.0,286,286,287.0,25567.69999999972,25575.799999999814,25607.799999999814,2.0,1.0,1.0,0.2469135802440746,0.03125,0.0251889168764561,0.0,0.1234567901220373,0.0,0.0092549745488359,0.0,0.03125,0.0304831580544735,0.0009765625,0.000634481533409,1.5707963267948966,3.141592653589793,1.5707963267948966,0.0,0.1939254724415846,0.0490873852123405,0.0001409613346416,0.0036427895745844,1.0690030205968245e-05,186.0,263.3333333333333,286.3333333333333,25583.766666666448,1.3333333333333333,0.1011174990401769,0.041152263374012434,0.051568930040679105,0.010698067362627498,2.0943951023931953,0.08100428588464169,0.0012648136464773227,263.0,264.0,286.0,287.0,0.0,0.03125,0.0,0.1234567901220373,0.0251889168764561,0.2469135802440746,0.000634481533409,0.0304831580544735,1.5707963267948966,3.141592653589793,1.0690030205968245e-05,0.0036427895745844,1.0,2.0,0.0,0.1939254724415846,25567.69999999972,25607.799999999814,3
186,262,262,261.0,289,290,293.0,25647.5,25679.799999999814,25719.600000000093,2.23606797749979,1.0,3.1622776601683795,0.0692281107589066,0.0251256281405271,0.1976423537605237,0.0251889168764561,0.0,0.0251256281405271,0.0503778337529122,0.0309597523221599,0.0753768844215814,0.0021432851628268,0.000631297189456,0.0123526471100327,2.0344439357957027,1.5707963267948966,1.892546881191539,0.0116787810830889,0.0143544151394266,0.0080841847837784,3.800512920430004e-05,4.681077316964324e-05,0.0002945062794094,187.0,261.6666666666667,290.6666666666667,25682.29999999997,2.132781879222723,0.09733203088665247,0.016771515005661066,0.0418971431461882,0.005042409820771834,1.832595714594046,0.0113724603354313,0.00012644072726111444,261.0,262.0,289.0,293.0,0.0309597523221599,0.0753768844215814,0.0,0.0251889168764561,0.0251256281405271,0.1976423537605237,0.000631297189456,0.0123526471100327,1.5707963267948966,2.0344439357957027,3.800512920430004e-05,0.0002945062794094,1.0,3.1622776601683795,0.0080841847837784,0.0143544151394266,25647.5,25719.600000000093,3
187,261,261,261.0,299,310,328.0,25735.600000000093,25751.600000000093,25767.600000000093,6.0,11.0,18.0,0.375,0.6875,1.125,0.0,0.0,0.0,0.375,0.6875,1.125,0.0234375,0.04296875,0.0703125,1.5707963267948966,1.5707963267948966,1.5707963267948966,0.0201094096497901,0.0,0.0,0.0006928033056229,0.001220703125,0.001708984375,188.0,261.0,312.3333333333333,25751.600000000093,11.666666666666666,0.7291666666666666,0.0,0.375,0.045572916666666664,1.5707963267948966,0.006703136549930033,0.0012074969352076333,261.0,261.0,299.0,328.0,0.375,1.125,0.0,0.0,0.375,1.125,0.0234375,0.0703125,1.5707963267948966,1.5707963267948966,0.0006928033056229,0.001708984375,6.0,18.0,0.0,0.0201094096497901,25735.600000000093,25767.600000000093,3
188,263,266,268.0,344,365,386.0,25783.600000000093,25799.600000000093,25815.600000000093,16.1245154965971,21.213203435596427,21.095023109728988,1.0077822185373186,1.3258252147247769,1.3184389443580615,0.125,0.1875,0.125,1.0,1.3125,1.3125,0.0629863886585824,0.0828640759202985,0.0824024340223788,1.446441332248135,1.4288992721907328,1.4758446204521405,0.0077721871591725,0.0010963787535876,0.0029340842663379,0.0004578819588385,0.0012423554538572,2.8852618619980112e-05,189.0,265.6666666666667,365.0,25799.600000000093,19.477580680640838,1.2173487925400523,0.14583333333333334,0.5833333333333334,0.07608429953375323,1.4503950749636694,0.003934216726366,0.0005763633437718933,263.0,268.0,344.0,386.0,1.0,1.3125,0.125,0.1875,1.0077822185373186,1.3258252147247769,0.0629863886585824,0.0828640759202985,1.4288992721907328,1.4758446204521405,2.8852618619980112e-05,0.0012423554538572,16.1245154965971,21.213203435596427,0.0010963787535876,0.0077721871591725,25783.600000000093,25815.600000000093,3
189,268,267,262.0,405,424,440.0,25831.600000000093,25847.5,25863.799999999814,19.0,19.026297590440446,16.76305461424021,1.194968553466119,1.1672575208992555,1.0677104849707857,0.0,0.0628930817613746,0.306748466261174,1.1875,1.194968553466119,0.9815950920357568,0.0751552549354162,0.0716108908535333,0.0680070372584788,1.5707963267948966,1.6233793884058385,1.873681195169868,0.0059344816464222,0.0033071107931603,0.0153559390654533,0.0004529486929351,0.0002229159799939,0.0002210953125825,190.0,265.6666666666667,423.0,25847.633333333302,18.26311740156022,1.1433121864453868,0.12321384934084954,0.45041221335276843,0.07159106101580942,1.689285636790201,0.008199177168345265,0.00029898666183716667,262.0,268.0,405.0,440.0,0.9815950920357568,1.194968553466119,0.0,0.306748466261174,1.0677104849707857,1.194968553466119,0.0680070372584788,0.0751552549354162,1.5707963267948966,1.873681195169868,0.0002210953125825,0.0004529486929351,16.76305461424021,19.026297590440446,0.0033071107931603,0.0153559390654533,25831.600000000093,25863.799999999814,3
190,259,252,249.0,455,477,491.0,25879.5,25903.600000000093,25919.600000000093,15.297058540778355,23.08679276123039,14.317821063276352,0.6347327195319187,1.4429245475768997,0.8948638164547721,0.1910828025455037,0.2904564315341472,0.1875,0.9554140127275184,0.9128630705358914,0.875,0.0263374572418865,0.0901827842235562,0.0559289885284232,1.7681918866447774,1.878849107818673,1.7818896600176433,0.0067190642371871,0.0045915859408078,0.0060599654875643,0.0026541133768215,0.0026491836921752,0.0021408622309458,191.0,253.33333333333334,474.3333333333333,25900.900000000063,17.5672241217617,0.9908403611878636,0.22301307802655032,0.514679744693217,0.05748307666462197,1.8096435514936982,0.005790205221853067,0.0024813864333141666,249.0,259.0,455.0,491.0,0.875,0.9554140127275184,0.1875,0.2904564315341472,0.6347327195319187,1.4429245475768997,0.0263374572418865,0.0901827842235562,1.7681918866447774,1.878849107818673,0.0021408622309458,0.0026541133768215,14.317821063276352,23.08679276123039,0.0045915859408078,0.0067190642371871,25879.5,25919.600000000093,3
191,247,247,247.0,507,522,536.0,25935.600000000093,25951.600000000093,25967.600000000093,16.1245154965971,15.0,14.0,1.0077822185373186,0.9375,0.875,0.125,0.0,0.0,1.0,0.9375,0.875,0.0629863886585824,0.05859375,0.0546875,1.695151321341658,1.5707963267948966,1.5707963267948966,0.005421146167249,0.0077721871591725,0.0,0.0004410875081349,0.0002745399161614,0.000244140625,192.0,247.0,521.6666666666666,25951.600000000093,15.041505165532365,0.9400940728457728,0.041666666666666664,0.3333333333333333,0.0587558795528608,1.612247991643817,0.004397777775473833,0.00031992268309876667,247.0,247.0,507.0,536.0,0.875,1.0,0.0,0.125,0.875,1.0077822185373186,0.0546875,0.0629863886585824,1.5707963267948966,1.695151321341658,0.000244140625,0.0004410875081349,14.0,16.1245154965971,0.0,0.0077721871591725,25935.600000000093,25967.600000000093,3
192,247,247,247.0,554,570,581.0,25983.600000000093,25999.600000000093,26015.600000000093,18.0,16.0,11.0,1.125,1.0,0.6875,0.0,0.0,0.0,1.125,1.0,0.6875,0.0703125,0.0625,0.04296875,1.5707963267948966,1.5707963267948966,1.5707963267948966,0.0,0.0,0.0,0.0009765625,0.00048828125,0.001220703125,193.0,247.0,568.3333333333334,25999.600000000093,15.0,0.9375,0.0,0.22916666666666666,0.05859375,1.5707963267948966,0.0,0.0008951822916666666,247.0,247.0,554.0,581.0,0.6875,1.125,0.0,0.0,0.6875,1.125,0.04296875,0.0703125,1.5707963267948966,1.5707963267948966,0.00048828125,0.001220703125,11.0,18.0,0.0,0.0,25983.600000000093,26015.600000000093,3
193,247,247,247.0,589,593,595.0,26031.600000000093,26047.69999999972,26103.5,8.0,4.0,2.0,0.4968944099493855,0.0716845878132611,0.1242236024837534,0.0,0.0,0.0,0.5,0.2484472049746927,0.0358422939066305,0.0308630068298685,0.0012846700324892,0.0077157517070208,1.5707963267948966,1.5707963267948966,1.5707963267948966,0.0,0.0,0.0,0.0007566089481332,0.0018371637762772,0.000115252359758,194.0,247.0,592.3333333333334,26060.933333333272,4.666666666666667,0.23093420008213336,0.0,0.011947431302210166,0.013287809523126167,1.5707963267948966,0.0,0.0009030083613894667,247.0,247.0,589.0,595.0,0.0358422939066305,0.5,0.0,0.0,0.0716845878132611,0.4968944099493855,0.0012846700324892,0.0308630068298685,1.5707963267948966,1.5707963267948966,0.000115252359758,0.0018371637762772,2.0,8.0,0.0,0.0,26031.600000000093,26103.5,3
194,249,251,251.0,599,604,610.0,26119.600000000093,26135.5,26151.600000000093,4.47213595499958,5.385164807134504,6.0,0.281266412265772,0.3344822861554877,0.3726708074620392,0.1242236024837534,0.1257861635227493,0.0,0.2484472049675069,0.3144654088068734,0.3726708074512604,0.0176897114633597,0.0207752972766181,0.0231472551224013,1.1071487177940904,1.1902899496825317,1.5707963267948966,0.0287979881365294,0.0052290082949011,0.0236339364664698,0.0006195006059802,0.000194062000835,0.0001473265742713,195.0,250.33333333333334,604.3333333333334,26135.566666666728,5.285766920711361,0.32947316862776627,0.08333658866883424,0.20756019115258773,0.0205374212874597,1.289411664757173,0.019220310965966766,0.0003202963936955,249.0,251.0,599.0,610.0,0.2484472049675069,0.3726708074512604,0.0,0.1257861635227493,0.281266412265772,0.3726708074620392,0.0176897114633597,0.0231472551224013,1.1071487177940904,1.5707963267948966,0.0001473265742713,0.0006195006059802,4.47213595499958,6.0,0.0052290082949011,0.0287979881365294,26119.600000000093,26151.600000000093,3
195,251,251,251.0,611,610,608.0,26167.69999999972,26231.69999999972,26239.69999999972,1.0,1.0,2.0,0.015625,0.125,0.25,0.0,0.0,0.0,0.0621118012436731,0.015625,0.25,0.000244140625,0.015625,0.03125,1.5707963267948966,1.5707963267948966,1.5707963267948966,0.0,0.0,0.0,0.0014225536955236,0.0002403259277343,0.001953125,196.0,251.0,609.6666666666666,26213.033333333053,1.3333333333333333,0.13020833333333334,0.0,0.08333333333333333,0.015706380208333332,1.5707963267948966,0.0,0.0012053348744193,251.0,251.0,608.0,611.0,0.015625,0.25,0.0,0.0,0.015625,0.25,0.000244140625,0.03125,1.5707963267948966,1.5707963267948966,0.0002403259277343,0.001953125,1.0,2.0,0.0,0.0,26167.69999999972,26239.69999999972,3
196,251,251,252.0,605,597,590.0,26247.69999999972,26271.69999999972,26287.69999999972,3.0,8.0,7.071067811865476,0.125,0.5,0.4475359374519262,0.0,0.0,0.0625,0.375,0.3333333333333333,0.4375,0.0052083333333333,0.03125,0.0283250593318995,1.5707963267948966,1.5707963267948966,1.4288992721907328,0.0,0.0,0.0088685659127602,0.0032552083333333,0.0010850694444444,0.0001828087917562,197.0,251.33333333333334,597.3333333333334,26269.033333333053,6.0236892706218255,0.35751197915064203,0.020833333333333332,0.16666666666666666,0.02159446422174427,1.5234973085935086,0.002956188637586733,0.0015076955231779667,251.0,252.0,590.0,605.0,0.3333333333333333,0.4375,0.0,0.0625,0.125,0.5,0.0052083333333333,0.03125,1.4288992721907328,1.5707963267948966,0.0001828087917562,0.0032552083333333,3.0,8.0,0.0,0.0088685659127602,26247.69999999972,26287.69999999972,3
197,254,254,255.0,586,585,583.0,26303.5,26311.69999999972,26327.69999999972,4.47213595499958,1.0,2.23606797749979,0.5453824335551168,0.0625,0.0939524360282999,0.1265822784787742,0.0,0.0625,0.2531645569575485,0.1219512195163503,0.125,0.0665100528748414,0.00390625,0.0039475813456805,1.1071487177940904,1.5707963267948966,1.1071487177940904,0.0203639591386678,0.0565423913434882,0.0289779755625503,0.0024167717431814,0.0076346101069481,2.5832091050342443e-06,198.0,254.33333333333334,584.6666666666666,26314.299999999814,2.5694013108331233,0.2339449565278056,0.06302742615959141,0.10469409282625808,0.02478796140684063,1.261697920794359,0.035294775348235434,0.0033513216864115114,254.0,255.0,583.0,586.0,0.1219512195163503,0.2531645569575485,0.0,0.1265822784787742,0.0625,0.5453824335551168,0.00390625,0.0665100528748414,1.1071487177940904,1.5707963267948966,2.5832091050342443e-06,0.0076346101069481,1.0,4.47213595499958,0.0203639591386678,0.0565423913434882,26303.5,26327.69999999972,3
198,256,257,257.0,581,580,579.0,26351.5,26407.69999999972,26623.0,2.23606797749979,1.4142135623730951,1.0,0.0397876864325784,0.0872971334788169,0.0406504065039111,0.0420168067221958,0.0177935943061382,0.0,0.0840336134443916,0.0177935943061382,0.0414937759334496,0.0007079659507611,0.0053887119430748,0.0016524555489332,1.1071487177940904,0.7853981633974483,1.5707963267948966,0.0,0.0057250988327089,0.0651782708211131,0.0001361182939025,8.32872952373135e-05,6.856662028742056e-05,199.0,256.6666666666667,580.0,26460.73333333324,1.5500938466242948,0.05591174213843547,0.019936800342778,0.0337680589872612,0.0025830444809230332,1.1544477359954783,0.023634456551274,9.59907364757447e-05,256.0,257.0,579.0,581.0,0.0177935943061382,0.0840336134443916,0.0,0.0420168067221958,0.0397876864325784,0.0872971334788169,0.0007079659507611,0.0053887119430748,0.7853981633974483,1.5707963267948966,6.856662028742056e-05,0.0001361182939025,1.0,2.23606797749979,0.0,0.0651782708211131,26351.5,26623.0,3
199,257,257,258.0,578,576,575.0,26647.600000000093,26671.600000000093,26719.600000000093,1.0,2.0,1.4142135623730951,0.0416666666666666,0.0416666666666666,0.0036828478186799,0.0,0.0,0.0208333333333333,0.0406504065039111,0.0833333333333333,0.0208333333333333,0.0017361111111111,0.0008680555555555,9.590749527812332e-06,1.5707963267948966,1.5707963267948966,0.7853981633974483,0.0,0.0,0.0163624617374468,3.400632608844431e-06,3.616898148148148e-05,1.7884683458911316e-05,200.0,257.3333333333333,576.3333333333334,26679.600000000093,1.4714045207910316,0.029005393717337704,0.006944444444444434,0.013888888888888867,0.0008712524720648042,1.3089969389957472,0.005454153912482267,1.915143251641241e-05,257.0,258.0,575.0,578.0,0.0208333333333333,0.0833333333333333,0.0,0.0208333333333333,0.0036828478186799,0.0416666666666666,9.590749527812332e-06,0.0017361111111111,0.7853981633974483,1.5707963267948966,3.400632608844431e-06,3.616898148148148e-05,1.0,2.0,0.0,0.0163624617374468,26647.600000000093,26719.600000000093,3
200,259,259,259.0,573,572,571.0,27103.600000000093,27447.69999999972,27487.600000000093,2.23606797749979,1.0,1.0,0.0064983085658303,0.02506265664137,0.0621118012436731,0.0026041666666666,0.0,0.0,0.0052083333333333,0.0029061319383931,0.02506265664137,1.888494206869325e-05,0.0006281367579232,0.0038578758537335,1.1071487177940904,1.5707963267948966,1.5707963267948966,0.0008378920687412,0.0013474211246768,0.0,2.420362640854406e-08,1.7705661605788277e-06,8.094584199950376e-05,201.0,259.0,572.0,27346.29999999997,1.4120226591665965,0.031224255483624466,0.0008680555555555334,0.009222274436012201,0.0015016325179084643,1.416247123794628,0.0007284377311393333,2.758020392883038e-05,259.0,259.0,571.0,573.0,0.0029061319383931,0.02506265664137,0.0,0.0026041666666666,0.0064983085658303,0.0621118012436731,1.888494206869325e-05,0.0038578758537335,1.1071487177940904,1.5707963267948966,2.420362640854406e-08,8.094584199950376e-05,1.0,2.23606797749979,0.0,0.0013474211246768,27103.600000000093,27487.600000000093,3
201,259,259,259.0,570,569,568.0,27503.69999999972,27655.5,27671.69999999972,1.0,1.0,1.0,0.0065876152832553,0.061728395062793,0.125,0.0,0.0,0.0,0.0621118012436731,0.0065876152832553,0.061728395062793,4.339667512017923e-05,0.0038103947570282,0.015625,1.5707963267948966,1.5707963267948966,1.5707963267948966,0.0,0.0,0.0,0.0002369241725901,2.481553413637112e-05,0.0007292966199491,202.0,259.0,569.0,27610.299999999814,1.0,0.06443867011534943,0.0,0.020576131687597667,0.006492930477382793,1.5707963267948966,0.0,0.0003303454422251904,259.0,259.0,568.0,570.0,0.0065876152832553,0.0621118012436731,0.0,0.0,0.0065876152832553,0.125,4.339667512017923e-05,0.015625,1.5707963267948966,1.5707963267948966,2.481553413637112e-05,0.0007292966199491,1.0,1.0,0.0,0.0,27503.69999999972,27671.69999999972,3
202,260,260,262.0,567,566,566.0,27679.69999999972,27695.69999999972,27703.69999999972,1.4142135623730951,1.0,2.0,0.0883883476483184,0.125,0.125,0.125,0.0,0.25,0.125,0.0625,0.0,0.0055242717280199,0.015625,0.0078125,0.7853981633974483,1.5707963267948966,0.0,0.098174770424681,0.0490873852123405,0.196349540849362,0.0012625910339975,0.0006312955169987,0.0009765625,203.0,260.6666666666667,566.3333333333334,27693.033333333053,1.4714045207910316,0.11279611588277279,0.125,0.125,0.009653923909339966,0.7853981633974483,0.11453723216212781,0.0009568163503320667,260.0,262.0,566.0,567.0,0.0,0.125,0.0,0.25,0.0883883476483184,0.125,0.0055242717280199,0.015625,0.0,1.5707963267948966,0.0006312955169987,0.0012625910339975,1.0,2.0,0.0490873852123405,0.196349540849362,27679.69999999972,27703.69999999972,3
203,268,306,350.0,561,556,556.0,27719.69999999972,27743.600000000093,27759.5,7.810249675906654,38.3275357934736,44.0,0.3267886893633856,2.410536842370949,2.732919254642576,0.375,1.5899581589710332,2.767295597500486,0.3125,0.2092050209172412,0.0,0.0136731669187569,0.151606090716042,0.1697465375544576,0.6947382761967031,0.1308273960740569,0.0,0.0434211422622939,0.0235945974943036,0.0082281381179134,0.0003662916824223,0.0057712520416374,0.0011409086061963,204.0,308.0,557.6666666666666,27740.933333333272,30.045928489793415,1.8234149287923034,1.5774179188238397,1.5774179188238397,0.11167526506308549,0.27518855742358667,0.025081292624836965,0.002426150776752,268.0,350.0,556.0,561.0,0.0,0.3125,0.375,2.767295597500486,0.3267886893633856,2.732919254642576,0.0136731669187569,0.1697465375544576,0.0,0.6947382761967031,0.0003662916824223,0.0057712520416374,7.810249675906654,44.0,0.0082281381179134,0.0434211422622939,27719.69999999972,27759.5,3
204,450,590,771.0,556,556,556.0,27775.600000000093,27791.5,27807.5,100.0,140.0,181.0,6.289308176137467,8.75,11.3125,6.211180124187673,8.805031446592455,11.3125,0.0,0.0,0.0,0.395553973344296,0.546875,0.70703125,0.0,0.0,0.0,0.0,0.0,0.0,0.0140253065707162,0.0095170457016723,0.010009765625,205.0,603.6666666666666,556.0,27791.533333333366,140.33333333333334,8.78393605871249,8.776237190260042,8.776237190260042,0.5498200744480987,0.0,0.0,0.0111840392991295,450.0,771.0,556.0,556.0,0.0,0.0,6.211180124187673,11.3125,6.289308176137467,11.3125,0.395553973344296,0.70703125,0.0,0.0,0.0095170457016723,0.0140253065707162,100.0,181.0,0.0,0.0,27775.600000000093,27807.5,3
205,921,1051,1148.0,550,548,536.0,27823.5,27839.600000000093,27855.5,150.11995203836165,130.01538370516005,97.73944955850732,9.324220623446786,8.177068157605133,6.070773264468444,9.375,8.074534161443975,6.100628930853344,0.375,0.1242236024837534,0.7547169811364961,0.5791441380989347,0.514281016204593,0.3770666623871631,0.03997868712329,0.0153834017805951,0.1230859596950057,0.0024986679452056,0.0015276574746927,0.0067737457808202,0.0079929444938165,0.0040287653350289,0.0086298335734738,206.0,1040.0,544.6666666666666,27839.533333333366,125.958261767343,7.8573540151734536,7.850054364099106,8.101626691144604,0.49016393889689686,0.05948268286629693,0.003600023733572833,0.006883847800773067,921.0,1148.0,536.0,550.0,0.1242236024837534,0.7547169811364961,6.100628930853344,9.375,6.070773264468444,9.324220623446786,0.3770666623871631,0.5791441380989347,0.0153834017805951,0.1230859596950057,0.0040287653350289,0.0086298335734738,97.73944955850732,150.11995203836165,0.0015276574746927,0.0067737457808202,27823.5,27855.5,3
206,1208,1234,1252.0,528,523,517.0,27871.600000000093,27887.69999999972,27903.600000000093,60.53098380168623,26.476404589747453,18.97366596101028,3.7596884349743367,1.6651826785614543,0.7905694150420949,3.726708074512604,1.6149068323355031,1.1320754716715893,0.4968944099350139,0.3105590062183659,0.3773584905571964,0.2335210208112627,0.1047284703473232,0.0329403922934206,0.132551532296674,0.1899882879187157,0.3217505543966422,0.0005879237640753,0.0035675003492776,0.0082869349984175,0.0089158783587,0.0079995372960819,0.0045149734624038,207.0,1231.3333333333333,522.6666666666666,27887.633333333302,35.32701811748132,2.071813509525962,2.157896792839899,2.2836829563589647,0.12372996115066882,0.21476345820401063,0.0041474530372568,0.0071434630390619,1208.0,1252.0,517.0,528.0,0.3105590062183659,0.4968944099350139,1.1320754716715893,3.726708074512604,0.7905694150420949,3.7596884349743367,0.0329403922934206,0.2335210208112627,0.132551532296674,0.3217505543966422,0.0045149734624038,0.0089158783587,18.97366596101028,60.53098380168623,0.0005879237640753,0.0082869349984175,27871.600000000093,27903.600000000093,3
207,1270,1275,1278.0,513,510,510.0,27927.600000000093,27943.600000000093,27959.600000000093,18.43908891458577,5.830951894845301,3.0,1.1524430571616109,0.3644344934278313,0.0417246175243934,0.75,0.3125,0.1875,0.1666666666666666,0.1875,0.0,0.0720276910726006,0.0227771558392394,0.0005803145691856,0.2186689458739419,0.5404195002705842,0.0,0.0042950670217791,0.0201094096497901,0.0337762187669115,0.0016286374491325,0.003078158452085,0.0013873025793783,208.0,1274.3333333333333,511.0,27943.600000000093,9.09001360314369,0.5195340560379452,0.4166666666666667,0.4166666666666667,0.03179505382700853,0.2530294820481754,0.019393565146160235,0.0020313661601986,1270.0,1278.0,510.0,513.0,0.0,0.1875,0.1875,0.75,0.0417246175243934,1.1524430571616109,0.0005803145691856,0.0720276910726006,0.0,0.5404195002705842,0.0013873025793783,0.003078158452085,3.0,18.43908891458577,0.0042950670217791,0.0337762187669115,27927.600000000093,27959.600000000093,3
208,1279,1279,1278.0,510,513,514.0,28031.5,28047.5,28055.600000000093,1.0,3.0,1.4142135623730951,0.0625,0.3703703703661119,0.088944249206376,0.0139082058414644,0.0,0.1234567901220373,0.0,0.1875,0.1234567901220373,0.00390625,0.0457247370817103,0.0055939779375406,0.0,1.5707963267948966,2.356194490192345,0.0,0.098174770424681,0.0969627362207923,4.625779458718594e-05,0.0026136554426068,0.0049544147090997,209.0,1278.6666666666667,512.3333333333334,28044.866666666698,1.804737854124365,0.17393820652416267,0.04578833198783389,0.08694059536184633,0.018408321673083632,1.3089969389957472,0.0650458355484911,0.0025381093154312286,1278.0,1279.0,510.0,514.0,0.0,0.1875,0.0,0.1234567901220373,0.0625,0.3703703703661119,0.00390625,0.0457247370817103,0.0,2.356194490192345,4.625779458718594e-05,0.0049544147090997,1.0,3.0,0.0,0.098174770424681,28031.5,28055.600000000093,3
209,1274,1268,1263.0,518,524,532.0,28071.5,28087.899999999907,28103.600000000093,5.656854249492381,8.48528137423857,9.433981132056603,0.3449301371661283,0.540463781792223,0.3930825471690251,0.2515723270454987,0.365853658538663,0.3184713375758395,0.2515723270454987,0.365853658538663,0.5095541401213431,0.0210323254370784,0.0344244446997331,0.016378439465376,2.356194490192345,2.356194490192345,2.129395642138459,0.0,0.0,0.0144457865000761,0.0009709652515489,0.0008165926379713,0.0011494270849772,210.0,1268.3333333333333,524.6666666666666,28087.666666666668,7.858705585262517,0.4261588220424588,0.31196577438666706,0.48181715442711476,0.023945069867395835,2.280594874174383,0.004815262166692033,0.0009789949914991334,1263.0,1274.0,518.0,532.0,0.2515723270454987,0.5095541401213431,0.2515723270454987,0.365853658538663,0.3449301371661283,0.540463781792223,0.016378439465376,0.0344244446997331,2.129395642138459,2.356194490192345,0.0008165926379713,0.0011494270849772,5.656854249492381,9.433981132056603,0.0,0.0144457865000761,28071.5,28103.600000000093,3
210,1254,1244,1230.0,542,547,549.0,28127.600000000093,28143.600000000093,28159.600000000093,13.45362404707371,11.180339887498947,14.142135623730953,0.8408515029421069,0.6987712429686843,0.8894424920637601,0.375,0.625,0.875,0.4166666666666667,0.3125,0.125,0.0525532189338816,0.0436732026855427,0.0559397793754069,2.3036114285814038,2.677945044588987,2.999695598985629,0.0072589911017893,0.0233958510004739,0.0201094096497901,0.0015072824778544,0.0005550010155211,0.0007666610431165,211.0,1242.6666666666667,546.0,28143.600000000093,12.925366519434535,0.8096884126581837,0.625,0.6666666666666666,0.05072206699827706,2.6604173573853402,0.016921417250684433,0.000942981512164,1230.0,1254.0,542.0,549.0,0.125,0.4166666666666667,0.375,0.875,0.6987712429686843,0.8894424920637601,0.0436732026855427,0.0559397793754069,2.3036114285814038,2.999695598985629,0.0005550010155211,0.0015072824778544,11.180339887498947,14.142135623730953,0.0072589911017893,0.0233958510004739,28127.600000000093,28159.600000000093,3
211,1215,1204,1193.0,550,550,550.0,28175.5,28191.600000000093,28207.600000000093,15.033296378372908,11.0,11.0,0.9337451166637234,0.6875,0.6918238993751215,0.9433962264206202,0.6832298136606441,0.6875,0.0628930817613746,0.0,0.0,0.0579965910967901,0.04296875,0.0435109370678725,3.0750244898139694,3.141592653589793,3.141592653589793,0.0047376660898604,0.0041346685574806,0.0,0.0001293592277607,0.0009334062792983,3.388669174203508e-05,212.0,1204.0,550.0,28191.566666666728,12.344432126124303,0.7710230053462817,0.7713753466937548,0.7713753466937548,0.04815875938822086,3.1194032656645185,0.0029574448824469996,0.0003655507329336784,1193.0,1215.0,550.0,550.0,0.0,0.0628930817613746,0.6832298136606441,0.9433962264206202,0.6875,0.9337451166637234,0.04296875,0.0579965910967901,3.0750244898139694,3.141592653589793,3.388669174203508e-05,0.0009334062792983,11.0,15.033296378372908,0.0,0.0047376660898604,28175.5,28207.600000000093,3
212,1185,1181,1179.0,551,551,551.0,28223.5,28239.69999999972,28255.69999999972,8.06225774829855,4.0,2.0,0.4976702313850368,0.25,0.1257861635190654,0.5031446540909974,0.246913580251172,0.125,0.0628930817613746,0.0,0.0,0.0307203846539271,0.015625,0.0079110794664225,3.017237659043032,3.141592653589793,3.141592653589793,0.0078210688394647,0.0076762342314139,0.0,0.0008044372587434,0.0009318138675424,0.0004821200333485,213.0,1181.6666666666667,551.0,28239.633333333146,4.68741924943285,0.2911521316347007,0.29168607811405645,0.29168607811405645,0.018085488040116532,3.1001409887408724,0.005165767690292866,0.0007394570532114333,1179.0,1185.0,551.0,551.0,0.0,0.0628930817613746,0.125,0.5031446540909974,0.1257861635190654,0.4976702313850368,0.0079110794664225,0.0307203846539271,3.017237659043032,3.141592653589793,0.0004821200333485,0.0009318138675424,2.0,8.06225774829855,0.0,0.0078210688394647,28223.5,28255.69999999972,3
213,1176,1171,1167.0,551,551,549.0,28271.600000000093,28295.600000000093,28311.600000000093,3.0,5.0,4.47213595499958,0.125,0.3125,0.2795084971874737,0.1886792452785982,0.2083333333333333,0.25,0.0,0.0,0.125,0.0052083333333333,0.01953125,0.0174692810742171,3.141592653589793,3.141592653589793,2.677945044588987,0.0,0.0,0.0289779755625503,0.0001699840335236,0.0005967881944444,0.0001288730578614,214.0,1171.3333333333333,550.3333333333334,28292.933333333425,4.1573786516665265,0.23900283239582457,0.2156708595373105,0.25733752620397715,0.014069621469183467,2.9870434505895247,0.009659325187516768,0.0002985484286098,1167.0,1176.0,549.0,551.0,0.0,0.125,0.1886792452785982,0.25,0.125,0.3125,0.0052083333333333,0.01953125,2.677945044588987,3.141592653589793,0.0001288730578614,0.0005967881944444,3.0,5.0,0.0,0.0289779755625503,28271.600000000093,28311.600000000093,3
214,1163,1161,1159.0,547,545,545.0,28327.600000000093,28343.600000000093,28351.69999999972,4.47213595499958,2.8284271247461903,2.0,0.2795084971874737,0.3491885339353424,0.0227790432801097,0.25,0.125,0.2469135802582694,0.125,0.125,0.0,0.0174692810742171,0.0431096955495558,0.0002594424063785,2.677945044588987,2.356194490192345,3.141592653589793,0.0,0.0201094096497901,0.0969627362263666,0.0,0.0016025259047086,0.0052901547092775,215.0,1161.0,545.6666666666666,28340.966666666634,3.1001876932485897,0.21715869146764197,0.20730452675275646,0.20730452675275646,0.020279473010050467,2.725244062790375,0.03902404862538556,0.002297560204662033,1159.0,1163.0,545.0,547.0,0.0,0.125,0.125,0.25,0.0227790432801097,0.3491885339353424,0.0002594424063785,0.0431096955495558,2.356194490192345,3.141592653589793,0.0,0.0052901547092775,2.0,4.47213595499958,0.0,0.0969627362263666,28327.600000000093,28351.69999999972,3
215,1158,1156,1153.0,544,543,541.0,29551.600000000093,29695.600000000093,29703.69999999972,1.4142135623730951,2.23606797749979,3.605551275463989,0.0098209275164798,0.2760577750126703,0.4563988956068313,0.0009914733293673,0.0138888888888888,0.3703703703874041,0.0009914733293673,0.0069444444444444,0.2469135802582694,6.820088553110991e-05,0.0340812067932551,0.0577720120994062,2.356194490192345,2.677945044588987,2.5535900500422257,0.002336103995828,0.0022343788499766,0.0153524684632691,6.761935904333097e-08,0.0002362014299147,0.0029247907786716,216.0,1155.6666666666667,542.6666666666666,29650.29999999997,2.4186109384456245,0.24742586604532713,0.12841691086855342,0.21072143762130988,0.030640473259397474,2.529243194941186,0.006640983769691233,0.0010536866093151145,1153.0,1158.0,541.0,544.0,0.0009914733293673,0.2469135802582694,0.0009914733293673,0.3703703703874041,0.0098209275164798,0.4563988956068313,6.820088553110991e-05,0.0577720120994062,2.356194490192345,2.677945044588987,6.761935904333097e-08,0.0029247907786716,1.4142135623730951,3.605551275463989,0.0022343788499766,0.0153524684632691,29551.600000000093,29703.69999999972,3
216,1147,1120,1058.0,538,525,499.0,29711.600000000093,29727.799999999814,29743.600000000093,6.708203932499369,29.966648127543397,67.23094525588644,0.4140866625071027,1.8966232991780685,4.175835109157892,0.7594936708502615,1.666666666695411,3.924050632842002,0.3797468354251307,0.8024691358163091,1.6455696202240655,0.0255609050934718,0.1200394493129449,0.2593686403263673,2.677945044588987,2.692869309579072,2.7445132083648107,0.0157411385494806,0.0009212509253297,0.0032686011889129,0.0040773553170146,0.0058320089025371,0.0088183032285416,217.0,1108.3333333333333,520.6666666666666,29727.666666666668,34.6352657719764,2.1621816902810207,2.116736990129225,2.6652601968705802,0.134989664910928,2.7051091875109567,0.0066436635545744005,0.006242555816031101,1058.0,1147.0,499.0,538.0,0.3797468354251307,1.6455696202240655,0.7594936708502615,3.924050632842002,0.4140866625071027,4.175835109157892,0.0255609050934718,0.2593686403263673,2.677945044588987,2.7445132083648107,0.0040773553170146,0.0088183032285416,6.708203932499369,67.23094525588644,0.0009212509253297,0.0157411385494806,29711.600000000093,29743.600000000093,3
217,944,798,764.0,462,423,413.0,29759.69999999972,29783.600000000093,29799.69999999972,119.85407794480751,151.11915828246265,35.4400902933387,5.014814976692024,9.386283123351513,2.2289364963841733,7.080745341778744,6.108786610783444,2.111801242284889,2.2981366460159083,1.6317991631544817,0.6211180124367319,0.2098248944189898,0.5829989517744532,0.1401846853038962,2.8277575011618845,2.8805640044087637,2.8555412118724752,0.0051704529688819,0.0022094771232659,0.0015542107165755,0.003077251298666,0.0156139772949642,0.0275039917068821,218.0,835.3333333333334,432.6666666666667,29780.999999999844,102.13777550686962,5.543344865475903,5.100444398282359,5.307483735761269,0.31100284383244636,2.8546209058143748,0.0029780469362411,0.015398406766837435,764.0,944.0,413.0,462.0,0.6211180124367319,2.2981366460159083,2.111801242284889,7.080745341778744,2.2289364963841733,9.386283123351513,0.1401846853038962,0.5829989517744532,2.8277575011618845,2.8805640044087637,0.003077251298666,0.0275039917068821,35.4400902933387,151.11915828246265,0.0015542107165755,0.0051704529688819,29759.69999999972,29799.69999999972,3
218,753,751,750.0,409,409,409.0,29815.600000000093,29823.69999999972,29879.600000000093,11.704699910719626,2.0,1.0,1.4450246804022149,0.0357781753128206,0.0178253119430773,0.6918238993548601,0.2469135802582694,0.0178890876564103,0.2515723270381309,0.0,0.0,0.1783981086998362,0.0006400389143574,0.000317741745868,2.7928216500058864,3.141592653589793,3.141592653589793,0.0039446265323974,0.043058148592586,0.0,0.0024033599619524,0.0219454407152659,5.765602298520538e-06,219.0,751.3333333333334,409.0,29839.633333333302,4.901566636906542,0.49954272255270427,0.3188755224231799,0.3188755224231799,0.05978529645335386,3.025335652395158,0.015667591708327797,0.00811818875983894,750.0,753.0,409.0,409.0,0.0,0.2515723270381309,0.0178890876564103,0.6918238993548601,0.0178253119430773,1.4450246804022149,0.000317741745868,0.1783981086998362,2.7928216500058864,3.141592653589793,5.765602298520538e-06,0.0219454407152659,1.0,11.704699910719626,0.0,0.043058148592586,29815.600000000093,29879.600000000093,3
219,749,747,739.0,409,410,407.0,29935.69999999972,30039.69999999972,30047.69999999972,1.0,2.23606797749979,8.54400374531753,0.0096153846153846,0.2795084971874737,0.540759730706737,0.0178253119430773,0.0192307692307692,1.0,0.0,0.0096153846153846,0.375,9.245562130177516e-05,0.0349385621484342,0.0342252994112135,3.141592653589793,2.677945044588987,2.782821983319221,0.0,0.0044581500865462,0.0131096173412792,4.015795446840242e-06,0.000335058716607,8.915784215257974e-05,220.0,745.0,408.6666666666667,30007.69999999972,3.92669057427244,0.2766278708365318,0.34568536039128217,0.47068536039128217,0.02308543906031649,2.8674532271660005,0.005855922475941799,0.00014274411806880664,739.0,749.0,407.0,410.0,0.0,0.375,0.0178253119430773,1.0,0.0096153846153846,0.540759730706737,9.245562130177516e-05,0.0349385621484342,2.677945044588987,3.141592653589793,4.015795446840242e-06,0.000335058716607,1.0,8.54400374531753,0.0,0.0131096173412792,29935.69999999972,30047.69999999972,3
220,717,695,683.0,393,382,375.0,30063.5,30079.600000000093,30095.799999999814,26.0768096208106,24.596747752497688,13.892443989449804,1.6196776161900468,1.5183177625260431,1.7365554986812255,1.3924050632665168,1.366459627321288,0.740740740753516,0.8860759493514199,0.6832298136606441,0.432098765439551,0.1006010941727128,0.0937233186760635,0.2170694373351532,2.5748634360662868,2.677945044588987,2.6135182051634334,0.0131619333702061,0.0064025843802549,0.0039769653967077,0.004200999668375,0.0004271910246341,0.0076139579420504,221.0,698.3333333333334,383.3333333333333,30079.633333333302,21.522000454252694,1.6248502924657717,1.1665351437804403,1.310568065593624,0.13713128339464317,2.6221088952729024,0.007847161049056235,0.0040807162116865,683.0,717.0,375.0,393.0,0.432098765439551,0.8860759493514199,0.740740740753516,1.3924050632665168,1.5183177625260431,1.7365554986812255,0.0937233186760635,0.2170694373351532,2.5748634360662868,2.677945044588987,0.0004271910246341,0.0076139579420504,13.892443989449804,26.0768096208106,0.0039769653967077,0.0131619333702061,30063.5,30095.799999999814,3
221,678,676,675.0,372,371,370.0,30103.799999999814,30127.600000000093,30143.69999999972,5.830951894845301,2.23606797749979,1.4142135623730951,0.2449979787721365,0.1388862097858092,0.0883883476483184,0.625,0.0840336134443916,0.0621118012436731,0.375,0.0420168067221958,0.0621118012436731,0.0102940327213974,0.0086264726577032,0.0055242717280199,2.601173153319209,2.677945044588987,2.356194490192345,0.001543131480528,0.0032257097171796,0.0199845064847258,0.0258469255767194,7.006554889389225e-05,0.0001926832875624,222.0,676.3333333333334,371.0,30125.03333333321,3.160411144906062,0.15742417873542136,0.25704847156268823,0.27775240531057926,0.008148259035706833,2.545104229366847,0.008251115894144467,0.008703224804391898,675.0,678.0,370.0,372.0,0.0420168067221958,0.375,0.0621118012436731,0.625,0.0883883476483184,0.2449979787721365,0.0055242717280199,0.0102940327213974,2.356194490192345,2.677945044588987,7.006554889389225e-05,0.0258469255767194,1.4142135623730951,5.830951894845301,0.001543131480528,0.0199845064847258,30103.799999999814,30143.69999999972,3
222,675,674,672.0,369,369,367.0,30159.69999999972,30175.69999999972,30199.5,1.0,1.0,2.8284271247461903,0.0625,0.0420168067221958,0.1756787033993682,0.0,0.0625,0.0840336134443916,0.0625,0.0,0.0840336134443916,0.00390625,0.0017654120471303,0.0109117207079721,1.5707963267948966,3.141592653589793,2.356194490192345,0.0490873852123405,0.098174770424681,0.0329999228314381,0.0001011263580012,0.0001338023720543,0.0003842986832241,223.0,673.6666666666666,368.3333333333333,30178.299999999814,1.6094757082487299,0.09339850337385465,0.048844537814797195,0.07685574229626106,0.005527794251700801,2.356194490192345,0.060087359489486535,0.00020640913775986665,672.0,675.0,367.0,369.0,0.0,0.0840336134443916,0.0,0.0840336134443916,0.0420168067221958,0.1756787033993682,0.0017654120471303,0.0109117207079721,1.5707963267948966,3.141592653589793,0.0001011263580012,0.0003842986832241,1.0,2.8284271247461903,0.0329999228314381,0.098174770424681,30159.69999999972,30199.5,3
223,672,670,669.0,366,365,365.0,30215.600000000093,30231.600000000093,30239.600000000093,1.0,2.23606797749979,1.0,0.0625,0.2795084971874737,0.0625,0.0,0.125,0.125,0.0621118012418767,0.0625,0.0,0.00390625,0.0349385621484342,0.00390625,1.5707963267948966,2.677945044588987,3.141592653589793,0.0487824946206773,0.0691967948621306,0.0579559511251007,0.0004351224042193,0.0019395195092771,0.0038790390185542,224.0,670.3333333333334,365.3333333333333,30228.933333333425,1.4120226591665965,0.1348361657291579,0.08333333333333333,0.08333333333333333,0.014250354049478067,2.4634446749912255,0.0586450802026362,0.0020845603106835336,669.0,672.0,365.0,366.0,0.0,0.0625,0.0,0.125,0.0625,0.2795084971874737,0.00390625,0.0349385621484342,1.5707963267948966,3.141592653589793,0.0004351224042193,0.0038790390185542,1.0,2.23606797749979,0.0487824946206773,0.0691967948621306,30215.600000000093,30239.600000000093,3
224,668,668,669.0,363,364,364.0,30255.600000000093,30823.600000000093,30855.69999999972,2.23606797749979,1.0,1.0,0.0279858320087909,0.0311526479754394,0.0014705882352941,0.0625,0.0,0.0311526479754394,0.125,0.0028360748723758,0.0,0.0003502607260178,0.0009704874758816,2.162629757785467e-06,2.0344439357957027,1.5707963267948966,0.0,0.0691967948621306,0.0044548959920433,0.0489344650097547,0.0002222493296238,2.752375144303441e-06,3.016588305716828e-05,225.0,668.3333333333334,363.6666666666667,30644.966666666634,1.4120226591665965,0.020203022739841467,0.031217549325146466,0.031217549325146466,0.00044097027721906183,1.2017467541968665,0.04086205195464287,8.505586260842392e-05,668.0,669.0,363.0,364.0,0.0,0.125,0.0,0.0625,0.0014705882352941,0.0311526479754394,2.162629757785467e-06,0.0009704874758816,0.0,2.0344439357957027,2.752375144303441e-06,0.0002222493296238,1.0,2.23606797749979,0.0044548959920433,0.0691967948621306,30255.600000000093,30855.69999999972,3
225,677,675,670.0,367,367,367.0,31535.69999999972,31607.799999999814,31623.600000000093,8.54400374531753,2.0,5.0,0.1185021323898265,0.1265822784787742,0.3125,0.0117647058823529,0.027739251040186,0.3164556961969356,0.0044117647058823,0.0,0.0,0.0016435801995793,0.0080115366124389,0.01953125,0.3587706702705722,3.141592653589793,3.141592653589793,0.0005276039268684,0.0385966987977202,0.0,2.4138493673847017e-06,8.83211707746376e-05,0.0007290957840099,226.0,674.0,367.0,31589.03333333321,5.18133458177251,0.1858614702895336,0.1186532177064915,0.1186532177064915,0.009728788937339401,2.2139853258167195,0.013041434241529535,0.00027327693471730744,670.0,677.0,367.0,367.0,0.0,0.0044117647058823,0.0117647058823529,0.3164556961969356,0.1185021323898265,0.3125,0.0016435801995793,0.01953125,0.3587706702705722,3.141592653589793,2.4138493673847017e-06,0.0007290957840099,2.0,8.54400374531753,0.0,0.0385966987977202,31535.69999999972,31623.600000000093,3
226,652,619,551.0,367,361,353.0,31639.600000000093,31655.600000000093,31671.69999999972,18.0,33.54101966249684,68.46897107449476,1.125,2.0832931467871387,4.306224595779281,1.125,2.0625,4.223602484569778,0.0,0.375,0.4968944099493855,0.0703125,0.1293970898655492,0.2708317355772571,3.141592653589793,2.961739153797315,3.024483909022929,0.0,0.0112408437370298,0.0038971897656562,0.003173828125,0.0036927868665968,0.0087847606034149,227.0,607.3333333333334,360.3333333333333,31655.633333333302,40.00333024566387,2.50483924752214,2.4703674948565926,2.6359989648397213,0.15684710848093544,3.0426052388033455,0.005046011167562,0.005217125198337234,551.0,652.0,353.0,367.0,0.0,0.4968944099493855,1.125,4.223602484569778,1.125,4.306224595779281,0.0703125,0.2708317355772571,2.961739153797315,3.141592653589793,0.003173828125,0.0087847606034149,18.0,68.46897107449476,0.0,0.0112408437370298,31639.600000000093,31671.69999999972,3
227,467,385,318.0,340,325,310.0,31687.600000000093,31703.600000000093,31719.600000000093,85.0,83.3606621854697,68.65857557508748,5.3125,5.210041386591857,4.318149407263499,5.28301886780075,5.125,4.1875,0.8176100628739256,0.9375,0.9375,0.33203125,0.325627586661991,0.2715817237288548,2.9880488710502373,2.960666192835672,2.921343930199104,0.0022915118221281,0.0017114173884103,0.0024576414147854,0.0038490260642332,0.0004002289586255,0.003377866433321,228.0,390.0,325.0,31703.600000000093,79.00641258685239,4.946896931285119,4.865172955933583,5.177672955933583,0.30974685346361525,2.9566863313616714,0.0021535235417746,0.0025423738187265667,318.0,467.0,310.0,340.0,0.8176100628739256,0.9375,4.1875,5.28301886780075,4.318149407263499,5.3125,0.2715817237288548,0.33203125,2.921343930199104,2.9880488710502373,0.0004002289586255,0.0038490260642332,68.65857557508748,85.0,0.0017114173884103,0.0024576414147854,31687.600000000093,31719.600000000093,3
228,283,269,264.0,295,288,285.0,31735.5,31751.600000000093,31767.899999999907,38.07886552931954,15.652475842498529,5.830951894845301,2.365146927273247,0.9602745915753004,0.3713982098583517,2.2012578616481138,0.8695652173862742,0.306748466261174,0.9433962264206202,0.4347826086931371,0.1840490797567044,0.1469035358546314,0.0589125516310597,0.0236559369333723,2.7367008673047097,2.677945044588987,2.601173153319209,0.0116127712512877,0.0036494299823219,0.0047099319797947,0.0078413954638335,0.0054652785231715,0.0021629824968153,229.0,272.0,289.3333333333333,31751.666666666668,19.85409775555446,1.2322732429022996,1.1258571817651872,1.187206875017422,0.07649067480635446,2.671939688404302,0.006657377737801434,0.005156552161273433,264.0,283.0,285.0,295.0,0.1840490797567044,0.9433962264206202,0.306748466261174,2.2012578616481138,0.3713982098583517,2.365146927273247,0.0236559369333723,0.1469035358546314,2.601173153319209,2.7367008673047097,0.0021629824968153,0.0078413954638335,5.830951894845301,38.07886552931954,0.0036494299823219,0.0116127712512877,31735.5,31767.899999999907,3
229,261,260,259.0,282,280,280.0,31783.600000000093,31807.5,31815.600000000093,4.242640687119285,2.23606797749979,1.0,0.1775163467420844,0.2760577749968,0.0418410041842634,0.1910828025455037,0.0418410041842634,0.1234567901220373,0.1910828025455037,0.0836820083685269,0.0,0.0074274622068107,0.0340812067893365,0.0017506696311475,2.356194490192345,2.0344439357957027,3.141592653589793,0.0156037365047106,0.0134623662927989,0.1366850268865877,0.0010336608105967,0.0011152194386037,0.0039914243404712,230.0,260.0,280.6666666666667,31802.233333333395,2.492902888206358,0.16513837530771594,0.1187935322839348,0.1187935322839348,0.014419779542431567,2.5107436931926137,0.05525037656136574,0.0020467681965572002,259.0,261.0,280.0,282.0,0.0,0.1910828025455037,0.0418410041842634,0.1910828025455037,0.0418410041842634,0.2760577749968,0.0017506696311475,0.0340812067893365,2.0344439357957027,3.141592653589793,0.0010336608105967,0.0039914243404712,1.0,4.242640687119285,0.0134623662927989,0.1366850268865877,31783.600000000093,31815.600000000093,3
230,257,256,254.0,280,280,280.0,31839.5,31847.69999999972,31871.5,2.0,1.0,2.0,0.2439024390327006,0.0420168067221958,0.25,0.0836820083685269,0.1219512195163503,0.0840336134443916,0.0,0.0,0.0,0.0297441998830501,0.0017654120471303,0.03125,3.141592653589793,3.141592653589793,3.141592653589793,0.0,0.0,0.0,0.0011712774164021,0.0034120472971796,0.0012388482332993,231.0,255.66666666666666,280.0,31852.899999999907,1.6666666666666667,0.17863974858496548,0.09655561377642292,0.09655561377642292,0.020919870643393467,3.141592653589793,0.0,0.001940724315627,254.0,257.0,280.0,280.0,0.0,0.0,0.0836820083685269,0.1219512195163503,0.0420168067221958,0.25,0.0017654120471303,0.03125,3.141592653589793,3.141592653589793,0.0011712774164021,0.0034120472971796,1.0,2.0,0.0,0.0,31839.5,31871.5,3
231,253,253,254.0,280,281,281.0,31879.5,31943.600000000093,31959.600000000093,1.0,1.0,1.0,0.0156006240249383,0.0625,0.1234567901291347,0.125,0.0,0.0625,0.0,0.0156006240249383,0.0,0.0002433794699674,0.00390625,0.0152415790289892,3.141592653589793,1.5707963267948966,0.0,0.0,0.0245054029140813,0.098174770424681,0.003875827566254,5.714306599106388e-05,0.0007084580643118,232.0,253.33333333333334,280.6666666666667,31927.566666666728,1.0,0.06718580471802434,0.0625,0.0625,0.006463736166318866,1.5707963267948966,0.040893391112920764,0.001547142898852288,253.0,254.0,280.0,281.0,0.0,0.0156006240249383,0.0,0.125,0.0156006240249383,0.1234567901291347,0.0002433794699674,0.0152415790289892,0.0,3.141592653589793,5.714306599106388e-05,0.003875827566254,1.0,1.0,0.0,0.098174770424681,31879.5,31959.600000000093,3
232,254,258,260.0,282,285,287.0,31967.69999999972,31991.600000000093,32007.600000000093,1.0,5.0,2.8284271247461903,0.0418410041834482,0.3125,0.0883883476483184,0.0,0.1673640167337929,0.125,0.1234567901291347,0.1255230125503447,0.125,0.0017506696310793,0.01953125,0.0027621358640099,1.5707963267948966,0.6435011087932844,0.7853981633974483,0.1939254724527332,0.038798963095697,0.0088685659127602,0.0016655443701889,0.0007439573376001,0.0010480696334993,233.0,257.3333333333333,284.6666666666667,31988.966666666634,2.942809041582063,0.14757645061058888,0.09745467224459763,0.1391213389112643,0.008014685165029733,0.9998985329952097,0.08053100048706346,0.0011525237804294335,254.0,260.0,282.0,287.0,0.1234567901291347,0.1255230125503447,0.0,0.1673640167337929,0.0418410041834482,0.3125,0.0017506696310793,0.01953125,0.6435011087932844,1.5707963267948966,0.0007439573376001,0.0016655443701889,1.0,5.0,0.0088685659127602,0.1939254724527332,31967.69999999972,32007.600000000093,3
233,262,262,0.0,287,288,0.0,32135.5,32151.0,0.0,2.0,1.0,0.0,0.1290322580645161,5.000000006984919,0.0,0.0208550573514279,0.0,0.0,0.0,0.064516129032258,0.0,0.0083246618106139,25.000000069849197,0.0,0.0,1.5707963267948966,0.0,0.0,0.1013416985028965,0.0,8.680564974579798e-05,1.6123661553573276,0.0,234.0,174.66666666666666,191.66666666666666,21428.833333333332,1.0,1.7096774216831452,0.0069516857838093,0.0069516857838093,8.336108243886605,0.5235987755982988,0.03378056616763216,0.5374843203356912,0.0,262.0,0.0,288.0,0.0,0.064516129032258,0.0,0.0208550573514279,0.0,5.000000006984919,0.0,25.000000069849197,0.0,1.5707963267948966,0.0,1.6123661553573276,0.0,2.0,0.0,0.1013416985028965,0.0,32151.0,3
