,x0,x1,x2,y0,y1,y2,t0,t1,t2,d0,d1,d2,TV0,TV1,TV2,HV0,HV1,HV2,VV0,VV1,VV2,A0,A1,A2,AM0,AM1,AM2,AV0,AV1,AV2,J0,J1,J2,Seg_id,avg_x,avg_y,avg_t,avg_d,avg_tv,avg_hv,avg_vv,avg_a,avg_am,avg_av,avg_j,min_x,max_x,min_y,max_y,min_vv,max_vv,min_hv,max_hv,min_tv,max_tv,min_a,max_a,min_am,max_am,min_j,max_j,min_d,max_d,min_av,max_av,min_t,max_t,label
0,927,509.0,513.0,101,17.0,38.0,33.40000009536743,38784.10000002384,38792.70000004768,0.0,426.3566582100015,21.37755832643195,0.0,49.57635546837314,1.549098434804255,0.0,0.0107869019140498,0.4651162777803214,0.0,0.002167702776986,2.4418604583466874,0.0,5.764692480340949,0.1122535101562985,0.0,2.943277130797972,1.382574821490126,0.0,7.595416678417176e-05,0.1814770122071042,0.0,0.0001487635702155,0.6572603435481794,1.0,649.6666666666666,52.0,25870.066666722298,149.24473884547783,17.041817967725798,0.15863439323145706,0.9725878793470195,1.958981996832416,1.4419506507626993,0.06051765545796278,0.21913636903946498,509.0,927.0,17.0,101.0,0.0,2.4418604583466874,0.0,0.4651162777803214,0.0,49.57635546837314,0.0,5.764692480340949,0.0,2.943277130797972,0.0,0.6572603435481794,0.0,426.3566582100015,0.0,0.1814770122071042,33.40000009536743,38792.70000004768,1
1,534,549.0,568.0,73,86.0,101.0,38806.5,38813.5,38820.70000004768,40.8166632639171,19.849433241279208,24.20743687382041,5.8309518948453,2.756865709697445,4.102955418922456,1.5217391356929113,2.142857142857143,2.6388888714122185,2.536231892821519,1.8571428571428568,2.083333319535962,0.8329931278350429,0.3828980126999229,0.6954161755088931,1.0303768265243125,0.714090698612158,0.668289418830584,0.0255215939262882,0.0451837325588792,0.0063612888164227,0.0522275087079091,0.06429930216216,0.0434053001026728,2.0,550.3333333333334,86.66666666666667,38813.566666682564,28.291177793005573,4.2302576744884,2.1011617166540906,2.7956061564994115,0.6371024386812864,0.8042523146556849,0.025688871767196697,0.05331070365758064,534.0,568.0,73.0,101.0,1.8571428571428568,2.536231892821519,1.5217391356929113,2.6388888714122185,2.756865709697445,5.8309518948453,0.3828980126999229,0.8329931278350429,0.668289418830584,1.0303768265243125,0.0434053001026728,0.06429930216216,19.849433241279208,40.8166632639171,0.0063612888164227,0.0451837325588792,38806.5,38820.70000004768,1
2,595,629.0,673.0,117,134.0,152.0,38826.60000002384,38834.40000009537,38840.70000004768,31.38470965295043,38.01315561749642,47.53945729601885,4.023680687840303,6.0338342706685815,5.942432162002357,4.576271204933358,4.358974319002803,6.984127036988751,2.7118644177382856,2.1794871595014014,2.857142878768125,0.5158564937106885,0.9577514787837668,0.7428040202502946,0.5349550737860964,0.4636476090008061,0.388318718172466,0.0225990416242865,0.0091419825809493,0.0119569668886496,0.0304338444955599,0.0566532026949904,0.0341186444699009,3.0,632.3333333333334,134.33333333333334,38833.90000005563,38.97910752215524,5.33331570683708,5.306457520308304,6.258838479897679,0.7388039975815833,0.4623071336531228,0.014565997031295132,0.0404018972201504,595.0,673.0,117.0,152.0,2.1794871595014014,2.857142878768125,4.358974319002803,6.984127036988751,4.023680687840303,6.0338342706685815,0.5158564937106885,0.9577514787837668,0.388318718172466,0.5349550737860964,0.0304338444955599,0.0566532026949904,31.38470965295043,47.53945729601885,0.0091419825809493,0.0225990416242865,38826.60000002384,38840.70000004768,1
3,730,797.0,870.0,168,182.0,200.0,38848.70000004768,38855.10000002384,38861.70000004768,59.20304046246274,68.4470598345904,75.18643494673756,9.250475106720508,10.370766604141222,10.58963868933252,7.125,10.468750038999133,11.060606020650695,2.0,2.1875000081490725,2.72727271742072,1.4453867408095646,1.57132826767846,1.4914984019397786,0.2736593210820904,0.2059913366758314,0.2417528678642429,0.0143324246362969,0.0105731226028659,0.0054184137968524,0.0878228400699087,0.0196783636465725,0.0120954341591369,4.0,799.0,183.33333333333334,38855.166666706406,67.6121784145969,10.070293466731417,9.551452019883277,10.460542925690183,1.5027378034759344,0.2404678418740549,0.010107987012005068,0.03986554595853937,730.0,870.0,168.0,200.0,2.0,2.72727271742072,7.125,11.060606020650695,9.250475106720508,10.58963868933252,1.4453867408095646,1.57132826767846,0.2059913366758314,0.2736593210820904,0.0120954341591369,0.0878228400699087,59.20304046246274,75.18643494673756,0.0054184137968524,0.0143324246362969,38848.70000004768,38861.70000004768,1
4,950,1022.0,1088.0,215,227.0,237.0,38868.800000071526,38876.10000002384,38883.20000004768,81.39410298049853,72.99315036357864,66.75327707311455,11.149877193447413,10.280725368798176,8.449781933490259,11.267605595966105,9.8630137630555,9.295774616672038,2.1126760492436447,1.6438356271759165,1.408450699495763,1.527380447435423,1.4479894837007627,1.0695926530368778,0.1853479499956947,0.1651486774146268,0.1503714280071345,0.0079443546026957,0.0027670236593164,0.0020813027264605,0.0050538092077678,0.0108754745552387,0.0532953280835528,5.0,1020.0,226.33333333333334,38876.03333338102,73.7135101390639,9.960128165245282,10.142131325231214,10.611614891729802,1.3483208613910211,0.16695601847248534,0.0042642269961575335,0.023074870615519768,950.0,1088.0,215.0,237.0,1.408450699495763,2.1126760492436447,9.295774616672038,11.267605595966105,8.449781933490259,11.149877193447413,1.0695926530368778,1.527380447435423,0.1503714280071345,0.1853479499956947,0.0050538092077678,0.0532953280835528,66.75327707311455,81.39410298049853,0.0020813027264605,0.0079443546026957,38868.800000071526,38883.20000004768,1
5,1149,1199.0,1239.0,248,253.0,261.0,38891.10000002384,38898.5,38904.90000009537,61.98386886924694,50.24937810560445,40.79215610874228,8.376198522831226,7.851465212004746,2.872687064381188,7.7215190106449825,6.756756778526167,6.249999906867744,1.3924050674933577,0.6756756778526167,1.2499999813735487,1.1319187229484151,1.226791421095125,0.2023019069613343,0.1784104993510403,0.099668652491162,0.1973955598498807,0.0035492495479147,0.010640790150483,0.0152698290472616,0.007889375961979,0.0128206349259969,0.1600764841980793,6.0,1195.6666666666667,254.0,38898.166666706406,51.00846769453123,6.366783599739054,6.909425232012964,7.326091892470814,0.8536706836682915,0.15849157056402766,0.0098199562485531,0.06026216502868507,1149.0,1239.0,248.0,261.0,0.6756756778526167,1.3924050674933577,6.249999906867744,7.7215190106449825,2.872687064381188,8.376198522831226,0.2023019069613343,1.226791421095125,0.099668652491162,0.1973955598498807,0.007889375961979,0.1600764841980793,40.79215610874228,61.98386886924694,0.0035492495479147,0.0152698290472616,38891.10000002384,38904.90000009537,1
6,1285,1304.0,1306.0,266,269.0,269.0,38919.10000002384,38933.60000002384,38942.5,46.2709412050371,19.235384061671343,2.0,3.1910993934508345,2.161279113842725,0.3333333333333333,3.239436636035392,1.3103448275862069,0.2247191017255866,0.3521126778299339,0.2068965517241379,0.0,0.2200758202379885,0.2428403505205045,0.0555555555555555,0.108270590860456,0.1566018769820153,0.0,0.0062764062984752,0.0033331921463144,0.0175957165619696,0.0012516840398719,0.0015699676056907,0.0210432354456919,7.0,1298.3333333333333,268.0,38931.73333334923,22.502108422236148,1.8952372802089643,1.5915001884490618,1.5915001884490618,0.17282390877134948,0.0882908226141571,0.009068438335586399,0.0079549623637515,1285.0,1306.0,266.0,269.0,0.0,0.3521126778299339,0.2247191017255866,3.239436636035392,0.3333333333333333,3.1910993934508345,0.0555555555555555,0.2428403505205045,0.0,0.1566018769820153,0.0012516840398719,0.0210432354456919,2.0,46.2709412050371,0.0033331921463144,0.0175957165619696,38919.10000002384,38942.5,1
7,1308,1307.0,1314.0,269,269.0,277.0,38948.5,38964.20000004768,39214.40000009537,2.0,1.0,10.63014581273465,0.1273885346449453,0.0039968025571919,1.6106281767175945,0.3333333333333333,0.0636942673224726,0.0279776179003434,0.0,0.0,0.0319744204575353,0.0081139193794932,1.5974430681175845e-05,0.2440345757561431,0.0,3.141592653589793,0.8519663271732721,0.0,0.2001014422960645,0.0091511843564354,0.007906939362677,0.0005157926703323,0.00097529416978,8.0,1309.6666666666667,271.6666666666667,39042.36666671435,4.543381937578217,0.5806711713065772,0.1416684061853831,0.15232654633789486,0.0840548231887725,1.3311863269210218,0.0697508755508333,0.0031326754009297665,1307.0,1314.0,269.0,277.0,0.0,0.0319744204575353,0.0279776179003434,0.3333333333333333,0.0039968025571919,1.6106281767175945,1.5974430681175845e-05,0.2440345757561431,0.0,3.141592653589793,0.0005157926703323,0.007906939362677,1.0,10.63014581273465,0.0,0.2001014422960645,38948.5,39214.40000009537,1
8,1320,1321.0,1323.0,285,292.0,297.0,39221.0,39228.70000004768,39235.20000004768,10.0,7.071067811865476,5.385164807134504,1.2987012906588438,1.0878565864408425,0.7180219742846005,0.9090909222269192,0.1298701290658843,0.3076923076923077,1.2121212296358923,0.9090909034611906,0.7692307692307693,0.1686625042358946,0.1673625517601296,0.0957362632379467,0.9272952180016122,1.4288992721907328,1.1902899496825317,0.0114134684722444,0.0651433832575119,0.0367091265397232,0.011420011001416,0.0001688249958071,0.0110194290034127,9.0,1321.3333333333333,291.3333333333333,39228.30000003179,7.485410872999993,1.0348599504614289,0.4488844529950371,0.7052947094052935,0.14392043974465696,1.1821614799582922,0.03775532608982649,0.007536088333545267,1320.0,1323.0,285.0,297.0,0.7692307692307693,1.2121212296358923,0.1298701290658843,0.9090909222269192,0.7180219742846005,1.2987012906588438,0.0957362632379467,0.1686625042358946,0.9272952180016122,1.4288992721907328,0.0001688249958071,0.011420011001416,5.385164807134504,10.0,0.0114134684722444,0.0651433832575119,39221.0,39235.20000004768,1
9,1324,1324.0,1324.0,300,301.0,302.0,39242.70000004768,39249.40000009537,39257.800000071526,3.1622776601683795,1.0,1.0,0.4719817369645577,0.1190476193855138,0.1538461538461538,0.1333333333333333,0.0,0.0,0.4,0.1492537302810488,0.1190476193855138,0.070445034866489,0.0141723356813581,0.0236686390532544,1.2490457723982544,1.5707963267948966,1.5707963267948966,0.0078341096954297,0.0480224704636943,0.0,0.003372163782861,0.0083989102663641,0.0011305123093868,10.0,1324.0,301.0,39249.96666673819,1.7207592200561266,0.24829183673207508,0.04444444444444443,0.08412698423961569,0.0360953365337005,1.4635461419960158,0.018618860053041333,0.004300528786203966,1324.0,1324.0,300.0,302.0,0.1190476193855138,0.4,0.0,0.1333333333333333,0.1190476193855138,0.4719817369645577,0.0141723356813581,0.070445034866489,1.2490457723982544,1.5707963267948966,0.0011305123093868,0.0083989102663641,1.0,3.1622776601683795,0.0,0.0480224704636943,39242.70000004768,39257.800000071526,1
10,1324,1324.0,1323.0,304,305.0,305.0,39264.300000071526,39278.40000009537,39299.800000071526,2.0,1.0,1.0,0.14184397139136,0.0467289720146778,0.1428571428571428,0.0,0.0,0.0467289720146778,0.3076923076923077,0.07092198569568,0.0,0.0100598561100364,0.0021835968255485,0.0204081632653061,1.5707963267948966,1.5707963267948966,3.141592653589793,0.0,0.0,0.0734016975955574,0.0020936589143412,0.0005585999483099,0.000851615255143,11.0,1323.6666666666667,304.6666666666667,39280.833333412804,1.3333333333333333,0.1104766954210602,0.015576324004892601,0.015576324004892601,0.010883872066963667,2.0943951023931953,0.024467232531852467,0.0011679580392647,1323.0,1324.0,304.0,305.0,0.0,0.3076923076923077,0.0,0.0467289720146778,0.0467289720146778,0.1428571428571428,0.0021835968255485,0.0204081632653061,1.5707963267948966,3.141592653589793,0.0005585999483099,0.0020936589143412,1.0,2.0,0.0,0.0734016975955574,39264.300000071526,39299.800000071526,1
11,1322,1321.0,1319.0,305,307.0,309.0,39306.800000071526,39314.0,39321.40000009537,1.0,2.23606797749979,2.8284271247461903,0.138888890268626,0.302171344416552,0.4285495705478579,0.1428571428571428,0.138888890268626,0.2702702667871647,0.0,0.2777777805372521,0.2702702667871647,0.0192901238400504,0.0408339649354488,0.0649317540515503,3.141592653589793,2.0344439357957027,2.356194490192345,0.0,0.1537706567767534,0.0434798040878493,0.0001597199178936,0.0029922001818635,0.0032564579466947,12.0,1320.6666666666667,307.0,39314.0666667223,2.0214983674153264,0.2898699350776786,0.18400543330431116,0.27409552223336603,0.041685280942349835,2.5107436931926137,0.06575015362153423,0.0021361260154839335,1319.0,1322.0,305.0,309.0,0.0,0.2777777805372521,0.138888890268626,0.2702702667871647,0.138888890268626,0.4285495705478579,0.0192901238400504,0.0649317540515503,2.0344439357957027,3.141592653589793,0.0001597199178936,0.0032564579466947,1.0,2.8284271247461903,0.0,0.1537706567767534,39306.800000071526,39321.40000009537,1
12,1316,1313.0,1311.0,311,313.0,316.0,39328.0,39335.90000009537,39342.800000071526,3.605551275463989,3.605551275463989,3.605551275463989,0.4563988901187847,0.52254366491629,0.4622501663468967,0.4545454611134595,0.3797468308588,0.2898550734653164,0.3030303074089731,0.2531645539058667,0.4347826101979746,0.0577720107100274,0.0757309661915734,0.059262842201637,2.5535900500422257,2.5535900500422257,2.158798930342464,0.0299084185912378,0.0,0.0572161045020144,0.0010848096128755,0.0022732854765504,0.0023866846444694,13.0,1313.3333333333333,313.3333333333333,39335.5666667223,3.605551275463989,0.4803975737939905,0.374715788479192,0.5196433252118502,0.0642552730344126,2.4219930101423053,0.02904150769775073,0.0019149265779651002,1311.0,1316.0,311.0,316.0,0.2531645539058667,0.4347826101979746,0.2898550734653164,0.4545454611134595,0.4563988901187847,0.52254366491629,0.0577720107100274,0.0757309661915734,2.158798930342464,2.5535900500422257,0.0010848096128755,0.0023866846444694,3.605551275463989,3.605551275463989,0.0,0.0572161045020144,39328.0,39342.800000071526,1
13,1308,1305.0,1303.0,318,320.0,321.0,39350.60000002384,39356.70000004768,39363.90000009537,3.605551275463989,3.605551275463989,2.23606797749979,0.5910739772740471,0.5007710071646343,0.2903984413338578,0.3846153869666526,0.4918032767663108,0.2777777759381282,0.2564102579777684,0.3278688511775405,0.1388888879690641,0.0968973729448907,0.0695515283122443,0.0377140836404388,2.5535900500422257,2.5535900500422257,2.677945044588987,0.0506142464247739,0.0,0.0172715269059987,0.0048249398683749,0.0044829253320926,0.0044218672862436,14.0,1305.3333333333333,319.6666666666667,39357.0666667223,3.1490568428092565,0.46074780859084635,0.38473214655703053,0.43102844254671857,0.06805432829919127,2.595041714891146,0.022628591110257532,0.004576577495570367,1303.0,1308.0,318.0,321.0,0.1388888879690641,0.3278688511775405,0.2777777759381282,0.4918032767663108,0.2903984413338578,0.5910739772740471,0.0377140836404388,0.0968973729448907,2.5535900500422257,2.677945044588987,0.0044218672862436,0.0048249398683749,2.23606797749979,3.605551275463989,0.0,0.0506142464247739,39350.60000002384,39363.90000009537,1
14,1301,1300.0,1299.0,322,322.0,323.0,39371.60000002384,39378.20000004768,39385.300000071526,2.23606797749979,1.0,1.4142135623730951,0.3387981771851836,0.1408450699495763,0.1964185522808395,0.2597402621529963,0.1515151509678177,0.1408450699495763,0.1298701310764981,0.0,0.1408450699495763,0.0513330569638345,0.019837333729101,0.0272803547544559,2.677945044588987,3.141592653589793,2.356194490192345,0.0,0.0702496374736248,0.1106194592619823,0.0017686978506367,0.0047720792607512,0.0010483128169522,15.0,1300.0,322.3333333333333,39378.36666671435,1.5500938466242948,0.22535393313853314,0.18403349435679675,0.23098185100665555,0.03281691514913047,2.725244062790375,0.06028969891186903,0.0025296966427800333,1299.0,1301.0,322.0,323.0,0.0,0.1408450699495763,0.1408450699495763,0.2597402621529963,0.1408450699495763,0.3387981771851836,0.019837333729101,0.0513330569638345,2.356194490192345,3.141592653589793,0.0010483128169522,0.0047720792607512,1.0,2.23606797749979,0.0,0.1106194592619823,39371.60000002384,39385.300000071526,1
15,1298,1297.0,1296.0,323,323.0,323.0,39392.5,39429.5,39435.800000071526,1.0,1.0,1.0,0.027027027027027,0.1587301569280531,0.1333333333333333,0.138888890268626,0.027027027027027,0.1587301569280531,0.0,0.0,0.0,0.0007304601899196,0.0251952627184043,0.0177777777777777,3.141592653589793,3.141592653589793,3.141592653589793,0.1090830793332886,0.0,0.0,0.0036874853928174,0.0006612108791482,0.0011773785486371,16.0,1297.0,323.0,39419.266666690506,1.0,0.10636350576280447,0.10821535807456868,0.10821535807456868,0.014567833562033866,3.141592653589793,0.03636102644442953,0.0018420249402009,1296.0,1298.0,323.0,323.0,0.0,0.0,0.027027027027027,0.1587301569280531,0.027027027027027,0.1587301569280531,0.0007304601899196,0.0251952627184043,3.141592653589793,3.141592653589793,0.0006612108791482,0.0036874853928174,1.0,1.0,0.0,0.1090830793332886,39392.5,39435.800000071526,1
16,1296,1296.0,1295.0,324,325.0,325.0,39443.300000071526,39450.70000004768,39457.40000009537,1.0,1.0,1.0,0.1351351355705233,0.1492537302810488,0.1351351355705233,0.0,0.0,0.1492537302810488,0.1333333333333333,0.1351351355705233,0.0,0.0182615048656637,0.022276676002808,0.0182615048656637,1.5707963267948966,1.5707963267948966,3.141592653589793,0.2094395102393195,0.0,0.2344472112859078,6.44969450514593e-05,0.0005425906959568,0.0005992792699355,17.0,1295.6666666666667,324.6666666666667,39450.46666673819,1.0,0.13984133380736513,0.04975124342701626,0.04975124342701626,0.0195998952447118,2.0943951023931953,0.1479622405084091,0.0004021223036479198,1295.0,1296.0,324.0,325.0,0.0,0.1351351355705233,0.0,0.1492537302810488,0.1351351355705233,0.1492537302810488,0.0182615048656637,0.022276676002808,1.5707963267948966,3.141592653589793,6.44969450514593e-05,0.0005992792699355,1.0,1.0,0.0,0.2344472112859078,39443.300000071526,39457.40000009537,1
17,1293,1292.0,1292.0,325,327.0,328.0,39464.800000071526,39472.60000002384,39480.40000009537,2.0,2.23606797749979,1.0,0.2564102579777684,0.2866753791019447,0.1408450723143708,0.2702702711410467,0.1282051289888842,0.0,0.0,0.2564102579777684,0.1282051270294942,0.0328731101981128,0.0367532533939932,0.0198373343952403,3.141592653589793,2.0344439357957027,1.5707963267948966,0.0,0.1419421441746691,0.0594420006088696,0.0019745412675034,0.0004974542589231,0.0021687075440557,18.0,1292.3333333333333,326.6666666666667,39472.600000063576,1.74535599249993,0.2279769031313613,0.13282513337664362,0.17556017571980834,0.029821232662448766,2.248944305393464,0.06712804826117957,0.0015469010234940665,1292.0,1293.0,325.0,328.0,0.0,0.2564102579777684,0.0,0.2702702711410467,0.1408450723143708,0.2866753791019447,0.0198373343952403,0.0367532533939932,1.5707963267948966,3.141592653589793,0.0004974542589231,0.0021687075440557,1.0,2.23606797749979,0.0,0.1419421441746691,39464.800000071526,39480.40000009537,1
18,1290,1289.0,1288.0,329,329.0,330.0,39487.5,39495.20000004768,39502.10000002384,2.23606797749979,1.0,1.4142135623730951,0.2903984368379887,0.1449275367326582,0.1911099414769609,0.2816901446287416,0.1298701290658843,0.1449275367326582,0.1408450723143708,0.0,0.1449275367326582,0.0377140824726806,0.021003990903396,0.0258256678503639,2.677945044588987,3.141592653589793,2.356194490192345,0.1559364412204716,0.0602139748220233,0.1138258211755459,0.0025178518757128,0.0021701417488057,0.0006987937628447,19.0,1289.0,329.3333333333333,39494.93333335718,1.5500938466242948,0.20881197168253596,0.1854959368090947,0.23380511571998078,0.028181247075480167,2.725244062790375,0.10999207907268027,0.0017955957957877333,1288.0,1290.0,329.0,330.0,0.0,0.1449275367326582,0.1298701290658843,0.2816901446287416,0.1449275367326582,0.2903984368379887,0.021003990903396,0.0377140824726806,2.356194490192345,3.141592653589793,0.0006987937628447,0.0025178518757128,1.0,2.23606797749979,0.0602139748220233,0.1559364412204716,39487.5,39502.10000002384,1
19,1287,1285.0,1284.0,332,334.0,336.0,39509.5,39516.60000002384,39523.5,2.23606797749979,2.8284271247461903,2.23606797749979,0.3149391507029655,0.4099169760173003,0.302171344416552,0.1351351355705233,0.2816901398991526,0.1449275367326582,0.2702702711410467,0.2816901398991526,0.2898550734653164,0.0443576267106193,0.0594082575990874,0.0408339649354488,2.0344439357957027,2.356194490192345,2.0344439357957027,0.0434798047882812,0.04531697934031,0.0466305152910725,0.0025043187729679,0.0021198071602715,0.0026919264822926,20.0,1285.3333333333333,334.0,39516.53333334128,2.433521026581923,0.3423424903789393,0.18725093740077803,0.28386929522255017,0.04819994974838517,2.1416941205945834,0.045142433139887896,0.002438684138510667,1284.0,1287.0,332.0,336.0,0.2702702711410467,0.2898550734653164,0.1351351355705233,0.2816901398991526,0.302171344416552,0.4099169760173003,0.0408339649354488,0.0594082575990874,2.0344439357957027,2.356194490192345,0.0021198071602715,0.0026919264822926,2.23606797749979,2.8284271247461903,0.0434798047882812,0.0466305152910725,39509.5,39523.5,1
20,1282,1281.0,1281.0,337,339.0,340.0,39530.90000009537,39537.60000002384,39544.300000071526,2.23606797749979,2.23606797749979,1.0,0.3337414927419166,0.3337414868038441,0.077519379988233,0.2702702667871647,0.1492537329366356,0.0,0.1351351333935823,0.2985074658732713,0.1492537302810488,0.0498121636275761,0.0498121618550171,0.00600925427376,2.677945044588987,2.0344439357957027,1.5707963267948966,0.0869596081756986,0.0960449426362617,0.0692011351792595,0.0012132700778947,2.6456104277370316e-10,0.0065377473536586,21.0,1281.3333333333333,338.6666666666667,39537.600000063576,1.8240453183331933,0.24833411984466455,0.13984133324126677,0.18959257666828302,0.03521119325211774,2.0943951023931953,0.08406856199707329,0.0025836725653714475,1281.0,1282.0,337.0,340.0,0.1351351333935823,0.2985074658732713,0.0,0.2702702667871647,0.077519379988233,0.3337414927419166,0.00600925427376,0.0498121636275761,1.5707963267948966,2.677945044588987,2.6456104277370316e-10,0.0065377473536586,1.0,2.23606797749979,0.0692011351792595,0.0960449426362617,39530.90000009537,39544.300000071526,1
21,1280,1280.0,1280.0,340,341.0,342.0,39557.20000004768,39564.10000002384,39586.20000004768,1.0,1.0,1.0,0.1449275367326582,0.0452488687294652,0.0341296928883082,0.077519379988233,0.0,0.0,0.0,0.1449275367326582,0.0452488687294652,0.021003990903396,0.0020474601212963,0.0011648359366502,3.141592653589793,1.5707963267948966,1.5707963267948966,0.1217671573409342,0.2276516423510919,0.0,0.0011623826866162,0.0027473233112465,3.9937745868504784e-05,22.0,1280.0,341.0,39569.166666706406,1.0,0.07476869945014387,0.025839793329411,0.040922749572566065,0.008072095653780835,2.0943951023931953,0.11647293323067537,0.001316547914577068,1280.0,1280.0,340.0,342.0,0.0,0.1449275367326582,0.0,0.077519379988233,0.0341296928883082,0.1449275367326582,0.0011648359366502,0.021003990903396,1.5707963267948966,3.141592653589793,3.9937745868504784e-05,0.0027473233112465,1.0,1.0,0.0,0.2276516423510919,39557.20000004768,39586.20000004768,1
22,1280,1279.0,1278.0,343,344.0,345.0,39615.5,39624.20000004768,39638.800000071526,1.0,1.4142135623730951,1.4142135623730951,0.1149425281056451,0.0968639424701149,0.0676657207648981,0.0,0.1149425281056451,0.0684931505730819,0.0341296928883082,0.1149425281056451,0.0684931505730819,0.013211784767317,0.0066345165967079,0.0032375942986645,1.5707963267948966,2.356194490192345,2.356194490192345,0.0,0.0902756504704333,0.0,0.0004111586638318,0.0007560078315586,0.0002326659104449,23.0,1279.0,344.0,39626.166666706406,1.2761423749153966,0.09315739711355271,0.061145226226242334,0.08397627641726964,0.007694631887563134,2.0943951023931953,0.030091883490144435,0.0004666108019451,1278.0,1280.0,343.0,345.0,0.0341296928883082,0.1149425281056451,0.0,0.1149425281056451,0.0676657207648981,0.1149425281056451,0.0032375942986645,0.013211784767317,1.5707963267948966,2.356194490192345,0.0002326659104449,0.0007560078315586,1.0,1.4142135623730951,0.0,0.0902756504704333,39615.5,39638.800000071526,1
23,1277,1277.0,1276.0,346,347.0,347.0,39659.70000004768,39681.0,39689.20000004768,1.4142135623730951,1.0,1.0,0.0663950030769509,0.1219512188030381,0.1694915261086428,0.0478468900067348,0.0,0.1219512188030381,0.0478468900067348,0.0469483569126137,0.0,0.0031171363016707,0.0148720997675464,0.0287273774226367,2.356194490192345,1.5707963267948966,3.141592653589793,0.0,0.0368731532936947,0.191560526543973,5.763540532591004e-06,0.0005518762202906,0.0016896679968927,24.0,1276.6666666666667,346.6666666666667,39676.63333336512,1.1380711874576983,0.11927924932954392,0.05659936960325763,0.05659936960325763,0.0155722044972846,2.356194490192345,0.07614455994588923,0.000749102585905297,1276.0,1277.0,346.0,347.0,0.0,0.0478468900067348,0.0,0.1219512188030381,0.0663950030769509,0.1694915261086428,0.0031171363016707,0.0287273774226367,1.5707963267948966,3.141592653589793,5.763540532591004e-06,0.0016896679968927,1.0,1.4142135623730951,0.0,0.191560526543973,39659.70000004768,39689.20000004768,1
24,1276,1244.0,1188.0,348,348.0,349.0,39695.10000002384,41223.20000004768,41230.10000002384,1.0,32.0,56.00892785976178,0.0031887755099616,4.637681175445064,8.001275408537397,0.0,0.0294415309602557,8.11594205702886,0.1694915261086428,0.0,0.1449275367326582,1.0168289252931186e-05,0.672127708908672,1.143039344076771,1.5707963267948966,3.141592653589793,3.1237374084502405,0.2662366666343175,0.0028904155429742,0.0025877166958331,0.0048673236015982,0.0006183896484712,0.0682480633036608,25.0,1236.0,348.3333333333333,40716.13333336512,29.669642619920594,4.214048453164142,2.7151278626630386,2.7634370415739244,0.605059073758232,2.6120421296116434,0.09057159962437493,0.024577925517910066,1188.0,1276.0,348.0,349.0,0.0,0.1694915261086428,0.0,8.11594205702886,0.0031887755099616,8.001275408537397,1.0168289252931186e-05,1.143039344076771,1.5707963267948966,3.141592653589793,0.0006183896484712,0.0682480633036608,1.0,56.00892785976178,0.0025877166958331,0.2662366666343175,39695.10000002384,41230.10000002384,1
25,1133,1081.0,1030.0,351,351.0,353.0,41237.10000002384,41244.5,41251.40000009537,55.03635162326805,52.0,51.03920062069938,7.437344837917321,7.536231779896947,6.991671363573733,7.857142857142857,7.027027049667214,7.391304245668159,0.2857142857142857,0.0,0.2898550684575748,1.0050466029566891,1.0922074892370903,0.9577632067456768,3.105245032570773,3.141592653589793,3.1023970516627384,0.0026417679827811,0.0049118406940713,0.0056805219399011,0.0197132487314402,0.0117784981839489,0.019484678352639,26.0,1081.3333333333333,351.6666666666667,41244.33333337307,52.69185074798914,7.321749327129333,7.425158050826076,7.5217764069786,1.0183390996464854,3.1164115792744345,0.004411376872251166,0.016992141756009365,1030.0,1133.0,351.0,353.0,0.0,0.2898550684575748,7.027027049667214,7.857142857142857,6.991671363573733,7.536231779896947,0.9577632067456768,1.0922074892370903,3.1023970516627384,3.141592653589793,0.0117784981839489,0.0197132487314402,51.03920062069938,55.03635162326805,0.0026417679827811,0.0056805219399011,41237.10000002384,41251.40000009537,1
26,978,932.0,886.0,353,353.0,353.0,41258.70000004768,41265.60000002384,41272.90000009537,52.0,46.0,46.0,7.536231910098228,6.301369801272728,6.301369904174347,7.123287717762305,6.666666689702279,6.301369801272728,0.0,0.0,0.0,1.0922075269765918,0.8632013341824324,0.8632013623746569,3.141592653589793,3.141592653589793,3.141592653589793,0.0053692605730247,0.0,0.0,0.0184170302889188,0.0331893034181817,3.86194853131905e-09,27.0,932.0,353.0,41265.73333338896,48.0,6.7129905385151005,6.697108069579104,6.697108069579104,0.9395367411778938,3.141592653589793,0.0017897535243415665,0.017202112523016344,886.0,978.0,353.0,353.0,0.0,0.0,6.301369801272728,7.123287717762305,6.301369801272728,7.536231910098228,0.8632013341824324,1.0922075269765918,3.141592653589793,3.141592653589793,3.86194853131905e-09,0.0331893034181817,46.0,52.0,0.0,0.0053692605730247,41258.70000004768,41272.90000009537,1
27,845,804.0,766.0,354,354.0,357.0,41280.20000004768,41287.300000071526,41295.300000071526,41.01219330881976,41.0,38.11823710509184,5.7763652353662645,5.125,5.151113138905938,5.616438392851048,5.774647867932629,4.75,0.1369863022646597,0.0,0.375,0.8135725656294623,0.640625,0.696096372365158,3.117207244417074,3.141592653589793,3.0628086926006493,0.0033404670317814,0.0034345646606805,0.0098479951236429,0.0067984653519685,0.0243588119786905,0.0069339215456447,28.0,805.0,355.0,41287.600000063576,40.0434768046372,5.3508261247574005,5.380362086927892,5.505362086927892,0.7167646459982068,3.107202863535839,0.0055410089387016,0.012697066292101234,766.0,845.0,354.0,357.0,0.0,0.375,4.75,5.774647867932629,5.125,5.7763652353662645,0.640625,0.8135725656294623,3.0628086926006493,3.141592653589793,0.0067984653519685,0.0243588119786905,38.11823710509184,41.01219330881976,0.0033404670317814,0.0098479951236429,41280.20000004768,41295.300000071526,1
28,739,712.0,689.0,357,357.0,357.0,41302.70000004768,41309.60000002384,41316.60000002384,27.0,27.0,23.0,3.913043491781772,3.857142857142857,3.1944444232884748,3.64864866040413,3.913043491781772,3.2857142857142856,0.0,0.0,0.0,0.5671077543916919,0.5510204081632654,0.4436728336295146,3.141592653589793,3.141592653589793,3.141592653589793,0.0106464812490507,0.0,0.0,0.0174308943768987,0.0023314994614512,0.0153353677905358,29.0,713.3333333333334,357.0,41309.63333336512,25.666666666666668,3.6548769240710346,3.615802145966729,3.615802145966729,0.5206003320614906,3.141592653589793,0.0035488270830169,0.011699253876295232,689.0,739.0,357.0,357.0,0.0,0.0,3.2857142857142856,3.913043491781772,3.1944444232884748,3.913043491781772,0.4436728336295146,0.5671077543916919,3.141592653589793,3.141592653589793,0.0023314994614512,0.0174308943768987,23.0,27.0,0.0,0.0106464812490507,41302.70000004768,41316.60000002384,1
29,669,655.0,640.0,359,359.0,360.0,41323.800000071526,41331.40000009537,41339.10000002384,20.09975124224178,14.0,15.033296378372908,2.644704102524621,1.818181835070974,2.1787386130895774,2.7777777593812827,1.842105257379051,1.948051966147472,0.2777777759381282,0.0,0.1298701310764981,0.3479873808194678,0.2361275132415753,0.3157592203794006,3.0419240010986317,3.141592653589793,3.0750244898139694,0.0138428683098725,0.0131142963392753,0.008645216155088,0.0132896461356037,0.0147184035824971,0.0103417802438346,30.0,654.6666666666666,359.3333333333333,41331.43333339691,16.377682540204898,2.213874850228391,2.189311660969268,2.2326017046614344,0.29995803814681454,3.086180381500798,0.011867460268078599,0.012783276653978467,640.0,669.0,359.0,360.0,0.0,0.2777777759381282,1.842105257379051,2.7777777593812827,1.818181835070974,2.644704102524621,0.2361275132415753,0.3479873808194678,3.0419240010986317,3.141592653589793,0.0103417802438346,0.0147184035824971,14.0,20.09975124224178,0.008645216155088,0.0138428683098725,41323.800000071526,41339.10000002384,1
30,629,620.0,609.0,360,362.0,362.0,41346.0,41352.60000002384,41359.5,11.0,9.219544457292889,11.0,1.6666666606459954,1.3361658679926904,1.506849300304348,1.5942029040592405,1.36363635871036,1.5942029040592405,0.0,0.3030303019356355,0.0,0.2525252507008067,0.1936472279144348,0.206417710347973,3.141592653589793,2.922923707715851,3.141592653589793,0.0096475600008463,0.0331316583460638,0.0316911516854373,0.0091643434633462,0.0089209125111637,0.0018507945619803,31.0,619.3333333333334,361.3333333333333,41352.70000000795,10.40651481909763,1.5032272763143446,1.517347388942947,1.517347388942947,0.21753006298773817,3.068703004965146,0.024823456677449132,0.006645350178830066,609.0,629.0,360.0,362.0,0.0,0.3030303019356355,1.36363635871036,1.5942029040592405,1.3361658679926904,1.6666666606459954,0.1936472279144348,0.2525252507008067,2.922923707715851,3.141592653589793,0.0018507945619803,0.0091643434633462,9.219544457292889,11.0,0.0096475600008463,0.0331316583460638,41346.0,41359.5,1
31,600,589.0,580.0,363,363.0,365.0,41366.800000071526,41374.5,41382.0,9.055385138137416,11.0,9.219544457292889,1.1760240548380796,1.4666666666666666,1.4183914549681365,1.232876700249012,1.4285714418414794,1.2,0.1369863000276679,0.0,0.2666666666666666,0.1527303981509362,0.1955555555555555,0.2182140699950979,3.0309354324158977,3.141592653589793,2.922923707715851,0.0151585232999552,0.0143710678184148,0.0291558594498589,0.0073544262563023,0.0055617088055095,0.0030211352586056,32.0,589.6666666666666,363.6666666666667,41374.43333335718,9.758309865143437,1.353694058824294,1.2871493806968306,1.3760382695857194,0.1888333412338632,3.0318172645738475,0.0195618168560763,0.005312423440139134,580.0,600.0,363.0,365.0,0.0,0.2666666666666666,1.2,1.4285714418414794,1.1760240548380796,1.4666666666666666,0.1527303981509362,0.2182140699950979,2.922923707715851,3.141592653589793,0.0030211352586056,0.0073544262563023,9.055385138137416,11.0,0.0143710678184148,0.0291558594498589,41366.800000071526,41382.0,1
32,572,564.0,559.0,365,366.0,367.0,41388.5,41397.5,41404.20000004768,8.0,8.06225774829855,5.0990195135927845,0.8888888888888888,1.2033220434208485,0.6622103223397579,1.2307692307692308,0.8888888888888888,0.7462686514052445,0.0,0.1111111111111111,0.1492537302810488,0.0987654320987654,0.1796003037099758,0.0860013400310252,3.141592653589793,3.017237659043032,2.9441970937399127,0.0336413762882987,0.0138172216163068,0.010901576833327,0.0183767135225126,0.0089816524012456,0.0139699944795237,33.0,565.0,366.0,41396.73333334923,7.053759087297112,0.9181404182164985,0.9553089236877881,1.0050601671148043,0.1214556919465888,3.0343424687909124,0.019453391579310832,0.013776120134427298,559.0,572.0,365.0,367.0,0.0,0.1492537302810488,0.7462686514052445,1.2307692307692308,0.6622103223397579,1.2033220434208485,0.0860013400310252,0.1796003037099758,2.9441970937399127,3.141592653589793,0.0089816524012456,0.0183767135225126,5.0990195135927845,8.06225774829855,0.010901576833327,0.0336413762882987,41388.5,41404.20000004768,1
33,553,548.0,544.0,369,369.0,369.0,41411.90000009537,41418.5,41425.90000009537,6.324555320336759,5.0,4.0,0.958265971473352,0.6756756669679118,0.5970149317465426,0.7792207743953062,0.7575757685224326,0.5405405335743294,0.2597402581317687,0.0,0.0,0.145191815957564,0.0913075213865064,0.0891067071820822,2.819842099193151,3.141592653589793,3.141592653589793,0.0161499991917752,0.0487500847039109,0.0,0.0076870747480507,0.0081642871741916,0.0002974073210893,34.0,548.3333333333334,369.0,41418.76666673025,5.10818510677892,0.7436521900626022,0.6924456921640227,0.6924456921640227,0.1085353481753842,3.0343424687909124,0.021633361298562036,0.005382923081110533,544.0,553.0,369.0,369.0,0.0,0.2597402581317687,0.5405405335743294,0.7792207743953062,0.5970149317465426,0.958265971473352,0.0891067071820822,0.145191815957564,2.819842099193151,3.141592653589793,0.0002974073210893,0.0081642871741916,4.0,6.324555320336759,0.0,0.0487500847039109,41411.90000009537,41425.90000009537,1
34,539,533.0,529.0,370,371.0,372.0,41432.60000002384,41439.70000004768,41446.60000002384,5.0990195135927845,6.082762530298219,4.123105625617661,0.7181717600662303,0.8815597900458323,0.5153882032022076,0.7462686646831783,0.8450704196974579,0.5797101469306329,0.1492537329366356,0.1408450699495763,0.1449275367326582,0.1011509517823385,0.1277622888539018,0.0644235254002759,2.9441970937399127,2.976443976175166,2.896613990462929,0.0294620241727117,0.004541814412249,0.0115695631866778,0.0017976484669901,0.003748075631296,0.0091795309670265,35.0,533.6666666666666,371.0,41439.63333336512,5.101629223169556,0.7050399177714234,0.7236830771037565,0.7719922560146425,0.09777892201217207,2.9390850201260026,0.015191133923879501,0.0049084183551042,529.0,539.0,370.0,372.0,0.1408450699495763,0.1492537329366356,0.5797101469306329,0.8450704196974579,0.5153882032022076,0.8815597900458323,0.0644235254002759,0.1277622888539018,2.896613990462929,2.976443976175166,0.0017976484669901,0.0091795309670265,4.123105625617661,6.082762530298219,0.004541814412249,0.0294620241727117,41432.60000002384,41446.60000002384,1
35,524,512.0,504.0,373,373.0,375.0,41454.60000002384,41468.40000009537,41474.800000071526,5.0990195135927845,12.0,8.246211251235321,0.3694941657365581,1.8750000069849195,0.9816918184096044,0.625,0.8695652128843369,1.2500000046566129,0.125,0.0,0.3125000011641532,0.0267749394073525,0.2929687521827873,0.1168680739518995,2.9441970937399127,3.141592653589793,2.896613990462929,0.0059478879096229,0.0143040260019403,0.0382779162561688,0.0047060732491154,0.0192894066228803,0.0275157310760802,36.0,513.3333333333334,373.6666666666667,41465.93333339691,8.448410254942702,1.0753953303770274,0.91485507251365,1.0190217395683676,0.14553725518067975,2.994134579264211,0.019509943389244,0.017170403649358634,504.0,524.0,373.0,375.0,0.0,0.3125000011641532,0.625,1.2500000046566129,0.3694941657365581,1.8750000069849195,0.0267749394073525,0.2929687521827873,2.896613990462929,3.141592653589793,0.0047060732491154,0.0275157310760802,5.0990195135927845,12.0,0.0059478879096229,0.0382779162561688,41454.60000002384,41474.800000071526,1
36,499,492.0,484.0,377,377.0,380.0,41483.20000004768,41489.800000071526,41498.10000002384,5.385164807134504,7.0,8.54400374531753,0.8159340587395636,0.8433734988211063,1.3144621146642357,0.5952380969275693,1.0606060567747244,0.9638554272241214,0.2380952387710277,0.0,0.3614457852090456,0.1236263720897092,0.1016112655019649,0.2022249407175746,2.761086276477428,3.141592653589793,2.782821983319221,0.0161342517107346,0.0576524811723973,0.0432253822086408,0.0008045593044037,0.0033356221982146,0.0121221296136913,37.0,491.6666666666667,378.0,41490.36666671435,6.976389517484011,0.991256557408302,0.8732331936421384,0.9937151220451536,0.1424875261030829,2.895166971128814,0.039004038363924236,0.0054207703721032,484.0,499.0,377.0,380.0,0.0,0.3614457852090456,0.5952380969275693,1.0606060567747244,0.8159340587395636,1.3144621146642357,0.1016112655019649,0.2022249407175746,2.761086276477428,3.141592653589793,0.0008045593044037,0.0121221296136913,5.385164807134504,8.54400374531753,0.0161342517107346,0.0576524811723973,41483.20000004768,41498.10000002384,1
37,480,472.0,467.0,380,381.0,381.0,41504.60000002384,41511.800000071526,41519.70000004768,4.0,8.06225774829855,5.0,0.5555555518762565,1.0205389585607714,0.602409642015076,0.6153846153846154,1.111111103752513,0.6329113943151625,0.0,0.1388888879690641,0.0,0.0771604928051329,0.1291821470431283,0.0725794753585463,3.141592653589793,3.017237659043032,3.141592653589793,0.0551954877339341,0.0172715269059987,0.015741138597729,0.0192406842942218,0.0072252297074263,0.0071648951715704,38.0,473.0,380.6666666666667,41512.03333338102,5.68741924943285,0.7261680508173679,0.7864690378174304,0.7864690378174304,0.09297403840226916,3.1001409887408724,0.029402717745887264,0.011210269724406167,467.0,480.0,380.0,381.0,0.0,0.1388888879690641,0.6153846153846154,1.111111103752513,0.5555555518762565,1.0205389585607714,0.0725794753585463,0.1291821470431283,3.017237659043032,3.141592653589793,0.0071648951715704,0.0192406842942218,4.0,8.06225774829855,0.015741138597729,0.0551954877339341,41504.60000002384,41519.70000004768,1
38,460,453.0,447.0,381,381.0,381.0,41528.0,41535.5,41541.90000009537,7.0,7.0,6.0,0.9333333333333332,1.0937499837018552,0.7142857163130831,0.8433734988211063,0.9333333333333332,0.9374999860301616,0.0,0.0,0.0,0.1244444444444444,0.1708984324068297,0.085034014088149,3.141592653589793,3.141592653589793,3.141592653589793,0.0,0.0,0.0,0.0062487914920317,0.0061938650616513,0.0134163151623751,39.0,453.3333333333333,381.0,41535.13333336512,6.666666666666667,0.9137896777827571,0.9047356060615336,0.9047356060615336,0.12679229697980768,3.141592653589793,0.0,0.008619657238686034,447.0,460.0,381.0,381.0,0.0,0.0,0.8433734988211063,0.9374999860301616,0.7142857163130831,1.0937499837018552,0.085034014088149,0.1708984324068297,3.141592653589793,3.141592653589793,0.0061938650616513,0.0134163151623751,6.0,7.0,0.0,0.0,41528.0,41541.90000009537,1
39,441,433.0,426.0,380,378.0,377.0,41550.300000071526,41558.40000009537,41563.40000009537,6.082762530298219,8.246211251235321,7.071067811865476,0.750958334863454,1.6492422502470645,0.7001057305576991,0.7142857163130831,0.9876543180805538,1.4,0.1190476193855138,0.2469135795201384,0.2,0.0927109052658091,0.3298484500494129,0.0693173997196357,2.976443976175166,2.896613990462929,2.999695598985629,0.0196605568908775,0.009855553762625,0.02061632170454,0.000913915618982,0.0292762400105683,0.0521062100659554,40.0,433.3333333333333,378.3333333333333,41557.36666675409,7.133347197799672,1.0334354385560724,1.0339800114645457,1.1006466781312123,0.16395891834495255,2.957584521874575,0.016710810786014167,0.0274321218985019,426.0,441.0,377.0,380.0,0.1190476193855138,0.2469135795201384,0.7142857163130831,1.4,0.7001057305576991,1.6492422502470645,0.0693173997196357,0.3298484500494129,2.896613990462929,2.999695598985629,0.000913915618982,0.0521062100659554,6.082762530298219,8.246211251235321,0.009855553762625,0.02061632170454,41550.300000071526,41563.40000009537,1
40,419,412.0,405.0,377,377.0,376.0,41573.5,41579.10000002384,41587.300000071526,7.0,7.0,7.071067811865476,1.2499999946781568,0.8536585316212669,2.1427478527392894,0.6930693134748753,1.2499999946781568,0.8536585316212669,0.0,0.0,0.1219512188030381,0.2232142838136274,0.1041046983728253,0.6493175405155037,3.141592653589793,3.141592653589793,2.999695598985629,0.0140492134598021,0.0,0.017304518753539,0.0152373154007064,0.02126956873816,0.066489370606368,41.0,412.0,376.6666666666667,41579.966666698456,7.0236892706218255,1.4154687930129046,0.9322426132580998,0.9728930195257791,0.3255455075673188,3.094293635388405,0.010451244071113702,0.03433208491507814,405.0,419.0,376.0,377.0,0.0,0.1219512188030381,0.6930693134748753,1.2499999946781568,0.8536585316212669,2.1427478527392894,0.1041046983728253,0.6493175405155037,2.999695598985629,3.141592653589793,0.0152373154007064,0.066489370606368,7.0,7.071067811865476,0.0,0.017304518753539,41573.5,41587.300000071526,1
41,400,393.0,387.0,374,374.0,374.0,41590.60000002384,41599.5,41607.0,5.385164807134504,7.0,6.0,0.6050746990517538,0.9333333333333332,0.8571428571428571,1.5151515370448652,0.7865168560395531,0.8,0.6060606148179462,0.0,0.0,0.0679859214238948,0.1244444444444444,0.1224489795918367,2.761086276477428,3.141592653589793,3.141592653589793,0.0723058563503069,0.0427535256327739,0.0,0.1761610992398862,0.0063436542889656,0.0002660619803476,42.0,393.3333333333333,374.0,41599.03333334128,6.128388269044835,0.7985169631759814,1.0338894643614729,1.0338894643614729,0.10495978182005865,3.014757194552338,0.0383531273276936,0.060923605169733136,387.0,400.0,374.0,374.0,0.0,0.6060606148179462,0.7865168560395531,1.5151515370448652,0.6050746990517538,0.9333333333333332,0.0679859214238948,0.1244444444444444,2.761086276477428,3.141592653589793,0.0002660619803476,0.1761610992398862,5.385164807134504,7.0,0.0,0.0723058563503069,41590.60000002384,41607.0,1
42,380,376.0,370.0,374,374.0,375.0,41614.0,41620.90000009537,41628.10000002384,7.0,4.0,6.082762530298219,1.014492739601512,0.5555555610745042,0.9504316488997304,1.0,0.5797101369151497,0.8333333416117563,0.0,0.0,0.138888890268626,0.1470279312434544,0.0771604953602018,0.1485049456938069,3.141592653589793,3.141592653589793,2.976443976175166,0.0,0.0,0.0229373165354488,0.0035112788073739,0.0101257152054477,0.0099089515336595,43.0,375.3333333333333,374.3333333333333,41621.000000039734,5.694254176766073,0.8401599831919156,0.8043478261756354,0.8506441229318441,0.12423112409915436,3.0865430944515837,0.007645772178482933,0.0078486485154937,370.0,380.0,374.0,375.0,0.0,0.138888890268626,0.5797101369151497,1.0,0.5555555610745042,1.014492739601512,0.0771604953602018,0.1485049456938069,2.976443976175166,3.141592653589793,0.0035112788073739,0.0101257152054477,4.0,7.0,0.0,0.0229373165354488,41614.0,41628.10000002384,1
43,366,363.0,359.0,375,375.0,375.0,41634.5,41642.300000071526,41649.10000002384,4.0,3.0,4.0,0.5128205081179767,0.441176473681902,0.5797101469306329,0.6250000023283064,0.3846153810884826,0.588235298242536,0.0,0.0,0.0,0.0657462183865949,0.0648788936434659,0.084015963613584,3.141592653589793,3.141592653589793,3.141592653589793,0.0258044809421646,0.0,0.0,0.0129310511899237,0.0001111954788686,0.0028142750153401,44.0,362.6666666666667,375.0,41641.966666698456,3.6666666666666665,0.5112357095768373,0.5326168938864417,0.5326168938864417,0.07154702521454827,3.141592653589793,0.0086014936473882,0.005285507228044134,359.0,366.0,375.0,375.0,0.0,0.0,0.3846153810884826,0.6250000023283064,0.441176473681902,0.5797101469306329,0.0648788936434659,0.084015963613584,3.141592653589793,3.141592653589793,0.0001111954788686,0.0129310511899237,3.0,4.0,0.0,0.0258044809421646,41634.5,41649.10000002384,1
44,356,354.0,352.0,375,375.0,375.0,41656.0,41663.5,41670.5,3.0,2.0,2.0,0.4,0.2857142857142857,0.2816901398991526,0.4347826101979746,0.2666666666666666,0.2857142857142857,0.0,0.0,0.0,0.0533333333333333,0.0408163265306122,0.039674667458202,3.141592653589793,3.141592653589793,3.141592653589793,0.0,0.0,0.0,0.0044467580269956,0.0016689342403628,0.0001630941532014,45.0,354.0,375.0,41663.333333333336,2.3333333333333335,0.3224681418711461,0.3290545208596423,0.3290545208596423,0.0446081091073825,3.141592653589793,0.0,0.002092928806853267,352.0,356.0,375.0,375.0,0.0,0.0,0.2666666666666666,0.4347826101979746,0.2816901398991526,0.4,0.039674667458202,0.0533333333333333,3.141592653589793,3.141592653589793,0.0001630941532014,0.0044467580269956,2.0,3.0,0.0,0.0,41656.0,41670.5,1
45,348,345.0,343.0,375,374.0,374.0,41677.60000002384,41684.60000002384,41691.60000002384,4.0,3.1622776601683795,2.0,0.5714285714285714,0.4517539514526256,0.25,0.5633802797983053,0.4285714285714285,0.2857142857142857,0.0,0.1428571428571428,0.0,0.0816326530612244,0.0645362787789465,0.03125,3.141592653589793,2.819842099193151,3.141592653589793,0.0,0.045964364913806,0.045964364913806,0.005909575417201,0.0024423391831825,0.0047551826827066,46.0,345.3333333333333,374.3333333333333,41684.60000002384,3.05409255338946,0.42439417429373233,0.4258886646946731,0.4258886646946731,0.05913964394672363,3.0343424687909124,0.030642909942537332,0.0043690324276967,343.0,348.0,374.0,375.0,0.0,0.1428571428571428,0.2857142857142857,0.5633802797983053,0.25,0.5714285714285714,0.03125,0.0816326530612244,2.819842099193151,3.141592653589793,0.0024423391831825,0.005909575417201,2.0,4.0,0.0,0.045964364913806,41677.60000002384,41691.60000002384,1
46,340,336.0,333.0,373,373.0,372.0,41699.60000002384,41708.20000004768,41714.60000002384,3.1622776601683795,4.0,3.1622776601683795,0.3677067036513451,0.6250000023283064,0.4650408274861864,0.375,0.4651162777803214,0.4687500017462298,0.125,0.0,0.1562500005820766,0.0427565933292963,0.0976562507275957,0.068388356263922,2.819842099193151,3.141592653589793,2.819842099193151,0.0402188192995802,0.0374128550586802,0.0502735243117588,0.001438324166162,0.0063836810751279,0.0045731085269851,47.0,336.3333333333333,372.6666666666667,41707.466666698456,3.441518440112253,0.48591584448861264,0.4362887598421838,0.4883720933695426,0.069600400106938,2.9270922839920317,0.042635066223339735,0.004131704589424999,333.0,340.0,372.0,373.0,0.0,0.1562500005820766,0.375,0.4687500017462298,0.3677067036513451,0.6250000023283064,0.0427565933292963,0.0976562507275957,2.819842099193151,3.141592653589793,0.001438324166162,0.0063836810751279,3.1622776601683795,4.0,0.0374128550586802,0.0502735243117588,41699.60000002384,41714.60000002384,1
47,330,327.0,324.0,371,370.0,369.0,41721.40000009537,41729.10000002384,41736.5,3.1622776601683795,3.1622776601683795,3.1622776601683795,0.4106854142263493,0.4273348203184913,0.4583011038349827,0.4411764659477353,0.3896103932294944,0.40540540671157,0.1470588219825784,0.1298701310764981,0.1351351355705233,0.0533357685767819,0.0577479488777445,0.0664204489131355,2.819842099193151,2.819842099193151,2.819842099193151,0.0,0.0,0.0,0.0022136158130602,0.0005730104340191,0.0011719594680179,48.0,327.0,370.0,41729.000000039734,3.1622776601683795,0.43210711279327446,0.4120640886295999,0.45710913381977436,0.059168055455887304,2.819842099193151,0.0,0.0013195285716990667,324.0,330.0,369.0,371.0,0.1298701310764981,0.1470588219825784,0.3896103932294944,0.4411764659477353,0.4106854142263493,0.4583011038349827,0.0533357685767819,0.0664204489131355,2.819842099193151,2.819842099193151,0.0005730104340191,0.0022136158130602,3.1622776601683795,3.1622776601683795,0.0,0.0,41721.40000009537,41736.5,1
48,321,318.0,316.0,368,367.0,366.0,41743.40000009537,41750.20000004768,41757.40000009537,3.1622776601683795,3.1622776601683795,2.23606797749979,0.4650408356387139,0.4392052276702003,0.3149391559908068,0.4347826026863623,0.441176473681902,0.2777777759381282,0.1449275342287874,0.147058824560634,0.1388888879690641,0.0683883586617242,0.0610007256613137,0.044357628200152,2.819842099193151,2.819842099193151,2.677945044588987,0.0,0.0,0.0197079241200579,0.0002852043074477,0.0010864166253257,0.0023115412987414,49.0,318.3333333333333,367.0,41750.333333412804,2.85354109927885,0.406395073099907,0.3845789507687975,0.43087524675848554,0.0579155708410633,2.7725430809917633,0.0065693080400193,0.0012277207438382667,316.0,321.0,366.0,368.0,0.1388888879690641,0.147058824560634,0.2777777759381282,0.441176473681902,0.3149391559908068,0.4650408356387139,0.044357628200152,0.0683883586617242,2.677945044588987,2.819842099193151,0.0002852043074477,0.0023115412987414,2.23606797749979,3.1622776601683795,0.0,0.0197079241200579,41743.40000009537,41757.40000009537,1
49,314,312.0,311.0,365,365.0,364.0,41764.5,41772.10000002384,41780.0,2.23606797749979,2.0,1.4142135623730951,0.2942194698006646,0.253164557726065,0.1885618083164127,0.2816901446287416,0.263157893911293,0.1265822788630325,0.1408450723143708,0.0,0.1265822788630325,0.03871308801022,0.032046146644317,0.0251415744421883,2.677945044588987,3.141592653589793,2.356194490192345,0.0,0.0610062641508294,0.0994174893376893,0.0007950056712323,0.0008772291243405,0.0008739964839197,50.0,312.3333333333333,364.6666666666667,41772.20000000795,1.8834271799576283,0.24531527861438077,0.22381010580102237,0.26600419875536657,0.0319669363655751,2.725244062790375,0.0534745844961729,0.0008487437598308332,311.0,314.0,364.0,365.0,0.0,0.1408450723143708,0.1265822788630325,0.2816901446287416,0.1885618083164127,0.2942194698006646,0.0251415744421883,0.03871308801022,2.356194490192345,3.141592653589793,0.0007950056712323,0.0008772291243405,1.4142135623730951,2.23606797749979,0.0,0.0994174893376893,41764.5,41780.0,1
50,310,309.0,308.0,363,363.0,362.0,41787.5,41794.300000071526,41802.90000009537,1.4142135623730951,1.0,1.4142135623730951,0.2079725805143731,0.1162790694450803,0.1911099414769609,0.1333333333333333,0.1470588219825784,0.1162790694450803,0.1333333333333333,0.0,0.1162790694450803,0.0305842026951206,0.0135208219910138,0.0258256678503639,2.356194490192345,3.141592653589793,2.356194490192345,0.0,0.1154997286965094,0.0913253675837304,0.0007256837670576,0.0025093206653862,0.0014307960261903,51.0,309.0,362.6666666666667,41794.90000005563,1.2761423749153966,0.17178719714547142,0.13222374158699735,0.1709834314020241,0.023310230845499436,2.6179938779914944,0.06894169876007994,0.0015552668195447,308.0,310.0,362.0,363.0,0.0,0.1333333333333333,0.1162790694450803,0.1470588219825784,0.1162790694450803,0.2079725805143731,0.0135208219910138,0.0305842026951206,2.356194490192345,3.141592653589793,0.0007256837670576,0.0025093206653862,1.0,1.4142135623730951,0.0,0.1154997286965094,41787.5,41802.90000009537,1
51,308,306.0,305.0,361,361.0,361.0,41810.300000071526,41817.0,41824.300000071526,1.0,2.0,1.0,0.1492537329366356,0.2739726000553359,0.0684931505730819,0.0,0.2985074658732713,0.1369863000276679,0.1351351355705233,0.0,0.0,0.0222766767955205,0.0375304927905405,0.0046913116754268,1.5707963267948966,3.141592653589793,3.141592653589793,0.1061348872875542,0.2344472154572937,0.0,0.0004795933873348,0.0022766889787852,0.0044985179168978,52.0,306.3333333333333,361.0,41817.200000047684,1.3333333333333333,0.1639064945216845,0.14516458863364642,0.14516458863364642,0.021499493753829268,2.6179938779914944,0.11352736758161597,0.0024182667610059337,305.0,308.0,361.0,361.0,0.0,0.1351351355705233,0.0,0.2985074658732713,0.0684931505730819,0.2739726000553359,0.0046913116754268,0.0375304927905405,1.5707963267948966,3.141592653589793,0.0004795933873348,0.0044985179168978,1.0,2.0,0.0,0.2344472154572937,41810.300000071526,41824.300000071526,1
52,304,304.0,304.0,361,360.0,359.0,41838.90000009537,41845.20000004768,41859.5,1.0,1.0,1.0,0.1587301599315625,0.0699300701632535,0.02906976736127,0.0684931505730819,0.0,0.0,0.0,0.1587301599315625,0.0699300701632535,0.0251952636718994,0.0048902147130375,0.0008450513744383,3.141592653589793,1.5707963267948966,1.5707963267948966,0.0,0.2493327521720648,0.0,0.0014043802714376,0.0032230236686583,0.00028287855609,53.0,304.0,360.0,41847.86666671435,1.0,0.08590999915202867,0.0228310501910273,0.04614107357877847,0.0103101765864584,2.0943951023931953,0.08311091739068827,0.0016367608320619665,304.0,304.0,359.0,361.0,0.0,0.1587301599315625,0.0,0.0684931505730819,0.02906976736127,0.1587301599315625,0.0008450513744383,0.0251952636718994,1.5707963267948966,3.141592653589793,0.00028287855609,0.0032230236686583,1.0,1.0,0.0,0.2493327521720648,41838.90000009537,41859.5,1
53,303,303.0,303.0,359,358.0,357.0,41893.90000009537,41901.40000009537,41923.40000009537,1.0,1.0,1.0,0.1333333333333333,0.0454545454545454,0.0127226463258692,0.02906976736127,0.0,0.0,0.0,0.1333333333333333,0.0454545454545454,0.0177777777777777,0.0020661157024793,0.0001618657295331,3.141592653589793,1.5707963267948966,1.5707963267948966,0.0456626837918652,0.2094395102393195,0.0,0.0004922304173371,0.0020948882767064,8.655681695209925e-05,54.0,303.0,358.0,41906.2333334287,1.0,0.06383684170458263,0.009689922453756666,0.0248414376052718,0.006668586403263368,2.0943951023931953,0.08503406467706158,0.0008912251703318664,303.0,303.0,357.0,359.0,0.0,0.1333333333333333,0.0,0.02906976736127,0.0127226463258692,0.1333333333333333,0.0001618657295331,0.0177777777777777,1.5707963267948966,3.141592653589793,8.655681695209925e-05,0.0020948882767064,1.0,1.0,0.0,0.2094395102393195,41893.90000009537,41923.40000009537,1
54,303,302.0,302.0,356,356.0,355.0,42002.0,42024.5,42031.60000002384,1.0,1.0,1.0,0.0444444444444444,0.1408450699495763,0.034965034935887,0.0,0.0444444444444444,0.0,0.0127226463258692,0.0,0.1408450699495763,0.0019753086419753,0.019837333729101,0.0012225536680677,1.5707963267948966,3.141592653589793,1.5707963267948966,0.0,0.0698131700797731,0.2212389185239647,2.3071792807155866e-05,0.00079386778165,0.0026217999997922,55.0,302.3333333333333,355.6666666666667,42019.366666674614,1.0,0.07341818310996923,0.0148148148148148,0.06176317146467356,0.007678398679714667,2.0943951023931953,0.09701736286791261,0.0011462465247497854,302.0,303.0,355.0,356.0,0.0,0.1408450699495763,0.0,0.0444444444444444,0.034965034935887,0.1408450699495763,0.0012225536680677,0.019837333729101,1.5707963267948966,3.141592653589793,2.3071792807155866e-05,0.0026217999997922,1.0,1.0,0.0,0.2212389185239647,42002.0,42031.60000002384,1
55,301,300.0,299.0,355,355.0,355.0,42060.20000004768,42074.5,42125.70000004768,1.0,1.0,1.0,0.0699300701632535,0.0195312499818101,0.0454545454545454,0.034965034935887,0.0699300701632535,0.0195312499818101,0.0,0.0,0.0,0.0048902147130375,0.0003814697258519,0.0020661157024793,3.141592653589793,3.141592653589793,3.141592653589793,0.0549229484435465,0.0,0.0,0.0001282398965703,0.0003152968533021,3.2903241700360017e-05,56.0,300.0,355.0,42086.80000003179,1.0,0.04497195519986966,0.041475451693650196,0.041475451693650196,0.0024459333804562333,3.141592653589793,0.018307649481182166,0.00015881333052425334,299.0,301.0,355.0,355.0,0.0,0.0,0.0195312499818101,0.0699300701632535,0.0195312499818101,0.0699300701632535,0.0003814697258519,0.0048902147130375,3.141592653589793,3.141592653589793,3.2903241700360017e-05,0.0003152968533021,1.0,1.0,0.0,0.0549229484435465,42060.20000004768,42125.70000004768,1
56,298,298.0,298.0,355,367.0,402.0,42147.70000004768,43591.60000002384,43598.300000071526,1.0,12.0,35.0,0.003607503606883,1.7910447633725866,5.555555597604688,0.0454545454545454,0.0,0.0,0.0,0.0119260584385341,5.223880559836711,1.30140822736742e-05,0.267320112033697,0.8818342285164795,3.141592653589793,1.5707963267948966,1.5707963267948966,0.0,0.0015611173990325,0.0,9.332280091843928e-05,0.0002656729398257,0.0917185241954182,57.0,298.0,374.6666666666667,43112.53333338102,16.0,2.4500692881947193,0.015151515151515133,1.7564450350970853,0.3830557848774834,2.0943951023931953,0.0005203724663441667,0.030692506645387446,298.0,298.0,355.0,402.0,0.0,5.223880559836711,0.0,0.0454545454545454,0.003607503606883,5.555555597604688,1.30140822736742e-05,0.8818342285164795,1.5707963267948966,3.141592653589793,9.332280091843928e-05,0.0917185241954182,1.0,35.0,0.0,0.0015611173990325,42147.70000004768,43598.300000071526,1
57,298,298.0,298.0,433,462.0,487.0,43604.60000002384,43611.5,43618.300000071526,31.0,29.0,25.0,4.492753638712405,4.264705837494775,3.4722222567156518,0.0,0.0,0.0,4.920634957878438,4.2028985652470885,3.676470549564461,0.651123718005276,0.6271626165642072,0.4822530960012612,1.5707963267948966,1.5707963267948966,1.5707963267948966,0.0,0.0,0.0,0.0366207162313357,0.0034726234092554,0.021310223388047,58.0,298.0,460.6666666666667,43611.466666698456,28.333333333333332,4.076560577640945,0.0,1.2254901831881537,0.5868464768569148,1.5707963267948966,0.0,0.020467854342879368,298.0,298.0,433.0,487.0,3.676470549564461,4.920634957878438,0.0,0.0,3.4722222567156518,4.492753638712405,0.4822530960012612,0.651123718005276,1.5707963267948966,1.5707963267948966,0.0034726234092554,0.0366207162313357,25.0,31.0,0.0,0.0,43604.60000002384,43618.300000071526,1
58,298,299.0,300.0,509,524.0,538.0,43625.5,43632.300000071526,43639.60000002384,22.0,15.033296378372908,14.0356688476182,3.2352940836167257,2.0593556817220056,2.005095549659743,0.0,0.1470588219825784,0.1369863022646597,3.055555585909773,2.2058823297386767,1.917808231705236,0.4757785367038813,0.282103519886815,0.2864422213799633,1.5707963267948966,1.5042281630190728,1.4994888620096063,0.0,0.0097894357464159,0.0006492193206059,0.0008992443557915,0.0284816198205738,0.0005943426741765,59.0,299.0,523.6666666666666,43632.466666698456,17.022988408663704,2.4332484383328246,0.0946817080824127,0.7339511186508246,0.3481080926568865,1.524837783941192,0.003479551689007267,0.009991735616847268,298.0,300.0,509.0,538.0,1.917808231705236,3.055555585909773,0.0,0.1470588219825784,2.005095549659743,3.2352940836167257,0.282103519886815,0.4757785367038813,1.4994888620096063,1.5707963267948966,0.0005943426741765,0.0284816198205738,14.0356688476182,22.0,0.0,0.0097894357464159,43625.5,43639.60000002384,1
59,300,301.0,302.0,549,562.0,572.0,43646.60000002384,43654.40000009537,43662.10000002384,11.0,13.038404810405298,10.04987562112089,1.4102563973244362,1.69329934175578,1.5461347109416754,0.0,0.1282051270294942,0.1298701310764981,1.5714285714285714,1.6666666513834243,1.2987013107649814,0.1808021005631361,0.2199090074655711,0.2378668786064116,1.5707963267948966,1.4940244355251189,1.4711276743037347,0.0101867806836128,0.0098425500725363,0.0029736053810484,0.0150914458309753,0.0050137059671572,0.0023321910789158,60.0,301.0,561.0,43654.36666671435,11.362760143842062,1.5498968166739637,0.08602508603533077,0.5189255229569912,0.21285932887837292,1.5119828122079166,0.007667645379065832,0.007479114292349434,300.0,302.0,549.0,572.0,1.2987013107649814,1.6666666513834243,0.0,0.1298701310764981,1.4102563973244362,1.69329934175578,0.1808021005631361,0.2378668786064116,1.4711276743037347,1.5707963267948966,0.0023321910789158,0.0150914458309753,10.04987562112089,13.038404810405298,0.0029736053810484,0.0101867806836128,43646.60000002384,43662.10000002384,1
60,302,302.0,302.0,578,586.0,594.0,43668.60000002384,43676.70000004768,43683.40000009537,6.0,8.0,8.0,0.7407407385604153,1.194029842248391,1.1111111221490084,0.0,0.0,0.0,0.9230769230769232,0.9876543180805538,1.194029842248391,0.0914494736271716,0.1782134080224647,0.1543209907204036,1.5707963267948966,1.5707963267948966,1.5707963267948966,0.0153336388447941,0.0,0.0,0.0225257546121907,0.0107115968073961,0.003566032407764,61.0,302.0,586.0,43676.23333338896,7.333333333333333,1.0152939009859383,0.0,0.3980099474161303,0.14132795745667995,1.5707963267948966,0.0051112129482647,0.012267794609116934,302.0,302.0,578.0,594.0,0.9230769230769232,1.194029842248391,0.0,0.0,0.7407407385604153,1.194029842248391,0.0914494736271716,0.1782134080224647,1.5707963267948966,1.5707963267948966,0.003566032407764,0.0225257546121907,6.0,8.0,0.0,0.0153336388447941,43668.60000002384,43683.40000009537,1
61,302,302.0,302.0,601,609.0,616.0,43690.60000002384,43698.10000002384,43704.5,7.0,8.0,7.0,0.9333333333333332,1.2500000046566129,0.9459459337550764,0.0,0.0,0.0,0.9722222318803824,1.0666666666666669,1.0937500040745365,0.1244444444444444,0.1953125014551915,0.127830529941109,1.5707963267948966,1.5707963267948966,1.5707963267948966,0.0,0.0,0.0,0.0041495203573272,0.0094490742680996,0.010544058088355,62.0,302.0,608.6666666666666,43697.73333334923,7.333333333333333,1.0430930905816742,0.0,0.36458333469151216,0.1491958252802483,1.5707963267948966,0.0,0.008047550904593933,302.0,302.0,601.0,616.0,0.9722222318803824,1.0937500040745365,0.0,0.0,0.9333333333333332,1.2500000046566129,0.1244444444444444,0.1953125014551915,1.5707963267948966,1.5707963267948966,0.0041495203573272,0.010544058088355,7.0,8.0,0.0,0.0,43690.60000002384,43704.5,1
62,302,302.0,302.0,621,625.0,629.0,43711.90000009537,43718.90000009537,43727.70000004768,5.0,4.0,4.0,0.7142857142857143,0.4545454570084564,0.8510638211527903,0.0,0.0,0.0,0.6756756669679118,0.5714285714285714,0.4545454570084564,0.1020408163265306,0.0516528931217566,0.1810774069187971,1.5707963267948966,1.5707963267948966,1.5707963267948966,0.0,0.0,0.0,0.0034850963894883,0.0071982747435391,0.0147073311929932,63.0,302.0,625.0,43719.500000079475,4.333333333333333,0.6732983308156536,0.0,0.15151515233615212,0.11159037212236143,1.5707963267948966,0.0,0.008463567442006867,302.0,302.0,621.0,629.0,0.4545454570084564,0.6756756669679118,0.0,0.0,0.4545454570084564,0.8510638211527903,0.0516528931217566,0.1810774069187971,1.5707963267948966,1.5707963267948966,0.0034850963894883,0.0147073311929932,4.0,5.0,0.0,0.0,43711.90000009537,43727.70000004768,1
63,302,302.0,302.0,631,634.0,637.0,43732.40000009537,43739.60000002384,43747.70000004768,2.0,3.0,3.0,0.2777777805372521,0.3703703692802076,0.4918032767663108,0.0,0.0,0.0,0.4255319105763951,0.4166666708058781,0.3703703692802076,0.0385802476801009,0.0457247368135858,0.0806234876793601,1.5707963267948966,1.5707963267948966,1.5707963267948966,0.0,0.0,0.0,0.0303185442112756,0.0009922901672859,0.0043084877485249,64.0,302.0,634.0,43739.90000005563,2.6666666666666665,0.3799838088612568,0.0,0.1234567897600692,0.0549761573910156,1.5707963267948966,0.0,0.011873107375695467,302.0,302.0,631.0,637.0,0.3703703692802076,0.4255319105763951,0.0,0.0,0.2777777805372521,0.4918032767663108,0.0385802476801009,0.0806234876793601,1.5707963267948966,1.5707963267948966,0.0009922901672859,0.0303185442112756,2.0,3.0,0.0,0.0,43732.40000009537,43747.70000004768,1
64,301,301.0,300.0,640,641.0,644.0,43753.800000071526,43761.800000071526,43768.800000071526,3.1622776601683795,1.0,3.1622776601683795,0.3952847075210474,0.1428571428571428,0.4791329770825696,0.1639344255887702,0.0,0.1428571428571428,0.4918032767663108,0.125,0.4285714285714285,0.0494105884401309,0.0204081632653061,0.0725959053563255,1.892546881191539,1.5707963267948966,1.892546881191539,0.0527459923178819,0.0402188192995802,0.045964364913806,0.0051168687077432,0.0036253031468531,0.0074553917272884,65.0,300.6666666666667,641.6666666666666,43761.46666673819,2.441518440112253,0.33909160915358655,0.10226385614863766,0.24512099900578047,0.04747155235392083,1.785296696392658,0.04630972551042269,0.0053991878606282325,300.0,301.0,640.0,644.0,0.125,0.4918032767663108,0.0,0.1639344255887702,0.1428571428571428,0.4791329770825696,0.0204081632653061,0.0725959053563255,1.5707963267948966,1.892546881191539,0.0036253031468531,0.0074553917272884,1.0,3.1622776601683795,0.0402188192995802,0.0527459923178819,43753.800000071526,43768.800000071526,1
65,300,300.0,300.0,647,651.0,655.0,43775.40000009537,43782.90000009537,43789.5,3.0,4.0,4.0,0.4,0.6060606148179462,0.5714285714285714,0.0,0.0,0.0,0.4545454529034533,0.5333333333333333,0.6060606148179462,0.0533333333333333,0.0918273672083767,0.0816326530612244,1.5707963267948966,1.5707963267948966,1.5707963267948966,0.0487500838233863,0.0,0.0,0.0029185715080921,0.0051325378500057,0.001544653680979,66.0,300.0,651.0,43782.600000063576,3.6666666666666665,0.5258297287488392,0.0,0.20202020493931538,0.07559778453431147,1.5707963267948966,0.01625002794112877,0.003198587679692267,300.0,300.0,647.0,655.0,0.4545454529034533,0.6060606148179462,0.0,0.0,0.4,0.6060606148179462,0.0533333333333333,0.0918273672083767,1.5707963267948966,1.5707963267948966,0.001544653680979,0.0051325378500057,3.0,4.0,0.0,0.0487500838233863,43775.40000009537,43789.5,1
66,300,300.0,300.0,658,662.0,666.0,43796.5,43804.70000004768,43811.20000004768,3.0,4.0,4.0,0.3658536564091144,0.6153846153846154,0.4819277136120607,0.0,0.0,0.0,0.4285714285714285,0.4878048752121525,0.6153846153846154,0.0446162993026394,0.0946745562130177,0.0580635802868371,1.5707963267948966,1.5707963267948966,1.5707963267948966,0.0,0.0,0.0,0.0052880505369407,0.0061046654413762,0.005632457834797,67.0,300.0,662.0,43804.13333336512,3.6666666666666665,0.48772199513526354,0.0,0.20512820512820515,0.06578481193416473,1.5707963267948966,0.0,0.005675057937704633,300.0,300.0,658.0,666.0,0.4285714285714285,0.6153846153846154,0.0,0.0,0.3658536564091144,0.6153846153846154,0.0446162993026394,0.0946745562130177,1.5707963267948966,1.5707963267948966,0.0052880505369407,0.0061046654413762,3.0,4.0,0.0,0.0,43796.5,43811.20000004768,1
67,300,299.0,299.0,669,673.0,675.0,43819.5,43825.60000002384,43832.300000071526,3.0,4.123105625617661,2.0,0.4918032767663108,0.6153888949662136,0.2816901398991526,0.0,0.1639344255887702,0.0,0.3614457852090456,0.6557377023550811,0.2985074605620977,0.0806234876793601,0.0918490881472399,0.039674667458202,1.5707963267948966,1.8157749899217608,1.5707963267948966,0.0,0.0401604364212073,0.0365639793109489,0.0027180611472446,0.0018402623645909,0.0077872269130916,68.0,299.3333333333333,672.3333333333334,43825.80000003179,3.0410352085392205,0.46296077054389234,0.05464480852959006,0.15414729538362262,0.07071574776160067,1.652455881170518,0.025574805244052066,0.0041151834749757,299.0,300.0,669.0,675.0,0.2985074605620977,0.6557377023550811,0.0,0.1639344255887702,0.2816901398991526,0.6153888949662136,0.039674667458202,0.0918490881472399,1.5707963267948966,1.8157749899217608,0.0018402623645909,0.0077872269130916,2.0,4.123105625617661,0.0,0.0401604364212073,43819.5,43832.300000071526,1
68,299,299.0,299.0,677,679.0,680.0,43839.40000009537,43846.60000002384,43853.60000002384,2.0,2.0,1.0,0.2777777805372521,0.2857142857142857,0.1315789469556465,0.0,0.0,0.0,0.2816901398991526,0.2777777805372521,0.1428571428571428,0.0385802476801009,0.0408163265306122,0.0173130192819568,1.5707963267948966,1.5707963267948966,1.5707963267948966,0.0,0.0,0.0,0.0001541436302008,0.0003105665101006,0.0033576153212364,69.0,299.0,678.6666666666666,43846.53333338102,1.6666666666666667,0.2316903377357281,0.0,0.047619047619047596,0.0322365311642233,1.5707963267948966,0.0,0.0012741084871792667,299.0,299.0,677.0,680.0,0.1428571428571428,0.2816901398991526,0.0,0.0,0.1315789469556465,0.2857142857142857,0.0173130192819568,0.0408163265306122,1.5707963267948966,1.5707963267948966,0.0001541436302008,0.0033576153212364,1.0,2.0,0.0,0.0,43839.40000009537,43853.60000002384,1
69,299,299.0,299.0,682,684.0,685.0,43861.20000004768,43868.10000002384,43882.300000071526,2.0,2.0,1.0,0.2898550734653164,0.1408450699495763,0.0336700337511201,0.0,0.0,0.0,0.263157893911293,0.2898550734653164,0.0704225349747881,0.042007981806792,0.0099186668645505,0.0011336711728015,1.5707963267948966,1.5707963267948966,1.5707963267948966,0.0,0.0,0.0,0.0032493371641269,0.0046506253700175,0.0006186616663555,70.0,299.0,683.6666666666666,43870.53333338102,1.6666666666666667,0.1547900590553376,0.0,0.02347417832492937,0.017686773281381334,1.5707963267948966,0.0,0.0028395414001666335,299.0,299.0,682.0,685.0,0.0704225349747881,0.2898550734653164,0.0,0.0,0.0336700337511201,0.2898550734653164,0.0011336711728015,0.042007981806792,1.5707963267948966,1.5707963267948966,0.0006186616663555,0.0046506253700175,1.0,2.0,0.0,0.0,43861.20000004768,43882.300000071526,1
70,298,297.0,296.0,687,690.0,693.0,43912.0,43918.10000002384,43925.800000071526,2.23606797749979,3.1622776601683795,3.1622776601683795,0.3665685194688713,0.4106854078682302,0.4791329770825696,0.0336700337511201,0.1639344255887702,0.1298701290658843,0.0673400675022403,0.4918032767663108,0.3896103871976531,0.0600931996780553,0.0533357669253224,0.0725959053563255,2.0344439357957027,1.892546881191539,1.892546881191539,0.0156110306436833,0.0232618121392719,0.0,0.001985169314722,0.001107775856774,0.0025013166638611,71.0,297.0,690.0,43918.63333336512,2.85354109927885,0.41879563480655707,0.10915819613525819,0.23902832520114256,0.0620082906532344,1.9398458993929266,0.012957614260985066,0.0018647539451190334,296.0,298.0,687.0,693.0,0.0673400675022403,0.4918032767663108,0.0336700337511201,0.1639344255887702,0.3665685194688713,0.4791329770825696,0.0533357669253224,0.0725959053563255,1.892546881191539,2.0344439357957027,0.001107775856774,0.0025013166638611,2.23606797749979,3.1622776601683795,0.0,0.0232618121392719,43912.0,43925.800000071526,1
71,296,296.0,295.0,697,701.0,705.0,43932.40000009537,43939.70000004768,43946.70000004768,4.0,4.0,4.123105625617661,0.5479452090586389,0.5714285714285714,0.5726535553210294,0.0,0.0,0.1428571428571428,0.6060606038712711,0.5479452090586389,0.5714285714285714,0.0750609880325788,0.0816326530612244,0.0795352154900687,1.5707963267948966,1.5707963267948966,1.8157749899217608,0.0487500838233863,0.0,0.0349969518752663,0.0003734973738406,0.0009002280919961,0.0002996339387365,72.0,295.6666666666667,701.0,43939.600000063576,4.0410352085392205,0.5640091119360799,0.047619047619047596,0.23809523809523805,0.07874295219462396,1.652455881170518,0.027915678566217534,0.0005244531348577333,295.0,296.0,697.0,705.0,0.5479452090586389,0.6060606038712711,0.0,0.1428571428571428,0.5479452090586389,0.5726535553210294,0.0750609880325788,0.0816326530612244,1.5707963267948966,1.8157749899217608,0.0002996339387365,0.0009002280919961,4.0,4.123105625617661,0.0,0.0487500838233863,43932.40000009537,43946.70000004768,1
72,295,294.0,294.0,707,709.0,710.0,43953.90000009537,43961.0,43975.10000002384,2.0,2.23606797749979,1.0,0.2816901446287416,0.1585863811148082,0.0467289720146778,0.0,0.1408450723143708,0.0,0.2777777759381282,0.2816901446287416,0.07092198569568,0.0396746687904806,0.011247261052954,0.0021835968255485,1.5707963267948966,2.0344439357957027,1.5707963267948966,0.0340248140978381,0.0653024810181036,0.0328828090933914,0.0055361870049447,0.004003860298502,0.0006428130646865,73.0,294.3333333333333,708.6666666666666,43963.33333337307,1.74535599249993,0.1623351659194092,0.046948357438123596,0.0705890193366836,0.01770184222299437,1.7253455297951652,0.044070034736444365,0.003394286789377733,294.0,295.0,707.0,710.0,0.07092198569568,0.2816901446287416,0.0,0.1408450723143708,0.0467289720146778,0.2816901446287416,0.0021835968255485,0.0396746687904806,1.5707963267948966,2.0344439357957027,0.0006428130646865,0.0055361870049447,1.0,2.23606797749979,0.0328828090933914,0.0653024810181036,43953.90000009537,43975.10000002384,1
73,294,293.0,292.0,711,711.0,711.0,43996.5,44011.5,44061.60000002384,1.0,1.0,1.0,0.0666666666666666,0.0199600798308206,0.0087642418912449,0.0,0.0666666666666666,0.0199600798308206,0.0467289720146778,0.0,0.0,0.0044444444444444,0.0003984047868527,7.681193592825216e-05,1.5707963267948966,3.141592653589793,3.141592653589793,0.0,0.1047197551196597,0.0,0.0001056470851128,0.0002697359771727,6.419018977473849e-06,74.0,293.0,711.0,44023.20000000795,1.0,0.031796996129577364,0.028875582165829066,0.028875582165829066,0.001639887055741784,2.6179938779914944,0.03490658503988656,0.00012726736042099128,292.0,294.0,711.0,711.0,0.0,0.0467289720146778,0.0,0.0666666666666666,0.0087642418912449,0.0666666666666666,7.681193592825216e-05,0.0044444444444444,1.5707963267948966,3.141592653589793,6.419018977473849e-06,0.0002697359771727,1.0,1.0,0.0,0.1047197551196597,43996.5,44061.60000002384,1
74,304,328.0,359.0,711,709.0,708.0,45194.0,45201.0,45207.800000071526,12.0,24.08318915758459,31.016124838541646,1.7142857142857142,3.541645427097996,4.028068198266433,0.0132978723407768,3.4285714285714284,4.558823481459932,0.0,0.2857142857142857,0.1470588219825784,0.2448979591836734,0.5208302043890172,0.5231257448939353,0.0,0.0831412318884412,0.0322468824352539,0.0,0.0118773188412058,0.0074844630761554,0.0002713851498117,0.0394188921721919,0.0003375794824665,75.0,330.3333333333333,709.3333333333334,45200.93333335718,22.366437998708747,3.094666446550048,2.666897594124046,2.7159172014515724,0.4296179694888753,0.03846270477456504,0.0064539273057870675,0.013342618934823365,304.0,359.0,708.0,711.0,0.0,0.2857142857142857,0.0132978723407768,4.558823481459932,1.7142857142857142,4.028068198266433,0.2448979591836734,0.5231257448939353,0.0,0.0831412318884412,0.0002713851498117,0.0394188921721919,12.0,31.016124838541646,0.0,0.0118773188412058,45194.0,45207.800000071526,1
75,388,419.0,455.0,705,701.0,698.0,45215.5,45224.20000004768,45228.60000002384,29.154759474226505,31.25699921617557,36.12478373637688,3.351121760279605,7.103863496714744,4.4598498308698495,3.766233801218446,3.563218371275001,8.181818226152215,0.3896103932294944,0.4597701124225807,0.6818181855126846,0.3851864071163777,1.6145144398199471,0.5505987429311793,0.1030816085227002,0.1283232276857948,0.0831412318884412,0.0091993151617444,0.0029013355200859,0.0102686354641311,0.0179141998777767,0.1413020719500875,0.2417990233303876,76.0,420.6666666666667,701.3333333333334,45222.766666690506,32.17884747559298,4.971611695954732,5.170423466215221,5.397696194719448,0.850099863289168,0.1048486893656454,0.007456428715320466,0.1336717650527506,388.0,455.0,698.0,705.0,0.3896103932294944,0.6818181855126846,3.563218371275001,8.181818226152215,3.351121760279605,7.103863496714744,0.3851864071163777,1.6145144398199471,0.0831412318884412,0.1283232276857948,0.0179141998777767,0.2417990233303876,29.154759474226505,36.12478373637688,0.0029013355200859,0.0102686354641311,45215.5,45228.60000002384,1
76,494,528.0,560.0,695,691.0,689.0,45236.70000004768,45243.0,45251.40000009537,39.11521443121589,34.23448553724738,32.0624390837628,6.208764242424261,4.075533946258831,5.3437398472938,4.8148148006427,5.396825437673125,3.809523766273274,0.3703703692802076,0.63492063972625,0.2380952353920796,0.9855181411773696,0.4851826071414537,0.8906233078822999,0.076771891269778,0.1171087445668642,0.0624188099959573,0.0007863383456685,0.0064026751749824,0.0065107064226187,0.0536937527118557,0.0794183393369646,0.0482667495402107,77.0,527.3333333333334,691.6666666666666,45243.700000047684,35.137379684075356,5.209346011992298,4.673721334863033,4.75308641332706,0.7871080187337077,0.0854331486108665,0.0045665733144232,0.06045961386301033,494.0,560.0,689.0,695.0,0.2380952353920796,0.63492063972625,3.809523766273274,5.396825437673125,4.075533946258831,6.208764242424261,0.4851826071414537,0.9855181411773696,0.0624188099959573,0.1171087445668642,0.0482667495402107,0.0794183393369646,32.0624390837628,39.11521443121589,0.0007863383456685,0.0065107064226187,45236.70000004768,45251.40000009537,1
77,588,613.0,631.0,688,687.0,685.0,45257.40000009537,45265.20000004768,45272.10000002384,28.0178514522438,25.019992006393608,18.110770276274835,3.592032259426313,3.626085810557425,2.208630508653552,4.666666666666667,3.2051282247221056,2.608695661187848,0.1666666666666666,0.1282051289888842,0.2898550734653164,0.4605169591519837,0.5255196845053319,0.2693451824158747,0.0356991126793239,0.03997868712329,0.1106572211738956,0.0044532828861055,0.0005486633936062,0.0102432658398295,0.0716843914550526,0.008333682788555,0.0371267395615402,78.0,610.6666666666666,686.6666666666666,45264.90000005563,23.716204578304083,3.14224952621243,3.4934968508588735,3.5901152086806456,0.4184606086910634,0.0621116736588365,0.0050817373731804,0.039048271268382596,588.0,631.0,685.0,688.0,0.1282051289888842,0.2898550734653164,2.608695661187848,4.666666666666667,2.208630508653552,3.626085810557425,0.2693451824158747,0.5255196845053319,0.0356991126793239,0.1106572211738956,0.008333682788555,0.0716843914550526,18.110770276274835,28.0178514522438,0.0005486633936062,0.0102432658398295,45257.40000009537,45272.10000002384,1
78,645,659.0,673.0,685,683.0,682.0,45280.300000071526,45286.40000009537,45293.5,14.0,14.142135623730953,14.0356688476182,2.295081958242784,1.9918501146040253,1.7766669212888655,1.7073170632425338,2.295081958242784,1.9718310124011915,0.0,0.3278688511775405,0.1408450723143708,0.3762429425036808,0.2805422734307918,0.2248945442837026,0.0,0.1418970546041639,0.0713074647852903,0.0134947829915139,0.0232618121392719,0.009942195882681,0.0130363121300227,0.015688634212925,0.0078377084358523,79.0,659.0,683.3333333333334,45286.73333338896,14.059268157116383,2.0211996647118915,1.9914100112955033,2.038358368733627,0.2938932534060584,0.07106817312981807,0.0155662636711556,0.012187551592933332,645.0,673.0,682.0,685.0,0.0,0.3278688511775405,1.7073170632425338,2.295081958242784,1.7766669212888655,2.295081958242784,0.2248945442837026,0.3762429425036808,0.0,0.1418970546041639,0.0078377084358523,0.015688634212925,14.0,14.142135623730953,0.009942195882681,0.0232618121392719,45280.300000071526,45293.5,1
79,688,704.0,725.0,681,680.0,677.0,45301.40000009537,45308.300000071526,45315.5,15.033296378372908,16.0312195418814,21.213203435596427,2.1787386130895774,2.226558291824619,3.119588707715596,1.898734154294,2.318840587722532,2.916666695641147,0.1265822769529333,0.1449275367326582,0.4166666708058781,0.3157592203794006,0.309244210269929,0.4587630404268097,0.0665681637758238,0.0624188099959573,0.1418970546041639,0.0005999115129436,0.0006013556223483,0.0110386451941322,0.0115018575947842,0.000944204366954,0.0207665043947523,80.0,705.6666666666666,679.3333333333334,45308.40000005563,17.425906451950244,2.508295204209931,2.3780804792192267,2.5169693694878528,0.36125549035871307,0.090294676125315,0.0040799707764747,0.0110708554521635,688.0,725.0,677.0,681.0,0.1265822769529333,0.4166666708058781,1.898734154294,2.916666695641147,2.1787386130895774,3.119588707715596,0.309244210269929,0.4587630404268097,0.0624188099959573,0.1418970546041639,0.000944204366954,0.0207665043947523,15.033296378372908,21.213203435596427,0.0005999115129436,0.0110386451941322,45301.40000009537,45315.5,1
80,748,773.0,798.0,676,673.0,671.0,45322.300000071526,45329.70000004768,45338.0,23.021728866442675,25.179356624028344,25.079872407968907,3.111044451434561,3.033657442010169,3.9187300053515135,3.382352905599304,3.378378389263084,3.01204821007538,0.1470588219825784,0.40540540671157,0.2409638568060303,0.4204114137105338,0.3655008987275434,0.6123015542121699,0.0434508953915308,0.1194289260183384,0.0798299857122373,0.0144773762025191,0.010267301469135,0.0047709566907949,0.0056399450460111,0.0074203398864736,0.0297350189039159,81.0,773.0,673.3333333333334,45330.000000039734,24.426985966146642,3.354477299598748,3.257593168312589,3.3379144539145993,0.4660712888834157,0.08090326904070216,0.009838544787483,0.014265101278800199,748.0,798.0,671.0,676.0,0.1470588219825784,0.40540540671157,3.01204821007538,3.382352905599304,3.033657442010169,3.9187300053515135,0.3655008987275434,0.6123015542121699,0.0434508953915308,0.1194289260183384,0.0056399450460111,0.0297350189039159,23.021728866442675,25.179356624028344,0.0047709566907949,0.0144773762025191,45322.300000071526,45338.0,1
81,824,852.0,881.0,668,665.0,661.0,45344.40000009537,45351.40000009537,45358.70000004768,26.1725046566048,28.16025568065745,29.27456233660889,3.7389292366578286,3.8575692965206416,3.485066954726115,4.0624999394640335,4.0,3.972602765675132,0.4687499930150808,0.4285714285714285,0.5479452090586389,0.5341327480939755,0.5284341536600473,0.4148889243592664,0.1148766054168991,0.1067356726491356,0.1370661743101876,0.0054760342472541,0.0011629903953947,0.0041548632683796,0.0122138757739669,0.0008140849191325,0.0155541411017068,82.0,852.3333333333334,664.6666666666666,45351.500000079475,27.869107557957047,3.6938551626348617,4.011700901713055,4.194349304732602,0.49248527537109643,0.11955948412540744,0.003597962637009467,0.0095273672649354,824.0,881.0,661.0,668.0,0.4285714285714285,0.5479452090586389,3.972602765675132,4.0624999394640335,3.485066954726115,3.8575692965206416,0.4148889243592664,0.5341327480939755,0.1067356726491356,0.1370661743101876,0.0008140849191325,0.0155541411017068,26.1725046566048,29.27456233660889,0.0011629903953947,0.0054760342472541,45344.40000009537,45358.70000004768,1
82,907,927.0,949.0,659,656.0,655.0,45367.10000002384,45374.0,45380.70000004768,26.0768096208106,20.223748416156685,22.02271554554524,3.779247784190563,3.0184698913768395,2.6217518581015087,3.0952381040233603,2.8985507346531643,3.2835820661830755,0.2380952387710277,0.4347826101979746,0.1492537302810488,0.547717072065095,0.4505178910290257,0.3121133173265321,0.076771891269778,0.1488899476094972,0.045423279421577,0.0071778908585171,0.0104518922592625,0.0154427861867986,0.0158128747717663,0.0140868378799892,0.0206573989130555,83.0,927.6666666666666,656.6666666666666,45373.93333335718,22.774424527504177,3.139823177889637,3.0924569682865335,3.1422082117135495,0.4367827601402176,0.09036170610028406,0.011024189768192734,0.016852370521603665,907.0,949.0,655.0,659.0,0.1492537302810488,0.4347826101979746,2.8985507346531643,3.2835820661830755,2.6217518581015087,3.779247784190563,0.3121133173265321,0.547717072065095,0.045423279421577,0.1488899476094972,0.0140868378799892,0.0206573989130555,20.223748416156685,26.0768096208106,0.0071778908585171,0.0154427861867986,45367.10000002384,45380.70000004768,1
83,967,988.0,1004.0,653,653.0,653.0,45389.10000002384,45395.5,45403.0,18.110770276274835,21.0,16.0,2.8298078662097987,2.8,2.1333333333333333,2.1428571489392496,3.281250012223609,2.1333333333333333,0.2380952387710277,0.0,0.0,0.442157480742446,0.3733333333333333,0.2844444444444444,0.1106572211738956,0.0,0.0,0.0077659454687468,0.0172901908728321,0.0,0.0154814480696452,0.0107537730727347,0.0118518518518518,84.0,986.3333333333334,653.0,45395.866666674614,18.370256758758277,2.587713733181044,2.5191468314987304,2.5191468314987304,0.3666450861734079,0.036885740391298535,0.008352045447192966,0.012695690998077233,967.0,1004.0,653.0,653.0,0.0,0.2380952387710277,2.1333333333333333,3.281250012223609,2.1333333333333333,2.8298078662097987,0.2844444444444444,0.442157480742446,0.0,0.1106572211738956,0.0107537730727347,0.0154814480696452,16.0,21.0,0.0,0.0172901908728321,45389.10000002384,45403.0,1
84,1020,1036.0,1051.0,653,653.0,653.0,45410.5,45416.90000009537,45424.40000009537,16.0,16.0,15.0,2.499999962747097,2.1333333333333333,2.083333354029391,2.1333333333333333,2.499999962747097,2.0,0.0,0.0,0.0,0.390624988358468,0.2844444444444444,0.2893518576007567,0.0,0.0,0.0,0.0,0.0,0.0,0.0141574058552031,0.0165907097393453,0.0006543217541749,85.0,1035.6666666666667,653.0,45417.26666673025,15.666666666666666,2.23888888336994,2.2111110986934768,2.2111110986934768,0.3214737634678897,0.0,0.0,0.0104674791162411,1020.0,1051.0,653.0,653.0,0.0,0.0,2.0,2.499999962747097,2.083333354029391,2.499999962747097,0.2844444444444444,0.390624988358468,0.0,0.0,0.0006543217541749,0.0165907097393453,15.0,16.0,0.0,0.0,45410.5,45424.40000009537,1
85,1064,1076.0,1086.0,653,653.0,653.0,45431.60000002384,45439.20000004768,45445.10000002384,13.0,12.0,10.0,1.7105263104234043,2.0338983133037143,1.2987012906588438,1.805555573492139,1.578947363467758,1.6949152610864286,0.0,0.0,0.0,0.2250692506654388,0.3447285290716411,0.1686625042358946,0.0,0.0,0.0,0.0,0.0,0.0,0.0089281399408205,0.0157446418461606,0.0298416992452928,86.0,1075.3333333333333,653.0,45438.63333336512,11.666666666666666,1.6810419714619875,1.693139399348775,1.693139399348775,0.2461534279909915,0.0,0.0,0.01817149367742463,1064.0,1086.0,653.0,653.0,0.0,0.0,1.578947363467758,1.805555573492139,1.2987012906588438,2.0338983133037143,0.1686625042358946,0.3447285290716411,0.0,0.0,0.0089281399408205,0.0298416992452928,10.0,13.0,0.0,0.0,45431.60000002384,45445.10000002384,1
86,1096,1102.0,1108.0,653,653.0,653.0,45452.800000071526,45461.40000009537,45466.5,10.0,6.0,6.0,1.1627906944508035,1.176470610234702,0.8450704196974579,1.2987012906588438,0.697674416670482,1.176470610234702,0.0,0.0,0.0,0.1352082199101381,0.2306805161243353,0.1190240023746062,0.0,0.0,0.0,0.0,0.0,0.0,0.0043447122231927,0.0111014297615719,0.0218934344779705,87.0,1102.0,653.0,45460.23333338896,7.333333333333333,1.0614439081276545,1.0576154391880093,1.0576154391880093,0.16163757946969318,0.0,0.0,0.012446525487578367,1096.0,1108.0,653.0,653.0,0.0,0.0,0.697674416670482,1.2987012906588438,0.8450704196974579,1.176470610234702,0.1190240023746062,0.2306805161243353,0.0,0.0,0.0043447122231927,0.0218934344779705,6.0,10.0,0.0,0.0,45452.800000071526,45466.5,1
87,1115,1120.0,1125.0,653,653.0,653.0,45473.60000002384,45481.800000071526,45488.90000009537,7.0,5.0,5.0,0.8536585316212669,0.7042253497478815,0.7142857142857143,0.9859154896470342,0.6097560940151907,0.7042253497478815,0.0,0.0,0.0,0.1041046983728253,0.0991866686455052,0.1020408163265306,0.0,0.0,0.0,0.0,0.0,0.0,0.0021013104157298,0.0005997597193562,0.0004019926297804,88.0,1120.0,653.0,45481.43333339691,5.666666666666667,0.7573898652182876,0.7666323111367022,0.7666323111367022,0.10177739444828704,0.0,0.0,0.0010343542549554666,1115.0,1125.0,653.0,653.0,0.0,0.0,0.6097560940151907,0.9859154896470342,0.7042253497478815,0.8536585316212669,0.0991866686455052,0.1041046983728253,0.0,0.0,0.0004019926297804,0.0021013104157298,5.0,7.0,0.0,0.0,45473.60000002384,45488.90000009537,1
88,1132,1139.0,1148.0,653,653.0,651.0,45495.90000009537,45503.20000004768,45510.90000009537,7.0,7.0,9.219544457292889,0.958904115852618,0.9090909034611906,1.376051426226232,1.0,0.958904115852618,1.1688311615929594,0.0,0.0,0.2597402581317687,0.131356729057013,0.1180637529651262,0.2053808120770466,0.0,0.0,0.2186689458739419,0.0,0.0,0.0283985642233497,0.004187987532926,0.00182095564092,0.0113398777365185,89.0,1139.6666666666667,652.3333333333334,45503.333333412804,7.739848152430963,1.0813488151800135,1.0425784258151924,1.1291585118591154,0.15160043136639526,0.0728896486246473,0.0094661880744499,0.005782940303454834,1132.0,1148.0,651.0,653.0,0.0,0.2597402581317687,0.958904115852618,1.1688311615929594,0.9090909034611906,1.376051426226232,0.1180637529651262,0.2053808120770466,0.0,0.2186689458739419,0.00182095564092,0.0113398777365185,7.0,9.219544457292889,0.0,0.0283985642233497,45495.90000009537,45510.90000009537,1
89,1154,1161.0,1168.0,649,647.0,645.0,45517.60000002384,45525.300000071526,45533.5,6.324555320336759,7.280109889280518,7.280109889280518,0.8213708157364605,0.8878182869246622,0.8771216658486611,0.8955223976198139,0.9090909034611906,0.8536585440315143,0.2985074658732713,0.2597402581317687,0.2439024411518612,0.1066715338506448,0.1082705237400943,0.1056773082277145,0.3217505543966422,0.2782996590051113,0.2782996590051113,0.0153853148691259,0.0056429733925263,0.0,0.0147327282507714,0.0002076610233178,0.0003162457969511,90.0,1161.0,647.0,45525.466666698456,6.961591699632598,0.8621035895032613,0.8860906150375062,0.9673914287547932,0.10687312193948452,0.29278329080228827,0.007009429420550733,0.005085545023680101,1154.0,1168.0,645.0,649.0,0.2439024411518612,0.2985074658732713,0.8536585440315143,0.9090909034611906,0.8213708157364605,0.8878182869246622,0.1056773082277145,0.1082705237400943,0.2782996590051113,0.3217505543966422,0.0002076610233178,0.0147327282507714,6.324555320336759,7.280109889280518,0.0,0.0153853148691259,45517.60000002384,45533.5,1
90,1176,1185.0,1192.0,643,641.0,640.0,45541.800000071526,45548.800000071526,45557.40000009537,8.246211251235321,9.219544457292889,7.071067811865476,1.178030178747903,1.0720400502015652,1.4430750706675646,0.9638554133806854,1.2857142857142858,0.8139534861155624,0.2409638533451713,0.2857142857142857,0.1162790694450803,0.1682900255354147,0.1246558194452952,0.2945051178957375,0.2449786631268641,0.2186689458739419,0.1418970546041639,0.0040145777820605,0.0037585310361317,0.0089269640763886,0.0075437008154376,0.0062334580128742,0.0197499183697171,91.0,1184.3333333333333,641.3333333333334,45549.333333412804,8.178941173464562,1.2310484332056777,1.021174395070178,1.0599340848852048,0.1958169876254825,0.20184822120165666,0.005566690964860266,0.011175692399342968,1176.0,1192.0,640.0,643.0,0.1162790694450803,0.2857142857142857,0.8139534861155624,1.2857142857142858,1.0720400502015652,1.4430750706675646,0.1246558194452952,0.2945051178957375,0.1418970546041639,0.2449786631268641,0.0062334580128742,0.0197499183697171,7.071067811865476,9.219544457292889,0.0037585310361317,0.0089269640763886,45541.800000071526,45557.40000009537,1
91,1200,1207.0,1212.0,640,641.0,641.0,45562.300000071526,45568.800000071526,45575.90000009537,8.0,7.071067811865476,5.0,1.2307692307692308,0.9959250405803904,0.5747126484030635,1.6326530691684658,1.0769230769230769,0.7042253497478815,0.0,0.1538461538461538,0.0,0.1893491124260355,0.1402711320050797,0.0660589256468926,0.0,0.1418970546041639,0.0,0.0289585827131817,0.0218303160929482,0.0199855005813623,0.0214604093839506,0.0075504585263008,0.0104524233956312,92.0,1206.3333333333333,640.6666666666666,45569.000000079475,6.6903559372884915,0.9338023065842282,1.1379338319464747,1.1379338319464747,0.13189305669266926,0.04729901820138797,0.023591466462497396,0.0131544304352942,1200.0,1212.0,640.0,641.0,0.0,0.1538461538461538,0.7042253497478815,1.6326530691684658,0.5747126484030635,1.2307692307692308,0.0660589256468926,0.1893491124260355,0.0,0.1418970546041639,0.0075504585263008,0.0214604093839506,5.0,8.0,0.0199855005813623,0.0289585827131817,45562.300000071526,45575.90000009537,1
92,1216,1221.0,1224.0,643,645.0,645.0,45584.60000002384,45591.60000002384,45599.90000009537,4.47213595499958,5.385164807134504,3.0,0.6388765649999399,0.6488150314129683,0.7142857264499277,0.4597701187224507,0.7142857142857143,0.361445780017757,0.2298850593612253,0.2857142857142857,0.0,0.0912680807142771,0.0781704850387686,0.1700680330033669,0.4636476090008061,0.3805063771123649,0.0,0.0532928290589202,0.0118773188412058,0.0458441414257031,0.002897604054556,0.0018710850965012,0.0110719936352611,93.0,1220.3333333333333,644.3333333333334,45592.03333338102,4.285766920711361,0.6673257742876119,0.5118338710086406,0.5118338710086406,0.11316886625213753,0.28138466203772367,0.0370047631086097,0.005280227595439433,1216.0,1224.0,643.0,645.0,0.0,0.2857142857142857,0.361445780017757,0.7142857142857143,0.6388765649999399,0.7142857264499277,0.0781704850387686,0.1700680330033669,0.0,0.4636476090008061,0.0018710850965012,0.0110719936352611,3.0,5.385164807134504,0.0118773188412058,0.0532928290589202,45584.60000002384,45599.90000009537,1
93,1227,1229.0,1231.0,646,647.0,647.0,45604.10000002384,45611.60000002384,45618.90000009537,3.1622776601683795,2.23606797749979,2.0,0.4216370213557839,0.3063106788480469,0.2739726045293194,0.7142857264499277,0.2666666666666666,0.2739726000553359,0.2380952421499759,0.1333333333333333,0.0,0.0562182695141045,0.0419603665543572,0.0375304940162894,0.3217505543966422,0.4636476090008061,0.0,0.0766072761609575,0.0189196072805551,0.0635133704736953,0.0271070870066934,0.0019010537279663,0.000606831848584,94.0,1229.0,646.6666666666666,45611.53333338102,2.4661152125560566,0.3339734349110501,0.4183083310573101,0.4183083310573101,0.045236376694917035,0.2617993877991494,0.05301341797173597,0.009871657527747902,1227.0,1231.0,646.0,647.0,0.0,0.2380952421499759,0.2666666666666666,0.7142857264499277,0.2739726045293194,0.4216370213557839,0.0375304940162894,0.0562182695141045,0.0,0.4636476090008061,0.000606831848584,0.0271070870066934,2.0,3.1622776601683795,0.0189196072805551,0.0766072761609575,45604.10000002384,45618.90000009537,1
94,1233,1236.0,1237.0,647,647.0,647.0,45626.20000004768,45633.5,45639.90000009537,2.0,3.0,1.0,0.2739726045293194,0.4687499930150808,0.1162790710568879,0.2739726045293194,0.4109589067939791,0.1562499976716936,0.0,0.0,0.0,0.0375304940162894,0.0732421853172127,0.0135208223658527,0.0,0.0,0.0,0.0,0.0,0.0,0.0,0.0048920125389305,0.0093314628221003,95.0,1235.3333333333333,647.0,45633.200000047684,2.0,0.28633388953376265,0.28039383633166404,0.28039383633166404,0.041431167233118266,0.0,0.0,0.004741158453676933,1233.0,1237.0,647.0,647.0,0.0,0.0,0.1562499976716936,0.4109589067939791,0.1162790710568879,0.4687499930150808,0.0135208223658527,0.0732421853172127,0.0,0.0,0.0,0.0093314628221003,1.0,3.0,0.0,0.0,45626.20000004768,45639.90000009537,1
95,1240,1243.0,1245.0,647,647.0,647.0,45648.5,45654.5,45662.60000002384,3.0,3.0,2.0,0.5,0.3703703692802076,0.3174603138561062,0.3488372131706638,0.5,0.2469135795201384,0.0,0.0,0.0,0.0833333333333333,0.0457247368135858,0.0503905254368087,0.0,0.0,0.0,0.0,0.0,0.0,0.0081177339234474,0.0062680994199579,0.0005760232851221,96.0,1242.6666666666667,647.0,45655.20000000795,2.6666666666666665,0.3959435610454379,0.36525026423026746,0.36525026423026746,0.059816198527909266,0.0,0.0,0.004987285542842467,1240.0,1245.0,647.0,647.0,0.0,0.0,0.2469135795201384,0.5,0.3174603138561062,0.5,0.0457247368135858,0.0833333333333333,0.0,0.0,0.0005760232851221,0.0081177339234474,2.0,3.0,0.0,0.0,45648.5,45662.60000002384,1
96,1248,1252.0,1255.0,647,647.0,647.0,45668.90000009537,45676.40000009537,45683.90000009537,3.0,4.0,3.0,0.4,0.5333333333333333,0.3614457852090456,0.4761904707841592,0.5333333333333333,0.4,0.0,0.0,0.0,0.0533333333333333,0.0711111111111111,0.0435476852151278,0.0,0.0,0.0,0.0,0.0,0.0,0.0004671123592244,0.0023703703703703,0.0036751234527977,97.0,1251.6666666666667,647.0,45676.40000009537,3.3333333333333335,0.4315930395141263,0.4698412680391642,0.4698412680391642,0.05599737655319073,0.0,0.0,0.0021708687274641335,1248.0,1255.0,647.0,647.0,0.0,0.0,0.4,0.5333333333333333,0.3614457852090456,0.5333333333333333,0.0435476852151278,0.0711111111111111,0.0,0.0,0.0004671123592244,0.0036751234527977,3.0,4.0,0.0,0.0,45668.90000009537,45683.90000009537,1
97,1256,1259.0,1262.0,647,647.0,647.0,45692.20000004768,45698.5,45706.0,1.0,3.0,3.0,0.1587301599315625,0.4,0.4477611908431466,0.1204819284030151,0.4761904797946875,0.4,0.0,0.0,0.0,0.0251952636718994,0.0533333333333333,0.0668300280084242,0.0,0.0,0.0,0.0,0.0,0.0,0.0022111351383932,0.0044663602975248,0.0017995592900121,98.0,1259.0,647.0,45698.90000001589,2.3333333333333335,0.335497116924903,0.3322241360659009,0.3322241360659009,0.04845287500455231,0.0,0.0,0.002825684908643367,1256.0,1262.0,647.0,647.0,0.0,0.0,0.1204819284030151,0.4761904797946875,0.1587301599315625,0.4477611908431466,0.0251952636718994,0.0668300280084242,0.0,0.0,0.0017995592900121,0.0044663602975248,1.0,3.0,0.0,0.0,45692.20000004768,45706.0,1
98,1264,1265.0,1267.0,647,647.0,647.0,45712.70000004768,45720.0,45726.800000071526,2.0,1.0,2.0,0.2739726045293194,0.1470588219825784,0.1388888891188451,0.2985074605620977,0.1369863022646597,0.2941176439651569,0.0,0.0,0.0,0.0375304940162894,0.0216262971229036,0.0096450617603334,0.0,0.0,0.0,0.0,0.0,0.0,0.0043730647438225,0.002178657122914,0.0017619463583155,99.0,1265.3333333333333,647.0,45719.83333337307,1.6666666666666667,0.18664010521024763,0.24320380226397142,0.24320380226397142,0.022933950966508798,0.0,0.0,0.0027712227416840005,1264.0,1267.0,647.0,647.0,0.0,0.0,0.1369863022646597,0.2985074605620977,0.1388888891188451,0.2739726045293194,0.0096450617603334,0.0375304940162894,0.0,0.0,0.0017619463583155,0.0043730647438225,1.0,2.0,0.0,0.0,45712.70000004768,45726.800000071526,1
99,1268,1269.0,1269.0,647,647.0,648.0,45741.20000004768,45748.300000071526,45756.20000004768,1.0,1.0,1.0,0.1408450699495763,0.1265822788630325,0.1612903213401739,0.0694444445594225,0.1408450699495763,0.0,0.0,0.0,0.1265822788630325,0.019837333729101,0.0160230733221585,0.0260145677580165,0.0,0.0,1.5707963267948966,0.0,0.0,0.1988349786753787,0.0007077966656696,0.0005372197738217,0.0012647461349382,100.0,1268.6666666666667,647.3333333333334,45748.5666667223,1.0,0.14290589005092755,0.07009650483633294,0.11229059779067711,0.020624991603092,0.5235987755982988,0.06627832622512624,0.0008365875248098334,1268.0,1269.0,647.0,648.0,0.0,0.1265822788630325,0.0,0.1408450699495763,0.1265822788630325,0.1612903213401739,0.0160230733221585,0.0260145677580165,0.0,1.5707963267948966,0.0005372197738217,0.0012647461349382,1.0,1.0,0.0,0.1988349786753787,45741.20000004768,45756.20000004768,1
100,1271,1272.0,1273.0,648,649.0,649.0,45762.40000009537,45769.90000009537,45786.10000002384,2.0,1.4142135623730951,1.0,0.2666666666666666,0.0872971338652514,0.1612903213401739,0.3225806426803478,0.1333333333333333,0.061728395334269,0.0,0.1333333333333333,0.0,0.0355555555555555,0.0053887119907828,0.0260145677580165,0.0,0.7853981633974483,0.0,0.2533542443087136,0.1047197551196597,0.0484813683250065,0.0015388689877677,0.0040222458086363,0.0012732009789074,101.0,1272.0,648.6666666666666,45772.800000071526,1.4714045207910316,0.17175137395736395,0.17254745711598338,0.17254745711598338,0.022319611768118267,0.2617993877991494,0.13551845591779327,0.002278105258437133,1271.0,1273.0,648.0,649.0,0.0,0.1333333333333333,0.061728395334269,0.3225806426803478,0.0872971338652514,0.2666666666666666,0.0053887119907828,0.0355555555555555,0.0,0.7853981633974483,0.0012732009789074,0.0040222458086363,1.0,2.0,0.0484813683250065,0.2533542443087136,45762.40000009537,45786.10000002384,1
101,1274,1274.0,1275.0,649,650.0,650.0,45792.300000071526,45799.5,45807.0,1.0,1.0,1.0,0.138888890268626,0.1333333333333333,0.047393364875358,0.1612903213401739,0.0,0.1333333333333333,0.0,0.138888890268626,0.0,0.0192901238400504,0.0177777777777777,0.0022461310342088,0.0,1.5707963267948966,0.0,0.0,0.2181661586665772,0.2094395102393195,0.0010845877203627,0.0002100480662911,0.0020708862324758,102.0,1274.3333333333333,649.6666666666666,45799.60000002384,1.0,0.1065385294924391,0.09820788489116906,0.09820788489116906,0.013104677550678968,0.5235987755982988,0.14253522296863222,0.0011218406730432,1274.0,1275.0,649.0,650.0,0.0,0.138888890268626,0.0,0.1612903213401739,0.047393364875358,0.138888890268626,0.0022461310342088,0.0192901238400504,0.0,1.5707963267948966,0.0002100480662911,0.0020708862324758,1.0,1.0,0.0,0.2181661586665772,45792.300000071526,45807.0,1
102,1276,1276.0,1276.0,650,651.0,652.0,45828.10000002384,45835.10000002384,45849.5,1.0,1.0,1.0,0.1428571428571428,0.0694444445594225,0.0172117039516289,0.047393364875358,0.0,0.0,0.0,0.1428571428571428,0.0694444445594225,0.0204081632653061,0.0048225308801667,0.0002962427529185,0.0,1.5707963267948966,1.5707963267948966,0.0,0.2243994752564138,0.0,0.0008607598204064,0.0022265189121627,0.0003143255649126,103.0,1276.0,651.0,45837.566666682564,1.0,0.07650443045606474,0.015797788291786,0.03894593647826017,0.008508978966130433,1.0471975511965976,0.07479982508547127,0.0011338680991605666,1276.0,1276.0,650.0,652.0,0.0,0.1428571428571428,0.0,0.047393364875358,0.0172117039516289,0.1428571428571428,0.0002962427529185,0.0204081632653061,0.0,1.5707963267948966,0.0003143255649126,0.0022265189121627,1.0,1.0,0.0,0.2243994752564138,45828.10000002384,45849.5,1
103,1276,1276.0,1276.0,653,654.0,655.0,45907.60000002384,45950.60000002384,45986.70000004768,1.0,1.0,1.0,0.0232558139534883,0.027700831006636,0.0452488687294652,0.0,0.0,0.0,0.0172117039516289,0.0232558139534883,0.027700831006636,0.0005408328826392,0.0007673360384582,0.0020474601212963,1.5707963267948966,1.5707963267948966,1.5707963267948966,0.0,0.0,0.0,4.209812902243988e-06,5.267515251603341e-06,3.546050088622519e-05,104.0,1276.0,654.0,45948.30000003179,1.0,0.032068504563196494,0.0,0.009233610335545333,0.0011185430141312333,1.5707963267948966,0.0,1.497927634669084e-05,1276.0,1276.0,653.0,655.0,0.0172117039516289,0.027700831006636,0.0,0.0,0.0232558139534883,0.0452488687294652,0.0005408328826392,0.0020474601212963,1.5707963267948966,1.5707963267948966,4.209812902243988e-06,3.546050088622519e-05,1.0,1.0,0.0,0.0,45907.60000002384,45986.70000004768,1
104,1276,1276.0,1276.0,656,657.0,658.0,46008.800000071526,46023.300000071526,46065.800000071526,1.0,1.0,1.0,0.0689655172413793,0.0235294117647058,0.0085178875656139,0.0,0.0,0.0,0.0452488687294652,0.0689655172413793,0.0235294117647058,0.0047562425683709,0.000553633217993,7.25544085804414e-05,1.5707963267948966,1.5707963267948966,1.5707963267948966,0.0,0.0,0.0,0.0001225693413643,0.0002898351276122,1.1319501397944429e-05,105.0,1276.0,657.0,46032.63333340486,1.0,0.033670938857233,0.0,0.007843137254901933,0.0017941433983147802,1.5707963267948966,0.0,0.00014124132345814814,1276.0,1276.0,656.0,658.0,0.0235294117647058,0.0689655172413793,0.0,0.0,0.0085178875656139,0.0689655172413793,7.25544085804414e-05,0.0047562425683709,1.5707963267948966,1.5707963267948966,1.1319501397944429e-05,0.0002898351276122,1.0,1.0,0.0,0.0,46008.800000071526,46065.800000071526,1
105,1264,1244.0,1227.0,648,634.0,620.0,47185.10000002384,47192.5,47202.20000004768,15.620499351813308,24.413111231467404,22.02271554554524,2.1108782975865634,2.516815578500648,3.0168103684106806,0.0141126661186321,2.702702711410467,1.752577310972227,0.0117605550988601,1.8918918979873267,1.443298961977128,0.2852538249172358,0.259465522281275,0.4132616970022649,2.44685437739309,2.5308666892005847,2.452668265374932,0.0028776365724218,0.0113530151456988,0.0080616931382723,0.0003354743325099,0.0034849057728442,0.0158552756664898,106.0,1245.0,634.0,47193.266666690506,20.685442042941983,2.548168081499297,1.4897975628337754,1.9708972168261514,0.3193270147335919,2.4767964439895356,0.007430781618797633,0.006558551923947966,1227.0,1264.0,620.0,648.0,0.0117605550988601,1.8918918979873267,0.0141126661186321,2.702702711410467,2.1108782975865634,3.0168103684106806,0.259465522281275,0.4132616970022649,2.44685437739309,2.5308666892005847,0.0003354743325099,0.0158552756664898,15.620499351813308,24.413111231467404,0.0028776365724218,0.0113530151456988,47185.10000002384,47202.20000004768,1
106,1213,1194.0,1172.0,609,598.0,588.0,47209.5,47216.0,47230.70000004768,17.804493814764857,21.95449840010015,24.166091947189145,2.7391528945792087,1.4935032876792085,3.403674910709748,1.917808231705236,2.923076923076923,1.4965986346011304,1.506849324911257,1.6923076923076923,0.6802721066368774,0.4214081376275705,0.1015988627778637,0.4793908308845324,2.4756234162106834,2.616796881939686,2.714965160462917,0.0031445412309171,0.0217189947275388,0.0066781141635914,0.0011159507778792,0.0492014268999548,0.0257001338014415,107.0,1193.0,598.3333333333334,47218.73333334923,21.308361387351383,2.545443697656055,2.1124945964610964,2.3392519653400554,0.3341326104299889,2.602461819537762,0.010513883374015764,0.025339170493091836,1172.0,1213.0,588.0,609.0,0.6802721066368774,1.6923076923076923,1.4965986346011304,2.923076923076923,1.4935032876792085,3.403674910709748,0.1015988627778637,0.4793908308845324,2.4756234162106834,2.714965160462917,0.0011159507778792,0.0492014268999548,17.804493814764857,24.166091947189145,0.0031445412309171,0.0217189947275388,47209.5,47230.70000004768,1
107,1164,1155.0,1145.0,583,578.0,574.0,47237.800000071526,47244.300000071526,47252.40000009537,9.433981132056603,10.295630140987,10.770329614269007,1.4513817126240929,1.2710654457632642,1.6569737868106165,1.1267605595966106,1.3846153846153846,1.2345678976006922,0.7042253497478815,0.7692307692307693,0.4938271590402769,0.2232894942498604,0.1569216595088839,0.2549190441247102,2.5829933382462307,2.6344941491974563,2.761086276477428,0.0185875805314822,0.0079232016848039,0.0156286576428834,0.0360706106724903,0.0102104361139963,0.0120984425095527,108.0,1154.6666666666667,578.3333333333334,47244.833333412804,10.166646962437538,1.459806981732658,1.2486479472708958,1.4132570002843214,0.2117100659611515,2.659524587973705,0.0140464799530565,0.019459829765346433,1145.0,1164.0,574.0,583.0,0.4938271590402769,0.7692307692307693,1.1267605595966106,1.3846153846153846,1.2710654457632642,1.6569737868106165,0.1569216595088839,0.2549190441247102,2.5829933382462307,2.761086276477428,0.0102104361139963,0.0360706106724903,9.433981132056603,10.770329614269007,0.0079232016848039,0.0185875805314822,47237.800000071526,47252.40000009537,1
108,1136,1124.0,1115.0,571,565.0,561.0,47258.90000009537,47266.800000071526,47274.10000002384,9.486832980505138,13.41640786499874,9.848857801796104,1.2008649378653151,1.837864103100675,2.290432008830614,1.3846153846153846,1.51898734635639,1.2328767203819375,0.4615384615384615,0.7594936731781949,0.5479452090586389,0.1520082204417055,0.2517622075487168,0.5326585978446284,2.819842099193151,2.677945044588987,2.723368324010564,0.0090393573408804,0.0179616525357472,0.0062223670846962,0.0158324344127699,0.012627087013679,0.0384789578261275,109.0,1125.0,565.6666666666666,47266.600000063576,10.917366215766663,1.776387016598868,1.3788264837845707,1.561474886804117,0.3121430086116836,2.7403851559309005,0.011074458987107934,0.022312826417525466,1115.0,1136.0,561.0,571.0,0.4615384615384615,0.7594936731781949,1.2328767203819375,1.51898734635639,1.2008649378653151,2.290432008830614,0.1520082204417055,0.5326585978446284,2.677945044588987,2.819842099193151,0.012627087013679,0.0384789578261275,9.486832980505138,13.41640786499874,0.0062223670846962,0.0179616525357472,47258.90000009537,47274.10000002384,1
109,1106,1095.0,1085.0,555,548.0,541.0,47278.40000009537,47287.60000002384,47293.300000071526,10.816653826391969,13.038404810405298,12.206555615733702,1.1757232511398097,2.287439421286261,1.6061257338737738,2.09302322099891,1.195652183208664,1.7543859502358523,1.3953488139992734,0.7608695711327862,1.2280701651650967,0.1277960065522274,0.4013051582720245,0.2113323327414761,2.5535900500422257,2.5748634360662868,2.5308666892005847,0.0394833188707607,0.0023123245858099,0.0077187274557271,0.0941540894320873,0.0297292558528477,0.0333285656037401,110.0,1095.3333333333333,548.0,47286.43333339691,12.02053808417699,1.6897628020999482,1.6810204514811418,2.0903771732028407,0.24681116585524265,2.553106725103032,0.016504790304099234,0.05240397029622503,1085.0,1106.0,541.0,555.0,0.7608695711327862,1.3953488139992734,1.195652183208664,2.09302322099891,1.1757232511398097,2.287439421286261,0.1277960065522274,0.4013051582720245,2.5308666892005847,2.5748634360662868,0.0297292558528477,0.0941540894320873,10.816653826391969,13.038404810405298,0.0023123245858099,0.0394833188707607,47278.40000009537,47293.300000071526,1
110,1076,1067.0,1060.0,537,533.0,531.0,47300.90000009537,47307.5,47315.0,9.848857801796104,9.848857801796104,7.280109889280518,1.492251203652768,1.3131810402394806,0.945468810934682,1.1842105226008186,1.3636363833403786,0.9333333333333332,0.526315787822586,0.6060606148179462,0.2666666666666666,0.2260986704871541,0.175090805365264,0.1227881565038553,2.723368324010564,2.723368324010564,2.8632929945846817,0.0253291623955374,0.0,0.0186566227432157,0.0019429391709677,0.0077284645240808,0.0069736865148544,111.0,1067.6666666666667,533.6666666666666,47307.80000003179,8.992608497624241,1.2503003516089768,1.1603934130915101,1.2492823019803991,0.17465921078542446,2.770009880868603,0.014661928379584367,0.005548363403300967,1060.0,1076.0,531.0,537.0,0.2666666666666666,0.6060606148179462,0.9333333333333332,1.3636363833403786,0.945468810934682,1.492251203652768,0.1227881565038553,0.2260986704871541,2.723368324010564,2.8632929945846817,0.0019429391709677,0.0077284645240808,7.280109889280518,9.848857801796104,0.0,0.0253291623955374,47300.90000009537,47315.0,1
111,1052,1046.0,1037.0,529,527.0,525.0,47322.70000004768,47330.10000002384,47337.0,8.246211251235321,6.324555320336759,9.219544457292889,1.11435287537886,0.9166022235058346,1.2629512831451468,1.038961032527075,0.81081081342314,1.304347830593924,0.2597402581317687,0.2702702711410467,0.2898550734653164,0.1505882268877247,0.132840902416378,0.1730070233932493,2.896613990462929,2.819842099193151,2.922923707715851,0.0043274020353117,0.0103745799347469,0.0149393636056351,0.0036103987287937,0.0023982870984495,0.0058211769732839,112.0,1045.0,527.0,47329.93333335718,7.930103676288323,1.0979687940099472,1.051373225514713,1.147991583336485,0.15214538423245066,2.8797932657906435,0.009880448525231234,0.0039432876001757,1037.0,1052.0,525.0,529.0,0.2597402581317687,0.2898550734653164,0.81081081342314,1.304347830593924,0.9166022235058346,1.2629512831451468,0.132840902416378,0.1730070233932493,2.819842099193151,2.922923707715851,0.0023982870984495,0.0058211769732839,6.324555320336759,9.219544457292889,0.0043274020353117,0.0149393636056351,47322.70000004768,47337.0,1
112,1028,1016.0,1006.0,524,521.0,518.0,47344.300000071526,47351.60000002384,47359.20000004768,9.055385138137416,12.36931687685298,10.44030650891055,1.2404637256557995,1.6275416892170214,1.491472358415793,1.232876700249012,1.6438356271759165,1.3157894695564651,0.1369863000276679,0.4109589067939791,0.3947368408669395,0.1699265388710313,0.2141502215935897,0.2130674797736847,3.0309354324158977,2.896613990462929,2.8501358591119264,0.0147961265262664,0.0184001976479943,0.0061155435796311,0.0004219841769911,0.0060580387686888,0.0001424660284879,113.0,1016.6666666666666,521.0,47351.700000047684,10.621669507966983,1.4531592577628711,1.3975005989937979,1.5290795459494444,0.19904808007943522,2.9258950939969175,0.013103955917963934,0.0022074963247226,1006.0,1028.0,518.0,524.0,0.1369863000276679,0.4109589067939791,1.232876700249012,1.6438356271759165,1.2404637256557995,1.6275416892170214,0.1699265388710313,0.2141502215935897,2.8501358591119264,3.0309354324158977,0.0001424660284879,0.0060580387686888,9.055385138137416,12.36931687685298,0.0061155435796311,0.0184001976479943,47344.300000071526,47359.20000004768,1
113,998,991.0,984.0,516,514.0,512.0,47366.20000004768,47373.300000071526,47381.10000002384,8.246211251235321,7.280109889280518,7.280109889280518,1.161438200499222,0.9333474274084604,1.4000211197158283,1.1428571428571428,0.9859154896470342,0.8974359029221896,0.2857142857142857,0.2816901398991526,0.2564102579777684,0.1635828445914229,0.1196599273223449,0.2692348282457137,2.896613990462929,2.8632929945846817,2.8632929945846817,0.0066397330501432,0.0046930979952612,0.0,0.0070692335974659,0.0061863263551527,0.01917626946638,114.0,991.0,514.0,47373.53333338102,7.602143676598786,1.1649355825411705,1.0087361784754556,1.094206264468045,0.18415920005316053,2.8743999932107642,0.0037776103484681335,0.010810609806332866,984.0,998.0,512.0,516.0,0.2564102579777684,0.2857142857142857,0.8974359029221896,1.1428571428571428,0.9333474274084604,1.4000211197158283,0.1196599273223449,0.2692348282457137,2.8632929945846817,2.896613990462929,0.0061863263551527,0.01917626946638,7.280109889280518,8.246211251235321,0.0,0.0066397330501432,47366.20000004768,47381.10000002384,1
114,977,968.0,960.0,510,509.0,508.0,47386.300000071526,47394.40000009537,47401.10000002384,7.280109889280518,9.055385138137416,8.06225774829855,0.8987789960311058,1.3515500350459415,1.221554199874913,1.346153833809689,1.111111107840623,1.1940298634930853,0.3846153810884826,0.1234567897600692,0.1492537329366356,0.1109603695537783,0.2017238879812475,0.1850839690094193,2.8632929945846817,3.0309354324158977,3.017237659043032,0.0,0.0206965972021939,0.0020444438088202,0.030437395623186,0.0112053726123842,0.0024835700223085,115.0,968.3333333333334,509.0,47393.93333339691,8.13258425857216,1.1572944103173202,1.2170982683811324,1.2668495126933443,0.1659227421814817,2.97048869534787,0.007580347003671367,0.014708779419292899,960.0,977.0,508.0,510.0,0.1234567897600692,0.3846153810884826,1.111111107840623,1.346153833809689,0.8987789960311058,1.3515500350459415,0.1109603695537783,0.2017238879812475,2.8632929945846817,3.0309354324158977,0.0024835700223085,0.030437395623186,7.280109889280518,9.055385138137416,0.0,0.0206965972021939,47386.300000071526,47401.10000002384,1
115,952,944.0,936.0,507,505.0,504.0,47407.70000004768,47415.0,47424.40000009537,8.06225774829855,8.246211251235321,8.06225774829855,1.10441887684402,0.8772565071886831,0.9266963005265556,1.2121212077425425,1.0958904181172775,0.8510638211527903,0.1515151509678177,0.2739726045293194,0.1063829776440987,0.1512902580901509,0.0933251593923938,0.1065168170281875,3.017237659043032,2.896613990462929,3.017237659043032,0.0,0.0165237903243861,0.0128323050379062,0.0051202592116957,0.0079404245310117,0.0014033678193572,116.0,944.0,505.3333333333333,47415.700000047684,8.123575582610806,0.9694572281864197,1.0530251490042035,1.0884861415522364,0.11704407817024405,2.977029769516331,0.009785365120764099,0.0048213505206881994,936.0,952.0,504.0,507.0,0.1063829776440987,0.2739726045293194,0.8510638211527903,1.2121212077425425,0.8772565071886831,1.10441887684402,0.0933251593923938,0.1512902580901509,2.896613990462929,3.017237659043032,0.0014033678193572,0.0079404245310117,8.06225774829855,8.246211251235321,0.0,0.0165237903243861,47407.70000004768,47424.40000009537,1
116,925,912.0,898.0,503,501.0,497.0,47433.10000002384,47439.60000002384,47447.20000004768,11.04536101718726,13.152946437965904,14.560219778561036,1.6992863103365017,1.7306508416715756,2.080031396937291,1.2643678264867395,2.0,1.842105257379051,0.1149425296806126,0.3076923076923077,0.526315787822586,0.2614286631286925,0.2277172152950492,0.297147342419613,3.050932766389048,2.988943325194528,2.8632929945846817,0.0038730008762109,0.0095368371068492,0.0165329381862724,0.0178059594682857,0.0051863765897912,0.0091355430140467,117.0,911.6666666666666,500.3333333333333,47439.966666698456,12.919509077904733,1.8366561829817893,1.7021576946219301,1.877596290562792,0.2620977402811182,2.967723028722753,0.009980925389777502,0.0107092930240412,898.0,925.0,497.0,503.0,0.1149425296806126,0.526315787822586,1.2643678264867395,2.0,1.6992863103365017,2.080031396937291,0.2277172152950492,0.297147342419613,2.8632929945846817,3.050932766389048,0.0051863765897912,0.0178059594682857,11.04536101718726,14.560219778561036,0.0038730008762109,0.0165329381862724,47433.10000002384,47447.20000004768,1
117,884,874.0,864.0,494,489.0,486.0,47454.20000004768,47461.800000071526,47469.0,14.317821063276352,11.180339887498947,10.44030650891055,1.883923818205277,1.5528249998007844,1.0763202533595466,2.0,1.3157894695564651,1.3888889026862603,0.4285714285714285,0.6578947347782326,0.4166666708058781,0.2478847121441112,0.2156701410037104,0.1109608503163423,2.930499320367047,2.677945044588987,2.8501358591119264,0.009600903683195,0.033230825656023,0.0239153911435418,0.0070375186107859,0.0042387593472817,0.0145429571843835,118.0,874.0,489.6666666666667,47461.666666706406,11.979489153228618,1.5043563571218694,1.5682261240809086,1.7071150143495346,0.19150523448805465,2.8195267413559866,0.02224904016091993,0.008606411714150367,864.0,884.0,486.0,494.0,0.4166666708058781,0.6578947347782326,1.3157894695564651,2.0,1.0763202533595466,1.883923818205277,0.1109608503163423,0.2478847121441112,2.677945044588987,2.930499320367047,0.0042387593472817,0.0145429571843835,10.44030650891055,14.317821063276352,0.009600903683195,0.033230825656023,47454.20000004768,47469.0,1
118,856,847.0,841.0,482,477.0,473.0,47478.70000004768,47483.10000002384,47489.300000071526,8.94427190999916,10.295630140987,7.211102550927978,2.0327890814692338,1.6605854938393732,0.9365068334950866,0.8247422639869303,2.0454545565380537,0.9677419280410434,0.4123711319934651,1.136363642521141,0.6451612853606956,0.4619975210191166,0.2678363679141838,0.1216242652200431,2.677945044588987,2.6344941491974563,2.5535900500422257,0.0177516302759253,0.0098752035515849,0.0130490481504844,0.03618934731723,0.0441275350356852,0.0235825970273604,119.0,848.0,477.3333333333333,47483.700000047684,8.81700153397138,1.5432938029345644,1.2793129161886758,1.4943666779755744,0.2838193847177812,2.6220097479428897,0.013558627325998199,0.034633159793425204,841.0,856.0,473.0,482.0,0.4123711319934651,1.136363642521141,0.8247422639869303,2.0454545565380537,0.9365068334950866,2.0327890814692338,0.1216242652200431,0.4619975210191166,2.5535900500422257,2.677945044588987,0.0235825970273604,0.0441275350356852,7.211102550927978,10.295630140987,0.0098752035515849,0.0177516302759253,47478.70000004768,47489.300000071526,1
119,835,830.0,824.0,469,467.0,464.0,47497.0,47504.0,47511.300000071526,7.211102550927978,5.385164807134504,6.708203932499369,1.0301575072754254,0.7376938019685659,0.8491397408537263,0.7792207864589888,0.7142857142857143,0.8219178001660079,0.5194805243059926,0.2857142857142857,0.4109589000830039,0.1471653581822036,0.101053944485017,0.1074860434704295,2.5535900500422257,2.761086276477428,2.677945044588987,0.0,0.0296423180621717,0.0113892097361399,0.0033170250908328,0.0065873448138837,0.0008811094414233,120.0,829.6666666666666,466.6666666666667,47504.10000002384,6.434823763520616,0.8723303500325725,0.7718081003035703,0.9087944003312383,0.11856844871255005,2.6642071237028806,0.013677175932770532,0.0035951597820466,824.0,835.0,464.0,469.0,0.2857142857142857,0.5194805243059926,0.7142857142857143,0.8219178001660079,0.7376938019685659,1.0301575072754254,0.101053944485017,0.1471653581822036,2.5535900500422257,2.761086276477428,0.0008811094414233,0.0065873448138837,5.385164807134504,7.211102550927978,0.0,0.0296423180621717,47497.0,47511.300000071526,1
120,819,812.0,798.0,461,457.0,449.0,47519.20000004768,47525.40000009537,47538.70000004768,5.830951894845301,8.06225774829855,16.1245154965971,0.9404761048386944,0.6061847952784731,2.0940929086679176,0.6329113943151625,1.1290322493812173,1.052631582721307,0.3797468365890974,0.6451612853606956,0.6015037615550327,0.151689693162188,0.0455778043196836,0.2719601163246556,2.601173153319209,2.62244653934327,2.62244653934327,0.0097179609495534,0.0034311912678143,0.0,0.0055953987120459,0.0171148206494203,0.0170212265275644,121.0,809.6666666666666,455.6666666666667,47527.76666673025,10.005908379913649,1.2135846029283617,0.938191742139229,1.1386929959909065,0.15640920460217575,2.6153554106685832,0.004383050739122567,0.013243815296343534,798.0,819.0,449.0,461.0,0.3797468365890974,0.6451612853606956,0.6329113943151625,1.1290322493812173,0.6061847952784731,2.0940929086679176,0.0455778043196836,0.2719601163246556,2.601173153319209,2.62244653934327,0.0055953987120459,0.0171148206494203,5.830951894845301,16.1245154965971,0.0,0.0097179609495534,47519.20000004768,47538.70000004768,1
121,792,786.0,780.0,445,443.0,440.0,47546.40000009537,47553.300000071526,47560.60000002384,7.211102550927978,6.324555320336759,6.708203932499369,1.04508732983258,0.866377446801213,0.9316949844545404,0.7792207743953062,0.8695652203959493,0.8219178135879582,0.5194805162635375,0.2898550734653164,0.4109589067939791,0.1514619323831469,0.1186818428027951,0.1294020803172456,2.5535900500422257,2.819842099193151,2.677945044588987,0.0089424011525503,0.0385872536334662,0.0194379528124709,0.0156491147006884,0.0047507376367562,0.0014685256965034,122.0,786.0,442.6666666666667,47553.43333339691,6.747953934588035,0.9477199203627777,0.8235679361264046,0.9605542383910642,0.13318195183439588,2.683792397941455,0.022322535866162466,0.007289459344649332,780.0,792.0,440.0,445.0,0.2898550734653164,0.5194805162635375,0.7792207743953062,0.8695652203959493,0.866377446801213,1.04508732983258,0.1186818428027951,0.1514619323831469,2.5535900500422257,2.819842099193151,0.0014685256965034,0.0156491147006884,6.324555320336759,7.211102550927978,0.0089424011525503,0.0385872536334662,47546.40000009537,47560.60000002384,1
122,776,772.0,770.0,437,434.0,433.0,47567.800000071526,47574.40000009537,47581.70000004768,5.0,5.0,2.23606797749979,0.7575757548390889,0.6849315113232985,0.3194382824999699,0.5555555518762565,0.6060606038712711,0.2739726045293194,0.4166666639071923,0.4545454529034533,0.1369863022646597,0.114784204864003,0.0938262350407235,0.0456340403571385,2.498091544796509,2.498091544796509,2.677945044588987,0.0249796525835215,0.0,0.0246374658859293,0.0020302604661711,0.0031754499617531,0.0066016705477229,123.0,772.6666666666666,434.6666666666667,47574.63333340486,4.078689325833263,0.5873151828874524,0.478529586758949,0.5241916875138356,0.08474816008728832,2.5580427113940014,0.016539039489816932,0.003935793658549034,770.0,776.0,433.0,437.0,0.1369863022646597,0.4545454529034533,0.2739726045293194,0.6060606038712711,0.3194382824999699,0.7575757548390889,0.0456340403571385,0.114784204864003,2.498091544796509,2.677945044588987,0.0020302604661711,0.0066016705477229,2.23606797749979,5.0,0.0,0.0249796525835215,47567.800000071526,47581.70000004768,1
123,767,764.0,762.0,431,430.0,429.0,47588.70000004768,47596.10000002384,47603.40000009537,3.605551275463989,3.1622776601683795,2.23606797749979,0.4872366604162995,0.4331887163266175,0.3288335284087932,0.4285714285714285,0.40540540671157,0.2739726000553359,0.2857142857142857,0.1351351355705233,0.1369863000276679,0.0658427921602856,0.0593409194633183,0.0483578721639229,2.5535900500422257,2.819842099193151,2.677945044588987,0.0177649992209658,0.0359800067579399,0.0194379524950484,0.0028869645433067,0.0008786314483669,0.001504527012573,124.0,764.3333333333334,430.0,47596.0666667223,3.001298971044053,0.41641963505057006,0.36931647844611143,0.4149785784553341,0.05784719459584226,2.683792397941455,0.024394319491318036,0.0017567076680822002,762.0,767.0,429.0,431.0,0.1351351355705233,0.2857142857142857,0.2739726000553359,0.4285714285714285,0.3288335284087932,0.4872366604162995,0.0483578721639229,0.0658427921602856,2.5535900500422257,2.819842099193151,0.0008786314483669,0.0028869645433067,2.23606797749979,3.605551275463989,0.0177649992209658,0.0359800067579399,47588.70000004768,47603.40000009537,1
124,761,760.0,758.0,427,426.0,425.0,47610.20000004768,47617.70000004768,47625.60000002384,2.23606797749979,1.4142135623730951,2.23606797749979,0.2981423969999719,0.1790143755241937,0.3105649948181801,0.147058824560634,0.1333333333333333,0.253164557726065,0.294117649121268,0.1333333333333333,0.1265822788630325,0.0397523195999962,0.0226600476030951,0.0431340267724152,2.0344439357957027,2.356194490192345,2.677945044588987,0.094632516662605,0.0429000739195522,0.040727918400971,0.0012655224447458,0.0022789695995868,0.0025916429406467,125.0,759.6666666666666,426.0,47617.83333337307,1.9621165057908916,0.2625739224474486,0.17785223854001075,0.22004633149435493,0.035182131325168835,2.356194490192345,0.059420169661042736,0.0020453783283264334,758.0,761.0,425.0,427.0,0.1265822788630325,0.294117649121268,0.1333333333333333,0.253164557726065,0.1790143755241937,0.3105649948181801,0.0226600476030951,0.0431340267724152,2.0344439357957027,2.677945044588987,0.0012655224447458,0.0025916429406467,1.4142135623730951,2.23606797749979,0.040727918400971,0.094632516662605,47610.20000004768,47625.60000002384,1
125,757,756.0,755.0,425,425.0,425.0,47632.800000071526,47647.10000002384,47682.90000009537,1.0,1.0,1.0,0.0699300701632535,0.0279329608380469,0.1408450723143708,0.1388888879690641,0.0699300701632535,0.0279329608380469,0.0,0.0,0.0,0.0048902147130375,0.0007802503011798,0.0198373343952403,3.141592653589793,3.141592653589793,3.141592653589793,0.0643955008236374,0.0,0.0,0.0053116405286248,0.0002874100996896,0.0005323207836867,126.0,756.0,425.0,47654.26666673025,1.0,0.0795693677718904,0.07891730632345482,0.07891730632345482,0.008502599803152534,3.141592653589793,0.021465166941212466,0.0020437904706670333,755.0,757.0,425.0,425.0,0.0,0.0,0.0279329608380469,0.1388888879690641,0.0279329608380469,0.1408450723143708,0.0007802503011798,0.0198373343952403,3.141592653589793,3.141592653589793,0.0002874100996896,0.0053116405286248,1.0,1.0,0.0,0.0643955008236374,47632.800000071526,47682.90000009537,1
126,753,752.0,751.0,425,425.0,425.0,47690.0,47697.300000071526,47704.300000071526,2.0,1.0,1.0,0.2739726000553359,0.1428571428571428,0.1351351355705233,0.2816901446287416,0.1369863000276679,0.1428571428571428,0.0,0.0,0.0,0.0375304927905405,0.0204081632653061,0.0182615048656637,3.141592653589793,3.141592653589793,3.141592653589793,0.0,0.0,0.0,0.0024919941736556,0.0023455245695163,0.0003066654856631,127.0,752.0,425.0,47697.200000047684,1.3333333333333333,0.18398829282766735,0.18717786250451743,0.18717786250451743,0.025400053640503434,3.141592653589793,0.0,0.0017147280762783333,751.0,753.0,425.0,425.0,0.0,0.0,0.1369863000276679,0.2816901446287416,0.1351351355705233,0.2739726000553359,0.0182615048656637,0.0375304927905405,3.141592653589793,3.141592653589793,0.0003066654856631,0.0024919941736556,1.0,2.0,0.0,0.0,47690.0,47704.300000071526,1
127,748,746.0,745.0,425,425.0,425.0,47711.70000004768,47727.300000071526,47741.40000009537,3.0,2.0,1.0,0.1923076920137838,0.14184397139136,0.0724637683663291,0.40540540671157,0.1282051280091892,0.07092198569568,0.0,0.0,0.0,0.0123274161358894,0.0100598561100364,0.005250997725849,3.141592653589793,3.141592653589793,3.141592653589793,0.0,0.0,0.0,0.0008019038849855,0.0001453564116914,0.0003410537855358,128.0,746.3333333333334,425.0,47726.800000071526,2.0,0.13553847725715765,0.20151084013881304,0.20151084013881304,0.009212756657258266,3.141592653589793,0.0,0.0004294380274042333,745.0,748.0,425.0,425.0,0.0,0.0,0.07092198569568,0.40540540671157,0.0724637683663291,0.1923076920137838,0.005250997725849,0.0123274161358894,3.141592653589793,3.141592653589793,0.0001453564116914,0.0008019038849855,1.0,3.0,0.0,0.0,47711.70000004768,47741.40000009537,1
128,744,743.0,742.0,425,425.0,425.0,47755.20000004768,47783.70000004768,47812.800000071526,1.0,1.0,1.0,0.0350877192982456,0.0343642611402299,0.1190476193855138,0.0724637683663291,0.0350877192982456,0.0343642611402299,0.0,0.0,0.0,0.0012311480455524,0.0011809024437139,0.0141723356813581,3.141592653589793,3.141592653589793,3.141592653589793,0.0,0.0,0.0,0.0002912934561004,1.763003573282734e-06,0.0004464410043642,129.0,743.0,425.0,47783.90000005563,1.0,0.06283319994132976,0.04730524960160153,0.04730524960160153,0.0055281287235414665,3.141592653589793,0.0,0.00024649915467929423,742.0,744.0,425.0,425.0,0.0,0.0,0.0343642611402299,0.0724637683663291,0.0343642611402299,0.1190476193855138,0.0011809024437139,0.0141723356813581,3.141592653589793,3.141592653589793,1.763003573282734e-06,0.0004464410043642,1.0,1.0,0.0,0.0,47755.20000004768,47812.800000071526,1
129,741,740.0,739.0,425,425.0,425.0,47821.20000004768,47842.300000071526,47856.70000004768,1.0,1.0,1.0,0.047393364875358,0.0694444445594225,0.0122699386503067,0.1190476193855138,0.047393364875358,0.0694444445594225,0.0,0.0,0.0,0.0022461310342088,0.0048225308801667,0.0001505513944822,3.141592653589793,3.141592653589793,3.141592653589793,0.0,0.0,0.0,0.0014197862715475,0.0001221042579642,0.0003244430203763,130.0,740.0,425.0,47840.0666667223,1.0,0.0430359160283624,0.07862847627343143,0.07862847627343143,0.0024064044362859,3.141592653589793,0.0,0.000622111183296,739.0,741.0,425.0,425.0,0.0,0.0,0.047393364875358,0.1190476193855138,0.0122699386503067,0.0694444445594225,0.0001505513944822,0.0048225308801667,3.141592653589793,3.141592653589793,0.0001221042579642,0.0014197862715475,1.0,1.0,0.0,0.0,47821.20000004768,47856.70000004768,1
130,712,683.0,663.0,421,415.0,413.0,49122.60000002384,49128.90000009537,49136.5,27.29468812791236,29.61418578992169,20.09975124224178,4.332490129845797,3.896603442306679,3.092269421883351,0.0259490629505045,4.60317455091354,2.631578980390385,0.0038443056222969,0.9523809415683184,0.2631578980390385,0.6876968381996645,0.5127109856845538,0.4757337572128232,2.994514298201391,2.937574673997245,3.0419240010986317,0.002877957038156,0.0090380354853484,0.0137301747908944,0.0006609292053817,0.0277755318299126,0.0048654248599649,131.0,686.0,416.3333333333333,49129.33333337307,25.66954172002528,3.773787664678609,2.4202341980848097,2.507953497431156,0.5587138603656805,2.9913376577657558,0.008548722438132933,0.011100628631753066,663.0,712.0,413.0,421.0,0.0038443056222969,0.9523809415683184,0.0259490629505045,4.60317455091354,3.092269421883351,4.332490129845797,0.4757337572128232,0.6876968381996645,2.937574673997245,3.0419240010986317,0.0006609292053817,0.0277755318299126,20.09975124224178,29.61418578992169,0.002877957038156,0.0137301747908944,49122.60000002384,49136.5,1
131,644,623.0,607.0,409,405.0,401.0,49143.0,49150.60000002384,49159.0,19.4164878389476,21.37755832643195,16.492422502470642,2.5548010234258416,2.544947427036693,2.0615528128088303,2.923076923076923,2.763157886068577,1.9047619101682216,0.6153846153846154,0.526315787822586,0.4761904775420554,0.3361580283435802,0.302969932650007,0.2576941016011038,2.93409642715459,2.9533711482850227,2.896613990462929,0.0165888575298524,0.0025361475092059,0.0067568045218081,0.0214731890568066,0.0043668546828235,0.0053899799020726,132.0,624.6666666666666,405.0,49150.866666674614,19.095489555950063,2.387100421090455,2.53033223977124,2.6890623989519256,0.29894068753156366,2.928027188634181,0.008627269853622133,0.010410007880567567,607.0,644.0,401.0,409.0,0.4761904775420554,0.6153846153846154,1.9047619101682216,2.923076923076923,2.0615528128088303,2.5548010234258416,0.2576941016011038,0.3361580283435802,2.896613990462929,2.9533711482850227,0.0043668546828235,0.0214731890568066,16.492422502470642,21.37755832643195,0.0025361475092059,0.0165888575298524,49143.0,49159.0,1
132,591,576.0,558.0,397,394.0,392.0,49167.0,49174.5,49180.70000004768,16.492422502470642,15.297058540778355,18.110770276274835,2.1989896669960856,2.4672674876015925,2.5153847439349923,2.0,2.0,2.90322578412313,0.5,0.4,0.3225806426803478,0.2931986222661447,0.3979463659074244,0.3493589898994802,2.896613990462929,2.9441970937399127,3.0309354324158977,0.0,0.0063444137702645,0.0139900545175624,0.0044380650831301,0.0139663658188372,0.0078366734893971,133.0,575.0,394.3333333333333,49174.066666682564,16.633417106507945,2.393880632844224,2.301075261374377,2.4086021422678257,0.34683465935768315,2.957248838872913,0.0067781560959423,0.008747034797121467,558.0,591.0,392.0,397.0,0.3225806426803478,0.5,2.0,2.90322578412313,2.1989896669960856,2.5153847439349923,0.2931986222661447,0.3979463659074244,2.896613990462929,3.0309354324158977,0.0044380650831301,0.0139663658188372,15.297058540778355,18.110770276274835,0.0,0.0139900545175624,49167.0,49180.70000004768,1
133,544,531.0,520.0,389,386.0,383.0,49187.90000009537,49194.60000002384,49201.70000004768,14.317821063276352,13.341664064126334,11.40175425099138,2.1369882412127854,1.8791076083556224,1.3413828530578094,1.9444444315668976,1.9402985281762637,1.5492957694453395,0.4166666639071923,0.4477611988099069,0.4225352098487289,0.3189534722427038,0.2646630425416286,0.1578097474185658,2.930499320367047,2.9147938055359077,2.875340604438868,0.0139494599144012,0.0023441067162392,0.0055567888682472,0.0042229885354734,0.0081030492956194,0.0150497598259505,134.0,531.6666666666666,386.0,49194.73333338896,13.020413126131354,1.785826234208739,1.8113462430628335,1.9521913130124098,0.24714208740096608,2.906877910113941,0.007283451832962533,0.0091252658856811,520.0,544.0,383.0,389.0,0.4166666639071923,0.4477611988099069,1.5492957694453395,1.9444444315668976,1.3413828530578094,2.1369882412127854,0.1578097474185658,0.3189534722427038,2.875340604438868,2.930499320367047,0.0042229885354734,0.0150497598259505,11.40175425099138,14.317821063276352,0.0023441067162392,0.0139494599144012,49187.90000009537,49201.70000004768,1
134,509,500.0,492.0,381,379.0,377.0,49210.20000004768,49216.10000002384,49224.0,11.180339887498947,9.219544457292889,8.246211251235321,1.8949728699455293,1.1670309474831737,1.268647884805434,1.2941176470588236,1.5254237349777855,1.01265823090426,0.2352941176470588,0.3389830522172857,0.253164557726065,0.3211818436615425,0.1477254368361041,0.1951765976623744,2.961739153797315,2.922923707715851,2.896613990462929,0.0101645352186408,0.006578889192935,0.0033303439661169,0.0192202466168207,0.0293993911061651,0.0060064760720855,135.0,500.3333333333333,379.0,49216.766666690506,9.548698532009054,1.443550567411379,1.2773998709802896,1.361788056888978,0.221361292720007,2.9270922839920317,0.006691256125897567,0.018208704598357103,492.0,509.0,377.0,381.0,0.2352941176470588,0.3389830522172857,1.01265823090426,1.5254237349777855,1.1670309474831737,1.8949728699455293,0.1477254368361041,0.3211818436615425,2.896613990462929,2.961739153797315,0.0060064760720855,0.0293993911061651,8.246211251235321,11.180339887498947,0.0033303439661169,0.0101645352186408,49210.20000004768,49224.0,1
135,487,483.0,476.0,376,375.0,374.0,49230.5,49237.300000071526,49244.300000071526,5.0990195135927845,4.123105625617661,7.071067811865476,0.749855802935135,0.5890150893739515,0.9820927614041978,0.7692307692307693,0.5882352879303138,1.0,0.1538461538461538,0.1470588219825784,0.1428571428571428,0.1102729110364414,0.0841450127677073,0.1364017737722795,2.9441970937399127,2.896613990462929,2.999695598985629,0.0073204774272282,0.0069975151141886,0.0147259440746714,0.0130621056347589,0.0038423379402806,0.0074652515720817,136.0,482.0,375.0,49237.36666671435,5.431064317025307,0.7736545512377614,0.7858220190536943,0.833441066672742,0.11027323252547606,2.9468355610628234,0.009681312205362733,0.008123231715707066,476.0,487.0,374.0,376.0,0.1428571428571428,0.1538461538461538,0.5882352879303138,1.0,0.5890150893739515,0.9820927614041978,0.0841450127677073,0.1364017737722795,2.896613990462929,2.999695598985629,0.0038423379402806,0.0130621056347589,4.123105625617661,7.071067811865476,0.0069975151141886,0.0147259440746714,49230.5,49244.300000071526,1
136,469,464.0,456.0,374,373.0,372.0,49251.5,49259.800000071526,49265.40000009537,7.0,5.0990195135927845,8.06225774829855,0.8433734867080998,0.9105391949792568,1.1684431559646964,0.9722222318803824,0.6024096333629284,1.428571422489322,0.0,0.1204819266725856,0.1785714278111652,0.1016112625831681,0.1625962841254749,0.1693395884060966,3.141592653589793,2.9441970937399127,3.017237659043032,0.0197079244463589,0.0237825973673272,0.0130429580343126,0.0048320154909339,0.0073475928935862,0.0012041614735557,137.0,463.0,373.0,49258.90000005563,6.720425753963778,0.9741186125506843,1.0010677625775444,1.0605915718479328,0.1445157117049132,3.0343424687909124,0.01884449328266623,0.0044612566193586,456.0,469.0,372.0,374.0,0.0,0.1785714278111652,0.6024096333629284,1.428571422489322,0.8433734867080998,1.1684431559646964,0.1016112625831681,0.1693395884060966,2.9441970937399127,3.141592653589793,0.0012041614735557,0.0073475928935862,5.0990195135927845,8.06225774829855,0.0130429580343126,0.0237825973673272,49251.5,49265.40000009537,1
137,451,445.0,441.0,372,371.0,370.0,49272.300000071526,49279.60000002384,49286.60000002384,5.0,6.082762530298219,4.123105625617661,0.6849315113232985,0.8689660757568884,0.580719100249611,0.7246376836632911,0.8219178135879582,0.5714285714285714,0.0,0.1369863022646597,0.1428571428571428,0.0938262350407235,0.1241380108224126,0.0817914222957114,3.141592653589793,2.976443976175166,2.896613990462929,0.0180224630400652,0.0226231066429288,0.0114042836731767,0.0109439642936663,0.004152298079409,0.0060495126466715,138.0,445.6666666666667,371.0,49279.500000039734,5.068622718638626,0.7115388957765992,0.7059946895599403,0.7536137371789878,0.09991855605294918,3.0048835400759626,0.017349951118723565,0.007048591673248933,441.0,451.0,370.0,372.0,0.0,0.1428571428571428,0.5714285714285714,0.8219178135879582,0.580719100249611,0.8689660757568884,0.0817914222957114,0.1241380108224126,2.896613990462929,3.141592653589793,0.004152298079409,0.0109439642936663,4.123105625617661,6.082762530298219,0.0114042836731767,0.0226231066429288,49272.300000071526,49286.60000002384,1
138,436,432.0,428.0,369,368.0,366.0,49293.70000004768,49301.0,49308.300000071526,5.0990195135927845,4.123105625617661,4.47213595499958,0.6984958283424193,0.5648089842766265,0.6576670568175865,0.7042253497478815,0.5479452090586389,0.5479452001106719,0.1408450699495763,0.1369863022646597,0.2739726000553359,0.0956843606719185,0.0773710929784403,0.0967157443278459,2.9441970937399127,2.896613990462929,2.677945044588987,0.0067018455094646,0.0065182333681914,0.0299546498262217,0.001956751877402,0.0025086668237124,0.0026499522136803,139.0,432.0,367.6666666666667,49301.000000039734,4.564753698070008,0.6403239564788774,0.6000385863057308,0.6913627863241761,0.08992373265940157,2.8395853762639427,0.0143915762346259,0.0023717903049315665,428.0,436.0,366.0,369.0,0.1369863022646597,0.2739726000553359,0.5479452001106719,0.7042253497478815,0.5648089842766265,0.6984958283424193,0.0773710929784403,0.0967157443278459,2.677945044588987,2.9441970937399127,0.001956751877402,0.0026499522136803,4.123105625617661,5.0990195135927845,0.0065182333681914,0.0299546498262217,49293.70000004768,49308.300000071526,1
139,428,425.0,424.0,365,365.0,364.0,49315.10000002384,49322.90000009537,49330.70000004768,1.0,3.0,1.4142135623730951,0.1282051270294942,0.3846153869666526,0.2110766495982352,0.0,0.3846153810884826,0.1282051289888842,0.147058824560634,0.0,0.1282051289888842,0.0164365545966487,0.0493096652971693,0.0315039773277624,1.5707963267948966,3.141592653589793,2.356194490192345,0.162815989052612,0.2013841426142026,0.1006920728460026,0.0118057632785499,0.0042145013332148,0.0022827805228536,140.0,425.6666666666667,364.6666666666667,49322.90000005563,1.804737854124365,0.2412990545314607,0.17094017002578896,0.21367521302208367,0.03241673240719347,2.356194490192345,0.15496406817093908,0.0061010150448727665,424.0,428.0,364.0,365.0,0.0,0.147058824560634,0.0,0.3846153810884826,0.1282051270294942,0.3846153869666526,0.0164365545966487,0.0493096652971693,1.5707963267948966,3.141592653589793,0.0022827805228536,0.0118057632785499,1.0,3.0,0.1006920728460026,0.2013841426142026,49315.10000002384,49330.70000004768,1
140,423,422.0,421.0,362,362.0,362.0,49337.40000009537,49345.0,49352.5,2.23606797749979,1.0,1.0,0.2942194744156244,0.1333333333333333,0.0980392152279535,0.1492537302810488,0.1315789490195192,0.1333333333333333,0.2985074605620977,0.0,0.0,0.0387130892246831,0.0177777777777777,0.0096116877225129,2.0344439357957027,3.141592653589793,3.141592653589793,0.0480224704636943,0.1456774646956547,0.0,0.0010759868426289,0.0027546462775801,0.0010888120073686,141.0,422.0,362.0,49344.966666698456,1.4120226591665965,0.17519734099230375,0.13805533754463375,0.13805533754463375,0.022034184908324567,2.7725430809917633,0.06456664505311634,0.0016398150425258667,421.0,423.0,362.0,362.0,0.0,0.2985074605620977,0.1315789490195192,0.1492537302810488,0.0980392152279535,0.2942194744156244,0.0096116877225129,0.0387130892246831,2.0344439357957027,3.141592653589793,0.0010759868426289,0.0027546462775801,1.0,2.23606797749979,0.0,0.1456774646956547,49337.40000009537,49352.5,1
141,420,418.0,416.0,361,361.0,359.0,49362.70000004768,49368.0,49377.60000002384,1.4142135623730951,2.0,2.8284271247461903,0.26683275001824,0.2083333328159319,0.4962152808920705,0.0980392152279535,0.3773584939611047,0.2083333328159319,0.0980392152279535,0.0,0.2083333328159319,0.0503458023431915,0.0217013887810969,0.0870553117089385,2.356194490192345,3.141592653589793,2.356194490192345,0.0769998195809618,0.1481883340497393,0.0818123084840511,0.0039935406304168,0.0054046063810955,0.0068077002880763,142.0,418.0,360.3333333333333,49369.43333335718,2.080880229039762,0.3237937879087474,0.2279103473349967,0.29735479160697403,0.053034167611075635,2.6179938779914944,0.10233348737158406,0.005401949099862867,416.0,420.0,359.0,361.0,0.0,0.2083333328159319,0.0980392152279535,0.3773584939611047,0.2083333328159319,0.4962152808920705,0.0217013887810969,0.0870553117089385,2.356194490192345,3.141592653589793,0.0039935406304168,0.0068077002880763,1.4142135623730951,2.8284271247461903,0.0769998195809618,0.1481883340497393,49362.70000004768,49377.60000002384,1
142,412,408.0,403.0,358,357.0,357.0,49383.300000071526,49390.60000002384,49397.800000071526,4.123105625617661,4.123105625617661,5.0,0.5648089934999797,0.5726535553210294,0.9090909090909092,0.701754380094341,0.5479452090586389,0.6944444398453207,0.1754385950235852,0.1369863022646597,0.0,0.0773710955053864,0.0795352154900687,0.1652892561983471,2.896613990462929,2.896613990462929,3.141592653589793,0.0948104378508193,0.0,0.0340248140978381,0.0016989852846558,0.0002964547943586,0.0119102833528266,143.0,407.6666666666667,357.3333333333333,49390.5666667223,4.415403750411774,0.6821844859706395,0.6480480096661002,0.6480480096661002,0.10739852239793407,2.9782735448385504,0.0429450839828858,0.004635241143947,403.0,412.0,357.0,358.0,0.0,0.1754385950235852,0.5479452090586389,0.701754380094341,0.5648089934999797,0.9090909090909092,0.0773710955053864,0.1652892561983471,2.896613990462929,3.141592653589793,0.0002964547943586,0.0119102833528266,4.123105625617661,5.0,0.0,0.0948104378508193,49383.300000071526,49397.800000071526,1
143,397,392.0,386.0,356,354.0,353.0,49403.300000071526,49411.0,49418.20000004768,6.082762530298219,5.385164807134504,6.082762530298219,0.7899691671170412,0.7479395515930509,0.8689660757568884,1.0909090909090908,0.6493506553824907,0.8333333278143847,0.1818181818181818,0.2597402621529963,0.1388888879690641,0.1025933992798822,0.1038804925888393,0.1241380108224126,2.976443976175166,2.761086276477428,2.976443976175166,0.0300270322572048,0.0279685326880783,0.0299107914265944,0.0113992467124481,0.0001671549767419,0.002813544180474,144.0,391.6666666666667,354.3333333333333,49410.83333337307,5.850229955910314,0.8022915981556601,0.857864358035322,0.9041606540250101,0.11020396756371137,2.90465807627592,0.029302118790625834,0.004793315289888,386.0,397.0,353.0,356.0,0.1388888879690641,0.2597402621529963,0.6493506553824907,1.0909090909090908,0.7479395515930509,0.8689660757568884,0.1025933992798822,0.1241380108224126,2.761086276477428,2.976443976175166,0.0001671549767419,0.0113992467124481,5.385164807134504,6.082762530298219,0.0279685326880783,0.0300270322572048,49403.300000071526,49418.20000004768,1
144,381,377.0,373.0,353,353.0,352.0,49425.20000004768,49432.20000004768,49439.10000002384,5.0,4.0,4.123105625617661,0.7142857142857143,0.5797101469306329,0.6442352564027228,0.7142857142857143,0.5714285714285714,0.5797101469306329,0.0,0.0,0.1449275367326582,0.1020408163265306,0.084015963613584,0.1006617591879197,3.141592653589793,3.141592653589793,2.896613990462929,0.0235926682020895,0.0,0.0355041541990361,0.0031567420708402,0.0025749789589923,0.0024124341495438,145.0,377.0,352.6666666666667,49432.166666706406,4.3743685418725535,0.6460770392063567,0.6218081442149729,0.6701173231258589,0.09557284637601143,3.0599330992141716,0.019698940800375198,0.002714718393125433,373.0,381.0,352.0,353.0,0.0,0.1449275367326582,0.5714285714285714,0.7142857142857143,0.5797101469306329,0.7142857142857143,0.084015963613584,0.1020408163265306,2.896613990462929,3.141592653589793,0.0024124341495438,0.0031567420708402,4.0,5.0,0.0,0.0355041541990361,49425.20000004768,49439.10000002384,1
145,368,364.0,359.0,351,350.0,350.0,49445.5,49452.0,49459.5,5.0990195135927845,4.123105625617661,5.0,0.7844645405527361,0.5497474167490214,0.641025635147471,0.781250002910383,0.6153846153846154,0.6666666666666666,0.1562500005820766,0.1538461538461538,0.0,0.1206868523927286,0.0732996555665361,0.0821827729832437,2.9441970937399127,2.896613990462929,3.141592653589793,0.0074348599147257,0.0073204774272282,0.0326638217502485,0.0031289208249075,0.0072903379732603,0.001184415655561,146.0,363.6666666666667,350.3333333333333,49452.333333333336,4.740708379736815,0.6584125308164095,0.6877670949872217,0.6877670949872217,0.09205642698083612,2.994134579264211,0.015806386364067466,0.0038678914845762667,359.0,368.0,350.0,351.0,0.0,0.1562500005820766,0.6153846153846154,0.781250002910383,0.5497474167490214,0.7844645405527361,0.0732996555665361,0.1206868523927286,2.896613990462929,3.141592653589793,0.001184415655561,0.0072903379732603,4.123105625617661,5.0990195135927845,0.0073204774272282,0.0326638217502485,49445.5,49459.5,1
146,355,350.0,346.0,349,349.0,348.0,49467.300000071526,49474.800000071526,49481.70000004768,4.123105625617661,5.0,4.123105625617661,0.5497474167490214,0.7246376836632911,0.5425138964056738,0.5128205081179767,0.6666666666666666,0.5797101469306329,0.1282051270294942,0.0,0.1449275367326582,0.0732996555665361,0.1050199545169799,0.0713834071978632,2.896613990462929,3.141592653589793,2.896613990462929,0.0314075206256952,0.0326638217502485,0.0355041541990361,0.0011388611968269,0.0042293731933925,0.004874861947151,147.0,350.3333333333333,348.6666666666667,49474.600000063576,4.415403750411774,0.6056329989393286,0.5863991072384255,0.6347082861493115,0.08323433909379306,2.9782735448385504,0.033191832191659935,0.003414365445790133,346.0,355.0,348.0,349.0,0.0,0.1449275367326582,0.5128205081179767,0.6666666666666666,0.5425138964056738,0.7246376836632911,0.0713834071978632,0.1050199545169799,2.896613990462929,3.141592653589793,0.0011388611968269,0.004874861947151,4.123105625617661,5.0,0.0314075206256952,0.0355041541990361,49467.300000071526,49481.70000004768,1
147,341,339.0,336.0,347,347.0,346.0,49489.300000071526,49495.70000004768,49504.5,5.0990195135927845,2.0,3.1622776601683795,0.7967218019668926,0.2272727285042282,0.5452202795122735,0.6578947347782326,0.3125000011641532,0.3409090927563423,0.1315789469556465,0.0,0.1136363642521141,0.12448778202108,0.0258264465608783,0.0940034953083826,2.9441970937399127,3.141592653589793,2.819842099193151,0.0062609346220672,0.0308430563414431,0.0365625631977364,0.0069874177179768,0.0154158337230849,0.0077473919451055,148.0,338.6666666666667,346.6666666666667,49496.500000039734,3.4204323912537213,0.5230716033277981,0.43710127623290934,0.47498006431694734,0.0814392412967803,2.9685439488409524,0.024555518053748903,0.010050214462055734,336.0,341.0,346.0,347.0,0.0,0.1315789469556465,0.3125000011641532,0.6578947347782326,0.2272727285042282,0.7967218019668926,0.0258264465608783,0.12448778202108,2.819842099193151,3.141592653589793,0.0069874177179768,0.0154158337230849,2.0,5.0990195135927845,0.0062609346220672,0.0365625631977364,49489.300000071526,49504.5,1
148,332,330.0,328.0,346,346.0,346.0,49510.300000071526,49517.5,49524.5,4.0,2.0,2.0,0.5555555610745042,0.2857142857142857,0.2702702667871647,0.6896551639089687,0.2777777805372521,0.2857142857142857,0.0,0.0,0.0,0.0771604953602018,0.0408163265306122,0.0365230085546025,3.141592653589793,3.141592653589793,3.141592653589793,0.0554742328325544,0.0,0.0,0.0029039654724953,0.0050478012764772,0.0006133311394299,149.0,330.0,346.0,49517.43333335718,2.6666666666666665,0.37051337119198485,0.4177157433868355,0.4177157433868355,0.0514999434818055,3.141592653589793,0.0184914109441848,0.0028550326294674664,328.0,332.0,346.0,346.0,0.0,0.0,0.2777777805372521,0.6896551639089687,0.2702702667871647,0.5555555610745042,0.0365230085546025,0.0771604953602018,3.141592653589793,3.141592653589793,0.0006133311394299,0.0050478012764772,2.0,4.0,0.0,0.0554742328325544,49510.300000071526,49524.5,1
149,327,324.0,322.0,346,346.0,346.0,49531.90000009537,49538.70000004768,49553.40000009537,1.0,3.0,2.0,0.147058824560634,0.2040816319910632,0.2631578980390385,0.1351351333935823,0.441176473681902,0.1360544213273755,0.0,0.0,0.0,0.0216262978811553,0.0138831041720452,0.0346260396501625,3.141592653589793,3.141592653589793,3.141592653589793,0.0,0.0,0.0,0.0020130689839818,0.001138704965207,0.0014110840415531,150.0,324.3333333333333,346.0,49541.333333412804,2.0,0.2047661181969119,0.2374553428009533,0.2374553428009533,0.023378480567787668,3.141592653589793,0.0,0.0015209526635806333,322.0,327.0,346.0,346.0,0.0,0.0,0.1351351333935823,0.441176473681902,0.147058824560634,0.2631578980390385,0.0138831041720452,0.0346260396501625,3.141592653589793,3.141592653589793,0.001138704965207,0.0020130689839818,1.0,3.0,0.0,0.0,49531.90000009537,49553.40000009537,1
150,320,318.0,317.0,346,346.0,346.0,49561.0,49575.40000009537,49584.300000071526,2.0,2.0,1.0,0.1388888879690641,0.2247191017255866,0.172413794520919,0.2631578980390385,0.1388888879690641,0.1123595508627933,0.0,0.0,0.0,0.0096450616006416,0.0252493373401772,0.0297265165411016,3.141592653589793,3.141592653589793,3.141592653589793,0.0,0.0,0.0,0.0032869708372356,0.0010836302525133,0.0005030538441481,151.0,318.3333333333333,346.0,49573.5666667223,1.6666666666666667,0.17867392807185656,0.1714687789569653,0.1714687789569653,0.021540305160640132,3.141592653589793,0.0,0.0016245516446323335,317.0,320.0,346.0,346.0,0.0,0.0,0.1123595508627933,0.2631578980390385,0.1388888879690641,0.2247191017255866,0.0096450616006416,0.0297265165411016,3.141592653589793,3.141592653589793,0.0005030538441481,0.0032869708372356,1.0,2.0,0.0,0.0,49561.0,49584.300000071526,1
151,316,315.0,313.0,346,347.0,347.0,49590.10000002384,49597.20000004768,49611.5,1.0,1.4142135623730951,2.0,0.1408450699495763,0.0988960536425752,0.2898550684575748,0.172413794520919,0.1408450699495763,0.139860140326507,0.0,0.1408450699495763,0.0,0.019837333729101,0.0069158079700941,0.0420079803552727,3.141592653589793,2.356194490192345,3.141592653589793,0.0,0.1106194592619823,0.054922948672474,0.001705031533328,0.0018199331993825,0.0024539980770765,152.0,314.6666666666667,346.6666666666667,49599.60000002384,1.4714045207910316,0.17653206401657542,0.15103966826566745,0.15103966826566745,0.022920374018155932,2.8797932657906435,0.05518080264481876,0.0019929876032623336,313.0,316.0,346.0,347.0,0.0,0.1408450699495763,0.139860140326507,0.172413794520919,0.0988960536425752,0.2898550684575748,0.0069158079700941,0.0420079803552727,2.356194490192345,3.141592653589793,0.001705031533328,0.0024539980770765,1.0,2.0,0.0,0.1106194592619823,49590.10000002384,49611.5,1
152,312,311.0,310.0,347,348.0,348.0,49618.40000009537,49625.60000002384,49632.60000002384,1.0,1.4142135623730951,1.0,0.138888890268626,0.2020305089104421,0.1369863000276679,0.1449275342287874,0.138888890268626,0.1428571428571428,0.0,0.138888890268626,0.0,0.0192901238400504,0.0288615012729203,0.0187652463952702,3.141592653589793,2.356194490192345,3.141592653589793,0.0,0.1090830793332886,0.1121997376282069,0.0032924429277145,0.0013293579899934,0.0014423221253785,153.0,311.0,347.6666666666667,49625.53333338102,1.1380711874576983,0.15930189973557865,0.14222452245151873,0.14222452245151873,0.0223056238360803,2.8797932657906435,0.07376093898716517,0.002021374347695467,310.0,312.0,347.0,348.0,0.0,0.138888890268626,0.138888890268626,0.1449275342287874,0.1369863000276679,0.2020305089104421,0.0187652463952702,0.0288615012729203,2.356194490192345,3.141592653589793,0.0013293579899934,0.0032924429277145,1.0,1.4142135623730951,0.0,0.1121997376282069,49618.40000009537,49632.60000002384,1
153,308,307.0,306.0,349,349.0,349.0,49639.90000009537,49654.300000071526,49661.40000009537,2.23606797749979,1.0,1.0,0.1552824986945842,0.1408450699495763,0.0662251659811737,0.2739726000553359,0.0694444445594225,0.1408450699495763,0.1369863000276679,0.0,0.0,0.0107835068716446,0.019837333729101,0.004385772609234,2.677945044588987,3.141592653589793,3.141592653589793,0.0635133704736953,0.0321977506783653,0.0,0.001093388965126,0.0006287379772532,0.0021762762067578,154.0,307.0,349.0,49651.86666675409,1.4120226591665965,0.12078424487511137,0.16142070485477825,0.16142070485477825,0.011668871069993201,2.9870434505895247,0.03190370705068687,0.001299467716379,306.0,308.0,349.0,349.0,0.0,0.1369863000276679,0.0694444445594225,0.2739726000553359,0.0662251659811737,0.1552824986945842,0.004385772609234,0.019837333729101,2.677945044588987,3.141592653589793,0.0006287379772532,0.0021762762067578,1.0,2.23606797749979,0.0,0.0635133704736953,49639.90000009537,49661.40000009537,1
154,305,304.0,303.0,349,349.0,349.0,49676.5,49683.800000071526,49712.10000002384,1.0,1.0,1.0,0.1369863000276679,0.0353356891054748,0.0671140940671224,0.0662251659811737,0.1369863000276679,0.0353356891054748,0.0,0.0,0.0,0.0187652463952702,0.0012486109245587,0.0045043016224505,3.141592653589793,3.141592653589793,3.141592653589793,0.0,0.0,0.0,0.0009522830382021,0.0023995390820661,0.0001150420743242,155.0,304.0,349.0,49690.80000003179,1.0,0.0798120277334217,0.0795157183714388,0.0795157183714388,0.008172719647426467,3.141592653589793,0.0,0.0011556213981974667,303.0,305.0,349.0,349.0,0.0,0.0,0.0353356891054748,0.1369863000276679,0.0353356891054748,0.1369863000276679,0.0012486109245587,0.0187652463952702,3.141592653589793,3.141592653589793,0.0001150420743242,0.0023995390820661,1.0,1.0,0.0,0.0,49676.5,49712.10000002384,1
155,302,302.0,301.0,349,348.0,348.0,49727.0,49756.70000004768,49762.300000071526,1.0,1.0,1.0,0.033670033615976,0.1785714278111652,0.0649350650355956,0.0671140940671224,0.0,0.1785714278111652,0.0,0.033670033615976,0.0,0.0011336711637009,0.0318877548305182,0.004216562671177,3.141592653589793,1.5707963267948966,3.141592653589793,0.0,0.0528887651270358,0.2804993428762984,0.000226216809674,0.0010354910308902,0.0049412842931306,156.0,301.6666666666667,348.3333333333333,49748.666666706406,1.0,0.09239217548757894,0.0818951739594292,0.0818951739594292,0.012412662888465369,2.6179938779914944,0.11112936933444473,0.002067664044564933,301.0,302.0,348.0,349.0,0.0,0.033670033615976,0.0,0.1785714278111652,0.033670033615976,0.1785714278111652,0.0011336711637009,0.0318877548305182,1.5707963267948966,3.141592653589793,0.000226216809674,0.0049412842931306,1.0,1.0,0.0,0.2804993428762984,49727.0,49762.300000071526,1
156,301,300.0,300.0,347,347.0,346.0,49777.70000004768,49784.90000009537,49799.800000071526,1.0,1.0,1.0,0.1388888879690641,0.0671140940671224,0.0285714285714285,0.0,0.1388888879690641,0.0,0.0649350650355956,0.0,0.0671140940671224,0.0192901232012832,0.0045043016224505,0.0008163265306122,1.5707963267948966,3.141592653589793,1.5707963267948966,0.1019997616381013,0.2181661550544338,0.1054225724368031,0.0009788026333404,0.002053586316793,0.0002475151072308,157.0,300.3333333333333,346.6666666666667,49787.46666673819,1.0,0.07819147020253833,0.046296295989688034,0.06866766067872883,0.008203583784781967,2.0943951023931953,0.1418628297097794,0.0010933013524547332,300.0,301.0,346.0,347.0,0.0,0.0671140940671224,0.0,0.1388888879690641,0.0285714285714285,0.1388888879690641,0.0008163265306122,0.0192901232012832,1.5707963267948966,3.141592653589793,0.0002475151072308,0.002053586316793,1.0,1.0,0.1019997616381013,0.2181661550544338,49777.70000004768,49799.800000071526,1
157,299,298.0,296.0,346,346.0,346.0,49834.800000071526,49842.0,49858.70000004768,1.0,1.0,2.0,0.138888890268626,0.0598802393499812,0.0738007379424521,0.0285714285714285,0.138888890268626,0.1197604786999625,0.0,0.0,0.0,0.0192901238400504,0.003585643064611,0.0027232744604252,3.141592653589793,3.141592653589793,3.141592653589793,0.0448798950512827,0.0,0.0,0.0005278227802696,0.0021811779071457,5.163883842655501e-05,158.0,297.6666666666667,346.0,49845.166666706406,1.3333333333333333,0.09085662252035309,0.09574026584667233,0.09574026584667233,0.0085330137883622,3.141592653589793,0.014959965017094234,0.0009202131752806183,296.0,299.0,346.0,346.0,0.0,0.0,0.0285714285714285,0.138888890268626,0.0598802393499812,0.138888890268626,0.0027232744604252,0.0192901238400504,3.141592653589793,3.141592653589793,5.163883842655501e-05,0.0021811779071457,1.0,2.0,0.0,0.0448798950512827,49834.800000071526,49858.70000004768,1
158,295,293.0,293.0,346,357.0,369.0,49885.800000071526,51024.70000004768,51030.20000004768,1.0,11.180339887498947,12.0,0.0237529691076884,2.0327890704543545,1.4457831408361823,0.036900368971226,0.002082682495157,0.0,0.0,0.0114547537233637,2.1818181818181817,0.0005642035414308,0.3695980128098826,0.1741907408605113,3.141592653589793,1.750649826587375,1.5707963267948966,0.0,0.0018230238744916,0.0327006363259051,7.967051354593917e-05,0.0003848776557619,0.0355285948998856,159.0,293.6666666666667,357.3333333333333,50646.90000005563,8.060113295832982,1.1674417267994084,0.012994350488794333,0.7402670777615216,0.1814509857372749,2.1543462689906883,0.011507886733465566,0.011997714356397814,293.0,295.0,346.0,369.0,0.0,2.1818181818181817,0.0,0.036900368971226,0.0237529691076884,2.0327890704543545,0.0005642035414308,0.3695980128098826,1.5707963267948966,3.141592653589793,7.967051354593917e-05,0.0355285948998856,1.0,12.0,0.0,0.0327006363259051,49885.800000071526,51030.20000004768,1
159,291,290.0,290.0,383,393.0,401.0,51038.5,51046.20000004768,51054.5,14.142135623730953,10.04987562112089,8.0,1.83664097872118,1.210828395043095,1.194029842248391,0.2409638568060303,0.1298701290658843,0.0,1.6867469976422127,1.2987012906588438,0.9638554272241214,0.2385248009542118,0.1458829399999199,0.1782134080224647,1.7126933813990606,1.6704649792860586,1.5707963267948966,0.0170960307734176,0.0054842080326616,0.0120082714534651,0.0077510916220844,0.0120314104390375,0.0038952371335282,160.0,290.3333333333333,392.3333333333333,51046.40000001589,10.730670414950614,1.4138330720042223,0.12361132862397155,0.444896471032012,0.18754038299219877,1.6513182291600053,0.011529503419848099,0.007892579731550033,290.0,291.0,383.0,401.0,0.9638554272241214,1.6867469976422127,0.0,0.2409638568060303,1.194029842248391,1.83664097872118,0.1458829399999199,0.2385248009542118,1.5707963267948966,1.7126933813990606,0.0038952371335282,0.0120314104390375,8.0,14.142135623730953,0.0054842080326616,0.0170960307734176,51038.5,51054.5,1
160,290,290.0,290.0,407,413.0,420.0,51061.20000004768,51070.5,51074.800000071526,6.0,6.0,7.0,0.6451612936305041,1.3953488139992734,0.7777777777777778,0.0,0.0,0.0,0.8955223816862933,0.6451612936305041,1.627906949665819,0.0693721824664975,0.3244997187881964,0.0864197530864197,1.5707963267948966,1.5707963267948966,1.5707963267948966,0.0,0.0,0.0,0.0162449589225891,0.0274330685623451,0.0553674329631603,161.0,290.0,413.3333333333333,51068.83333337307,6.333333333333333,0.9394292951358517,0.0,0.5426356498886064,0.16009721811370453,1.5707963267948966,0.0,0.03301515348269817,290.0,290.0,407.0,420.0,0.6451612936305041,1.627906949665819,0.0,0.0,0.6451612936305041,1.3953488139992734,0.0693721824664975,0.3244997187881964,1.5707963267948966,1.5707963267948966,0.0162449589225891,0.0553674329631603,6.0,7.0,0.0,0.0,51061.20000004768,51074.800000071526,1
161,290,290.0,290.0,425,432.0,437.0,51083.800000071526,51089.20000004768,51098.10000002384,5.0,7.0,5.0,0.925925930014036,0.7865168560395531,0.6849315001383399,0.0,0.0,0.0,0.5555555555555556,1.2962963020196503,0.5617977543139665,0.1714677655744715,0.0883726806906204,0.0938262319763513,1.5707963267948966,1.5707963267948966,1.5707963267948966,0.0,0.0,0.0,0.009449779165339,0.015387978750135,0.0006127585730719,162.0,290.0,431.3333333333333,51090.36666671435,5.666666666666667,0.7991247620639763,0.0,0.1872659181046555,0.11788889274714774,1.5707963267948966,0.0,0.008483505496181966,290.0,290.0,425.0,437.0,0.5555555555555556,1.2962963020196503,0.0,0.0,0.6849315001383399,0.925925930014036,0.0883726806906204,0.1714677655744715,1.5707963267948966,1.5707963267948966,0.0006127585730719,0.015387978750135,5.0,7.0,0.0,0.0,51083.800000071526,51098.10000002384,1
162,290,290.0,290.0,444,453.0,461.0,51105.40000009537,51112.5,51119.90000009537,7.0,9.0,8.0,0.9859155062005958,1.2162162005422412,1.4035087895415388,0.0,0.0,0.0,0.958904100193676,1.2676056508293374,1.0810810671486588,0.1388613407666824,0.1643535384957116,0.2462296152900444,1.5707963267948966,1.5707963267948966,1.5707963267948966,0.0,0.0,0.0,0.0061691929245309,0.0035904504325973,0.0110643345593453,163.0,290.0,452.6666666666667,51112.600000063576,8.0,1.2018801654281253,0.0,0.3603603557162196,0.18314816485081278,1.5707963267948966,0.0,0.006941325972157834,290.0,290.0,444.0,461.0,0.958904100193676,1.2676056508293374,0.0,0.0,0.9859155062005958,1.4035087895415388,0.1388613407666824,0.2462296152900444,1.5707963267948966,1.5707963267948966,0.0035904504325973,0.0110643345593453,7.0,9.0,0.0,0.0,51105.40000009537,51119.90000009537,1
163,288,288.0,288.0,471,487.0,493.0,51125.60000002384,51139.800000071526,51145.5,10.198039027185567,16.0,6.0,0.7181717600662303,2.8070175790830776,0.8571428571428571,0.3508771973853847,0.0,0.0,1.7543859869269236,1.1267605595966106,1.0526315921561542,0.0505754758911692,0.4924592305800889,0.1224489795918367,1.7681918866447774,1.5707963267948966,1.5707963267948966,0.0346308004082225,0.0139010957173961,0.0,0.0343252880445633,0.0311185741693711,0.0649140799353103,164.0,288.0,483.6666666666667,51136.966666698456,10.732679675728521,1.4607773987640549,0.11695906579512823,0.4678362631805129,0.22182789535436495,1.6365948467448568,0.016177298708539536,0.04345264738308157,288.0,288.0,471.0,493.0,1.0526315921561542,1.7543859869269236,0.0,0.3508771973853847,0.7181717600662303,2.8070175790830776,0.0505754758911692,0.4924592305800889,1.5707963267948966,1.7681918866447774,0.0311185741693711,0.0649140799353103,6.0,16.0,0.0,0.0346308004082225,51125.60000002384,51145.5,1
164,288,288.0,288.0,497,503.0,509.0,51152.5,51161.20000004768,51167.10000002384,4.0,6.0,6.0,0.4597701124225807,1.0169491566518571,0.7317073128182289,0.0,0.0,0.0,0.5714285714285714,0.6896551686338711,1.0169491566518571,0.0528471390692681,0.1723642645358205,0.0892325986052789,1.5707963267948966,1.5707963267948966,1.5707963267948966,0.0,0.0,0.0,0.0099431200746526,0.0137376005530451,0.0140901129265213,165.0,288.0,503.0,51160.266666690506,5.333333333333333,0.7361421939642222,0.0,0.3389830522172857,0.10481466740345584,1.5707963267948966,0.0,0.012590277851406333,288.0,288.0,497.0,509.0,0.5714285714285714,1.0169491566518571,0.0,0.0,0.4597701124225807,1.0169491566518571,0.0528471390692681,0.1723642645358205,1.5707963267948966,1.5707963267948966,0.0099431200746526,0.0140901129265213,4.0,6.0,0.0,0.0,51152.5,51167.10000002384,1
165,288,288.0,288.0,515,522.0,528.0,51175.300000071526,51181.90000009537,51188.10000002384,6.0,7.0,6.0,0.9090909058069068,1.1290322710894647,0.8,0.0,0.0,0.0,0.7317073128182289,1.0606060567747244,0.9677419466481124,0.1377410458368036,0.1821019813087763,0.1066666666666666,1.5707963267948966,1.5707963267948966,1.5707963267948966,0.0,0.0,0.0,0.0059156642621273,0.0067213538351095,0.0121669863729613,166.0,288.0,521.6666666666666,51181.76666673025,6.333333333333333,0.9460410589654572,0.0,0.32258064888270416,0.1421698979374155,1.5707963267948966,0.0,0.008268001490066033,288.0,288.0,515.0,528.0,0.7317073128182289,1.0606060567747244,0.0,0.0,0.8,1.1290322710894647,0.1066666666666666,0.1821019813087763,1.5707963267948966,1.5707963267948966,0.0059156642621273,0.0121669863729613,6.0,7.0,0.0,0.0,51175.300000071526,51188.10000002384,1
166,288,289.0,289.0,534,540.0,544.0,51195.60000002384,51204.10000002384,51210.90000009537,6.0,6.082762530298219,4.0,0.7058823529411765,0.8945238921054243,0.5555555610745042,0.0,0.1176470588235294,0.0,0.8,0.7058823529411765,0.5882352879303138,0.0830449826989619,0.1315476298082948,0.0771604953602018,1.5707963267948966,1.40564764938027,1.5707963267948966,0.0,0.0194292561664266,0.0242865699525758,0.0031495578623606,0.0057061937775685,0.0079981079229446,167.0,288.6666666666667,539.3333333333334,51203.53333338102,5.36092084343274,0.7186539353737017,0.039215686274509796,0.2352941155846144,0.0972510359558195,1.5157467676566878,0.014571942039667468,0.005617953187624566,288.0,289.0,534.0,544.0,0.5882352879303138,0.8,0.0,0.1176470588235294,0.5555555610745042,0.8945238921054243,0.0771604953602018,0.1315476298082948,1.40564764938027,1.5707963267948966,0.0031495578623606,0.0079981079229446,4.0,6.082762530298219,0.0,0.0242865699525758,51195.60000002384,51210.90000009537,1
167,289,289.0,290.0,548,553.0,559.0,51218.10000002384,51226.10000002384,51233.70000004768,4.0,5.0,6.082762530298219,0.5,0.6578947347782326,0.92163068307952,0.0,0.0,0.1315789469556465,0.5555555610745042,0.625,0.789473681733879,0.0625,0.0865650964097841,0.1396410120833664,1.5707963267948966,1.5707963267948966,1.40564764938027,0.0,0.0,0.0217300890653343,0.0020361799313667,0.003008137051223,0.0069836730930366,168.0,289.3333333333333,553.3333333333334,51225.966666698456,5.027587510099406,0.6931751392859176,0.0438596489852155,0.3070175428965085,0.09623536949771683,1.5157467676566878,0.0072433630217781,0.004009330025208767,289.0,290.0,548.0,559.0,0.5555555610745042,0.789473681733879,0.0,0.1315789469556465,0.5,0.92163068307952,0.0625,0.1396410120833664,1.40564764938027,1.5707963267948966,0.0020361799313667,0.0069836730930366,4.0,6.082762530298219,0.0,0.0217300890653343,51218.10000002384,51233.70000004768,1
168,290,291.0,291.0,565,570.0,577.0,51240.300000071526,51248.40000009537,51254.10000002384,6.0,5.0990195135927845,7.0,0.7407407385604153,0.8945648381714119,0.875,0.0,0.1234567897600692,0.0,0.9090909058069068,0.6172839488003461,1.2280701908488465,0.0914494736271716,0.1569412016485476,0.109375,1.5707963267948966,1.373400766945016,1.5707963267948966,0.0250225267906126,0.0243698221319578,0.0346308004082225,0.0073017482245617,0.0080853984973586,0.0083449477623552,169.0,290.6666666666667,570.6666666666666,51247.600000063576,6.0330065045309285,0.8367685255772758,0.0411522632533564,0.4505089935363052,0.1192552250919064,1.5049978068449363,0.028007716443597633,0.007910698161425166,290.0,291.0,565.0,577.0,0.6172839488003461,1.2280701908488465,0.0,0.1234567897600692,0.7407407385604153,0.8945648381714119,0.0914494736271716,0.1569412016485476,1.373400766945016,1.5707963267948966,0.0073017482245617,0.0083449477623552,5.0990195135927845,7.0,0.0243698221319578,0.0346308004082225,51240.300000071526,51254.10000002384,1
169,292,292.0,292.0,582,587.0,589.0,51262.10000002384,51269.300000071526,51276.10000002384,5.0990195135927845,5.0,2.0,0.7081971499754601,0.73529412280317,0.2409638533451713,0.125,0.0,0.0,0.625,0.6944444398453207,0.294117649121268,0.0983607146229521,0.1081314894057766,0.0290317893094766,1.373400766945016,1.5707963267948966,1.5707963267948966,0.024674444981235,0.0274160497975807,0.0,0.0013767856721309,0.0013570520441826,0.0116323089192605,170.0,292.0,586.0,51269.166666706406,4.0330065045309285,0.5614850420412671,0.041666666666666664,0.13970588304042267,0.07850799777940176,1.5049978068449363,0.017363498259605235,0.004788715545191333,292.0,292.0,582.0,589.0,0.294117649121268,0.6944444398453207,0.0,0.125,0.2409638533451713,0.73529412280317,0.0290317893094766,0.1081314894057766,1.373400766945016,1.5707963267948966,0.0013570520441826,0.0116323089192605,2.0,5.0990195135927845,0.0,0.0274160497975807,51262.10000002384,51276.10000002384,1
170,292,292.0,292.0,593,595.0,597.0,51284.40000009537,51293.60000002384,51298.40000009537,4.0,2.0,2.0,0.4347826120758778,0.4166666604578496,0.1941747581804829,0.0,0.0,0.0,0.4819277066903427,0.2173913060379389,0.4166666604578496,0.0472589799408808,0.0868055529685484,0.0188519183572245,1.5707963267948966,1.5707963267948966,1.5707963267948966,0.0,0.0,0.0,0.0021960470451,0.0042985405799047,0.0141570069997366,171.0,292.0,595.0,51292.13333340486,2.6666666666666665,0.3485413435714035,0.0,0.1388888868192832,0.0509721504222179,1.5707963267948966,0.0,0.006883864874913767,292.0,292.0,593.0,597.0,0.2173913060379389,0.4819277066903427,0.0,0.0,0.1941747581804829,0.4347826120758778,0.0188519183572245,0.0868055529685484,1.5707963267948966,1.5707963267948966,0.0021960470451,0.0141570069997366,2.0,4.0,0.0,0.0,51284.40000009537,51298.40000009537,1
171,292,292.0,292.0,599,601.0,605.0,51308.70000004768,51313.800000071526,51328.0,2.0,2.0,4.0,0.392156860911814,0.1408450711319735,0.5405405335743294,0.0,0.0,0.0,0.1941747581804829,0.392156860911814,0.2816901422639471,0.0768935017801039,0.0099186670310853,0.0730460171092051,1.5707963267948966,1.5707963267948966,1.5707963267948966,0.0,0.0,0.0,0.0056351052127749,0.0131323204776313,0.0044455880560628,172.0,292.0,601.6666666666666,51316.83333337307,2.6666666666666665,0.3578474885393723,0.0,0.09389671408798238,0.05328606197346477,1.5707963267948966,0.0,0.007737671248823001,292.0,292.0,599.0,605.0,0.1941747581804829,0.392156860911814,0.0,0.0,0.1408450711319735,0.5405405335743294,0.0099186670310853,0.0768935017801039,1.5707963267948966,1.5707963267948966,0.0044455880560628,0.0131323204776313,2.0,4.0,0.0,0.0,51308.70000004768,51328.0,1
172,292,292.0,292.0,606,607.0,608.0,51335.40000009537,51349.60000002384,51363.0,1.0,1.0,1.0,0.0704225355659867,0.0746268658044211,0.0485436892642052,0.0,0.0,0.0,0.1351351333935823,0.0704225355659867,0.0746268658044211,0.0049593335155426,0.005569169099791,0.0023564897673797,1.5707963267948966,1.5707963267948966,1.5707963267948966,0.0,0.0,0.0,0.0092009030697562,4.294616812113777e-05,0.0002397521894125,173.0,292.0,607.0,51349.33333337307,1.0,0.06453103021153767,0.0,0.024875621934807034,0.004294997460904433,1.5707963267948966,0.0,0.0031612004757632793,292.0,292.0,606.0,608.0,0.0704225355659867,0.1351351333935823,0.0,0.0,0.0485436892642052,0.0746268658044211,0.0023564897673797,0.005569169099791,1.5707963267948966,1.5707963267948966,4.294616812113777e-05,0.0092009030697562,1.0,1.0,0.0,0.0,51335.40000009537,51363.0,1
173,292,292.0,292.0,609,612.0,616.0,51383.60000002384,51390.800000071526,51398.5,1.0,3.0,4.0,0.1388888879690641,0.3896103932294944,0.5,0.0,0.0,0.0,0.0485436892642052,0.4166666639071923,0.5194805243059926,0.0192901232012832,0.0505987528374804,0.0625,1.5707963267948966,1.5707963267948966,1.5707963267948966,0.0,0.0,0.0,0.0008220210395293,0.0043484207540067,0.0015456165289702,174.0,292.0,612.3333333333334,51390.966666698456,2.6666666666666665,0.3428330937328528,0.0,0.1731601747686642,0.04412962534625453,1.5707963267948966,0.0,0.002238686107502067,292.0,292.0,609.0,616.0,0.0485436892642052,0.5194805243059926,0.0,0.0,0.1388888879690641,0.5,0.0192901232012832,0.0625,1.5707963267948966,1.5707963267948966,0.0008220210395293,0.0043484207540067,1.0,4.0,0.0,0.0,51383.60000002384,51398.5,1
174,292,292.0,292.0,622,628.0,634.0,51406.5,51413.10000002384,51420.5,6.0,6.0,6.0,0.9090909058069068,0.81081081342314,0.8571428571428571,0.0,0.0,0.0,0.75,0.9090909058069068,0.81081081342314,0.1377410458368036,0.1095690291939823,0.1224489795918367,1.5707963267948966,1.5707963267948966,1.5707963267948966,0.0,0.0,0.0,0.0094051307296004,0.0042684873547049,0.0017405338431556,175.0,292.0,628.0,51413.366666674614,6.0,0.859014858790968,0.0,0.2702702711410467,0.12325301820754087,1.5707963267948966,0.0,0.005138050642486967,292.0,292.0,622.0,634.0,0.75,0.9090909058069068,0.0,0.0,0.81081081342314,0.9090909058069068,0.1095690291939823,0.1377410458368036,1.5707963267948966,1.5707963267948966,0.0017405338431556,0.0094051307296004,6.0,6.0,0.0,0.0,51406.5,51420.5,1
175,292,292.0,292.0,640,643.0,645.0,51427.5,51434.70000004768,51442.300000071526,6.0,3.0,2.0,0.8333333278143847,0.3947368408669395,0.2898550734653164,0.0,0.0,0.0,0.8571428571428571,0.4166666639071923,0.263157893911293,0.1157407392076994,0.0519390578458705,0.042007981806792,1.5707963267948966,1.5707963267948966,1.5707963267948966,0.0,0.0,0.0,0.0009583200548767,0.0088613445749009,0.0013067205273584,176.0,292.0,642.6666666666666,51434.83333337307,3.6666666666666665,0.5059750807155469,0.0,0.087719297970431,0.0698959262867873,1.5707963267948966,0.0,0.003708795052378667,292.0,292.0,640.0,645.0,0.263157893911293,0.8571428571428571,0.0,0.0,0.2898550734653164,0.8333333278143847,0.042007981806792,0.1157407392076994,1.5707963267948966,1.5707963267948966,0.0009583200548767,0.0088613445749009,2.0,6.0,0.0,0.0,51427.5,51442.300000071526,1
176,292,292.0,293.0,648,649.0,650.0,51449.20000004768,51456.60000002384,51462.90000009537,3.0,1.0,1.4142135623730951,0.40540540671157,0.1587301569280531,0.1860807342262022,0.0,0.0,0.1587301569280531,0.4347826101979746,0.1351351355705233,0.1587301569280531,0.0547845145969911,0.0251952627184043,0.0244843074422641,1.5707963267948966,1.5707963267948966,0.7853981633974483,0.0,0.0,0.1246663737270816,0.0018516714252676,0.0039985475640431,0.0001128500425505,177.0,292.3333333333333,649.0,51456.23333338896,1.804737854124365,0.2500720992886084,0.05291005230935103,0.10582010461870206,0.0348213615858865,1.3089969389957472,0.0415554579090272,0.0019876896772870667,292.0,293.0,648.0,650.0,0.1351351355705233,0.4347826101979746,0.0,0.1587301569280531,0.1587301569280531,0.40540540671157,0.0244843074422641,0.0547845145969911,0.7853981633974483,1.5707963267948966,0.0001128500425505,0.0039985475640431,1.0,3.0,0.0,0.1246663737270816,51449.20000004768,51462.90000009537,1
177,293,293.0,293.0,652,653.0,654.0,51470.5,51477.300000071526,51484.40000009537,2.0,1.0,1.0,0.2941176439651569,0.1408450699495763,0.1315789490195192,0.0,0.0,0.0,0.2631578980390385,0.1470588219825784,0.1408450699495763,0.0432525942458073,0.019837333729101,0.0173130198250812,1.5707963267948966,1.5707963267948966,1.5707963267948966,0.1033418649016969,0.0,0.0,0.0024695114525071,0.003443420628002,0.0003555371683863,178.0,293.0,653.0,51477.40000005563,1.3333333333333333,0.18884722097808412,0.0,0.04694835664985877,0.0268009825999965,1.5707963267948966,0.034447288300565634,0.0020894897496318,293.0,293.0,652.0,654.0,0.1408450699495763,0.2631578980390385,0.0,0.0,0.1315789490195192,0.2941176439651569,0.0173130198250812,0.0432525942458073,1.5707963267948966,1.5707963267948966,0.0003555371683863,0.003443420628002,1.0,2.0,0.0,0.1033418649016969,51470.5,51484.40000009537,1
178,293,294.0,294.0,657,659.0,661.0,51492.0,51499.0,51507.10000002384,3.0,2.23606797749979,2.0,0.4285714285714285,0.2760577741874148,0.2816901398991526,0.0,0.1428571428571428,0.0,0.3947368470585578,0.2857142857142857,0.2469135795201384,0.0612244897959183,0.0340812065894883,0.039674667458202,1.5707963267948966,1.1071487177940904,1.5707963267948966,0.0,0.0662353727144008,0.0572404453871713,0.0057778250686649,0.0038776118866328,0.0006905507224999,179.0,293.6666666666667,659.0,51499.366666674614,2.4120226591665967,0.3287731142193319,0.047619047619047596,0.1299235741257604,0.044993454614536195,1.416247123794628,0.04115860603385737,0.0034486625592658666,293.0,294.0,657.0,661.0,0.2469135795201384,0.3947368470585578,0.0,0.1428571428571428,0.2760577741874148,0.4285714285714285,0.0340812065894883,0.0612244897959183,1.1071487177940904,1.5707963267948966,0.0006905507224999,0.0057778250686649,2.0,3.0,0.0,0.0662353727144008,51492.0,51507.10000002384,1
179,295,295.0,295.0,665,668.0,670.0,51514.20000004768,51522.0,51528.800000071526,4.123105625617661,3.0,2.0,0.5286032885671064,0.4411764659477353,0.253164557726065,0.1408450699495763,0.0,0.0,0.5633802797983053,0.3846153869666526,0.2941176439651569,0.0677696527946942,0.064878891368711,0.032046146644317,1.3258176636680326,1.5707963267948966,1.5707963267948966,0.0345040369442568,0.031407521105704,0.0,0.0039570401749505,0.0003706104414942,0.0048283447616241,180.0,295.0,667.6666666666666,51521.666666706406,3.0410352085392205,0.4076481040803022,0.04694835664985877,0.14498757130491105,0.05489823026924073,1.4891367724192752,0.021970519349986933,0.0030519984593562663,295.0,295.0,665.0,670.0,0.2941176439651569,0.5633802797983053,0.0,0.1408450699495763,0.253164557726065,0.5286032885671064,0.032046146644317,0.0677696527946942,1.3258176636680326,1.5707963267948966,0.0003706104414942,0.0048283447616241,2.0,4.123105625617661,0.0,0.0345040369442568,51514.20000004768,51528.800000071526,1
180,295,295.0,295.0,672,674.0,675.0,51536.70000004768,51544.0,51549.90000009537,2.0,2.0,1.0,0.2739726045293194,0.3389830453681453,0.1408450723143708,0.0,0.0,0.0,0.253164557726065,0.2739726045293194,0.1694915226840726,0.0375304940162894,0.057454752523531,0.0198373343952403,1.5707963267948966,1.5707963267948966,1.5707963267948966,0.0,0.0,0.0,0.0006942211884207,0.0027293504982722,0.0063758334780074,181.0,295.0,673.6666666666666,51543.53333338102,1.6666666666666667,0.25126690740394514,0.0,0.0564971742280242,0.03827419364502024,1.5707963267948966,0.0,0.0032664683882334335,295.0,295.0,672.0,675.0,0.1694915226840726,0.2739726045293194,0.0,0.0,0.1408450723143708,0.3389830453681453,0.0198373343952403,0.057454752523531,1.5707963267948966,1.5707963267948966,0.0006942211884207,0.0063758334780074,1.0,2.0,0.0,0.0,51536.70000004768,51549.90000009537,1
181,295,295.0,295.0,676,677.0,678.0,51557.0,51564.40000009537,51586.20000004768,1.0,1.0,1.0,0.1351351333935823,0.0458715597333636,0.1538461538461538,0.0,0.0,0.0,0.1408450723143708,0.1351351333935823,0.0458715597333636,0.0182615042773012,0.0021041999923715,0.0236686390532544,1.5707963267948966,1.5707963267948966,1.5707963267948966,0.0,0.0,0.0,0.0002219479069162,0.0021834194698246,0.0009891944544977,182.0,295.0,677.0,51569.200000047684,1.0,0.1116176156576999,0.0,0.0152905199111212,0.0146781144409757,1.5707963267948966,0.0,0.0011315206104128334,295.0,295.0,676.0,678.0,0.0458715597333636,0.1408450723143708,0.0,0.0,0.0458715597333636,0.1538461538461538,0.0021041999923715,0.0236686390532544,1.5707963267948966,1.5707963267948966,0.0002219479069162,0.0021834194698246,1.0,1.0,0.0,0.0,51557.0,51586.20000004768,1
182,295,295.0,295.0,679,680.0,681.0,51592.70000004768,51616.40000009537,51630.300000071526,1.0,1.0,1.0,0.0421940927421109,0.0719424461665641,0.0200400801698956,0.0,0.0,0.0,0.1538461538461538,0.0421940927421109,0.0719424461665641,0.0017803414623298,0.0051757155604289,0.0004016048132158,1.5707963267948966,1.5707963267948966,1.5707963267948966,0.0,0.0,0.0,0.0033674303986037,0.0001432647295893,0.0003434612054245,183.0,295.0,680.0,51613.13333340486,1.0,0.044725539692856864,0.0,0.0239808153888547,0.0024525539453248333,1.5707963267948966,0.0,0.0012847187778725002,295.0,295.0,679.0,681.0,0.0421940927421109,0.1538461538461538,0.0,0.0,0.0200400801698956,0.0719424461665641,0.0004016048132158,0.0051757155604289,1.5707963267948966,1.5707963267948966,0.0001432647295893,0.0033674303986037,1.0,1.0,0.0,0.0,51592.70000004768,51630.300000071526,1
183,295,295.0,295.0,682,683.0,684.0,51680.20000004768,51686.40000009537,51701.20000004768,1.0,1.0,1.0,0.1612903213401739,0.0675675677852616,0.0671140940671224,0.0,0.0,0.0,0.0200400801698956,0.1612903213401739,0.0675675677852616,0.0260145677580165,0.0045653762164159,0.0045043016224505,1.5707963267948966,1.5707963267948966,1.5707963267948966,0.0,0.0,0.0,0.0005132858308023,0.0034595469962317,4.126661767712375e-06,184.0,295.0,683.0,51689.26666673025,1.0,0.09865732773085263,0.0,0.0225225225950872,0.011694748532294302,1.5707963267948966,0.0,0.0013256531629339044,295.0,295.0,682.0,684.0,0.0200400801698956,0.1612903213401739,0.0,0.0,0.0671140940671224,0.1612903213401739,0.0045043016224505,0.0260145677580165,1.5707963267948966,1.5707963267948966,4.126661767712375e-06,0.0034595469962317,1.0,1.0,0.0,0.0,51680.20000004768,51701.20000004768,1
184,295,295.0,295.0,685,686.0,687.0,51716.10000002384,51745.10000002384,51759.40000009537,1.0,1.0,1.0,0.0344827586206896,0.0699300695802945,0.0087032201932767,0.0,0.0,0.0,0.0671140940671224,0.0344827586206896,0.0699300695802945,0.0011890606420927,0.0048902146315048,7.574604173266054e-05,1.5707963267948966,1.5707963267948966,1.5707963267948966,0.0,0.0,0.0,0.0002224993950109,0.0001276259996348,0.0003366761234749,185.0,295.0,686.0,51740.200000047684,1.0,0.0377053494647536,0.0,0.023310023193431503,0.00205167377177672,1.5707963267948966,0.0,0.0002289338393735333,295.0,295.0,685.0,687.0,0.0344827586206896,0.0699300695802945,0.0,0.0,0.0087032201932767,0.0699300695802945,7.574604173266054e-05,0.0048902146315048,1.5707963267948966,1.5707963267948966,0.0001276259996348,0.0003366761234749,1.0,1.0,0.0,0.0,51716.10000002384,51759.40000009537,1
185,367,415.0,447.0,670,661.0,654.0,52932.800000071526,52941.20000004768,52949.300000071526,73.97972695272672,48.83646178829912,32.7566787083184,8.807110376512451,6.029192795623699,4.146415038883118,0.0780741704579019,5.714285730504665,3.9506172723222153,0.0184341791358935,1.0714285744696248,0.8641975283204846,1.048465523989264,0.744344787392239,0.5248626647337746,0.2318646608493887,0.1853479499956947,0.215357699697738,0.0002514255701988,0.0055377036887765,0.0037049073597174,0.0011369177227662,0.0362048496976447,0.0270965582731397,186.0,409.6666666666667,661.6666666666666,52941.100000063576,51.857622483114746,6.327572737006423,3.247659057761594,3.535724900535089,0.7725576587050925,0.21085677018094048,0.003164678872897567,0.021479441897850202,367.0,447.0,654.0,670.0,0.0184341791358935,1.0714285744696248,0.0780741704579019,5.714285730504665,4.146415038883118,8.807110376512451,0.5248626647337746,1.048465523989264,0.1853479499956947,0.2318646608493887,0.0011369177227662,0.0362048496976447,32.7566787083184,73.97972695272672,0.0002514255701988,0.0055377036887765,52932.800000071526,52949.300000071526,1
186,478,512.0,539.0,651,649.0,648.0,52957.20000004768,52964.0,52971.300000071526,31.144823004794876,34.058772731852805,27.018512172212592,4.580121062234127,4.665585260019745,3.8597874531732272,3.9240506447540073,5.000000035061556,3.698630100747036,0.3797468365890974,0.294117649121268,0.1369863000276679,0.6735472197575532,0.6391212622337302,0.5513982075961753,0.0964737751825869,0.0587558227157226,0.03702011587393,0.0150485980853085,0.0055467577546109,0.0029774940587432,0.0188208298066458,0.0050626408478277,0.0120168566819236,187.0,509.6666666666667,649.3333333333334,52964.166666706406,30.74070263628676,4.368497925142367,4.207560260187534,4.253222360196756,0.6213555631958195,0.06408323792407984,0.007857616632887534,0.011966775778799033,478.0,539.0,648.0,651.0,0.1369863000276679,0.3797468365890974,3.698630100747036,5.000000035061556,3.8597874531732272,4.665585260019745,0.5513982075961753,0.6735472197575532,0.03702011587393,0.0964737751825869,0.0050626408478277,0.0188208298066458,27.018512172212592,34.058772731852805,0.0029774940587432,0.0150485980853085,52957.20000004768,52971.300000071526,1
187,564,591.0,619.0,648,648.0,649.0,52978.300000071526,52987.300000071526,52993.40000009537,25.0,27.0,28.0178514522438,2.7777777777777777,4.426229490896797,3.78619615439375,3.571428571428572,3.0,4.590163916485568,0.0,0.0,0.1639344255887702,0.3086419753086419,0.7256113891142416,0.5116481306205936,0.0,0.0,0.0356991126793239,0.00528858798199,0.0,0.0058523135311137,0.0346794617553619,0.0463299348672888,0.0350759438782577,188.0,591.3333333333334,648.3333333333334,52986.333333412804,26.672617150747936,3.6634011410227747,3.7205308293047135,3.7751756378343035,0.5153004983478257,0.0118997042264413,0.0037136338377012335,0.038695113500302795,564.0,619.0,648.0,649.0,0.0,0.1639344255887702,3.0,4.590163916485568,2.7777777777777777,4.426229490896797,0.3086419753086419,0.7256113891142416,0.0,0.0356991126793239,0.0346794617553619,0.0463299348672888,25.0,28.0178514522438,0.0,0.0058523135311137,52978.300000071526,52993.40000009537,1
188,647,674.0,705.0,649,651.0,653.0,53000.800000071526,53007.20000004768,53013.60000002384,28.0,27.073972741361768,31.064449134018133,4.375000016298145,4.230308256596903,3.883056141752266,3.783783795974653,4.2187500157160684,4.843750018044375,0.0,0.3125000011641532,0.3125000011641532,0.6835937550931703,0.6609856675556296,0.4853820177190333,0.0,0.0739390376579403,0.0644268394255535,0.0048242044316678,0.0115529746770913,0.0014862809793472,0.0232358952738599,0.0035325136909003,0.0274380703891829,189.0,675.3333333333334,651.0,53007.200000047684,28.7128072917933,4.162788138215771,4.282094609911699,4.386261276966416,0.6099871467892778,0.04612195902783126,0.0059544866960354334,0.018068826451314367,647.0,705.0,649.0,653.0,0.0,0.3125000011641532,3.783783795974653,4.843750018044375,3.883056141752266,4.375000016298145,0.4853820177190333,0.6835937550931703,0.0,0.0739390376579403,0.0035325136909003,0.0274380703891829,27.073972741361768,31.064449134018133,0.0014862809793472,0.0115529746770913,53000.800000071526,53013.60000002384,1
189,732,763.0,793.0,654,656.0,656.0,53021.60000002384,53027.5,53035.10000002384,27.018512172212592,31.064449134018133,30.0,4.579408861253255,4.087427504811351,3.658536564091144,3.375,5.254237309367928,3.947368408669395,0.125,0.3389830522172857,0.0,0.7761709965692566,0.5378194068406232,0.4461629930263945,0.03702011587393,0.0644268394255535,0.0,0.0034258404439529,0.0046452074004023,0.0084772156872948,0.0363486223562779,0.0403985746935271,0.0120600544114071,190.0,762.6666666666666,655.3333333333334,53028.066666682564,29.36098710207691,4.1084576433852495,4.192201906012442,4.192201906012442,0.5867177988120914,0.0338156517664945,0.005516087843883334,0.029602417153737372,732.0,793.0,654.0,656.0,0.0,0.3389830522172857,3.375,5.254237309367928,3.658536564091144,4.579408861253255,0.4461629930263945,0.7761709965692566,0.0,0.0644268394255535,0.0120600544114071,0.0403985746935271,27.018512172212592,31.064449134018133,0.0034258404439529,0.0084772156872948,53021.60000002384,53035.10000002384,1
190,821,852.0,879.0,657,659.0,661.0,53043.300000071526,53050.40000009537,53057.10000002384,28.0178514522438,31.064449134018133,27.073972741361768,3.9461762476281166,4.636484994872445,4.297455941902185,3.414634126485068,4.366197168436866,4.029850789289163,0.1219512188030381,0.2816901398991526,0.2985074658732713,0.5557994696305387,0.6920126931894105,0.682135856049528,0.0356991126793239,0.0644268394255535,0.0739390376579403,0.0043535503014305,0.004046158683065,0.0014197310946169,0.0133703019471461,0.0191849610002065,0.0014741548127346,191.0,850.6666666666666,659.0,53050.26666673025,28.71875777587457,4.293372394800915,3.9368940280703657,4.036396516694789,0.6433160062898257,0.05802166325427257,0.0032731466930374666,0.0113431392533624,821.0,879.0,657.0,661.0,0.1219512188030381,0.2985074658732713,3.414634126485068,4.366197168436866,3.9461762476281166,4.636484994872445,0.5557994696305387,0.6920126931894105,0.0356991126793239,0.0739390376579403,0.0014741548127346,0.0191849610002065,27.073972741361768,31.064449134018133,0.0014197310946169,0.0043535503014305,53043.300000071526,53057.10000002384,1
191,905,925.0,943.0,664,666.0,668.0,53063.40000009537,53070.0,53077.60000002384,26.1725046566048,20.09975124224178,18.110770276274835,3.9655310658768657,2.644704102524621,2.921091957578438,4.126984080129381,3.0303030740897303,2.368421045201637,0.4761904707841592,0.3030303074089731,0.263157893911293,0.6008380489662496,0.3479873808194678,0.4711438605020239,0.1148766054168991,0.099668652491162,0.1106572211738956,0.0064980265546323,0.0023042353250736,0.0014458642958238,0.0129044136762353,0.0383107078485417,0.0162047999073952,192.0,924.3333333333334,666.0,53070.33333337307,21.46100872504047,3.177109041993308,3.1752360664735826,3.262955364444014,0.4733230967625804,0.10840082636065224,0.0034160420585099,0.022473307144057403,905.0,943.0,664.0,668.0,0.263157893911293,0.4761904707841592,2.368421045201637,4.126984080129381,2.644704102524621,3.9655310658768657,0.3479873808194678,0.6008380489662496,0.099668652491162,0.1148766054168991,0.0129044136762353,0.0383107078485417,18.110770276274835,26.1725046566048,0.0014458642958238,0.0064980265546323,53063.40000009537,53077.60000002384,1
192,957,972.0,988.0,669,670.0,670.0,53083.800000071526,53091.5,53098.40000009537,14.0356688476182,15.033296378372908,16.0,1.822814152986497,2.1787385754481456,2.222222244298017,2.2580644987624345,1.948051966147472,2.318840547660599,0.1612903213401739,0.1298701310764981,0.0,0.2367291129764522,0.3157592094688407,0.3086419814408072,0.0713074647852903,0.0665681637758238,0.0,0.0063467348525757,0.0006154936433103,0.0096475598341682,0.0378088299552751,0.0102636489904547,0.0010314823086469,193.0,972.3333333333334,669.6666666666666,53091.23333338896,15.022988408663702,2.074591657577553,2.174985670856835,2.174985670856835,0.2870434346287,0.0459585428537047,0.005536596110018066,0.016367987084792233,957.0,988.0,669.0,670.0,0.0,0.1612903213401739,1.948051966147472,2.318840547660599,1.822814152986497,2.222222244298017,0.2367291129764522,0.3157592094688407,0.0,0.0713074647852903,0.0010314823086469,0.0378088299552751,14.0356688476182,16.0,0.0006154936433103,0.0096475598341682,53083.800000071526,53098.40000009537,1
193,1003,1016.0,1031.0,670,670.0,673.0,53105.60000002384,53113.70000004768,53121.60000002384,15.0,13.0,15.297058540778355,1.8518518464010385,1.6455696252194223,2.3177361341695786,2.083333354029391,1.6049382668809,1.8987341829454876,0.0,0.0,0.3797468365890974,0.228623684067929,0.2082999531880608,0.35117214027227,0.0,0.0,0.1973955598498807,0.0,0.0,0.024986779803242,0.0111136525233039,0.0025091025703761,0.0180850870272647,194.0,1016.6666666666666,671.0,53113.63333336512,14.432352846926117,1.93838586859668,1.862335267951926,1.9889175468149585,0.2626985925094199,0.06579851994996024,0.008328926601080667,0.010569280706981566,1003.0,1031.0,670.0,673.0,0.0,0.3797468365890974,1.6049382668809,2.083333354029391,1.6455696252194223,2.3177361341695786,0.2082999531880608,0.35117214027227,0.0,0.1973955598498807,0.0025091025703761,0.0180850870272647,13.0,15.297058540778355,0.0,0.024986779803242,53105.60000002384,53121.60000002384,1
194,1044,1055.0,1064.0,673,677.0,677.0,53128.20000004768,53135.70000004768,53143.40000009537,13.0,11.704699910719626,9.0,1.7333333333333334,1.5200908880826032,1.4062500052386897,1.969696962581631,1.4666666666666666,1.1688311615929594,0.0,0.5333333333333333,0.0,0.2311111111111111,0.1974143998271624,0.2197265641370904,0.0,0.348771003583907,0.0,0.0299084180510315,0.0465028004778542,0.04529493524988,0.0181910649587045,0.0044928948378598,0.0028976836586695,195.0,1054.3333333333333,675.6666666666666,53135.76666673025,11.234899970239875,1.5532247422182088,1.535064930280419,1.535064930280419,0.21608402502512133,0.11625700119463567,0.040568717926255236,0.008527214485077933,1044.0,1064.0,673.0,677.0,0.0,0.5333333333333333,1.1688311615929594,1.969696962581631,1.4062500052386897,1.7333333333333334,0.1974143998271624,0.2311111111111111,0.0,0.348771003583907,0.0028976836586695,0.0181910649587045,9.0,13.0,0.0299084180510315,0.0465028004778542,53128.20000004768,53143.40000009537,1
195,1074,1084.0,1093.0,679,680.0,682.0,53149.800000071526,53157.5,53165.40000009537,10.198039027185567,10.04987562112089,9.219544457292889,1.3244206651838333,1.2721361392152577,1.2985274057929734,1.562500005820766,1.2987013107649814,1.1392404925764,0.3125000011641532,0.1298701310764981,0.2531645539058667,0.1720026853878472,0.1610298890959811,0.1828911863711037,0.1973955598498807,0.099668652491162,0.2186689458739419,0.0308430563414432,0.0126918062683775,0.0150633280944593,0.0074568560823482,0.0014250384927003,0.0027672527862299,196.0,1083.6666666666667,680.3333333333334,53157.5666667223,9.822486368533115,1.2983614033973547,1.3334806030540491,1.417868787689338,0.171974586951644,0.17191105273832819,0.01953273023476,0.0038830491204261334,1074.0,1093.0,679.0,682.0,0.1298701310764981,0.3125000011641532,1.1392404925764,1.562500005820766,1.2721361392152577,1.3244206651838333,0.1610298890959811,0.1828911863711037,0.099668652491162,0.2186689458739419,0.0014250384927003,0.0074568560823482,9.219544457292889,10.198039027185567,0.0126918062683775,0.0308430563414432,53149.800000071526,53165.40000009537,1
196,1101,1107.0,1112.0,684,686.0,687.0,53172.5,53179.0,53186.60000002384,8.246211251235321,6.324555320336759,5.0990195135927845,1.268647884805434,0.8321783290126423,0.7967218019668926,1.1267605785149666,0.9230769230769232,0.6578947347782326,0.2816901446287416,0.3076923076923077,0.1315789469556465,0.1951765976623744,0.109497148210793,0.12448778202108,0.2449786631268641,0.3217505543966422,0.1973955598498807,0.0037055940290584,0.0118110601953504,0.016362499231138,0.0017303396417308,0.0131814537617817,0.0019724518109552,197.0,1106.6666666666667,685.6666666666666,53179.366666674614,6.556595361721622,0.9658493385949897,0.9025774121233742,0.9464370611085897,0.14305384263141582,0.2547082591244623,0.010626384485182267,0.0056280817381559,1101.0,1112.0,684.0,687.0,0.1315789469556465,0.3076923076923077,0.6578947347782326,1.1267605785149666,0.7967218019668926,1.268647884805434,0.109497148210793,0.1951765976623744,0.1973955598498807,0.3217505543966422,0.0017303396417308,0.0131814537617817,5.0990195135927845,8.246211251235321,0.0037055940290584,0.016362499231138,53172.5,53186.60000002384,1
197,1116,1121.0,1127.0,689,689.0,690.0,53193.0,53200.300000071526,53209.0,4.47213595499958,5.0,6.082762530298219,0.6126213576960939,0.5747126484030635,1.1697620143306962,0.6250000023283064,0.6849315001383399,0.6896551780836762,0.3125000011641532,0.0,0.1149425296806126,0.0839207331087144,0.0660589256468926,0.2249542314623158,0.4636476090008061,0.0,0.1651486774146268,0.0416018828348111,0.0635133704736953,0.0189826067554446,0.0063386014161702,0.0024468229160015,0.0182638284047993,198.0,1121.3333333333333,689.3333333333334,53200.766666690506,5.184966161765932,0.7856986734766179,0.6665288935167741,0.7048430700769783,0.12497796340597427,0.2095987621384776,0.041365953354650334,0.009016417578990334,1116.0,1127.0,689.0,690.0,0.0,0.3125000011641532,0.6250000023283064,0.6896551780836762,0.5747126484030635,1.1697620143306962,0.0660589256468926,0.2249542314623158,0.0,0.4636476090008061,0.0024468229160015,0.0182638284047993,4.47213595499958,6.082762530298219,0.0189826067554446,0.0635133704736953,53193.0,53209.0,1
198,1133,1138.0,1143.0,693,693.0,693.0,53214.20000004768,53223.300000071526,53229.40000009537,6.708203932499369,5.0,5.0,0.7371652653762615,0.8196721279438514,0.7692307692307693,1.153846143265448,0.5494505480109976,0.8196721279438514,0.5769230716327239,0.0,0.0,0.0810071718071318,0.1343724794656003,0.1183431952662722,0.4636476090008061,0.0,0.0,0.0574036401632616,0.0509502865698963,0.0,0.0276821266029225,0.0058643195075441,0.002627751497816,199.0,1138.0,693.0,53222.300000071526,5.569401310833123,0.7753560541836273,0.8409896064067657,0.8409896064067657,0.11124094884633477,0.1545492030002687,0.0361179755777193,0.012058065869427535,1133.0,1143.0,693.0,693.0,0.0,0.5769230716327239,0.5494505480109976,1.153846143265448,0.7371652653762615,0.8196721279438514,0.0810071718071318,0.1343724794656003,0.0,0.4636476090008061,0.002627751497816,0.0276821266029225,5.0,6.708203932499369,0.0,0.0574036401632616,53214.20000004768,53229.40000009537,1
199,1147,1150.0,1152.0,693,693.0,693.0,53235.90000009537,53244.90000009537,53250.90000009537,4.0,3.0,2.0,0.4444444444444444,0.5,0.2816901446287416,0.6153846153846154,0.3333333333333333,0.3333333333333333,0.0,0.0,0.0,0.0493827160493827,0.0833333333333333,0.0396746687904806,0.0,0.0,0.0,0.0,0.0,0.0,0.010609304494906,0.0037722908093278,0.0072764440904754,200.0,1149.6666666666667,693.0,53243.90000009537,3.0,0.408711529691062,0.42735042735042733,0.42735042735042733,0.057463572724398865,0.0,0.0,0.007219346464903066,1147.0,1152.0,693.0,693.0,0.0,0.0,0.3333333333333333,0.6153846153846154,0.2816901446287416,0.5,0.0396746687904806,0.0833333333333333,0.0,0.0,0.0037722908093278,0.010609304494906,2.0,4.0,0.0,0.0,53235.90000009537,53250.90000009537,1
200,1156,1159.0,1164.0,693,693.0,693.0,53258.0,53265.20000004768,53272.20000004768,4.0,3.0,5.0,0.5555555518762565,0.4285714285714285,0.6944444398453207,0.5633802892574833,0.4166666639071923,0.7142857142857143,0.0,0.0,0.0,0.0771604928051329,0.0612244897959183,0.0964506160064162,0.0,0.0,0.0,0.0,0.0,0.0,0.0052796935941074,0.0022133337366214,0.0050323037443568,201.0,1159.6666666666667,693.0,53265.13333336512,4.0,0.5595238067643352,0.5647775558167966,0.5647775558167966,0.0782785328691558,0.0,0.0,0.004175110358361866,1156.0,1164.0,693.0,693.0,0.0,0.0,0.4166666639071923,0.7142857142857143,0.4285714285714285,0.6944444398453207,0.0612244897959183,0.0964506160064162,0.0,0.0,0.0022133337366214,0.0052796935941074,3.0,5.0,0.0,0.0,53258.0,53272.20000004768,1
201,1168,1173.0,1179.0,692,689.0,688.0,53279.40000009537,53287.800000071526,53293.60000002384,4.123105625617661,5.830951894845301,6.082762530298219,0.4908459092048022,1.005336541859221,0.7798413428871308,0.5555555518762565,0.5952380969275693,1.034482767125514,0.1388888879690641,0.3571428581565415,0.172413794520919,0.0584340369759497,0.173333887952487,0.0999796584276959,0.2449786631268641,0.5404195002705842,0.1651486774146268,0.0340248140978381,0.0351715283312231,0.0647018665415832,0.0052800803859295,0.013678553726507,0.0126472810565276,202.0,1173.3333333333333,689.6666666666666,53286.93333339691,5.34560668358706,0.7586745979837181,0.7284254719764466,0.785896736816753,0.11058252778537754,0.3168489469373584,0.04463273632354814,0.010535305056321366,1168.0,1179.0,688.0,692.0,0.1388888879690641,0.3571428581565415,0.5555555518762565,1.034482767125514,0.4908459092048022,1.005336541859221,0.0584340369759497,0.173333887952487,0.1651486774146268,0.5404195002705842,0.0052800803859295,0.013678553726507,4.123105625617661,6.082762530298219,0.0340248140978381,0.0647018665415832,53279.40000009537,53293.60000002384,1
202,1186,1192.0,1198.0,685,683.0,680.0,53301.40000009537,53308.40000009537,53315.300000071526,7.615773105863909,6.324555320336759,6.708203932499369,1.0879675865519869,0.9166022235058346,0.9448174521088966,0.8974358892064593,0.8571428571428571,0.8695652203959493,0.3846153810884826,0.2857142857142857,0.4347826101979746,0.1554239409359981,0.132840902416378,0.133072880131858,0.4048917862850834,0.3217505543966422,0.4636476090008061,0.0307362957271827,0.0118773188412058,0.0205647905934009,0.007108241282036,0.0032261483599457,3.3619958881378214e-05,203.0,1192.0,682.6666666666666,53308.36666675409,6.88284411956668,0.9831290873889061,0.8747146555817552,1.0196421923144134,0.14044590782807806,0.3967633165608439,0.021059468387263133,0.0034560032002876923,1186.0,1198.0,680.0,685.0,0.2857142857142857,0.4347826101979746,0.8571428571428571,0.8974358892064593,0.9166022235058346,1.0879675865519869,0.132840902416378,0.1554239409359981,0.3217505543966422,0.4636476090008061,3.3619958881378214e-05,0.007108241282036,6.324555320336759,7.615773105863909,0.0118773188412058,0.0307362957271827,53301.40000009537,53315.300000071526,1
203,1202,1208.0,1213.0,678,676.0,673.0,53322.40000009537,53329.70000004768,53337.20000004768,4.47213595499958,6.324555320336759,5.830951894845301,0.612621367700225,0.8432740427115679,0.7110916903582691,0.5633802797983053,0.8219178135879582,0.6666666666666666,0.2816901398991526,0.2739726045293194,0.4,0.0839207358495722,0.112436539028209,0.0867184983199035,0.4636476090008061,0.3217505543966422,0.5404195002705842,0.0,0.0194379528124709,0.0291558594498589,0.0069228371996102,0.0039062744335482,0.0034290720944407,204.0,1207.6666666666667,675.6666666666666,53329.76666673025,5.542547723393881,0.7223290335900208,0.6839882533509768,0.8173215866843101,0.0943585910658949,0.4419392212226774,0.0161979374207766,0.0047527279091997,1202.0,1213.0,673.0,678.0,0.2739726045293194,0.4,0.5633802797983053,0.8219178135879582,0.612621367700225,0.8432740427115679,0.0839207358495722,0.112436539028209,0.3217505543966422,0.5404195002705842,0.0034290720944407,0.0069228371996102,4.47213595499958,6.324555320336759,0.0,0.0291558594498589,53322.40000009537,53337.20000004768,1
204,1217,1220.0,1224.0,672,670.0,669.0,53345.40000009537,53351.90000009537,53358.70000004768,4.123105625617661,3.605551275463989,4.123105625617661,0.6343239424027171,0.530228132462829,0.5497474167490214,0.4878048752121525,0.4615384615384615,0.588235298242536,0.1219512188030381,0.3076923076923077,0.147058824560634,0.0975882988311872,0.0779747259089637,0.0732996555665361,0.2449786631268641,0.5880026035475675,0.2449786631268641,0.0360293701738665,0.0527729139108774,0.0504446974744255,0.0013255854204969,0.0030174727572651,0.0006875103492956,205.0,1220.3333333333333,670.3333333333334,53352.000000079475,3.9505875088997704,0.5714331638715224,0.5125262116643833,0.5615458198512613,0.08295422676889568,0.35931997660043186,0.04641566051972313,0.0016768561756858667,1217.0,1224.0,669.0,672.0,0.1219512188030381,0.3076923076923077,0.4615384615384615,0.588235298242536,0.530228132462829,0.6343239424027171,0.0732996555665361,0.0975882988311872,0.2449786631268641,0.5880026035475675,0.0006875103492956,0.0030174727572651,3.605551275463989,4.123105625617661,0.0360293701738665,0.0527729139108774,53345.40000009537,53358.70000004768,1
205,1227,1229.0,1232.0,668,666.0,666.0,53366.20000004768,53373.70000004768,53381.20000004768,3.1622776601683795,2.8284271247461903,3.0,0.4216370213557839,0.3771236166328254,0.4761904797946875,0.4,0.2666666666666666,0.4,0.1333333333333333,0.2666666666666666,0.0,0.0562182695141045,0.0502831488843767,0.0755857910156982,0.3217505543966422,0.7853981633974483,0.0,0.0102362521693037,0.0618196812001074,0.1047197551196597,0.0022775181403242,0.000791349417297,0.0033736856175095,206.0,1229.3333333333333,666.6666666666666,53373.70000004768,2.9969015949715234,0.42498370592776563,0.35555555555555557,0.35555555555555557,0.06069573647139314,0.3690495725980301,0.05892522949635693,0.0021475177250435667,1227.0,1232.0,666.0,668.0,0.0,0.2666666666666666,0.2666666666666666,0.4,0.3771236166328254,0.4761904797946875,0.0502831488843767,0.0755857910156982,0.0,0.7853981633974483,0.000791349417297,0.0033736856175095,2.8284271247461903,3.1622776601683795,0.0102362521693037,0.1047197551196597,53366.20000004768,53381.20000004768,1
206,1232,1235.0,1237.0,665,665.0,664.0,53387.5,53394.800000071526,53402.0,1.0,3.0,2.23606797749979,0.1369863000276679,0.4166666708058781,0.3105649948181801,0.0,0.4109589000830039,0.2777777805372521,0.1587301599315625,0.0,0.138888890268626,0.0187652463952702,0.0578703715201513,0.0431340267724152,1.5707963267948966,0.0,0.4636476090008061,0.2493327521720648,0.2151775769046845,0.0643955018898237,0.009019134134999,0.0053568664029764,0.0020467145686289,207.0,1234.6666666666667,664.6666666666666,53394.766666690506,2.0786893258332633,0.28807265521724207,0.22957889354008532,0.275875190296294,0.03992321489594557,0.6781479785985676,0.17630194365552432,0.0054742383688680995,1232.0,1237.0,664.0,665.0,0.0,0.1587301599315625,0.0,0.4109589000830039,0.1369863000276679,0.4166666708058781,0.0187652463952702,0.0578703715201513,0.0,1.5707963267948966,0.0020467145686289,0.009019134134999,1.0,3.0,0.0643955018898237,0.2493327521720648,53387.5,53402.0,1
207,1240,1241.0,1243.0,664,663.0,663.0,53409.20000004768,53416.40000009537,53423.70000004768,3.0,1.4142135623730951,2.0,0.4166666639071923,0.193727886522022,0.2857142857142857,0.4166666639071923,0.1388888879690641,0.2739726045293194,0.0,0.1388888879690641,0.0,0.0578703696038497,0.0265380668201994,0.0408163265306122,0.0,0.7853981633974483,0.0,0.0643955008236374,0.1090830775272169,0.1075887902092714,0.0020467142685888,0.0043517086911312,0.0019559260005039,208.0,1241.3333333333333,663.3333333333334,53416.43333339691,2.1380711874576983,0.29870294538116665,0.27650938546852527,0.27650938546852527,0.04174158765155377,0.2617993877991494,0.09368912285337523,0.0027847829867413006,1240.0,1243.0,663.0,664.0,0.0,0.1388888879690641,0.1388888879690641,0.4166666639071923,0.193727886522022,0.4166666639071923,0.0265380668201994,0.0578703696038497,0.0,0.7853981633974483,0.0019559260005039,0.0043517086911312,1.4142135623730951,3.0,0.0643955008236374,0.1090830775272169,53409.20000004768,53423.70000004768,1
208,1244,1246.0,1248.0,662,662.0,662.0,53430.70000004768,53437.800000071526,53445.90000009537,1.4142135623730951,2.0,2.0,0.1991850081160781,0.2469135795201384,0.2631578980390385,0.1428571428571428,0.2816901398991526,0.2469135795201384,0.1428571428571428,0.0,0.0,0.0280542264010159,0.0304831578757238,0.0346260396501625,0.7853981633974483,0.0,0.0,0.1121997376282069,0.1106194592619823,0.0,0.0018231571613708,0.0003421030234579,0.0005114668842276,209.0,1246.0,662.0,53438.13333340486,1.804737854124365,0.23641882855841834,0.2238202874254779,0.2238202874254779,0.03105447464230073,0.2617993877991494,0.07427306563006307,0.0008922423563521,1244.0,1248.0,662.0,662.0,0.0,0.1428571428571428,0.1428571428571428,0.2816901398991526,0.1991850081160781,0.2631578980390385,0.0280542264010159,0.0346260396501625,0.0,0.7853981633974483,0.0003421030234579,0.0018231571613708,1.4142135623730951,2.0,0.0,0.1121997376282069,53430.70000004768,53445.90000009537,1
209,1249,1250.0,1252.0,662,662.0,662.0,53453.5,53460.20000004768,53467.40000009537,1.0,1.0,2.0,0.1492537302810488,0.1388888879690641,0.139860140326507,0.1315789490195192,0.1492537302810488,0.2777777759381282,0.0,0.0,0.0,0.022276676002808,0.0192901232012832,0.0097804294260751,0.0,0.0,0.0,0.0,0.0,0.0,0.0016249162897787,0.0004457541463088,0.0013207907933649,210.0,1250.3333333333333,662.0,53460.36666671435,1.3333333333333333,0.14266758619220662,0.18620348507956538,0.18620348507956538,0.0171157428767221,0.0,0.0,0.0011304870764841334,1249.0,1252.0,662.0,662.0,0.0,0.0,0.1315789490195192,0.2777777759381282,0.1388888879690641,0.1492537302810488,0.0097804294260751,0.022276676002808,0.0,0.0,0.0004457541463088,0.0016249162897787,1.0,2.0,0.0,0.0,53453.5,53467.40000009537,1
210,1254,1256.0,1258.0,662,663.0,664.0,53481.70000004768,53489.0,53495.90000009537,2.0,2.23606797749979,2.23606797749979,0.2739726045293194,0.3240678183469963,0.30217134928434,0.139860140326507,0.2739726045293194,0.2898550684575748,0.0,0.1369863022646597,0.1449275342287874,0.0375304940162894,0.0469663498359327,0.0408339662510672,0.0,0.4636476090008061,0.4636476090008061,0.0,0.0635133715108711,0.0,0.0019405639638285,0.0012925829974354,0.0008887512318996,211.0,1256.0,663.0,53488.86666671435,2.1573786516665265,0.3000705907202185,0.23456260443780041,0.2828717825140629,0.04177693670109644,0.3090984060005374,0.02117112383695703,0.0013739660643878335,1254.0,1258.0,662.0,664.0,0.0,0.1449275342287874,0.139860140326507,0.2898550684575748,0.2739726045293194,0.3240678183469963,0.0375304940162894,0.0469663498359327,0.0,0.4636476090008061,0.0008887512318996,0.0019405639638285,2.0,2.23606797749979,0.0,0.0635133715108711,53481.70000004768,53495.90000009537,1
211,1259,1260.0,1261.0,665,665.0,665.0,53503.300000071526,53510.70000004768,53531.800000071526,1.4142135623730951,1.0,1.0,0.1911099414769609,0.047393364875358,0.138888890268626,0.1351351355705233,0.1351351355705233,0.047393364875358,0.1351351355705233,0.0,0.0,0.0258256678503639,0.0022461310342088,0.0192901238400504,0.7853981633974483,0.0,0.0,0.0434798047882812,0.1061348872875542,0.0,0.0020281484390619,0.0031864239043412,0.0008077721699802,212.0,1260.0,665.0,53515.26666673025,1.1380711874576983,0.1257973988736483,0.10588787867213488,0.10588787867213488,0.015787307574874367,0.2617993877991494,0.04987156402527846,0.0020074481711277667,1259.0,1261.0,665.0,665.0,0.0,0.1351351355705233,0.047393364875358,0.1351351355705233,0.047393364875358,0.1911099414769609,0.0022461310342088,0.0258256678503639,0.0,0.7853981633974483,0.0008077721699802,0.0031864239043412,1.0,1.4142135623730951,0.0,0.1061348872875542,53503.300000071526,53531.800000071526,1
212,1262,1263.0,1263.0,665,665.0,666.0,53539.0,53547.20000004768,53554.60000002384,1.0,1.0,1.0,0.1219512188030381,0.1351351355705233,0.0357142857142857,0.138888890268626,0.1219512188030381,0.0,0.0,0.0,0.1351351355705233,0.0148720997675464,0.0182615048656637,0.0012755102040816,0.0,0.0,1.5707963267948966,0.0,0.0,0.2122697745751084,0.0006136144606101,0.0004133420827326,0.002295404691393,213.0,1262.6666666666667,665.3333333333334,53546.93333335718,1.0,0.0976002133626157,0.08694670302388803,0.13199174821406248,0.0114697049457639,0.5235987755982988,0.07075659152503613,0.0011074537449119002,1262.0,1263.0,665.0,666.0,0.0,0.1351351355705233,0.0,0.138888890268626,0.0357142857142857,0.1351351355705233,0.0012755102040816,0.0182615048656637,0.0,1.5707963267948966,0.0004133420827326,0.002295404691393,1.0,1.0,0.0,0.2122697745751084,53539.0,53554.60000002384,1
213,1264,1265.0,1245.0,666,666.0,657.0,53582.60000002384,53657.0,54893.0,1.0,1.0,21.93171219946131,0.0134408602193609,0.0126903553184303,3.322986684884111,0.0357142857142857,0.0134408602193609,0.0193461017613875,0.0,0.0,0.0087057457926244,0.0001806567234363,0.000161045118108,0.5034828292242643,0.0,0.0,2.7187387274568526,0.0560998688141034,0.0,0.0026298498042002,3.910191002304402e-05,2.6359684589610045e-07,0.0004870215024641,214.0,1258.0,663.0,54044.20000000795,7.977237399820436,1.1163726334739674,0.022833749231678035,0.025735664495886167,0.16794151035526952,0.9062462424856176,0.01957657287276787,0.0001754623364443467,1245.0,1265.0,657.0,666.0,0.0,0.0087057457926244,0.0134408602193609,0.0357142857142857,0.0126903553184303,3.322986684884111,0.000161045118108,0.5034828292242643,0.0,2.7187387274568526,2.6359684589610045e-07,0.0004870215024641,1.0,21.93171219946131,0.0,0.0560998688141034,53582.60000002384,54893.0,1
214,1217,1192.0,1164.0,645,629.0,613.0,54899.60000002384,54907.300000071526,54915.90000009537,30.463092423455635,29.68164415931166,32.2490309931942,3.956245744780148,3.451353962444764,7.67834084342665,4.242424227098898,3.246753226647109,3.2558139444622496,1.818181811613813,2.07792206505415,1.860465111121285,0.5137981454909536,0.4013202270786679,1.8281764224257184,2.7367008673047097,2.5722794624891314,2.62244653934327,0.0027215363307531,0.0213534290645931,0.005833381013379,0.0015629267014282,0.0146075217812655,0.1659135106269028,215.0,1191.0,629.0,54907.600000063576,30.797922525320498,5.028646850217187,3.5816637994027523,4.201818836443181,0.91443159833178,2.643808956379037,0.009969448802908398,0.06069465303653216,1164.0,1217.0,613.0,645.0,1.818181811613813,2.07792206505415,3.246753226647109,4.242424227098898,3.451353962444764,7.67834084342665,0.4013202270786679,1.8281764224257184,2.5722794624891314,2.7367008673047097,0.0015629267014282,0.1659135106269028,29.68164415931166,32.2490309931942,0.0027215363307531,0.0213534290645931,54899.60000002384,54915.90000009537,1
215,1140,1118.0,1100.0,599,585.0,575.0,54920.10000002384,54929.90000009537,54935.10000002384,27.784887978899608,26.0768096208106,20.591260281974,2.8351926302153907,5.014771149902881,2.859897242444927,5.714285811599422,2.244897942799223,3.46153850915164,3.3333333900996625,1.4285714181449602,1.9230769495286888,0.2893053683186386,0.9643790805539708,0.3972079477089689,2.6135182051634334,2.5748634360662868,2.6344941491974563,0.0021257938885441,0.0039443641647983,0.0114674449906509,0.3663978762652138,0.068885072174315,0.1090713732012296,216.0,1119.3333333333333,586.3333333333334,54928.36666671435,24.81765262722807,3.5699536741877327,3.8069074211834284,4.447933071026324,0.5502974655271928,2.6076252634757253,0.0058458676813311,0.18145144054691945,1100.0,1140.0,575.0,599.0,1.4285714181449602,3.3333333900996625,2.244897942799223,5.714285811599422,2.8351926302153907,5.014771149902881,0.2893053683186386,0.9643790805539708,2.5748634360662868,2.6344941491974563,0.068885072174315,0.3663978762652138,20.591260281974,27.784887978899608,0.0021257938885441,0.0114674449906509,54920.10000002384,54935.10000002384,1
216,1079,1060.0,1047.0,565,557.0,553.0,54942.300000071526,54950.20000004768,54956.40000009537,23.259406699226016,20.615528128088304,13.601470508735444,2.9442287049901137,3.325085156376756,2.1937855912334223,2.916666647350347,2.405063298397617,2.096774177422261,1.3888888796906411,1.01265823090426,0.6451612853606956,0.3726871789716036,0.5363040533554494,0.3538363897648021,2.6971734436886945,2.743070207923373,2.843093722003614,0.0087054575105735,0.0058097170092649,0.0161328247275754,0.0034056623020792,0.0207109968199537,0.0294302680947262,217.0,1062.0,558.3333333333334,54949.63333340486,19.158801778683255,2.8210331508667643,2.472834707723408,2.6878884695103067,0.42094254069728504,2.761112457871894,0.010215999749137934,0.017848975738919703,1047.0,1079.0,553.0,565.0,0.6451612853606956,1.3888888796906411,2.096774177422261,2.916666647350347,2.1937855912334223,3.325085156376756,0.3538363897648021,0.5363040533554494,2.6971734436886945,2.843093722003614,0.0034056623020792,0.0294302680947262,13.601470508735444,23.259406699226016,0.0058097170092649,0.0161328247275754,54942.300000071526,54956.40000009537,1
217,1033,1019.0,1005.0,549,544.0,539.0,54962.60000002384,54969.800000071526,54977.40000009537,14.560219778561036,14.866068747318506,14.866068747318506,2.0222527336295157,1.956061671142416,2.093812527746483,2.2580645421789294,1.9444444315668976,1.842105257379051,0.6451612977654084,0.6944444398453207,0.6578947347782326,0.2808684333662034,0.2573765348692212,0.2949031768831889,2.8632929945846817,2.79856871316909,2.79856871316909,0.0032579472280797,0.0089894834704082,0.0,0.0117690253613524,0.0032627636585279,0.0049377160389794,218.0,1019.0,544.0,54969.93333339691,14.764119091066016,2.0240423108394716,2.0148714103749596,2.234169655301037,0.27771604837287117,2.820143473640954,0.004082476899495966,0.006656501686286567,1005.0,1033.0,539.0,549.0,0.6451612977654084,0.6944444398453207,1.842105257379051,2.2580645421789294,1.956061671142416,2.093812527746483,0.2573765348692212,0.2949031768831889,2.79856871316909,2.8632929945846817,0.0032627636585279,0.0117690253613524,14.560219778561036,14.866068747318506,0.0,0.0089894834704082,54962.60000002384,54977.40000009537,1
218,989,975.0,961.0,536,531.0,529.0,54984.5,54991.70000004768,54999.10000002384,16.278820596099706,14.866068747318506,14.142135623730953,2.260947290040186,2.008928215569606,2.1107664959823524,2.253521157029933,1.9444444315668976,1.8918918979873267,0.4225352169431124,0.6944444398453207,0.2702702711410467,0.3140204548703505,0.2714767867624482,0.3150397732776246,2.9562447035940984,2.79856871316909,2.999695598985629,0.0222078862736503,0.0218994429695502,0.0271793089816951,0.0026925744005557,0.0059088427536314,0.0058868900885852,219.0,975.0,532.0,54991.766666690506,15.095674989049721,2.1268806671973817,2.0299524955280526,2.120042585908401,0.3001790049701411,2.918169671916272,0.02376221274163187,0.004829435747590767,961.0,989.0,529.0,536.0,0.2702702711410467,0.6944444398453207,1.8918918979873267,2.253521157029933,2.008928215569606,2.260947290040186,0.2714767867624482,0.3150397732776246,2.79856871316909,2.999695598985629,0.0026925744005557,0.0059088427536314,14.142135623730953,16.278820596099706,0.0218994429695502,0.0271793089816951,54984.5,54999.10000002384,1
219,948,936.0,926.0,525,521.0,518.0,55005.800000071526,55014.40000009537,55020.5,13.601470508735444,12.649110640673518,10.44030650891055,1.5815663338404609,2.07362472761144,1.3050383136138188,1.940298493653636,1.395348833340964,1.639344287924599,0.5970149211241955,0.4651162777803214,0.4918032863773797,0.183903061564636,0.3399384852509016,0.1631297892017273,2.843093722003614,2.819842099193151,2.8501358591119264,0.0233734143085797,0.0027036770634886,0.0049661902282603,0.019572643399954,0.0181436538667078,0.028985032592361,220.0,936.6666666666666,521.3333333333334,55013.5666667223,12.230295886106504,1.6534097916885733,1.6583305383063998,1.8222649670988595,0.2289904453390883,2.837690560102897,0.010347760533442866,0.022233776619674267,926.0,948.0,518.0,525.0,0.4651162777803214,0.5970149211241955,1.395348833340964,1.940298493653636,1.3050383136138188,2.07362472761144,0.1631297892017273,0.3399384852509016,2.819842099193151,2.8501358591119264,0.0181436538667078,0.028985032592361,10.44030650891055,13.601470508735444,0.0027036770634886,0.0233734143085797,55005.800000071526,55020.5,1
220,916,908.0,897.0,517,514.0,513.0,55028.5,55034.800000071526,55042.10000002384,10.04987562112089,8.54400374531753,11.04536101718726,1.5952183344479338,1.170411479606452,1.5130631382143225,1.25,1.2698412554244247,1.506849324911257,0.125,0.4761904707841592,0.1369863022646597,0.253209256561428,0.160330340719397,0.207268921012232,3.0419240010986317,2.782821983319221,3.050932766389048,0.0239735177483381,0.041127303942501,0.0367275047700179,0.0112599334199625,0.014742684886913,0.0064299425478682,221.0,907.0,514.6666666666666,55035.13333336512,9.879746794541894,1.4262309840895693,1.3422301934452274,1.387892294200114,0.2069361727643523,2.9585595836023,0.03394277548695233,0.010810853618247901,897.0,916.0,513.0,517.0,0.125,0.4761904707841592,1.25,1.506849324911257,1.170411479606452,1.5952183344479338,0.160330340719397,0.253209256561428,2.782821983319221,3.050932766389048,0.0064299425478682,0.014742684886913,8.54400374531753,11.04536101718726,0.0239735177483381,0.041127303942501,55028.5,55042.10000002384,1
221,889,880.0,873.0,510,507.0,505.0,55049.40000009537,55057.10000002384,55063.60000002384,8.54400374531753,9.486832980505138,7.280109889280518,1.1096108863224787,1.4595127662315597,0.8666797511837826,1.095890400221344,1.1688311796884832,1.0769230769230769,0.4109589000830039,0.3896103932294944,0.3076923076923077,0.1441053112506095,0.2245404255740861,0.1031761611480588,2.782821983319221,2.819842099193151,2.8632929945846817,0.0367275041702563,0.0048078073010144,0.0066847531371585,0.0086525491976361,0.010446118840343,0.0186714252963118,222.0,880.6666666666666,507.3333333333333,55056.700000047684,8.436982205034395,1.1452678012459405,1.1138815522776346,1.2164456548417373,0.15727396599091814,2.8219856923656845,0.016073354869476402,0.012590031111430299,873.0,889.0,505.0,510.0,0.3076923076923077,0.4109589000830039,1.0769230769230769,1.1688311796884832,0.8666797511837826,1.4595127662315597,0.1031761611480588,0.2245404255740861,2.782821983319221,2.8632929945846817,0.0086525491976361,0.0186714252963118,7.280109889280518,9.486832980505138,0.0048078073010144,0.0367275041702563,55049.40000009537,55063.60000002384,1
222,868,863.0,860.0,502,501.0,498.0,55072.0,55078.10000002384,55085.70000004768,5.830951894845301,5.0990195135927845,4.242640687119285,0.955893749517216,0.6709236181048315,0.5892556470863036,0.5952380969275693,0.8196721279438514,0.3947368408669395,0.3571428581565415,0.1639344255887702,0.3947368408669395,0.1567038927510006,0.088279423157906,0.081841061553308,2.601173153319209,2.9441970937399127,2.356194490192345,0.0312047430963632,0.0562334326360646,0.0773687633819674,0.0063723490184369,0.0112171261189602,0.0008471528400526,223.0,863.6666666666666,500.3333333333333,55078.60000002384,5.05753736518579,0.7386910049027837,0.6032156885794534,0.7347946355350999,0.10894145915407154,2.6338549124171555,0.054935646371465065,0.006145542659149901,860.0,868.0,498.0,502.0,0.1639344255887702,0.3947368408669395,0.3947368408669395,0.8196721279438514,0.5892556470863036,0.955893749517216,0.081841061553308,0.1567038927510006,2.356194490192345,2.9441970937399127,0.0008471528400526,0.0112171261189602,4.242640687119285,5.830951894845301,0.0312047430963632,0.0773687633819674,55072.0,55085.70000004768,1
223,856,853.0,848.0,497,495.0,493.0,55092.90000009537,55100.0,55114.300000071526,4.123105625617661,3.605551275463989,5.385164807134504,0.5807191099999085,0.2521364515685164,0.737693814015135,0.5555555518762565,0.4225352169431124,0.3496503479014726,0.1388888879690641,0.2816901446287416,0.139860139160589,0.0817914250422741,0.0176319196019149,0.1010539477854469,2.896613990462929,2.5535900500422257,2.761086276477428,0.0750582634293787,0.0483132316941143,0.0145102255522622,6.893959820155042e-06,0.0090365501834016,0.0058337082354036,224.0,852.3333333333334,495.0,55102.40000005563,4.371273902738718,0.5235164585278533,0.4425803722402805,0.4892004186271435,0.06682576414321197,2.7370967723275275,0.045960573558585065,0.004959050792875118,848.0,856.0,493.0,497.0,0.1388888879690641,0.2816901446287416,0.3496503479014726,0.5555555518762565,0.2521364515685164,0.737693814015135,0.0176319196019149,0.1010539477854469,2.5535900500422257,2.896613990462929,6.893959820155042e-06,0.0090365501834016,3.605551275463989,5.385164807134504,0.0145102255522622,0.0750582634293787,55092.90000009537,55114.300000071526,1
224,846,843.0,840.0,492,491.0,489.0,55121.60000002384,55128.300000071526,55135.40000009537,2.23606797749979,3.1622776601683795,3.605551275463989,0.3337414868038441,0.4453912182463979,0.4807401700618652,0.2739726045293194,0.4477611908431466,0.4225352098487289,0.1369863022646597,0.1492537302810488,0.2816901398991526,0.0498121618550171,0.0627311572888409,0.064098689341582,2.677945044588987,2.819842099193151,2.5535900500422257,0.0113892099221261,0.0211786647155651,0.0375002884868801,0.0070194227760468,0.001928208259982,0.0001926101476266,225.0,843.0,490.6666666666667,55128.43333339691,3.001298971044053,0.41995762503736905,0.3814230017403983,0.47531971504011583,0.05888066949514667,2.6837923979414544,0.0233560543748571,0.0030467470612184663,840.0,846.0,489.0,492.0,0.1369863022646597,0.2816901398991526,0.2739726045293194,0.4477611908431466,0.3337414868038441,0.4807401700618652,0.0498121618550171,0.064098689341582,2.5535900500422257,2.819842099193151,0.0001926101476266,0.0070194227760468,2.23606797749979,3.605551275463989,0.0113892099221261,0.0375002884868801,55121.60000002384,55135.40000009537,1
225,836,832.0,829.0,489,485.0,484.0,55142.90000009537,55150.0,55157.5,4.0,5.656854249492381,3.1622776601683795,0.5633802892574833,0.7542472332656508,0.4719817369645577,0.5333333333333333,0.5633802892574833,0.4,0.0,0.5633802892574833,0.1333333333333333,0.0793493375809613,0.1005662977687534,0.070445034866489,3.141592653589793,2.356194490192345,2.819842099193151,0.0784003471396756,0.1106194611192876,0.0618196812001074,0.0020334197652505,0.0029883042919406,0.0040161683869685,226.0,832.3333333333334,486.0,55150.13333336512,4.27304396988692,0.5965364198292306,0.4989045408636055,0.5433489853080499,0.08345355673873456,2.7725430809917633,0.08361316315302353,0.0030126308147198667,829.0,836.0,484.0,489.0,0.0,0.5633802892574833,0.4,0.5633802892574833,0.4719817369645577,0.7542472332656508,0.070445034866489,0.1005662977687534,2.356194490192345,3.141592653589793,0.0020334197652505,0.0040161683869685,3.1622776601683795,5.656854249492381,0.0618196812001074,0.1106194611192876,55142.90000009537,55157.5,1
226,826,823.0,820.0,481,479.0,476.0,55164.20000004768,55171.70000004768,55178.40000009537,4.242640687119285,3.605551275463989,4.242640687119285,0.565685424949238,0.5381419775825941,0.5237828070458155,0.4477611908431466,0.4,0.4477611908431466,0.4477611908431466,0.2666666666666666,0.4477611908431466,0.075424723326565,0.0803196975750227,0.0646645448410749,2.356194490192345,2.5535900500422257,2.356194490192345,0.0692011351792595,0.0263194079799841,0.0294620236485107,0.0007432370783038,0.0006526632331276,0.0023365899436612,227.0,823.0,478.6666666666667,55171.43333339691,4.030277549900853,0.5425367365258825,0.4318407938954311,0.5810945241764799,0.0734696552475542,2.421993010142305,0.04166085560258476,0.0012441634183642,820.0,826.0,476.0,481.0,0.2666666666666666,0.4477611908431466,0.4,0.4477611908431466,0.5237828070458155,0.565685424949238,0.0646645448410749,0.0803196975750227,2.356194490192345,2.5535900500422257,0.0006526632331276,0.0023365899436612,3.605551275463989,4.242640687119285,0.0263194079799841,0.0692011351792595,55164.20000004768,55178.40000009537,1
227,817,814.0,812.0,471,466.0,463.0,55186.5,55193.70000004768,55201.0,5.830951894845301,5.830951894845301,3.605551275463989,0.8098544244761712,0.7987605387579687,0.5078241215995096,0.3703703747310211,0.4166666639071923,0.2739726045293194,0.6172839578850353,0.6944444398453207,0.4109589067939791,0.1124797804323218,0.1094192525993815,0.071524523928765,2.1112158270654806,2.1112158270654806,2.158798930342464,0.0302442797544671,0.0,0.0065182333681913,0.005903115574594,0.0004250733073154,0.0051910587559103,228.0,814.3333333333334,466.6666666666667,55193.73333334923,5.089151688384864,0.7054796949445498,0.3536698810558443,0.49065618332050404,0.0978078523201561,2.1270768614911417,0.012254171040886134,0.0038397492126065664,812.0,817.0,463.0,471.0,0.4109589067939791,0.6944444398453207,0.2739726045293194,0.4166666639071923,0.5078241215995096,0.8098544244761712,0.071524523928765,0.1124797804323218,2.1112158270654806,2.158798930342464,0.0004250733073154,0.005903115574594,3.605551275463989,5.830951894845301,0.0,0.0302442797544671,55186.5,55201.0,1
228,811,811.0,810.0,461,459.0,458.0,55208.10000002384,55215.5,55222.300000071526,2.23606797749979,2.0,1.4142135623730951,0.30217134928434,0.2941176439651569,0.1860807313074453,0.1408450699495763,0.0,0.1470588219825784,0.2816901398991526,0.2702702711410467,0.1470588219825784,0.0408339662510672,0.0432525942458073,0.0244843066741702,2.0344439357957027,1.5707963267948966,2.356194490192345,0.0175147879055177,0.0626550824992729,0.1154997286965094,0.0043226137429068,0.0003268416219638,0.0027600422609152,229.0,810.6666666666666,459.3333333333333,55215.30000003179,1.8834271799576283,0.26078990818564735,0.0959679639773849,0.14498757130491105,0.0361902890570149,1.9871449175943148,0.06522319970043333,0.0024698325419286,810.0,811.0,458.0,461.0,0.1470588219825784,0.2816901398991526,0.0,0.1470588219825784,0.1860807313074453,0.30217134928434,0.0244843066741702,0.0432525942458073,1.5707963267948966,2.356194490192345,0.0003268416219638,0.0043226137429068,1.4142135623730951,2.23606797749979,0.0175147879055177,0.1154997286965094,55208.10000002384,55222.300000071526,1
229,809,808.0,807.0,457,456.0,455.0,55229.90000009537,55236.70000004768,55259.5,1.4142135623730951,1.4142135623730951,1.4142135623730951,0.2079725841602942,0.0620269107601214,0.2481076404460352,0.1315789469556465,0.147058824560634,0.0438596492145346,0.1315789469556465,0.147058824560634,0.0438596492145346,0.0305842037674504,0.0027204785478001,0.0435276558544692,2.356194490192345,2.356194490192345,2.356194490192345,0.0,0.0,0.0,0.0008026180360716,0.0040976066786822,0.0017897884821058,230.0,808.0,456.0,55242.03333338102,1.4142135623730951,0.1727023784554836,0.10749914024360503,0.12211902331511658,0.02561077938990657,2.356194490192345,0.0,0.0022300043989532,807.0,809.0,455.0,457.0,0.0438596492145346,0.147058824560634,0.0438596492145346,0.147058824560634,0.0620269107601214,0.2481076404460352,0.0027204785478001,0.0435276558544692,2.356194490192345,2.356194490192345,0.0008026180360716,0.0040976066786822,1.4142135623730951,1.4142135623730951,0.0,0.0,55229.90000009537,55259.5,1
230,805,804.0,801.0,455,455.0,455.0,55265.20000004768,55273.20000004768,55279.5,2.0,1.0,3.0,0.25,0.1587301599315625,0.3703703692802076,0.3508771900471705,0.125,0.4761904797946875,0.0,0.0,0.0,0.03125,0.0251952636718994,0.0457247368135858,3.141592653589793,3.141592653589793,3.141592653589793,0.1377891503205525,0.0,0.0,0.0021539746932911,0.0007568420410125,0.0032586465550905,231.0,803.3333333333334,455.0,55272.63333336512,2.0,0.25970017640392334,0.317355889947286,0.317355889947286,0.034056666828495064,3.141592653589793,0.0459297167735175,0.0020564877631313668,801.0,805.0,455.0,455.0,0.0,0.0,0.125,0.4761904797946875,0.1587301599315625,0.3703703692802076,0.0251952636718994,0.0457247368135858,3.141592653589793,3.141592653589793,0.0007568420410125,0.0032586465550905,1.0,3.0,0.0,0.1377891503205525,55265.20000004768,55279.5,1
231,798,795.0,791.0,455,454.0,453.0,55287.60000002384,55294.800000071526,55301.90000009537,3.0,3.1622776601683795,4.123105625617661,0.4166666639071923,0.4453912182463979,0.5497474167490214,0.3703703692802076,0.4166666639071923,0.5633802797983053,0.0,0.1388888879690641,0.1408450699495763,0.0578703696038497,0.0627311572888409,0.0732996555665361,3.141592653589793,2.819842099193151,2.896613990462929,0.0,0.0446875767035795,0.0108129423960531,0.0014994608338906,0.0006751093962221,0.0014885208791839,232.0,794.6666666666666,454.0,55294.76666673025,3.4284610952620134,0.4706017663008706,0.45013910432856835,0.4970874609784271,0.0646337274864089,2.9526829144152913,0.018500173033210866,0.0012210303697655332,791.0,798.0,453.0,455.0,0.0,0.1408450699495763,0.3703703692802076,0.5633802797983053,0.4166666639071923,0.5497474167490214,0.0578703696038497,0.0732996555665361,2.819842099193151,3.141592653589793,0.0006751093962221,0.0014994608338906,3.0,4.123105625617661,0.0,0.0446875767035795,55287.60000002384,55301.90000009537,1
232,787,780.0,775.0,452,450.0,449.0,55309.40000009537,55316.40000009537,55323.60000002384,4.123105625617661,7.280109889280518,5.0990195135927845,0.5890150893739515,1.0111263835558213,0.7389883378567593,0.5333333333333333,1.0,0.6944444513431303,0.1333333333333333,0.2857142857142857,0.138888890268626,0.0841450127677073,0.1404342213333971,0.1070997594797415,2.896613990462929,2.8632929945846817,2.9441970937399127,0.0,0.004760142268321,0.0112366805498529,0.0014460476268228,0.0080413155093842,0.004629786414556,233.0,780.6666666666666,450.3333333333333,55316.46666673819,5.500745009496988,0.7797099369288442,0.7425925948921545,0.7888888916483632,0.11055966452694864,2.901368026262508,0.005332274272724633,0.004705716516921,775.0,787.0,449.0,452.0,0.1333333333333333,0.2857142857142857,0.5333333333333333,1.0,0.5890150893739515,1.0111263835558213,0.0841450127677073,0.1404342213333971,2.8632929945846817,2.9441970937399127,0.0014460476268228,0.0080413155093842,4.123105625617661,7.280109889280518,0.0,0.0112366805498529,55309.40000009537,55323.60000002384,1
233,770,767.0,764.0,445,444.0,442.0,55330.5,55337.5,55345.10000002384,6.4031242374328485,3.1622776601683795,3.605551275463989,0.9147320339189784,0.4160891645063211,0.4451297857841071,0.7246376836632911,0.4285714285714285,0.3947368408669395,0.5797101469306329,0.1428571428571428,0.263157893911293,0.1306760048455683,0.0547485741053965,0.0549542943794931,2.4668517113662407,2.819842099193151,2.5535900500422257,0.0691804904381251,0.0504271982609871,0.0350331642520617,0.003416847166274,0.0108467758200245,2.7068457033066603e-05,234.0,767.0,443.6666666666667,55337.70000000795,4.390317724355072,0.5919836614031356,0.5159819843672198,0.6037012823376507,0.08012629111015263,2.6134279535338725,0.05154695098372464,0.004763563814443855,764.0,770.0,442.0,445.0,0.1428571428571428,0.5797101469306329,0.3947368408669395,0.7246376836632911,0.4160891645063211,0.9147320339189784,0.0547485741053965,0.1306760048455683,2.4668517113662407,2.819842099193151,2.7068457033066603e-05,0.0108467758200245,3.1622776601683795,6.4031242374328485,0.0350331642520617,0.0691804904381251,55330.5,55345.10000002384,1
234,761,760.0,757.0,441,440.0,439.0,55353.20000004768,55359.70000004768,55366.90000009537,3.1622776601683795,1.4142135623730951,3.1622776601683795,0.4865042554105199,0.1964185490287679,0.4865042554105199,0.3703703692802076,0.1538461538461538,0.4166666639071923,0.1234567897600692,0.1538461538461538,0.1388888879690641,0.0748468085246953,0.0272803538511026,0.0748468085246953,2.819842099193151,2.356194490192345,2.819842099193151,0.0328706232552134,0.0713304013847394,0.0643955008236374,0.0024558659366234,0.0073179161036296,0.0066064519942461,235.0,759.3333333333334,440.0,55359.93333339691,2.5795896275699515,0.38980901994993583,0.3136277290111846,0.3599240250008726,0.05899132363349774,2.665292896192882,0.05619884182119673,0.0054600780114997,757.0,761.0,439.0,441.0,0.1234567897600692,0.1538461538461538,0.1538461538461538,0.4166666639071923,0.1964185490287679,0.4865042554105199,0.0272803538511026,0.0748468085246953,2.356194490192345,2.819842099193151,0.0024558659366234,0.0073179161036296,1.4142135623730951,3.1622776601683795,0.0328706232552134,0.0713304013847394,55353.20000004768,55366.90000009537,1
235,756,752.0,749.0,438,437.0,437.0,55373.40000009537,55380.60000002384,55396.20000004768,1.4142135623730951,4.123105625617661,3.0,0.1964185522808395,0.2643016422638601,0.4109589067939791,0.1538461538461538,0.5555555610745042,0.1923076920137838,0.1538461538461538,0.138888890268626,0.0,0.0272803547544559,0.0169424129397385,0.0562957410244341,2.356194490192345,2.896613990462929,3.141592653589793,0.0713304013847394,0.0750582646721068,0.0157037604328498,0.0073179159646522,0.0014358252663077,0.002522649232343,236.0,752.3333333333334,437.3333333333333,55383.40000005563,2.8457730626635853,0.2905597004462262,0.3005698023114806,0.3005698023114806,0.033506169572876165,2.7981337114150224,0.05403080882989866,0.0037587968211009667,749.0,756.0,437.0,438.0,0.0,0.1538461538461538,0.1538461538461538,0.5555555610745042,0.1964185522808395,0.4109589067939791,0.0169424129397385,0.0562957410244341,2.356194490192345,3.141592653589793,0.0014358252663077,0.0073179159646522,1.4142135623730951,4.123105625617661,0.0157037604328498,0.0750582646721068,55373.40000009537,55396.20000004768,1
236,747,745.0,744.0,437,437.0,437.0,55403.5,55410.5,55417.60000002384,2.0,2.0,1.0,0.2857142857142857,0.2816901398991526,0.1428571428571428,0.2739726045293194,0.2857142857142857,0.1408450699495763,0.0,0.0,0.0,0.0408163265306122,0.039674667458202,0.0204081632653061,3.141592653589793,3.141592653589793,3.141592653589793,0.0,0.0,0.0,0.0021204677527306,0.0001630941532014,0.0027135921307322,237.0,745.3333333333334,437.0,55410.53333334128,1.6666666666666667,0.23675385615686037,0.23351065339772714,0.23351065339772714,0.033633052418040106,3.141592653589793,0.0,0.0016657180122214,744.0,747.0,437.0,437.0,0.0,0.0,0.1408450699495763,0.2857142857142857,0.1428571428571428,0.2857142857142857,0.0204081632653061,0.0408163265306122,3.141592653589793,3.141592653589793,0.0001630941532014,0.0027135921307322,1.0,2.0,0.0,0.0,55403.5,55417.60000002384,1
237,741,740.0,739.0,436,435.0,434.0,55424.60000002384,55431.90000009537,55439.10000002384,3.1622776601683795,1.4142135623730951,1.4142135623730951,0.4331887163266175,0.1964185522808395,0.1911099414769609,0.4285714285714285,0.1369863000276679,0.138888890268626,0.1428571428571428,0.1369863000276679,0.138888890268626,0.0593409194633183,0.0272803547544559,0.0258256678503639,2.819842099193151,2.356194490192345,2.356194490192345,0.045964364913806,0.0635133704736953,0.0,0.0055618223140017,0.0043918581362647,0.0002020398497976,238.0,740.0,435.0,55431.86666671435,1.9969015949715232,0.27357240336147265,0.2348155396225741,0.2811118363787828,0.0374823140227127,2.5107436931926137,0.03649257846250043,0.003385240100021333,739.0,741.0,434.0,436.0,0.1369863000276679,0.1428571428571428,0.1369863000276679,0.4285714285714285,0.1911099414769609,0.4331887163266175,0.0258256678503639,0.0593409194633183,2.356194490192345,2.819842099193151,0.0002020398497976,0.0055618223140017,1.4142135623730951,3.1622776601683795,0.0,0.0635133704736953,55424.60000002384,55439.10000002384,1
238,737,736.0,736.0,433,432.0,431.0,55446.5,55453.10000002384,55474.60000002384,2.23606797749979,1.4142135623730951,1.0,0.3387981771851836,0.0657773749940974,0.0653594768186356,0.2702702711410467,0.1515151509678177,0.0,0.1351351355705233,0.1515151509678177,0.0465116279069767,0.0513330569638345,0.0030594127904231,0.0042718612100057,2.677945044588987,2.356194490192345,1.5707963267948966,0.0434798047882812,0.0487500838233862,0.036530147134765,0.0034469444858989,0.0073141884847011,5.639294974802968e-05,239.0,736.3333333333334,432.0,55458.066666682564,1.5500938466242948,0.1566450096659722,0.14059514070295479,0.15609901667194703,0.019554776988087767,2.201645287192076,0.04292001191547746,0.0036058419734493427,736.0,737.0,431.0,433.0,0.0465116279069767,0.1515151509678177,0.0,0.2702702711410467,0.0653594768186356,0.3387981771851836,0.0030594127904231,0.0513330569638345,1.5707963267948966,2.677945044588987,5.639294974802968e-05,0.0073141884847011,1.0,2.23606797749979,0.036530147134765,0.0487500838233862,55446.5,55474.60000002384,1
239,736,735.0,734.0,430,430.0,430.0,55489.90000009537,55497.5,55511.70000004768,1.0,1.0,1.0,0.1315789490195192,0.0704225349747881,0.0093023255813953,0.0,0.1315789490195192,0.0704225349747881,0.0653594768186356,0.0,0.0,0.0173130198250812,0.0049593334322752,8.653326122228231e-05,1.5707963267948966,3.141592653589793,3.141592653589793,0.0,0.2066837298033938,0.0,0.0008523633041901,0.0016254850720821,0.0003431549404711,240.0,735.0,430.0,55499.700000047684,1.0,0.07043460319190085,0.06733382799810243,0.06733382799810243,0.007452962172859561,2.6179938779914944,0.06889457660113127,0.0009403344389144333,734.0,736.0,430.0,430.0,0.0,0.0653594768186356,0.0,0.1315789490195192,0.0093023255813953,0.1315789490195192,8.653326122228231e-05,0.0173130198250812,1.5707963267948966,3.141592653589793,0.0003431549404711,0.0016254850720821,1.0,1.0,0.0,0.2066837298033938,55489.90000009537,55511.70000004768,1
240,716,687.0,664.0,427,418.0,411.0,56667.300000071526,56674.20000004768,56682.20000004768,18.24828759089466,30.364452901377952,24.04163056034261,2.644679370137497,3.795556612672244,4.006938426723769,0.0194028241878568,4.2028985652470885,2.875,0.0032338040313094,1.304347830593924,0.875,0.3832868665617055,0.4744445765840305,0.6678230711206282,2.976443976175166,2.840672419229368,2.8461518164460733,0.003208412176374,0.0196770373065123,0.0006849246520881,0.000413158204745,0.0132112623677255,0.0241723118170747,241.0,689.0,418.6666666666667,56674.5666667223,24.21812368420507,3.482391469844503,2.3657671298116485,2.657433796478315,0.5085181714221214,2.887756070616869,0.007856791378324799,0.012598910796515067,664.0,716.0,411.0,427.0,0.0032338040313094,1.304347830593924,0.0194028241878568,4.2028985652470885,2.644679370137497,4.006938426723769,0.3832868665617055,0.6678230711206282,2.840672419229368,2.976443976175166,0.000413158204745,0.0241723118170747,18.24828759089466,30.364452901377952,0.0006849246520881,0.0196770373065123,56667.300000071526,56682.20000004768,1
241,640,622.0,603.0,407,403.0,397.0,56688.20000004768,56696.300000071526,56704.20000004768,24.33105012119288,18.43908891458577,19.92485884517128,3.003833339453816,2.3340618949663474,3.213686885795281,4.0,2.222222215681246,2.405063298397617,0.6666666666666666,0.4938271590402769,0.7594936731781949,0.3708436210632364,0.2954508736722082,0.5183365904966236,2.976443976175166,2.922923707715851,2.835713782184941,0.0217153599548488,0.0066074405310841,0.0110392311131779,0.0494965750095653,0.0093077465640881,0.028213381961655,242.0,621.6666666666666,402.3333333333333,56696.23333338896,20.89833262698331,2.850527373405148,2.8757618380262877,3.128926395752353,0.39487702841068933,2.911693822025319,0.0131206771997036,0.029005901178436138,603.0,640.0,397.0,407.0,0.4938271590402769,0.7594936731781949,2.222222215681246,4.0,2.3340618949663474,3.213686885795281,0.2954508736722082,0.5183365904966236,2.835713782184941,2.976443976175166,0.0093077465640881,0.0494965750095653,18.43908891458577,24.33105012119288,0.0066074405310841,0.0217153599548488,56688.20000004768,56704.20000004768,1
242,587,575.0,564.0,393,391.0,389.0,56710.40000009537,56718.0,56725.40000009537,16.492422502470642,12.16552506059644,11.180339887498947,2.170055619660957,1.643989851866669,1.7200522903844535,2.5806451414427825,1.5789473882342313,1.4864864673294058,0.6451612853606956,0.2631578980390385,0.2702702667871647,0.2855336377488903,0.2221607879296979,0.2646234292899159,2.896613990462929,2.976443976175166,2.961739153797315,0.0098226141628401,0.0105039456202594,0.0019871381335598,0.0375488630576232,0.0083385329755811,0.0057381947044569,243.0,575.3333333333334,391.0,56717.93333339691,13.279429150188676,1.844699253970693,1.882026332335473,1.972116421264528,0.25743928498950136,2.9449323734784705,0.007437899305553101,0.017208530245887064,564.0,587.0,389.0,393.0,0.2631578980390385,0.6451612853606956,1.4864864673294058,2.5806451414427825,1.643989851866669,2.170055619660957,0.2221607879296979,0.2855336377488903,2.896613990462929,2.976443976175166,0.0057381947044569,0.0375488630576232,11.180339887498947,16.492422502470642,0.0019871381335598,0.0105039456202594,56710.40000009537,56725.40000009537,1
243,551,541.0,533.0,387,386.0,384.0,56731.90000009537,56740.10000002384,56747.800000071526,13.152946437965904,10.04987562112089,8.246211251235321,1.6040178722797809,1.3051786440110549,1.161438200499222,2.0,1.2195122057593062,1.038961032527075,0.3076923076923077,0.1219512205759306,0.2597402581317687,0.1956119373501264,0.1695037189517516,0.1635828445914229,2.988943325194528,3.0419240010986317,2.896613990462929,0.0041852571380327,0.0064610580934431,0.0188714298358236,0.0106171526061214,0.0031839291007447,0.0007689447173587,244.0,541.6666666666666,385.6666666666667,56739.93333339691,10.483011103440704,1.3568782389300191,1.4194910794287938,1.5060711654727168,0.17623283363110032,2.9758271055853633,0.009839248355766467,0.004856675474741601,533.0,551.0,384.0,387.0,0.1219512205759306,0.3076923076923077,1.038961032527075,2.0,1.161438200499222,1.6040178722797809,0.1635828445914229,0.1956119373501264,2.896613990462929,3.0419240010986317,0.0007689447173587,0.0106171526061214,8.246211251235321,13.152946437965904,0.0041852571380327,0.0188714298358236,56731.90000009537,56747.800000071526,1
244,524,515.0,505.0,381,380.0,378.0,56754.90000009537,56761.800000071526,56769.0,9.486832980505138,9.055385138137416,10.198039027185567,1.374903335258752,1.257692392790915,1.3244206446795157,1.2676056295461868,1.304347830593924,1.3888889026862603,0.4225352098487289,0.1449275367326582,0.2777777805372521,0.199261353624567,0.1746795007340231,0.1720026800620505,2.819842099193151,3.0309354324158977,2.9441970937399127,0.0108129423960531,0.0305932368046588,0.0120469916024518,0.0050251421004697,0.0035625873877511,0.0003717806525783,245.0,514.6666666666666,379.6666666666667,56761.90000005563,9.58008571527604,1.3190054575763943,1.3202807876087903,1.4128733811212077,0.18198117814021356,2.931658208449654,0.017817723601054564,0.0029865033802663667,505.0,524.0,378.0,381.0,0.1449275367326582,0.4225352098487289,1.2676056295461868,1.3888889026862603,1.257692392790915,1.374903335258752,0.1720026800620505,0.199261353624567,2.819842099193151,3.0309354324158977,0.0003717806525783,0.0050251421004697,9.055385138137416,10.198039027185567,0.0108129423960531,0.0305932368046588,56754.90000009537,56769.0,1
245,493,481.0,471.0,377,375.0,375.0,56776.70000004768,56782.70000004768,56790.70000004768,12.041594578792296,12.16552506059644,10.0,2.006932429798716,1.5206906325745548,1.3888888796906411,1.5584415487906125,2.0,1.25,0.1298701290658843,0.3333333333333333,0.0,0.334488738299786,0.1900863290718193,0.1929012320128324,3.058451421701352,2.976443976175166,3.141592653589793,0.0148382243186879,0.0136679075876976,0.0206435846768283,0.0211020853547415,0.0240670682046611,0.0003518628676266,246.0,481.6666666666667,375.6666666666667,56783.36666671434,11.402373213129579,1.638837314021304,1.6028138495968707,1.6028138495968707,0.23915876646147924,3.0588293504887702,0.016383238861071268,0.015173672142343065,471.0,493.0,375.0,377.0,0.0,0.3333333333333333,1.25,2.0,1.3888888796906411,2.006932429798716,0.1900863290718193,0.334488738299786,2.976443976175166,3.141592653589793,0.0003518628676266,0.0240670682046611,10.0,12.16552506059644,0.0136679075876976,0.0206435846768283,56776.70000004768,56790.70000004768,1
246,460,448.0,439.0,374,374.0,373.0,56797.90000009537,56805.10000002384,56811.800000071526,11.04536101718726,12.0,9.055385138137416,1.5340779342934814,1.7910447633725866,1.104315270381,1.5277777676597055,1.6666666832235126,1.34328357252944,0.1388888879690641,0.0,0.1492537302810488,0.2130663818796078,0.267320112033697,0.1346725951236017,3.050932766389048,3.141592653589793,3.0309354324158977,0.0125916509167122,0.0125916511251902,0.0165160030427389,0.0028007152407259,0.0075352403740349,0.0197981367113502,247.0,449.0,373.6666666666667,56804.93333339691,10.700248718441559,1.476479322682356,1.5125760078042194,1.5623272512312356,0.20501969634563552,3.074486950798246,0.0138997683615471,0.010044697442037,439.0,460.0,373.0,374.0,0.0,0.1492537302810488,1.34328357252944,1.6666666832235126,1.104315270381,1.7910447633725866,0.1346725951236017,0.267320112033697,3.0309354324158977,3.141592653589793,0.0028007152407259,0.0197981367113502,9.055385138137416,12.0,0.0125916509167122,0.0165160030427389,56797.90000009537,56811.800000071526,1
247,431,422.0,416.0,372,371.0,370.0,56820.0,56825.90000009537,56832.20000004768,8.06225774829855,9.055385138137416,6.082762530298219,1.3664843420305843,1.4373627312184465,0.93580962004588,0.9756097646074448,1.525423704156654,0.9523809595893752,0.1219512205759306,0.1694915226840726,0.1587301599315625,0.2316075118547069,0.2281528162059715,0.1439707107762892,3.017237659043032,3.0309354324158977,2.976443976175166,0.0016704601819934,0.0023216564663483,0.008649437563995,0.0118213314117844,0.0005855416259141,0.0133622390582291,248.0,423.0,371.0,56826.03333338102,7.733468472244728,1.2465522310983037,1.1511381427844913,1.2040481960950122,0.20124367961232256,3.0082056892113656,0.0042138514041122335,0.008589704031975866,416.0,431.0,370.0,372.0,0.1219512205759306,0.1694915226840726,0.9523809595893752,1.525423704156654,0.93580962004588,1.4373627312184465,0.1439707107762892,0.2316075118547069,2.976443976175166,3.0309354324158977,0.0005855416259141,0.0133622390582291,6.082762530298219,9.055385138137416,0.0016704601819934,0.008649437563995,56820.0,56832.20000004768,1
248,410,404.0,398.0,369,366.0,365.0,56838.70000004768,56845.5,56852.70000004768,6.082762530298219,6.708203932499369,6.082762530298219,0.894523907787124,0.9316949844545404,0.750958334863454,0.9230769230769232,0.882352947363804,0.8333333278143847,0.1538461538461538,0.441176473681902,0.1388888879690641,0.1315476344205594,0.1294020803172456,0.0927109052658091,2.976443976175166,2.677945044588987,2.976443976175166,0.0,0.0438969020116686,0.0414581846679581,0.0019112425162661,0.0003155226644645,0.0050959965011722,249.0,404.0,366.6666666666667,56845.63333336512,6.291242997698602,0.8590590757017061,0.879587732751704,0.925884028741392,0.11788687333453803,2.8769443323131063,0.028451695559875565,0.002440920560634267,398.0,410.0,365.0,369.0,0.1388888879690641,0.441176473681902,0.8333333278143847,0.9230769230769232,0.750958334863454,0.9316949844545404,0.0927109052658091,0.1315476344205594,2.677945044588987,2.976443976175166,0.0003155226644645,0.0050959965011722,6.082762530298219,6.708203932499369,0.0,0.0438969020116686,56838.70000004768,56852.70000004768,1
249,394,389.0,384.0,362,361.0,359.0,56860.800000071526,56867.40000009537,56874.0,5.0,5.0990195135927845,5.385164807134504,0.7575757548390889,0.7725787253441868,0.6410910411899164,0.4938271590402769,0.7575757548390889,0.7575757685224326,0.3703703692802076,0.1515151509678177,0.3030303074089731,0.114784204864003,0.1170573843193407,0.0763203611799333,2.498091544796509,2.9441970937399127,2.761086276477428,0.0590558555519328,0.067591749595741,0.0277440636224794,0.0027250987078052,0.0003444211283524,0.0061722763224305,250.0,389.0,360.6666666666667,56867.40000005563,5.161394773575762,0.7237485071243975,0.6696595608005995,0.7706696632702572,0.10272065012109233,2.7344583050046167,0.05146388959005107,0.0030805987195293666,384.0,394.0,359.0,362.0,0.1515151509678177,0.3703703692802076,0.4938271590402769,0.7575757685224326,0.6410910411899164,0.7725787253441868,0.0763203611799333,0.1170573843193407,2.498091544796509,2.9441970937399127,0.0003444211283524,0.0061722763224305,5.0,5.385164807134504,0.0277440636224794,0.067591749595741,56860.800000071526,56874.0,1
250,380,376.0,372.0,358,357.0,356.0,56882.40000009537,56888.5,56897.0,4.123105625617661,4.123105625617661,4.123105625617661,0.6759189655866092,0.4850712500726659,0.6759189523774585,0.4761904707841592,0.6557377151698396,0.4705882352941176,0.1190476176960398,0.1639344287924599,0.1176470588235294,0.1108063895334311,0.0570672058909018,0.110806385202562,2.896613990462929,2.896613990462929,2.896613990462929,0.0161342514817641,0.0,0.0,0.004105479519282,0.0088097023742111,0.006322256389607,251.0,376.0,357.0,56889.30000003179,4.123105625617661,0.6123030560122446,0.5341721404160388,0.5733878266905486,0.09289332687563163,2.8966139904629293,0.0053780838272547,0.006412479427700034,372.0,380.0,356.0,358.0,0.1176470588235294,0.1639344287924599,0.4705882352941176,0.6557377151698396,0.4850712500726659,0.6759189655866092,0.0570672058909018,0.1108063895334311,2.896613990462929,2.896613990462929,0.004105479519282,0.0088097023742111,4.123105625617661,4.123105625617661,0.0,0.0161342514817641,56882.40000009537,56897.0,1
251,368,364.0,360.0,356,354.0,354.0,56903.10000002384,56913.60000002384,56917.300000071526,4.0,4.47213595499958,4.0,0.3809523809523809,1.208685377666208,0.5555555610745042,0.6557377023550811,0.3809523809523809,1.0810810671486588,0.0,0.1904761904761904,0.0,0.0362811791383219,0.3266717194835909,0.0771604953602018,3.141592653589793,2.677945044588987,3.141592653589793,0.0401604364212073,0.0441569151429339,0.1253101629798789,0.0122172468480259,0.0276562419376446,0.0674354651102204,252.0,364.0,354.6666666666667,56911.33333337307,4.1573786516665265,0.7150644398976977,0.7059237168187069,0.7059237168187069,0.1467044646607049,2.9870434505895247,0.06987583818134004,0.0357696512986303,360.0,368.0,354.0,356.0,0.0,0.1904761904761904,0.3809523809523809,1.0810810671486588,0.3809523809523809,1.208685377666208,0.0362811791383219,0.3266717194835909,2.677945044588987,3.141592653589793,0.0122172468480259,0.0674354651102204,4.0,4.47213595499958,0.0401604364212073,0.1253101629798789,56903.10000002384,56917.300000071526,1
252,357,352.0,348.0,354,354.0,354.0,56924.5,56932.5,56940.10000002384,3.0,5.0,4.0,0.375,0.6578947347782326,0.6349206277122124,0.4166666708058781,0.625,0.526315787822586,0.0,0.0,0.0,0.046875,0.0865650964097841,0.1007810508736174,3.141592653589793,3.141592653589793,3.141592653589793,0.0,0.0,0.0,0.004206318841814,0.004961262051223,0.0018705203183206,253.0,352.3333333333333,354.0,56932.366666674614,4.0,0.5559384541634816,0.5226608195428214,0.5226608195428214,0.07807371576113382,3.141592653589793,0.0,0.0036793670704525334,348.0,357.0,354.0,354.0,0.0,0.0,0.4166666708058781,0.625,0.375,0.6578947347782326,0.046875,0.1007810508736174,3.141592653589793,3.141592653589793,0.0018705203183206,0.004961262051223,3.0,5.0,0.0,0.0,56924.5,56940.10000002384,1
253,345,340.0,338.0,354,353.0,353.0,56946.40000009537,56952.90000009537,56960.5,3.0,5.0990195135927845,2.0,0.4615384615384615,0.6709236286285589,0.3076923076923077,0.4761904707841592,0.7692307692307693,0.2631578980390385,0.0,0.1538461538461538,0.0,0.0710059171597633,0.088279425927308,0.0473372781065088,3.141592653589793,2.9441970937399127,3.141592653589793,0.0,0.0303685476692123,0.0259731003061668,0.0047262116469538,0.0026574628873145,0.0053871247808625,254.0,341.0,353.3333333333333,56953.26666673025,3.3663398378642615,0.4800514659531094,0.5028597126846557,0.5028597126846557,0.0688742070645267,3.075794133639833,0.018780549325126367,0.0042569331050436,338.0,345.0,353.0,354.0,0.0,0.1538461538461538,0.2631578980390385,0.7692307692307693,0.3076923076923077,0.6709236286285589,0.0473372781065088,0.088279425927308,2.9441970937399127,3.141592653589793,0.0026574628873145,0.0053871247808625,2.0,5.0990195135927845,0.0,0.0303685476692123,56946.40000009537,56960.5,1
254,336,332.0,331.0,353,352.0,351.0,56967.0,56975.800000071526,56982.10000002384,2.0,4.123105625617661,1.4142135623730951,0.2272727254254759,0.6544612153690164,0.2209708699439767,0.3076923076923077,0.4545454508509518,0.1587301599315625,0.0,0.1136363627127379,0.1587301599315625,0.0258264458611618,0.1038827333845287,0.0345266985573683,3.141592653589793,2.896613990462929,2.356194490192345,0.0,0.0278384842199659,0.0857808737080849,0.0033093588069764,0.008870032601015,0.0110088945003341,255.0,333.0,352.0,56974.966666698456,2.512439729330252,0.3675682702461563,0.306989306158274,0.35989935946879487,0.0547452926010196,2.7981337114150224,0.03787311930935027,0.0077294286361085,331.0,336.0,351.0,353.0,0.0,0.1587301599315625,0.1587301599315625,0.4545454508509518,0.2209708699439767,0.6544612153690164,0.0258264458611618,0.1038827333845287,2.356194490192345,3.141592653589793,0.0033093588069764,0.0110088945003341,1.4142135623730951,4.123105625617661,0.0,0.0857808737080849,56967.0,56982.10000002384,1
255,329,328.0,325.0,350,349.0,348.0,56988.5,56995.800000071526,57002.90000009537,2.23606797749979,1.4142135623730951,3.1622776601683795,0.3063106788480469,0.1991850081160781,0.4719817453622604,0.3125000011641532,0.1369863000276679,0.4225352098487289,0.1562500005820766,0.1369863000276679,0.1408450699495763,0.0419603665543572,0.0280542264010159,0.0704450373732659,2.677945044588987,2.356194490192345,2.819842099193151,0.0502735243117588,0.0440754179786469,0.0653024799216723,0.0011615106288564,0.0019049506872724,0.0059705367366058,256.0,327.3333333333333,349.0,56995.73333338896,2.2708530666804214,0.32582581077546174,0.2906738370135167,0.3376221936633754,0.046819876776213,2.6179938779914944,0.053217140737359336,0.003012332684244867,325.0,329.0,348.0,350.0,0.1369863000276679,0.1562500005820766,0.1369863000276679,0.4225352098487289,0.1991850081160781,0.4719817453622604,0.0280542264010159,0.0704450373732659,2.356194490192345,2.819842099193151,0.0011615106288564,0.0059705367366058,1.4142135623730951,3.1622776601683795,0.0440754179786469,0.0653024799216723,56988.5,57002.90000009537,1
256,323,321.0,318.0,346,345.0,344.0,57009.60000002384,57017.0,57024.20000004768,2.8284271247461903,2.23606797749979,3.1622776601683795,0.3822198829539219,0.3105649948181801,0.4392052276702003,0.2985074658732713,0.2702702711410467,0.4166666639071923,0.2985074658732713,0.1351351355705233,0.1388888879690641,0.0516513357007278,0.0431340267724152,0.0610007256613137,2.356194490192345,2.677945044588987,2.819842099193151,0.0692011364105159,0.0434798047882812,0.0197079241200579,0.0028050301303238,0.0011509876967235,0.0024814859403572,257.0,320.6666666666667,345.0,57016.93333335718,2.742257587471453,0.3773300351474341,0.3284814669738368,0.3747777629635248,0.0519286960448189,2.6179938779914944,0.04412962177295166,0.0021458345891348335,318.0,323.0,344.0,346.0,0.1351351355705233,0.2985074658732713,0.2702702711410467,0.4166666639071923,0.3105649948181801,0.4392052276702003,0.0431340267724152,0.0610007256613137,2.356194490192345,2.819842099193151,0.0011509876967235,0.0028050301303238,2.23606797749979,3.1622776601683795,0.0197079241200579,0.0692011364105159,57009.60000002384,57024.20000004768,1
257,314,312.0,310.0,342,341.0,341.0,57031.40000009537,57038.60000002384,57046.60000002384,4.47213595499958,2.23606797749979,2.0,0.6211299999203138,0.2795084971874737,0.3174603138561062,0.5555555518762565,0.2777777805372521,0.25,0.2777777759381282,0.138888890268626,0.0,0.0862680564014841,0.0349385621484342,0.0503905254368087,2.677945044588987,2.677945044588987,3.141592653589793,0.0197079241200579,0.0,0.0579559511251007,0.0035093514684488,0.0071290964948559,0.0019314954110468,258.0,312.0,341.3333333333333,57038.86666671435,2.9027346441664563,0.40603293698796455,0.36111111080450287,0.36111111080450287,0.05719904799557567,2.832494247589256,0.025887958415052866,0.004189981124783834,310.0,314.0,341.0,342.0,0.0,0.2777777759381282,0.25,0.5555555518762565,0.2795084971874737,0.6211299999203138,0.0349385621484342,0.0862680564014841,2.677945044588987,3.141592653589793,0.0019314954110468,0.0071290964948559,2.0,4.47213595499958,0.0,0.0579559511251007,57031.40000009537,57046.60000002384,1
258,308,305.0,304.0,341,341.0,341.0,57052.90000009537,57060.800000071526,57067.60000002384,2.0,3.0,1.0,0.253164557726065,0.441176473681902,0.1449275367326582,0.3174603138561062,0.3797468365890974,0.147058824560634,0.0,0.0,0.0,0.032046146644317,0.0648788936434659,0.021003990903396,3.141592653589793,3.141592653589793,3.141592653589793,0.0,0.0,0.0,0.0029118061244798,0.0041560439364856,0.0064521916246668,259.0,305.6666666666667,341.0,57060.43333339691,2.0,0.2797561893802084,0.28142199166861254,0.28142199166861254,0.039309677063726296,3.141592653589793,0.0,0.0045066805618774,304.0,308.0,341.0,341.0,0.0,0.0,0.147058824560634,0.3797468365890974,0.1449275367326582,0.441176473681902,0.021003990903396,0.0648788936434659,3.141592653589793,3.141592653589793,0.0029118061244798,0.0064521916246668,1.0,3.0,0.0,0.0,57052.90000009537,57067.60000002384,1
259,302,301.0,299.0,341,341.0,341.0,57074.5,57081.300000071526,57089.20000004768,2.0,1.0,2.0,0.2941176439651569,0.1265822788630325,0.2739726045293194,0.2898550734653164,0.1470588219825784,0.253164557726065,0.0,0.0,0.0,0.0432525942458073,0.0160230733221585,0.0375304940162894,3.141592653589793,3.141592653589793,3.141592653589793,0.0,0.0,0.0,0.0032244352781576,0.0040043412701817,0.002722458323929,260.0,300.6666666666667,341.0,57081.666666706406,1.6666666666666667,0.23155750911916959,0.23002615105798663,0.23002615105798663,0.03226872052808507,3.141592653589793,0.0,0.0033170782907561004,299.0,302.0,341.0,341.0,0.0,0.0,0.1470588219825784,0.2898550734653164,0.1265822788630325,0.2941176439651569,0.0160230733221585,0.0432525942458073,3.141592653589793,3.141592653589793,0.002722458323929,0.0040043412701817,1.0,2.0,0.0,0.0,57074.5,57089.20000004768,1
260,297,296.0,295.0,341,341.0,341.0,57096.5,57104.70000004768,57111.0,2.0,1.0,1.0,0.2439024376060762,0.1587301599315625,0.1492537302810488,0.2739726045293194,0.1219512188030381,0.1587301599315625,0.0,0.0,0.0,0.0297441995350929,0.0251952636718994,0.022276676002808,3.141592653589793,3.141592653589793,3.141592653589793,0.0,0.0,0.0,0.0010666156893228,0.0005547482727733,0.0004632678874891,261.0,296.0,341.0,57104.066666682564,1.3333333333333333,0.18396210927289583,0.18488466108797333,0.18488466108797333,0.025738713069933434,3.141592653589793,0.0,0.0006948772831950667,295.0,297.0,341.0,341.0,0.0,0.0,0.1219512188030381,0.2739726045293194,0.1492537302810488,0.2439024376060762,0.022276676002808,0.0297441995350929,3.141592653589793,3.141592653589793,0.0004632678874891,0.0010666156893228,1.0,2.0,0.0,0.0,57096.5,57111.0,1
261,294,292.0,291.0,341,340.0,339.0,57117.70000004768,57125.10000002384,57132.20000004768,1.0,2.23606797749979,1.4142135623730951,0.1351351355705233,0.3149391507029655,0.2079725841602942,0.1492537302810488,0.2702702711410467,0.1408450699495763,0.0,0.1351351355705233,0.1408450699495763,0.0182615048656637,0.0443576267106193,0.0305842037674504,3.141592653589793,2.677945044588987,2.356194490192345,0.0,0.0626550824992729,0.04531697934031,0.0005992792699355,0.0035265029633829,0.0019399187178757,262.0,292.3333333333333,340.0,57125.000000039734,1.5500938466242948,0.21934895681126101,0.18678969045722393,0.23373804710708268,0.03106777844791113,2.725244062790375,0.03599068727986097,0.0020219003170646997,291.0,294.0,339.0,341.0,0.0,0.1408450699495763,0.1408450699495763,0.2702702711410467,0.1351351355705233,0.3149391507029655,0.0182615048656637,0.0443576267106193,2.356194490192345,3.141592653589793,0.0005992792699355,0.0035265029633829,1.0,2.23606797749979,0.0,0.0626550824992729,57117.70000004768,57132.20000004768,1
262,290,289.0,288.0,339,338.0,338.0,57139.0,57146.20000004768,57153.40000009537,1.0,1.4142135623730951,1.0,0.1388888879690641,0.1964185490287679,0.0278551532218417,0.147058824560634,0.1388888879690641,0.1388888879690641,0.0,0.1388888879690641,0.0,0.0192901232012832,0.0272803538511026,0.0007759095610122,3.141592653589793,2.356194490192345,3.141592653589793,0.1154997307213095,0.1090830775272169,0.1090830775272169,0.0016608942125536,0.0011097542495697,0.0036811727936886,263.0,289.0,338.3333333333333,57146.200000047684,1.1380711874576983,0.12105419673989122,0.14161220016625406,0.14161220016625406,0.01578212887113267,2.8797932657906435,0.11122196192524776,0.0021506070852706336,288.0,290.0,338.0,339.0,0.0,0.1388888879690641,0.1388888879690641,0.147058824560634,0.0278551532218417,0.1964185490287679,0.0007759095610122,0.0272803538511026,2.356194490192345,3.141592653589793,0.0011097542495697,0.0036811727936886,1.0,1.4142135623730951,0.1090830775272169,0.1154997307213095,57139.0,57153.40000009537,1
263,287,0.0,0.0,338,0.0,0.0,57189.300000071526,0.0,0.0,1.0,0.0,0.0,0.0053418803439213,0.0,0.0,0.0278551532218417,0.0,0.0,0.0,0.0,0.0,2.853568560877353e-05,0.0,0.0,3.141592653589793,0.0,0.0,0.0,0.0,0.0,2.0818213813366344e-05,0.0,0.0,264.0,95.66666666666667,112.66666666666667,19063.100000023842,0.3333333333333333,0.0017806267813071,0.009285051073947233,0.009285051073947233,9.51189520292451e-06,1.0471975511965976,0.0,6.939404604455448e-06,0.0,287.0,0.0,338.0,0.0,0.0,0.0,0.0278551532218417,0.0,0.0053418803439213,0.0,2.853568560877353e-05,0.0,3.141592653589793,0.0,2.0818213813366344e-05,0.0,1.0,0.0,0.0,0.0,57189.300000071526,1
