,x0,x1,x2,y0,y1,y2,t0,t1,t2,d0,d1,d2,TV0,TV1,TV2,HV0,HV1,HV2,VV0,VV1,VV2,A0,A1,A2,AM0,AM1,AM2,AV0,AV1,AV2,J0,J1,J2,Seg_id,avg_x,avg_y,avg_t,avg_d,avg_tv,avg_hv,avg_vv,avg_a,avg_am,avg_av,avg_j,min_x,max_x,min_y,max_y,min_vv,max_vv,min_hv,max_hv,min_tv,max_tv,min_a,max_a,min_am,max_am,min_j,max_j,min_d,max_d,min_av,max_av,min_t,max_t,label
0,721,722,724.0,343,344,347.0,662.5,670.5,678.5,0.0,1.4142135623730951,3.605551275463989,0.0,0.1767766952966369,0.2267642311559442,0.0,0.125,0.25,0.0,0.125,0.375,0.0,0.0220970869120796,0.0142619013302283,0.0,0.7853981633974483,0.982793723247329,0.0,0.098174770424681,0.024674444981235,0.0,0.0027621358640099,0.0009793981977314,1.0,722.3333333333334,344.6666666666667,670.5,1.673254945945695,0.13451364215086037,0.125,0.25,0.012119662747435969,0.5893972955482591,0.04094973846863866,0.0012471780205804332,721.0,724.0,343.0,347.0,0.0,0.375,0.0,0.25,0.0,0.2267642311559442,0.0,0.0220970869120796,0.0,0.982793723247329,0.0,0.0027621358640099,0.0,3.605551275463989,0.0,0.098174770424681,662.5,678.5,6
1,729,732,736.0,350,351,353.0,694.4000000003725,710.4000000003725,726.5,5.830951894845301,3.1622776601683795,4.47213595499958,0.3644344934278313,0.1964147615056863,0.2795084971874737,0.3144654087976636,0.1875,0.2484472049746927,0.1886792452785982,0.0625,0.1242236024873463,0.0227771558392394,0.0121996746279646,0.0174692810742171,0.5404195002705842,0.3217505543966422,0.4636476090008061,0.0278222781739861,0.0136668091171213,0.0088134816526364,0.0005355505980384,0.0006610925757046,0.000327304748222,2.0,732.3333333333334,351.3333333333333,710.4333333335817,4.48845517000442,0.2801192507069971,0.2501375379241188,0.29154540541990087,0.0174820371804737,0.44193922122267754,0.016767522981247934,0.000507982640655,729.0,736.0,350.0,353.0,0.0625,0.1886792452785982,0.1875,0.3144654087976636,0.1964147615056863,0.3644344934278313,0.0121996746279646,0.0227771558392394,0.3217505543966422,0.5404195002705842,0.000327304748222,0.0006610925757046,3.1622776601683795,5.830951894845301,0.0088134816526364,0.0278222781739861,694.4000000003725,726.5,6
2,738,741,746.0,354,357,357.0,742.5,758.5,774.4000000003725,2.23606797749979,4.242640687119285,5.0,0.1397542485937368,0.2668327476113133,0.3125,0.125,0.1875,0.3144654087976636,0.0625,0.1875,0.0,0.0087346405371085,0.016781933811639,0.01953125,0.4636476090008061,0.7853981633974483,0.0,0.0,0.0201094096497901,0.0493961109043425,0.0005459150335692,0.0005029558296581,0.0001729129678173,3.0,741.6666666666666,356.0,758.4666666667908,3.8262362215396912,0.23969566540168338,0.2089884695992212,0.2089884695992212,0.015015941449582501,0.41634859079941816,0.02316850685137753,0.00040726127701486663,738.0,746.0,354.0,357.0,0.0,0.1875,0.125,0.3144654087976636,0.1397542485937368,0.3125,0.0087346405371085,0.01953125,0.0,0.7853981633974483,0.0001729129678173,0.0005459150335692,2.23606797749979,5.0,0.0,0.0493961109043425,742.5,774.4000000003725,6
3,755,787,811.0,357,357,357.0,790.4000000003725,814.2999999998137,830.4000000003725,9.0,32.0,24.0,0.3765690376657081,1.9875776396825688,1.5,0.5625,1.3389121339225178,1.4906832297619264,0.0,0.0,0.0,0.0157560266809419,0.1234520273051915,0.09375,0.0,0.0,0.0,0.0,0.0,0.0,0.0002359514574411,0.0045061088128354,0.0018448464164074,4.0,784.3333333333334,357.0,811.7000000001863,21.666666666666668,1.2880488924494256,1.1306984545614813,1.1306984545614813,0.07765268466204446,0.0,0.0,0.0021956355622279665,755.0,811.0,357.0,357.0,0.0,0.0,0.5625,1.4906832297619264,0.3765690376657081,1.9875776396825688,0.0157560266809419,0.1234520273051915,0.0,0.0,0.0002359514574411,0.0045061088128354,9.0,32.0,0.0,0.0,790.4000000003725,830.4000000003725,6
4,831,843,851.0,359,360,362.0,846.4000000003725,862.4000000003725,878.4000000003725,20.09975124224178,12.041594578792296,8.246211251235321,1.2562344526401112,0.7525996611745185,0.5153882032022076,1.25,0.75,0.5,0.125,0.0625,0.125,0.0785146532900069,0.0470374788234074,0.0322117627001379,0.099668652491162,0.0831412318884412,0.2449786631268641,0.0062292907806976,0.00103296378767,0.0101148394524014,0.0009522091693745,0.0019673234041624,0.0009266072577043,5.0,841.6666666666666,360.3333333333333,862.4000000003725,13.4625190240898,0.8414074390056125,0.8333333333333334,0.875,0.05258796493785073,0.14259618250215578,0.005792364673589667,0.0012820466104137335,831.0,851.0,359.0,362.0,0.0625,0.125,0.5,1.25,0.5153882032022076,1.2562344526401112,0.0322117627001379,0.0785146532900069,0.0831412318884412,0.2449786631268641,0.0009266072577043,0.0019673234041624,8.246211251235321,20.09975124224178,0.00103296378767,0.0101148394524014,846.4000000003725,878.4000000003725,6
5,856,864,884.0,362,362,362.0,894.4000000003725,910.5,926.4000000003724,5.0,8.0,20.0,0.3105590062183659,0.5031446540762619,1.25,0.3125,0.4968944099493855,1.2578616351906546,0.0,0.0,0.0,0.0192893792686678,0.0316443178656901,0.078125,0.0,0.0,0.0,0.015311166445429,0.0,0.0,0.0008076489644668,0.000767387490516,0.002923313341712,6.0,868.0,362.0,910.4333333335817,11.0,0.6879012200982092,0.6890853483800133,0.6890853483800133,0.043019565711452636,0.0,0.005103722148476333,0.0014994499322316,856.0,884.0,362.0,362.0,0.0,0.0,0.3125,1.2578616351906546,0.3105590062183659,1.25,0.0192893792686678,0.078125,0.0,0.0,0.000767387490516,0.002923313341712,5.0,20.0,0.0,0.015311166445429,894.4000000003725,926.4000000003724,6
6,913,953,992.0,362,362,362.0,942.4000000003724,958.4000000003724,974.4000000003724,29.0,40.0,39.0,1.8125,2.5,1.625,1.8125,2.5,2.4375,0.0,0.0,0.0,0.11328125,0.15625,0.0677083333333333,0.0,0.0,0.0,0.0,0.0,0.0,0.002197265625,0.002685546875,0.0055338541666666,7.0,952.6666666666666,362.0,958.4000000003724,36.0,1.9791666666666667,2.25,2.25,0.11241319444444443,0.0,0.0,0.0034722222222222,913.0,992.0,362.0,362.0,0.0,0.0,1.8125,2.5,1.625,2.5,0.0677083333333333,0.15625,0.0,0.0,0.002197265625,0.0055338541666666,29.0,40.0,0.0,0.0,942.4000000003724,974.4000000003724,6
7,1033,1055,1070.0,362,362,362.0,998.4000000003724,1014.5,1030.4000000003723,41.0,22.0,15.0,2.546583850990601,1.3836477987097202,0.931677018655098,1.7083333333333333,1.3664596273608105,0.943396226392991,0.0,0.0,0.0,0.1581729100030761,0.0870218741306479,0.0578681378060034,0.0,0.0,0.0,0.0,0.0,0.0,0.0037693573612392,0.0044193189983897,0.0018335683222617,8.0,1052.6666666666667,362.0,1014.4333333335817,26.0,1.6206362227851396,1.3393963956957116,1.3393963956957116,0.10102097397990913,0.0,0.0,0.003340748227296867,1033.0,1070.0,362.0,362.0,0.0,0.0,0.943396226392991,1.7083333333333333,0.931677018655098,2.546583850990601,0.0578681378060034,0.1581729100030761,0.0,0.0,0.0018335683222617,0.0044193189983897,15.0,41.0,0.0,0.0,998.4000000003724,1030.4000000003723,6
8,1080,1084,1086.0,360,357,356.0,1046.5,1062.5,1111.2000000001865,10.198039027185567,5.0,2.23606797749979,0.6373774391990981,0.1026694045170611,0.1415232897168449,0.6211180124367319,0.25,0.0410677618068244,0.1242236024873463,0.1875,0.0205338809034122,0.0398360899499436,0.0021082013247775,0.0089571702353489,0.1973955598498807,0.6435011087932844,0.4636476090008061,0.0122605937797793,0.0278815968089627,0.0036930903448006,0.0011200029724519,0.0023579930390728,0.0001406359119208,9.0,1083.3333333333333,357.6666666666667,1073.4000000000622,5.811369001561786,0.2938567111443347,0.3040619247478521,0.3109065517156562,0.01696715383669,0.43484809254799034,0.014611760311180867,0.0012062106411485,1080.0,1086.0,356.0,360.0,0.0205338809034122,0.1875,0.0410677618068244,0.6211180124367319,0.1026694045170611,0.6373774391990981,0.0021082013247775,0.0398360899499436,0.1973955598498807,0.6435011087932844,0.0001406359119208,0.0023579930390728,2.23606797749979,10.198039027185567,0.0036930903448006,0.0278815968089627,1046.5,1111.2000000001865,6
9,1088,1090,1091.0,354,349,346.0,1127.0,1142.7999999998135,1158.7999999998135,2.8284271247461903,5.385164807134504,3.1622776601683795,0.1790143749860464,0.3365728004459065,0.1301348831305111,0.1265822784825049,0.1265822784825049,0.0625,0.1265822784825049,0.3164556962062623,0.1875,0.0113300237334276,0.0210358000278691,0.0053553449846304,0.7853981633974483,1.1902899496825317,1.2490457723982544,0.020363959139268,0.0256260624234086,0.0036722389197326,0.0001501806011459,0.0006142896388959,0.0009800284402024,10.0,1089.6666666666667,349.6666666666667,1142.8666666665424,3.791956530683025,0.215240686187488,0.1052215189883366,0.16772151898833662,0.012573722915309034,1.0749112951594115,0.016554086827469734,0.0005814995600814,1088.0,1091.0,346.0,354.0,0.1265822784825049,0.3164556962062623,0.0625,0.1265822784825049,0.1301348831305111,0.3365728004459065,0.0053553449846304,0.0210358000278691,0.7853981633974483,1.2490457723982544,0.0001501806011459,0.0009800284402024,2.8284271247461903,5.385164807134504,0.0036722389197326,0.0256260624234086,1127.0,1158.7999999998135,6
10,1093,1094,1095.0,339,335,330.0,1183.1000000005588,1199.1000000005588,1215.2000000001865,7.280109889280518,4.123105625617661,5.0990195135927845,0.4550068680800324,0.256093517125035,0.318688719599549,0.0823045267464476,0.0625,0.0621118012436731,0.2880658436125668,0.25,0.3105590062183659,0.028437929255002,0.0159064296354633,0.0199180449749718,1.2924966677897851,1.3258176636680326,1.373400766945016,0.0017881026909546,0.0020825622423904,0.0029554722532971,0.0009499005872289,0.0007832187262211,0.0002491686546336,11.0,1094.0,334.6666666666667,1199.133333333768,5.500745009496988,0.34326303493487215,0.06897210933004023,0.17249177806949553,0.021420801288479036,1.3305716994676111,0.002275379062214033,0.0006607626560278666,1093.0,1095.0,330.0,339.0,0.25,0.3105590062183659,0.0621118012436731,0.0823045267464476,0.256093517125035,0.4550068680800324,0.0159064296354633,0.028437929255002,1.2924966677897851,1.373400766945016,0.0002491686546336,0.0009499005872289,4.123105625617661,7.280109889280518,0.0017881026909546,0.0029554722532971,1183.1000000005588,1215.2000000001865,6
11,1097,1098,1098.0,326,324,323.0,1231.2000000001865,1247.1000000005588,1263.2000000001865,4.47213595499958,2.23606797749979,1.0,0.2812664122575345,0.1388862097858092,0.125,0.125,0.0628930817595327,0.0,0.25,0.1257861635190654,0.0621118012436731,0.0176897114623235,0.0086264726577032,0.015625,1.1071487177940904,1.1071487177940904,1.5707963267948966,0.0166407530719328,0.0,0.0287979881373623,0.0001392708445405,0.0005700150191451,0.0004346911392831,12.0,1097.6666666666667,324.3333333333333,1247.166666666977,2.5694013108331233,0.18171754068111456,0.06263102725317757,0.08333496100106859,0.013980394706675567,1.261697920794359,0.015146247069765034,0.0003813256676562333,1097.0,1098.0,323.0,326.0,0.0621118012436731,0.25,0.0,0.125,0.125,0.2812664122575345,0.0086264726577032,0.0176897114623235,1.1071487177940904,1.5707963267948966,0.0001392708445405,0.0005700150191451,1.0,4.47213595499958,0.0,0.0287979881373623,1231.2000000001865,1263.2000000001865,6
12,1098,1098,1099.0,322,320,318.0,1271.2000000001865,1327.2000000001865,1343.6000000005588,1.0,2.0,2.23606797749979,0.0178571428571428,0.1219512195094249,0.143337690868794,0.0,0.0,0.0609756097547124,0.125,0.0357142857142857,0.1219512195094249,0.0003188775510204,0.0074360499699179,0.0091883135174498,1.5707963267948966,1.5707963267948966,1.1071487177940904,0.0,0.0,0.0282711956701386,0.0019132653061224,0.0001270923646231,0.0001068453382617,13.0,1098.3333333333333,320.0,1314.0000000003106,1.74535599249993,0.09438201774512056,0.0203252032515708,0.06097560975471244,0.005647747012796033,1.416247123794628,0.0094237318900462,0.0007157343363357332,1098.0,1099.0,318.0,322.0,0.0357142857142857,0.125,0.0,0.0609756097547124,0.0178571428571428,0.143337690868794,0.0003188775510204,0.0091883135174498,1.1071487177940904,1.5707963267948966,0.0001068453382617,0.0019132653061224,1.0,2.23606797749979,0.0,0.0282711956701386,1271.2000000001865,1343.6000000005588,6
13,1101,1101,1101.0,316,314,313.0,1359.2000000001865,1383.2000000001865,1415.2000000001865,2.8284271247461903,2.0,1.0,0.1178511301977579,0.0625,0.125,0.1282051282081897,0.0,0.0,0.1282051282081897,0.0833333333333333,0.03125,0.0049104637582399,0.001953125,0.015625,0.7853981633974483,1.5707963267948966,1.5707963267948966,0.0206250355387388,0.0327249234748936,0.0,0.0002742211384174,0.0001232224482599,0.00042724609375,14.0,1101.0,314.3333333333333,1385.8666666668532,1.9428090415820634,0.1017837100659193,0.04273504273606323,0.053151709402729896,0.007496196252746633,1.3089969389957472,0.0177833196712108,0.0002748965601424333,1101.0,1101.0,313.0,316.0,0.03125,0.1282051282081897,0.0,0.1282051282081897,0.0625,0.125,0.001953125,0.015625,0.7853981633974483,1.5707963267948966,0.0001232224482599,0.00042724609375,1.0,2.8284271247461903,0.0,0.0327249234748936,1359.2000000001865,1415.2000000001865,6
14,1102,1103,1103.0,313,311,310.0,1423.2000000001865,1439.2000000001865,1455.1000000005588,1.0,2.23606797749979,1.0,0.0625,0.1406332061287672,0.1234567901291347,0.125,0.0625,0.0,0.0,0.125,0.0628930817595327,0.00390625,0.0088448557311617,0.0152415790289892,0.0,1.1071487177940904,1.5707963267948966,0.196349540849362,0.0691967948621306,0.0291602269804995,0.00146484375,0.0003086628581976,0.0004023096413633,15.0,1102.6666666666667,311.3333333333333,1439.166666666977,1.4120226591665965,0.10886333208596731,0.0625,0.0834643605865109,0.0093308949200503,0.892648348196329,0.09823552089733067,0.0007252720831869667,1102.0,1103.0,310.0,313.0,0.0,0.125,0.0,0.125,0.0625,0.1406332061287672,0.00390625,0.0152415790289892,0.0,1.5707963267948966,0.0003086628581976,0.00146484375,1.0,2.23606797749979,0.0291602269804995,0.196349540849362,1423.2000000001865,1455.1000000005588,6
15,1104,1104,1105.0,309,308,307.0,1463.2000000001865,1479.2000000001865,1487.2000000001865,1.4142135623730951,1.0,1.4142135623730951,0.0883883476483184,0.125,0.0589255650988789,0.1234567901291347,0.0,0.125,0.1234567901291347,0.0625,0.125,0.0055242717280199,0.015625,0.0024552318791199,0.7853981633974483,1.5707963267948966,0.7853981633974483,0.0969627362263666,0.0490873852123405,0.098174770424681,0.001199667568076,0.0006312955169987,0.00164622101511,16.0,1104.3333333333333,308.0,1476.53333333352,1.2761423749153966,0.09077130424906577,0.0828189300430449,0.12448559670971156,0.0078681678690466,1.0471975511965976,0.08140829728779603,0.0011590613667282334,1104.0,1105.0,307.0,309.0,0.0625,0.125,0.0,0.125,0.0589255650988789,0.125,0.0024552318791199,0.015625,0.7853981633974483,1.5707963267948966,0.0006312955169987,0.00164622101511,1.0,1.4142135623730951,0.0490873852123405,0.098174770424681,1463.2000000001865,1487.2000000001865,6
16,1106,1107,1085.0,306,305,321.0,1511.2000000001865,1639.2999999998135,1967.2000000001865,1.4142135623730951,1.4142135623730951,27.202941017470888,0.0110399185197283,0.0193993629954165,1.7001838135919305,0.0416666666666666,0.0078064012490469,0.2732919254658385,0.0416666666666666,0.0078064012490469,0.1987577639751552,8.61820337217838e-05,0.0002661092317601,0.1062614883494956,0.7853981633974483,0.7853981633974483,2.5127963671743605,0.0,0.0,0.0312148617040293,9.871041022492388e-05,1.4045839035044795e-06,0.0013200184888136,17.0,1099.3333333333333,310.6666666666667,1705.9000000000622,10.010456047405693,0.5768743650356918,0.10758833112718401,0.1738409191189024,0.035537926538325826,1.361197564656419,0.0104049539013431,0.00047337782764734273,1085.0,1107.0,305.0,321.0,0.0078064012490469,0.1987577639751552,0.0078064012490469,0.2732919254658385,0.0110399185197283,1.7001838135919305,8.61820337217838e-05,0.1062614883494956,0.7853981633974483,2.5127963671743605,1.4045839035044795e-06,0.0013200184888136,1.4142135623730951,27.202941017470888,0.0,0.0312148617040293,1511.2000000001865,1967.2000000001865,6
17,1023,932,832.0,359,398,426.0,1983.2000000001865,1999.2000000001865,2015.1000000005588,72.71863585079137,99.0050503762308,103.84603988597736,4.544914740674461,6.226732727918942,6.450064589340385,3.875,5.6875,6.289308175953273,2.375,2.4375,1.7610062892669167,0.2840571712921538,0.3916184105517643,0.4006251297819646,2.5917394709132084,2.7367008673047097,2.8685839505030826,0.0049339439836779,0.0090600872744688,0.0082945335342945,0.0111122301839161,0.0067225774537256,0.0005664603289301,18.0,929.0,394.3333333333333,1999.166666666977,91.85657537099985,5.7405706859779295,5.283936058651091,5.870938155073397,0.35876690387529425,2.7323414295736668,0.0074295215974804,0.006133755988857267,832.0,1023.0,359.0,426.0,1.7610062892669167,2.4375,3.875,6.289308175953273,4.544914740674461,6.450064589340385,0.2840571712921538,0.4006251297819646,2.5917394709132084,2.8685839505030826,0.0005664603289301,0.0111122301839161,72.71863585079137,103.84603988597736,0.0049339439836779,0.0090600872744688,1983.2000000001865,2015.1000000005588,6
18,729,638,563.0,437,447,454.0,2031.2000000001865,2047.2000000001865,2063.100000000559,103.58571330062848,91.54780172128658,75.32595834106593,6.47410708128928,5.7577233785623685,4.678630952969494,6.39751552809834,5.6875,4.716981131964955,0.6832298136804051,0.625,0.4402515723167292,0.40463169258058,0.3621209671966961,0.2905981958433385,3.035199798890889,3.03214170444843,3.048528924865375,0.0103488104591094,0.0001911309026536,0.0010306427934944,0.0002488548322178,0.0026569203364927,0.004498287506395,19.0,643.3333333333334,446.0,2047.166666666977,90.15315778766033,5.636820470940381,5.600665553354432,5.7474160774600085,0.35245028520687155,3.0386234760682314,0.0038568613850858,0.0024680208917018335,563.0,729.0,437.0,454.0,0.4402515723167292,0.6832298136804051,4.716981131964955,6.39751552809834,4.678630952969494,6.47410708128928,0.2905981958433385,0.40463169258058,3.03214170444843,3.048528924865375,0.0002488548322178,0.004498287506395,75.32595834106593,103.58571330062848,0.0001911309026536,0.0103488104591094,2031.2000000001865,2063.100000000559,6
19,517,478,461.0,458,464,466.0,2079.2000000001863,2103.2000000001863,2119.2000000001863,46.17358552246078,39.45883931389772,17.11724276862369,1.9238993967691995,2.4661774571186075,1.0698276730389806,2.857142857208967,1.625,1.0625,0.2484472049746927,0.25,0.125,0.0801624748653833,0.1541360910699129,0.0668642295649362,3.054854314913808,2.988943325194528,3.024483909022929,0.0003928813694769,0.0027462912383033,0.002221286489275,0.0130705416759518,0.003082234008522,0.005454491344061,20.0,485.3333333333333,462.6666666666667,2100.5333333335197,34.24988920166073,1.8199681756422628,1.8482142857363222,1.889880952402989,0.10038759850007746,3.022760516377088,0.0017868196990184,0.007202422342844933,461.0,517.0,458.0,466.0,0.125,0.25,1.0625,2.857142857208967,1.0698276730389806,2.4661774571186075,0.0668642295649362,0.1541360910699129,2.988943325194528,3.054854314913808,0.003082234008522,0.0130705416759518,17.11724276862369,46.17358552246078,0.0003928813694769,0.0027462912383033,2079.2000000001863,2119.2000000001863,6
20,447,443,442.0,467,467,466.0,2135.2000000001863,2151.5,2351.2000000001863,14.0356688476182,4.0,1.4142135623730951,0.8610839783913244,0.0200300450675827,0.1767766952966369,0.875,0.2453987730089392,0.0050075112668956,0.0625,0.0,0.0050075112668956,0.0528272379387217,0.0001003006763523,0.0220970869120796,3.070285188804503,3.141592653589793,2.356194490192345,0.0028625799863483,0.004374691091172,0.0039328901522118,0.0008773119766384,0.0032347814271761,0.0001101491549109,21.0,444.0,466.6666666666667,2212.6333333334574,6.4832941366637655,0.3526302395851813,0.375135428091945,0.3768045985142436,0.025008208509051198,2.8560241108622137,0.0037233870765773663,0.0014074141862418,442.0,447.0,466.0,467.0,0.0,0.0625,0.0050075112668956,0.875,0.0200300450675827,0.8610839783913244,0.0001003006763523,0.0528272379387217,2.356194490192345,3.141592653589793,0.0001101491549109,0.0032347814271761,1.4142135623730951,14.0356688476182,0.0028625799863483,0.004374691091172,2135.2000000001863,2351.2000000001863,6
21,446,457,472.0,461,455,448.0,2359.2000000001863,2367.2000000001863,2383.100000000559,6.4031242374328485,12.529964086141668,16.55294535724685,0.8003905296791061,0.7880480557137168,1.0281332520266993,0.5,1.375,0.943396226392991,0.625,0.75,0.4402515723167292,0.1000488162098882,0.0495627707984436,0.0638592082018937,0.8960553845713439,0.4993467216801301,0.4366271598135413,0.1825173882026251,0.0495885828614017,0.0039446265323974,0.009743966162226,0.0063107556764305,0.0008991470064852,22.0,458.3333333333333,454.6666666666667,2369.8333333336436,11.828677893607122,0.8721906124731741,0.9394654087976636,1.08621593290324,0.07115693173674183,0.6106764220216717,0.0786835325321414,0.005651289615047233,446.0,472.0,448.0,461.0,0.4402515723167292,0.75,0.5,1.375,0.7880480557137168,1.0281332520266993,0.0495627707984436,0.1000488162098882,0.4366271598135413,0.8960553845713439,0.0008991470064852,0.009743966162226,6.4031242374328485,16.55294535724685,0.0039446265323974,0.1825173882026251,2359.2000000001863,2383.100000000559,6
22,482,488,489.0,444,442,441.0,2399.2000000001863,2415.2000000001863,2423.2000000001863,10.770329614269007,6.324555320336759,1.4142135623730951,0.673145600891813,0.7905694150420949,0.0028973848850116,0.6211180124367319,0.375,0.125,0.2484472049746927,0.125,0.125,0.0420716000557383,0.0988211768802618,5.93604770541659e-06,0.3805063771123649,0.3217505543966422,0.7853981633974483,0.0034857629007748,0.0036722389197326,0.0579559511251007,0.001353267586749,0.0035468485515327,0.0123519051040695,23.0,486.3333333333333,442.3333333333333,2412.5333333335197,6.169699498992954,0.48887080027297314,0.3737060041455773,0.415372670812244,0.04696623766123517,0.4958850316354851,0.021704650981869366,0.005750673747450401,482.0,489.0,441.0,444.0,0.125,0.2484472049746927,0.125,0.6211180124367319,0.0028973848850116,0.7905694150420949,5.93604770541659e-06,0.0988211768802618,0.3217505543966422,0.7853981633974483,0.001353267586749,0.0123519051040695,1.4142135623730951,10.770329614269007,0.0034857629007748,0.0579559511251007,2399.2000000001863,2423.2000000001863,6
23,486,482,465.0,441,441,441.0,2911.2999999998137,2919.2000000001863,2935.100000000559,3.0,4.0,17.0,0.3797468354251307,0.2515723270381309,1.0559006211424444,0.0061462814996973,0.5063291139001744,1.0691823899120565,0.0,0.0,0.0,0.0480692196718004,0.015822158932845,0.0655838895134705,3.141592653589793,3.141592653589793,3.141592653589793,0.004827278201586,0.0,0.0,9.84701569844944e-05,0.00408190642246,0.0031296685899031,24.0,477.6666666666667,441.0,2921.866666666853,8.0,0.5624065945352353,0.5272192617706427,0.5272192617706427,0.043158422706038625,3.141592653589793,0.001609092733862,0.002436681723115865,465.0,486.0,441.0,441.0,0.0,0.0,0.0061462814996973,1.0691823899120565,0.2515723270381309,1.0559006211424444,0.015822158932845,0.0655838895134705,3.141592653589793,3.141592653589793,9.84701569844944e-05,0.00408190642246,3.0,17.0,0.0,0.004827278201586,2911.2999999998137,2935.100000000559,6
24,432,361,301.0,441,429,411.0,2951.2000000001863,2967.100000000559,2983.2000000001863,33.0,72.00694410957877,62.6418390534633,2.07547169806458,4.472481000698441,3.915114940841456,2.0496894410412154,4.465408804926824,3.726708074620392,0.0,0.7547169811143928,1.1180124223861174,0.1305328111959718,0.2777938509814861,0.244694683802591,3.141592653589793,2.9741608751192703,2.8501358591119264,0.0,0.0105303005324905,0.0077034171434915,0.0040340945145344,0.0092617006152241,0.0020558488931466,25.0,364.6666666666667,427.0,2967.166666666977,55.88292772101403,3.487689213201492,3.4139354401961435,3.7866062476581828,0.21767378199334964,2.98862979594033,0.006077905891994,0.0051172146743017,301.0,432.0,411.0,441.0,0.0,1.1180124223861174,2.0496894410412154,4.465408804926824,2.07547169806458,4.472481000698441,0.1305328111959718,0.2777938509814861,2.8501358591119264,3.141592653589793,0.0020558488931466,0.0092617006152241,33.0,72.00694410957877,0.0,0.0105303005324905,2951.2000000001863,2983.2000000001863,6
25,253,209,195.0,394,370,359.0,2999.2000000001863,3023.2000000001863,3039.100000000559,50.92150822589606,50.11985634456667,17.804493814764857,2.121729509412336,3.1521922228548678,1.1058691810668837,3.0,1.8333333333333333,0.8805031446334584,1.0625,1.0,0.6918238993548601,0.088405396225514,0.1982510831937744,0.0686875267759299,2.8012107149478864,2.642245931909663,2.4756234162106834,0.0030578215102524,0.0066235326265926,0.0104794035028349,0.0097680804735673,0.0045769036236775,0.0081486513468433,26.0,219.0,374.3333333333333,3020.5000000003106,39.615286128409195,2.1265969711113626,1.9046121593222638,2.1352201257738836,0.11844800206507278,2.6396933543560777,0.006720252546559967,0.0074978784813627,195.0,253.0,359.0,394.0,0.6918238993548601,1.0625,0.8805031446334584,3.0,1.1058691810668837,3.1521922228548678,0.0686875267759299,0.1982510831937744,2.4756234162106834,2.8012107149478864,0.0045769036236775,0.0097680804735673,17.804493814764857,50.92150822589606,0.0030578215102524,0.0104794035028349,2999.2000000001863,3039.100000000559,6
26,188,186,185.0,352,348,342.0,3055.2000000001863,3071.2000000001863,3087.2000000001863,9.899494936611664,4.47213595499958,6.082762530298219,0.6187184335382291,0.2795084971874737,0.3825636811418681,0.4347826087057124,0.125,0.0625,0.4347826087057124,0.25,0.375,0.0386699020961393,0.0174692810742171,0.0240606088762833,2.356194490192345,2.0344439357957027,1.7359450042095237,0.0074179457155963,0.0201094096497901,0.0186561832241362,0.0018644487379183,0.0013250388138701,0.0004119579876291,27.0,186.33333333333334,347.3333333333333,3071.2000000001863,6.8181311406364875,0.42693020395585696,0.20742753623523746,0.33242753623523746,0.026733264015546567,2.0421944767325235,0.015394512863174198,0.0012004818464725002,185.0,188.0,342.0,352.0,0.25,0.4347826087057124,0.0625,0.4347826087057124,0.2795084971874737,0.6187184335382291,0.0174692810742171,0.0386699020961393,1.7359450042095237,2.356194490192345,0.0004119579876291,0.0018644487379183,4.47213595499958,9.899494936611664,0.0074179457155963,0.0201094096497901,3055.2000000001863,3087.2000000001863,6
27,184,184,184.0,335,329,324.0,3103.100000000559,3119.2000000001863,3135.2000000001863,7.071067811865476,6.0,5.0,0.4391967585111235,0.375,0.3125,0.0628930817595327,0.0,0.0,0.4402515723167292,0.3726708074620392,0.3125,0.0272793017715084,0.0234375,0.01953125,1.7126933813990606,1.5707963267948966,1.5707963267948966,0.0014623662144602,0.0088134816526364,0.0,0.0002024335154182,0.0002386212280495,0.000244140625,28.0,184.0,329.3333333333333,3119.166666666977,6.0236892706218255,0.37556558617037455,0.0209643605865109,0.12513102725317757,0.023416017257169467,1.6180953449962845,0.003425282622365533,0.00022839845615590002,184.0,184.0,324.0,335.0,0.3125,0.4402515723167292,0.0,0.0628930817595327,0.3125,0.4391967585111235,0.01953125,0.0272793017715084,1.5707963267948966,1.7126933813990606,0.0002024335154182,0.000244140625,5.0,7.071067811865476,0.0,0.0088134816526364,3103.100000000559,3135.2000000001863,6
28,184,191,199.0,319,313,308.0,3151.2000000001863,3167.2000000001863,3183.2000000001863,5.0,9.219544457292889,9.433981132056603,0.3125,0.5762215285808054,0.3930825471690251,0.0,0.4375,0.5,0.3125,0.375,0.3125,0.01953125,0.0360138455363003,0.016378439465376,1.5707963267948966,0.7086262721276703,0.5585993153435624,0.0,0.0538856284167016,0.0093766847990067,0.0,0.0010301622210187,0.0012272128794327,29.0,191.33333333333334,313.3333333333333,3167.2000000001863,7.884508529783164,0.4272680252499435,0.3125,0.4166666666666667,0.02397451166722543,0.9460073047553764,0.021087437738569432,0.0007524583668171332,184.0,199.0,308.0,319.0,0.3125,0.375,0.0,0.5,0.3125,0.5762215285808054,0.016378439465376,0.0360138455363003,0.5585993153435624,1.5707963267948966,0.0,0.0012272128794327,5.0,9.433981132056603,0.0,0.0538856284167016,3151.2000000001863,3183.2000000001863,6
29,211,216,220.0,304,303,303.0,3207.2000000001863,3223.2999999998137,3239.100000000559,12.649110640673518,5.0990195135927845,4.0,0.7856590460227453,0.3227227540096416,0.2484472049746927,0.5,0.3105590062183659,0.2531645569500872,0.1666666666666666,0.0621118012436731,0.0,0.0487986985118586,0.0204254907591407,0.0154315034149342,0.3217505543966422,0.1973955598498807,0.0,0.0098686983727883,0.0077239127049465,0.0124933898633273,0.0013508441269367,0.0017623110405822,0.0003160751483525,30.0,215.66666666666666,303.3333333333333,3223.2000000001863,7.249376718088768,0.4522763350023598,0.35457452105615106,0.35457452105615106,0.028218564228644497,0.17304870474884096,0.010028666980354033,0.0011430767719571332,211.0,220.0,303.0,304.0,0.0,0.1666666666666666,0.2531645569500872,0.5,0.2484472049746927,0.7856590460227453,0.0154315034149342,0.0487986985118586,0.0,0.3217505543966422,0.0003160751483525,0.0017623110405822,4.0,12.649110640673518,0.0077239127049465,0.0124933898633273,3207.2000000001863,3239.100000000559,6
30,223,227,230.0,303,303,303.0,3255.2000000001863,3271.100000000559,3287.100000000559,3.0,4.0,3.0,0.1886792452785982,0.25,0.1875,0.1863354037310196,0.2515723270381309,0.1875,0.0,0.0,0.0,0.0118666191996338,0.015625,0.01171875,0.0,0.0,0.0,0.0,0.0,0.0,0.0002214213798374,0.0002363761509608,0.000244140625,31.0,226.66666666666666,303.0,3271.133333333768,3.3333333333333335,0.20872641509286605,0.20846924358971686,0.20846924358971686,0.0130701230665446,0.0,0.0,0.00023397938526606668,223.0,230.0,303.0,303.0,0.0,0.0,0.1863354037310196,0.2515723270381309,0.1875,0.25,0.01171875,0.015625,0.0,0.0,0.0002214213798374,0.000244140625,3.0,4.0,0.0,0.0,3255.2000000001863,3287.100000000559,6
31,232,233,234.0,301,301,301.0,3303.100000000559,3327.2999999998137,3335.2000000001863,2.8284271247461903,1.0,1.0,0.1168771539187301,0.1265822784750436,0.125,0.125,0.0413223140508589,0.1265822784750436,0.125,0.0,0.0,0.0048296344596003,0.0160230732239334,0.015625,0.7853981633974483,0.0,0.0,0.0490873852123405,0.0324544695628772,0.0,0.0004305697212749,0.0004625387919288,5.0389015685407246e-05,32.0,233.0,301.0,3321.866666666853,1.6094757082487299,0.12281981079792458,0.09763486417530083,0.09763486417530083,0.012159235894511233,0.2617993877991494,0.027180618258405898,0.0003144991762963691,232.0,234.0,301.0,301.0,0.0,0.125,0.0413223140508589,0.1265822784750436,0.1168771539187301,0.1265822784750436,0.0048296344596003,0.0160230732239334,0.0,0.7853981633974483,5.0389015685407246e-05,0.0004625387919288,1.0,2.8284271247461903,0.0,0.0490873852123405,3303.100000000559,3335.2000000001863,6
32,236,240,244.0,300,298,297.0,3343.2000000001863,3367.2000000001863,3391.100000000559,2.23606797749979,4.47213595499958,4.123105625617661,0.0931694990624912,0.1871186592020867,0.5090253859021342,0.25,0.1666666666666666,0.1673640167337929,0.125,0.0833333333333333,0.0418410041834482,0.0038820624609371,0.0078292326024757,0.0628426402377216,0.4636476090008061,0.4636476090008061,0.2449786631268641,0.0579559511251007,0.0,0.0091493282791018,0.0014678671923828,0.0001644654225641,0.002301816219012,33.0,240.0,298.3333333333333,3367.166666666977,3.6104365193723438,0.26310451472223734,0.19467689446681982,0.20862389586130256,0.0248513117670448,0.3907579603761588,0.022368426468067498,0.0013113829446529668,236.0,244.0,297.0,300.0,0.0418410041834482,0.125,0.1666666666666666,0.25,0.0931694990624912,0.5090253859021342,0.0038820624609371,0.0628426402377216,0.2449786631268641,0.4636476090008061,0.0001644654225641,0.002301816219012,2.23606797749979,4.47213595499958,0.0,0.0579559511251007,3343.2000000001863,3391.100000000559,6
33,246,247,254.0,296,298,324.0,3399.2000000001863,3831.400000000373,3903.200000000186,2.23606797749979,2.23606797749979,26.92582403567252,0.0393673939701958,0.0311430080432533,1.6828640022295325,0.2469135802582694,0.0040209087253689,0.097493036211952,0.1234567901291347,0.0080418174507378,0.3621169916443934,0.0006930879220127,0.00043374663013,0.1051790001393457,0.4636476090008061,1.1071487177940904,1.3078015951139772,0.0269961661585183,0.0044517439396592,0.0027946083192257,0.0076727842368601,1.7440556096890918e-06,0.0014588475419148,34.0,249.0,306.0,3711.266666666915,10.465986663557366,0.5844581347476605,0.11614250839853009,0.23684817227999458,0.03543527823049613,0.9595326406362913,0.011414172805801067,0.00304445861146153,246.0,254.0,296.0,324.0,0.0080418174507378,0.3621169916443934,0.0040209087253689,0.2469135802582694,0.0311430080432533,1.6828640022295325,0.00043374663013,0.1051790001393457,0.4636476090008061,1.3078015951139772,1.7440556096890918e-06,0.0076727842368601,2.23606797749979,26.92582403567252,0.0027946083192257,0.0269961661585183,3399.2000000001863,3903.200000000186,6
34,254,258,261.0,326,333,340.0,3919.200000000186,3943.200000000186,3959.200000000186,2.0,8.06225774829855,7.615773105863909,0.0833333333333333,0.5038911092686593,0.4789794406091494,0.0,0.1666666666666666,0.1875,0.125,0.2916666666666667,0.4375,0.0034722222222222,0.0314931943292912,0.0301244931193664,1.5707963267948966,1.0516502125483738,1.1659045405098132,0.0164371707300574,0.0216310880936051,0.0071408954975899,0.0063566736198202,0.0011675405044612,8.5543825620295e-05,35.0,257.6666666666667,333.0,3940.533333333519,5.892676951387486,0.355401294403714,0.11805555555555554,0.2638888888888889,0.02169663655695993,1.2627836932843612,0.015069718107084134,0.0025365859833005647,254.0,261.0,326.0,340.0,0.125,0.4375,0.0,0.1875,0.0833333333333333,0.5038911092686593,0.0034722222222222,0.0314931943292912,1.0516502125483738,1.5707963267948966,8.5543825620295e-05,0.0063566736198202,2.0,8.06225774829855,0.0071408954975899,0.0216310880936051,3919.200000000186,3959.200000000186,6
35,262,264,265.0,343,346,351.0,3975.100000000559,3991.100000000559,4007.100000000559,3.1622776601683795,3.605551275463989,5.0990195135927845,0.1976423537605237,0.2253469547164993,0.318688719599549,0.0628930817595327,0.125,0.0625,0.1886792452785982,0.1875,0.3125,0.0123526471100327,0.0140841846697812,0.0199180449749718,1.2490457723982544,0.982793723247329,1.373400766945016,0.005229008294748,0.0166407530719328,0.0244129402311054,0.0011177261640828,0.0001082210974842,0.0003646162690744,36.0,263.6666666666667,346.6666666666667,3991.100000000559,3.9556161497417173,0.24722600935885733,0.0834643605865109,0.18763102725317757,0.015451625584928567,1.2017467541968665,0.015427567199262068,0.0005301878435471334,262.0,265.0,343.0,351.0,0.1875,0.3125,0.0625,0.125,0.1976423537605237,0.318688719599549,0.0123526471100327,0.0199180449749718,0.982793723247329,1.373400766945016,0.0001082210974842,0.0011177261640828,3.1622776601683795,5.0990195135927845,0.005229008294748,0.0244129402311054,3975.100000000559,4007.100000000559,6
36,269,272,277.0,357,363,373.0,4023.100000000559,4039.100000000559,4055.100000000559,7.211102550927978,6.708203932499369,11.180339887498947,0.4506939094329986,0.4192627457812106,0.6987712429686843,0.25,0.1875,0.3125,0.375,0.375,0.625,0.0281683693395624,0.0262039216113256,0.0436732026855427,0.982793723247329,1.1071487177940904,1.1071487177940904,0.0244129402311054,0.0077721871591725,0.0,0.0005156452727869,0.0001227779830147,0.0010918300671385,37.0,272.6666666666667,364.3333333333333,4039.100000000559,8.366548790308764,0.5229092993942978,0.25,0.4583333333333333,0.03268183121214357,1.06569705294517,0.010728375796759301,0.0005767511076467,269.0,277.0,357.0,373.0,0.375,0.625,0.1875,0.3125,0.4192627457812106,0.6987712429686843,0.0262039216113256,0.0436732026855427,0.982793723247329,1.1071487177940904,0.0001227779830147,0.0010918300671385,6.708203932499369,11.180339887498947,0.0,0.0244129402311054,4023.100000000559,4055.100000000559,6
37,284,292,298.0,386,400,412.0,4071.100000000559,4087.600000000559,4111.0,14.7648230602334,16.1245154965971,13.41640786499874,0.8948377612262667,0.6890818588453912,1.5600474260612784,0.4375,0.4848484848484848,0.2564102564163795,0.8125,0.8484848484848485,0.512820512832759,0.0542325915894707,0.0294479426864036,0.1814008634837108,1.0768549578753157,1.0516502125483738,1.1071487177940904,0.0018933599949234,0.0015275603228449,0.0023717309934633,0.0006599618064954,0.0015020999335192,0.0064937145641425,38.0,291.3333333333333,399.3333333333333,4089.9000000003725,14.768582140609746,1.0479890153776454,0.39291958042162145,0.5638597513658744,0.08836046591986169,1.0785512960725934,0.0019308837704105335,0.002885258768052367,284.0,298.0,386.0,412.0,0.512820512832759,0.8484848484848485,0.2564102564163795,0.4848484848484848,0.6890818588453912,1.5600474260612784,0.0294479426864036,0.1814008634837108,1.0516502125483738,1.1071487177940904,0.0006599618064954,0.0064937145641425,13.41640786499874,16.1245154965971,0.0015275603228449,0.0023717309934633,4071.100000000559,4111.0,6
38,301,305,309.0,415,424,431.0,4119.600000000559,4143.200000000186,4159.200000000186,4.242640687119285,9.848857801796104,8.06225774829855,0.1797729104739938,0.6155536126122565,0.5038911092686593,0.3488372092796595,0.1694915254264042,0.25,0.3488372092796595,0.3813559322094096,0.4375,0.0076174962066454,0.038472100788266,0.0314931943292912,0.7853981633974483,1.1525719972156676,1.0516502125483738,0.0374128551599693,0.0155582132976277,0.0063076115417058,0.0202073682867178,0.0013073984992418,0.0004361816536859,39.0,305.0,423.3333333333333,4140.666666666977,7.384585412404646,0.4330725441183032,0.2561095782353546,0.4019429115686879,0.025860930441400864,0.9965401243871632,0.0197595599997676,0.007316982813215166,301.0,309.0,415.0,431.0,0.3488372092796595,0.4375,0.1694915254264042,0.3488372092796595,0.1797729104739938,0.6155536126122565,0.0076174962066454,0.038472100788266,0.7853981633974483,1.1525719972156676,0.0004361816536859,0.0202073682867178,4.242640687119285,9.848857801796104,0.0063076115417058,0.0374128551599693,4119.600000000559,4159.200000000186,6
39,316,321,325.0,439,447,452.0,4175.200000000186,4191.100000000559,4207.200000000186,10.63014581273465,9.433981132056603,6.4031242374328485,0.6685626297160749,0.5859615610108628,0.400195264839553,0.4375,0.3144654087976636,0.2484472049746927,0.5,0.5031446540762619,0.3105590062183659,0.0420479641321013,0.0363951280139391,0.025012204052472,0.8519663271732721,1.012197011451334,0.8960553845713439,0.0124802428359438,0.010077401526686,0.0072137656448868,0.0006596731126756,0.0003555242841528,0.0007070139106664,40.0,320.6666666666667,446.0,4191.166666666977,8.822417060741367,0.5515731518554969,0.3334708712574521,0.4369905399969074,0.03448509873283746,0.9200729077319835,0.009923803335838867,0.0005740704358316,316.0,325.0,439.0,452.0,0.3105590062183659,0.5031446540762619,0.2484472049746927,0.4375,0.400195264839553,0.6685626297160749,0.025012204052472,0.0420479641321013,0.8519663271732721,1.012197011451334,0.0003555242841528,0.0007070139106664,6.4031242374328485,10.63014581273465,0.0072137656448868,0.0124802428359438,4175.200000000186,4207.200000000186,6
40,327,330,333.0,455,459,465.0,4223.200000000186,4239.200000000186,4255.100000000559,3.605551275463989,5.0,6.708203932499369,0.2253469547164993,0.3144654087976636,0.4166586293574277,0.125,0.1875,0.1886792452785982,0.1875,0.25,0.3773584905571964,0.0140841846697812,0.0197776986660563,0.0258794179731098,0.982793723247329,0.9272952180016122,1.1071487177940904,0.005421146167249,0.0034686565778573,0.0113115408671864,0.0006830012114181,0.0003558446247671,0.0003837559312522,41.0,330.0,459.6666666666667,4239.166666666977,5.10458506932112,0.3188236642905302,0.1670597484261994,0.2928459119452648,0.01991376710298243,1.0057458863476771,0.006733781204097566,0.0004742005891458,327.0,333.0,455.0,465.0,0.1875,0.3773584905571964,0.125,0.1886792452785982,0.2253469547164993,0.4166586293574277,0.0140841846697812,0.0258794179731098,0.9272952180016122,1.1071487177940904,0.0003558446247671,0.0006830012114181,3.605551275463989,6.708203932499369,0.0034686565778573,0.0113115408671864,4223.200000000186,4255.100000000559,6
41,338,342,344.0,469,471,473.0,4271.200000000186,4287.100000000559,4303.100000000559,6.4031242374328485,4.47213595499958,2.8284271247461903,0.4027122161813098,0.2795084971874737,0.3535533905932738,0.3105590062183659,0.2515723270381309,0.125,0.2484472049746927,0.1257861635190654,0.125,0.0253278123378537,0.0174692810742171,0.0441941738241592,0.6747409422235526,0.4636476090008061,0.7853981633974483,0.026857625812456,0.0132763102652704,0.0201094096497901,3.426121958191749e-05,0.0004942472492737,0.0016703057968713,42.0,341.3333333333333,471.0,4287.133333333768,4.567895772392872,0.3452580346540191,0.22904377775216558,0.27071044441883224,0.028997089078743335,0.641262238207269,0.020081115242505502,0.0007329380885756392,338.0,344.0,469.0,473.0,0.125,0.2484472049746927,0.125,0.3105590062183659,0.2795084971874737,0.4027122161813098,0.0174692810742171,0.0441941738241592,0.4636476090008061,0.7853981633974483,3.426121958191749e-05,0.0016703057968713,2.8284271247461903,6.4031242374328485,0.0132763102652704,0.026857625812456,4271.200000000186,4303.100000000559,6
42,345,348,351.0,473,474,476.0,4311.100000000559,4375.100000000559,4391.100000000559,1.0,3.1622776601683795,3.605551275463989,0.015625,0.1976423537605237,0.2225648935573958,0.125,0.046875,0.1875,0.0,0.015625,0.125,0.000244140625,0.0123526471100327,0.0137385736770143,0.0,0.3217505543966422,0.5880026035475675,0.098174770424681,0.0050273524124475,0.0166407530719328,0.0054937541498949,0.0001891954138286,8.66204104363489e-05,43.0,348.0,474.3333333333333,4359.100000000559,2.5892763118774567,0.14527741577263983,0.11979166666666667,0.16145833333333334,0.008778453804015667,0.3032510526480699,0.039947625303020436,0.0019231899913866165,345.0,351.0,473.0,476.0,0.0,0.125,0.046875,0.1875,0.015625,0.2225648935573958,0.000244140625,0.0137385736770143,0.0,0.5880026035475675,8.66204104363489e-05,0.0054937541498949,1.0,3.605551275463989,0.0050273524124475,0.098174770424681,4311.100000000559,4391.100000000559,6
43,356,359,361.0,478,479,480.0,4407.299999999814,4423.200000000186,4431.200000000186,5.385164807134504,3.1622776601683795,2.23606797749979,0.3386896105036687,0.3952847075210474,0.0935593296010433,0.3086419753228368,0.1886792452785982,0.25,0.1234567901291347,0.0628930817595327,0.125,0.0213012333645115,0.0494105884401309,0.0039146163012378,0.3805063771123649,0.3217505543966422,0.4636476090008061,0.0128084090397991,0.0036953347619085,0.0177371318255204,0.0004668308449287,0.0017678839669786,0.0056869965173616,44.0,358.6666666666667,479.0,4420.566666666728,3.5945034816008907,0.2758445492085864,0.24910707353381167,0.29077374020047836,0.024875479368626732,0.3886348468366044,0.011413625209075998,0.002640570443089633,356.0,361.0,478.0,480.0,0.0628930817595327,0.125,0.1886792452785982,0.3086419753228368,0.0935593296010433,0.3952847075210474,0.0039146163012378,0.0494105884401309,0.3217505543966422,0.4636476090008061,0.0004668308449287,0.0056869965173616,2.23606797749979,5.385164807134504,0.0036953347619085,0.0177371318255204,4407.299999999814,4431.200000000186,6
44,363,366,374.0,481,483,486.0,4455.100000000559,4471.200000000186,4487.200000000186,2.23606797749979,3.605551275463989,8.54400374531753,0.1388862097858092,0.2253469547164993,0.3560001560548971,0.0836820083668964,0.1863354037310196,0.5,0.0418410041834482,0.1242236024873463,0.1875,0.0086264726577032,0.0140841846697812,0.0148333398356207,0.4636476090008061,0.5880026035475675,0.3587706702705722,0.0,0.0077239127049465,0.0143269958298122,0.0001971488015226,0.0003389883237393,4.682219786496906e-05,45.0,367.6666666666667,483.3333333333333,4471.166666666977,4.79520766609377,0.24007777351906853,0.2566724706993053,0.3191724706993053,0.012514665721035033,0.47014029427298193,0.007350302844919567,0.00019431977437562299,363.0,374.0,481.0,486.0,0.0418410041834482,0.1875,0.0836820083668964,0.5,0.1388862097858092,0.3560001560548971,0.0086264726577032,0.0148333398356207,0.3587706702705722,0.5880026035475675,4.682219786496906e-05,0.0003389883237393,2.23606797749979,8.54400374531753,0.0,0.0143269958298122,4455.100000000559,4487.200000000186,6
45,388,398,406.0,494,501,505.0,4511.200000000186,4527.100000000559,4543.200000000186,16.1245154965971,12.206555615733702,8.94427190999916,1.0141204714603338,0.7581711562742945,0.5590169943749475,0.5833333333333334,0.6289308175953273,0.4968944099493855,0.3333333333333333,0.4402515723167292,0.2484472049746927,0.0637811617255706,0.0470913761671948,0.0349385621484342,0.5191461142465229,0.6107259643892086,0.4636476090008061,0.0066823101656646,0.0057597390025496,0.0091353015771307,0.0020394925787479,0.0010496720476719,0.0007548331688845,46.0,397.3333333333333,500.0,4527.166666666977,12.425114340776654,0.7771028740365252,0.569719520292682,0.6525352552842463,0.04860370001373321,0.5311732292121792,0.0071924502484483,0.0012813325984347666,388.0,406.0,494.0,505.0,0.2484472049746927,0.4402515723167292,0.4968944099493855,0.6289308175953273,0.5590169943749475,1.0141204714603338,0.0349385621484342,0.0637811617255706,0.4636476090008061,0.6107259643892086,0.0007548331688845,0.0020394925787479,8.94427190999916,16.1245154965971,0.0057597390025496,0.0091353015771307,4511.200000000186,4543.200000000186,6
46,409,411,413.0,506,508,509.0,4559.200000000186,4575.100000000559,4591.200000000186,3.1622776601683795,2.8284271247461903,2.23606797749979,0.1988853874273137,0.1756787034044494,0.0349385621484342,0.1875,0.1257861635190654,0.1242236024873463,0.0625,0.1257861635190654,0.0621118012436731,0.0125085149322423,0.0109117207086033,0.0005459150335692,0.3217505543966422,0.7853981633974483,0.4636476090008061,0.0088685659127602,0.0291602269804995,0.0199845064847259,0.0014018779510119,0.0001004273096604,0.0006438388618182,47.0,411.0,507.6666666666667,4575.166666666977,2.742257587471453,0.13650088432673244,0.14583658866880392,0.16654052241669495,0.007988716891471601,0.5235987755982988,0.01933776645932853,0.0007153813741635,409.0,413.0,506.0,509.0,0.0621118012436731,0.1257861635190654,0.1242236024873463,0.1875,0.0349385621484342,0.1988853874273137,0.0005459150335692,0.0125085149322423,0.3217505543966422,0.7853981633974483,0.0001004273096604,0.0014018779510119,2.23606797749979,3.1622776601683795,0.0088685659127602,0.0291602269804995,4559.200000000186,4591.200000000186,6
47,413,403,389.0,513,517,520.0,4655.200000000186,4663.100000000559,4671.100000000559,4.0,10.770329614269007,14.317821063276352,0.5063291139001744,1.346291201783626,0.5941004590662935,0.0,1.265822784750436,1.75,0.0625,0.5063291139001744,0.375,0.0640922928957339,0.1682864002229532,0.0246514713309326,1.5707963267948966,2.761086276477428,2.930499320367047,0.0172991987155326,0.1506696138767598,0.0211766304862023,0.0009929121540963,0.0131891275091526,0.0179543661115025,48.0,401.6666666666667,516.6666666666666,4663.133333333768,9.696050225848452,0.8155735915833646,1.0052742615834787,1.1302742615834787,0.08567672148320656,2.420793974546457,0.06304848102616491,0.010712135258250467,389.0,413.0,513.0,520.0,0.0625,0.5063291139001744,0.0,1.75,0.5063291139001744,1.346291201783626,0.0246514713309326,0.1682864002229532,1.5707963267948966,2.930499320367047,0.0009929121540963,0.0179543661115025,4.0,14.317821063276352,0.0172991987155326,0.1506696138767598,4655.200000000186,4671.100000000559,6
48,343,305,273.0,523,523,522.0,4695.200000000186,4711.200000000186,4727.200000000186,46.09772228646444,38.0,32.01562118716424,2.8811076429040274,2.375,2.000976324197765,1.9087136929755624,2.375,2.0,0.124481327802754,0.0,0.0625,0.1800692276815017,0.1484375,0.1250610202623603,3.0764674902554074,3.141592653589793,3.110352820159525,0.0060567705348803,0.0040703227083991,0.0019524895893917,0.0064488695582145,0.0019769829800938,0.0014610299836024,49.0,307.0,522.6666666666666,4711.200000000186,38.70444782454289,2.4190279890339306,2.094571230991854,2.1154045643251873,0.15118924931462066,3.109470988001575,0.004026527610890367,0.0032956275073035665,273.0,343.0,522.0,523.0,0.0,0.124481327802754,1.9087136929755624,2.375,2.000976324197765,2.8811076429040274,0.1250610202623603,0.1800692276815017,3.0764674902554074,3.141592653589793,0.0014610299836024,0.0064488695582145,32.01562118716424,46.09772228646444,0.0019524895893917,0.0060567705348803,4695.200000000186,4727.200000000186,6
49,259,257,255.0,521,521,522.0,4743.200000000186,4871.299999999814,4879.5,14.0356688476182,2.0,2.23606797749979,0.1095680628232554,0.2439024390188499,0.142424711940972,0.875,0.0156128024980938,0.2439024390188499,0.0625,0.0,0.1219512195094249,0.0008553322624791,0.0297441998796719,0.009071637703139,3.070285188804503,3.141592653589793,2.677945044588987,0.0025042269596888,0.0005566546821662,0.0565423913402773,0.0077628554999925,0.0002255180922504,0.0025210441678126,50.0,257.0,521.3333333333334,4831.333333333333,6.090578941705997,0.1652984045943591,0.37817174717231455,0.4188221536754562,0.013223723281763335,2.963274295661094,0.019867757660710767,0.0035031392533518327,255.0,259.0,521.0,522.0,0.0,0.1219512195094249,0.0156128024980938,0.875,0.1095680628232554,0.2439024390188499,0.0008553322624791,0.0297441998796719,2.677945044588987,3.141592653589793,0.0002255180922504,0.0077628554999925,2.0,14.0356688476182,0.0005566546821662,0.0565423913402773,4743.200000000186,4879.5,6
50,251,250,250.0,532,545,554.0,4895.200000000186,4911.200000000186,4927.100000000559,10.770329614269007,13.038404810405298,9.0,0.673145600891813,0.8200254597547053,0.5625,0.2547770700606716,0.0625,0.0,0.636942675151679,0.8125,0.5660377358357946,0.0420716000557383,0.0515739282852511,0.03515625,1.9513027039072612,1.647568218064675,1.5707963267948966,0.0462829516352295,0.0189834053651616,0.0048284208344641,0.0021019084300769,0.0005938955143445,0.001032558382696,51.0,250.33333333333334,543.6666666666666,4911.166666666977,10.93624480822477,0.6852236868821727,0.10575902335355719,0.2944382686321554,0.042933926113663125,1.723222416255611,0.023364925944951733,0.0012427874423724665,250.0,251.0,532.0,554.0,0.5660377358357946,0.8125,0.0,0.2547770700606716,0.5625,0.8200254597547053,0.03515625,0.0515739282852511,1.5707963267948966,1.9513027039072612,0.0005938955143445,0.0021019084300769,9.0,13.038404810405298,0.0048284208344641,0.0462829516352295,4895.200000000186,4927.100000000559,6
51,250,251,252.0,558,565,565.0,4943.100000000559,4959.200000000186,4975.200000000186,4.0,7.071067811865476,1.0,0.2484472049746927,0.4419417382415922,0.0089206066012785,0.0,0.0621118012436731,0.0625,0.25,0.4347826087057124,0.0,0.0154315034149342,0.0276213586400995,7.957722213477408e-05,1.5707963267948966,1.4288992721907328,0.0,0.0,0.0088134816526364,0.0893062045119208,0.0012327966615666,0.0007571338649346,0.0017213613386227,52.0,251.0,562.6666666666666,4959.166666666977,4.0236892706218255,0.2331031832725211,0.04153726708122437,0.04153726708122437,0.014377479759056157,0.9998985329952097,0.0327065620548524,0.0012370972883746334,250.0,252.0,558.0,565.0,0.0,0.4347826087057124,0.0,0.0625,0.0089206066012785,0.4419417382415922,7.957722213477408e-05,0.0276213586400995,0.0,1.5707963267948966,0.0007571338649346,0.0017213613386227,1.0,7.071067811865476,0.0,0.0893062045119208,4943.100000000559,4975.200000000186,6
52,252,254,256.0,566,570,572.0,5087.299999999814,5095.200000000186,5111.200000000186,1.0,4.47213595499958,2.8284271247461903,0.1265822784750436,0.2795084971874737,0.1767766952966369,0.0,0.2531645569500872,0.125,0.0089206066012785,0.5063291139001744,0.125,0.0160230732239334,0.0174692810742171,0.0110485434560398,1.5707963267948966,1.1071487177940904,0.7853981633974483,0.0140124560820706,0.0586895707568281,0.0201094096497901,0.0001422256556811,0.0001830642848373,0.000401296101136,53.0,254.0,569.3333333333334,5097.900000000062,2.7668543599152566,0.19428915698638474,0.12605485231669575,0.1677215189833624,0.014846965918063434,1.1544477359954783,0.030937145496229602,0.00024219534721813332,252.0,256.0,566.0,572.0,0.0089206066012785,0.5063291139001744,0.0,0.2531645569500872,0.1265822784750436,0.2795084971874737,0.0110485434560398,0.0174692810742171,0.7853981633974483,1.5707963267948966,0.0001422256556811,0.000401296101136,1.0,4.47213595499958,0.0140124560820706,0.0586895707568281,5087.299999999814,5111.200000000186,6
53,256,257,259.0,573,573,573.0,5127.200000000186,5583.299999999814,5591.200000000186,1.0,1.0,2.0,0.0302114803628777,0.1265822784750436,0.0836820083668964,0.0,0.0030432136336005,0.2531645569500872,0.0625,0.0,0.0,0.0009127335457165,0.0160230732239334,0.0035013392621586,1.5707963267948966,0.0,0.0,0.0490873852123405,0.0,0.0,0.0006334881193952,4.8761634887253965e-05,0.0015850296153397,54.0,257.3333333333333,573.0,5433.900000000062,1.3333333333333333,0.08015858906827257,0.08540259019456257,0.08540259019456257,0.0068123820106028325,0.5235987755982988,0.01636246173744683,0.0007557597898740512,256.0,259.0,573.0,573.0,0.0,0.0625,0.0,0.2531645569500872,0.0302114803628777,0.1265822784750436,0.0009127335457165,0.0160230732239334,0.0,1.5707963267948966,4.8761634887253965e-05,0.0015850296153397,1.0,2.0,0.0,0.0490873852123405,5127.200000000186,5591.200000000186,6
54,272,311,316.0,571,550,548.0,5615.100000000559,5743.100000000559,5759.799999999814,13.152946437965904,44.29446918070021,5.385164807134504,0.1027573940466086,2.652363424112357,0.3496860264288464,0.5439330543848272,0.3046875,0.299401197618148,0.0836820083668964,0.1640625,0.1197604790472591,0.0008027921409891,0.1588241571395623,0.0227068848324926,0.1526493283952651,0.4939413689195812,0.3805063771123649,0.0063870011879868,0.0026663440665962,0.006792514479777,0.000112909921386,0.0012345419140513,0.0081507348690504,55.0,299.6666666666667,556.3333333333334,5706.00000000031,20.94419347526687,1.034935614862604,0.38267391733432504,0.42259407701674473,0.060777944704348,0.3423656914757371,0.0052819532447866665,0.0031660622348292336,272.0,316.0,548.0,571.0,0.0836820083668964,0.1640625,0.299401197618148,0.5439330543848272,0.1027573940466086,2.652363424112357,0.0008027921409891,0.1588241571395623,0.1526493283952651,0.4939413689195812,0.000112909921386,0.0081507348690504,5.385164807134504,44.29446918070021,0.0026663440665962,0.006792514479777,5615.100000000559,5759.799999999814,6
55,321,328,337.0,545,541,536.0,5775.200000000186,5799.299999999814,5815.200000000186,5.830951894845301,8.06225774829855,10.295630140987,0.2419482114081092,0.5070602357301669,0.6434768838116876,0.3246753246674707,0.2904564315397595,0.5660377358357946,0.1948051948004824,0.1659751037370054,0.3144654087976636,0.0100393448718609,0.0318905808627853,0.0402173052382304,0.5404195002705842,0.5191461142465229,0.507098504392337,0.0103839690359968,0.0008827131130452,0.0007577113115662,0.0008225675298912,0.0009066902900938,0.0005236933569339,56.0,328.6666666666667,540.6666666666666,5796.566666666728,8.062946594710283,0.46416177698332123,0.39372316401434154,0.49854496694689604,0.0273824103242922,0.5222213729698146,0.0040081311535360665,0.0007509837256396333,321.0,337.0,536.0,545.0,0.1659751037370054,0.3144654087976636,0.2904564315397595,0.5660377358357946,0.2419482114081092,0.6434768838116876,0.0100393448718609,0.0402173052382304,0.507098504392337,0.5404195002705842,0.0005236933569339,0.0009066902900938,5.830951894845301,10.295630140987,0.0007577113115662,0.0103839690359968,5775.200000000186,5815.200000000186,6
56,347,362,372.0,529,519,514.0,5831.200000000186,5847.200000000186,5863.200000000186,12.206555615733702,18.027756377319943,11.180339887498947,0.7629097259833564,1.1267347735824966,0.7031660306438364,0.625,0.9375,0.625,0.4375,0.625,0.3125,0.0476818578739597,0.070420923348906,0.0442242786558089,0.6107259643892086,0.5880026035475675,0.4636476090008061,0.0064767162498044,0.0014202100526025,0.0077721871591725,0.000466534539733,0.0014211915921841,0.0016372902933185,57.0,360.3333333333333,520.6666666666666,5847.200000000186,13.804883960184197,0.8642701767365631,0.7291666666666666,0.8333333333333334,0.05410901995955819,0.5541253923125274,0.005223037820526466,0.0011750054750785334,347.0,372.0,514.0,529.0,0.3125,0.625,0.625,0.9375,0.7031660306438364,1.1267347735824966,0.0442242786558089,0.070420923348906,0.4636476090008061,0.6107259643892086,0.000466534539733,0.0016372902933185,11.180339887498947,18.027756377319943,0.0014202100526025,0.0077721871591725,5831.200000000186,5863.200000000186,6
57,380,382,385.0,508,506,504.0,5879.100000000559,5895.100000000559,5911.100000000559,10.0,2.8284271247461903,3.605551275463989,0.625,0.1767766952966369,0.2239472841954916,0.5031446540762619,0.125,0.1875,0.3773584905571964,0.125,0.125,0.0390625,0.0110485434560398,0.0139097692050107,0.6435011087932844,0.7853981633974483,0.5880026035475675,0.0113115408671864,0.0088685659127602,0.0123372224906175,0.0003246401670244,0.0017508722839975,0.0001788266093106,58.0,382.3333333333333,506.0,5895.100000000559,5.4779928000700595,0.3419079931640428,0.27188155135875397,0.3135482180254206,0.021340270887016833,0.6723006252461,0.010839109756854698,0.0007514463534441669,380.0,385.0,504.0,508.0,0.125,0.3773584905571964,0.125,0.5031446540762619,0.1767766952966369,0.625,0.0110485434560398,0.0390625,0.5880026035475675,0.7853981633974483,0.0001788266093106,0.0017508722839975,2.8284271247461903,10.0,0.0088685659127602,0.0123372224906175,5879.100000000559,5911.100000000559,6
58,389,396,401.0,502,499,496.0,5927.200000000186,5943.200000000186,5959.200000000186,4.47213595499958,7.615773105863909,5.830951894845301,0.2795084971874737,0.4759858191164943,0.2439728826257076,0.2484472049746927,0.4375,0.3125,0.1242236024873463,0.1875,0.1875,0.0174692810742171,0.0297491136947808,0.0102080704025901,0.4636476090008061,0.4048917862850834,0.5404195002705842,0.0077239127049465,0.0036722389197326,0.0084704821240937,0.0002210876937446,0.0007674895387852,0.0012213152057619,59.0,395.3333333333333,499.0,5943.200000000186,5.972953651902929,0.33315573297655854,0.3328157349915642,0.3953157349915642,0.019142155057196002,0.4696529651854912,0.006622211249590934,0.0007366308127639002,389.0,401.0,496.0,502.0,0.1242236024873463,0.1875,0.2484472049746927,0.4375,0.2439728826257076,0.4759858191164943,0.0102080704025901,0.0297491136947808,0.4048917862850834,0.5404195002705842,0.0002210876937446,0.0012213152057619,4.47213595499958,7.615773105863909,0.0036722389197326,0.0084704821240937,5927.200000000186,5959.200000000186,6
59,410,413,419.0,492,492,490.0,5983.100000000559,5999.200000000186,6015.100000000559,9.848857801796104,3.0,6.324555320336759,0.6117302982623597,0.1886792452785982,0.3952847075210474,0.3765690376510341,0.1863354037310196,0.3773584905571964,0.1673640167337929,0.0,0.1257861635190654,0.0379956707004046,0.0118666191996338,0.0247052942200654,0.4182243295792291,0.0,0.3217505543966422,0.0051127686480941,0.0259766664340935,0.020235883923843,0.0011626611003088,0.0016229224535015,0.000807463837744,60.0,414.0,491.3333333333333,5999.133333333768,6.391137707377621,0.3985647503540018,0.3134209773130833,0.35534969848610515,0.02485586137336793,0.24665829465862377,0.017108439668676867,0.0011976824638514334,410.0,419.0,490.0,492.0,0.0,0.1673640167337929,0.1863354037310196,0.3773584905571964,0.1886792452785982,0.6117302982623597,0.0118666191996338,0.0379956707004046,0.0,0.4182243295792291,0.000807463837744,0.0016229224535015,3.0,9.848857801796104,0.0051127686480941,0.0259766664340935,5983.100000000559,6015.100000000559,6
60,425,431,438.0,490,488,488.0,6031.100000000559,6047.100000000559,6063.200000000186,6.0,6.324555320336759,7.0,0.375,0.3928295230113726,0.4375,0.375,0.375,0.4347826087057124,0.0,0.125,0.0,0.0234375,0.0243993492559293,0.02734375,0.0,0.3217505543966422,0.0,0.0201094096497901,0.0201094096497901,0.0199845064847259,7.923713875409156e-05,6.0115578495582725e-05,0.0001828820337974,61.0,431.3333333333333,488.6666666666667,6047.133333333768,6.441518440112254,0.40177650767045753,0.3949275362352374,0.3949275362352374,0.02506019975197643,0.10725018479888072,0.020067775261435366,0.0001074115836823581,425.0,438.0,488.0,490.0,0.0,0.125,0.375,0.4347826087057124,0.375,0.4375,0.0234375,0.02734375,0.0,0.3217505543966422,6.0115578495582725e-05,0.0001828820337974,6.0,7.0,0.0199845064847259,0.0201094096497901,6031.100000000559,6063.200000000186,6
61,442,446,448.0,488,488,488.0,6079.200000000186,6095.100000000559,6111.100000000559,4.0,4.0,2.0,0.2515723270381309,0.25,0.2531645569799325,0.25,0.2515723270381309,0.125,0.0,0.0,0.0,0.015822158932845,0.015625,0.0320461464554227,0.0,0.0,0.0,0.0,0.0,0.0,0.0007200994416971,1.2399932883047516e-05,0.0010263216534639,62.0,445.3333333333333,488.0,6095.133333333768,3.3333333333333335,0.2515789613393545,0.20885744234604364,0.20885744234604364,0.021164435129422565,0.0,0.0,0.0005862736760146825,442.0,448.0,488.0,488.0,0.0,0.0,0.125,0.2515723270381309,0.25,0.2531645569799325,0.015625,0.0320461464554227,0.0,0.0,1.2399932883047516e-05,0.0010263216534639,2.0,4.0,0.0,0.0,6079.200000000186,6111.100000000559,6
62,449,451,454.0,488,488,488.0,6119.0,6143.200000000186,6167.200000000186,1.0,2.0,3.0,0.0413223140492687,0.0833333333333333,0.1875,0.1265822784899662,0.0826446280985374,0.125,0.0,0.0,0.0,0.0017075336383863,0.0034722222222222,0.01171875,0.0,0.0,0.0,0.0,0.0,0.0,0.0038403307366053,7.292101586042346e-05,0.000343605324074,63.0,451.3333333333333,488.0,6143.133333333458,2.0,0.10405188246086733,0.11140896886283454,0.11140896886283454,0.0056328352868695,0.0,0.0,0.0014189523588465744,449.0,454.0,488.0,488.0,0.0,0.0,0.0826446280985374,0.1265822784899662,0.0413223140492687,0.1875,0.0017075336383863,0.01171875,0.0,0.0,7.292101586042346e-05,0.0038403307366053,1.0,3.0,0.0,0.0,6119.0,6167.200000000186,6
63,459,463,467.0,490,493,495.0,6183.200000000186,6199.100000000559,6215.200000000186,5.385164807134504,5.0,4.47213595499958,0.3386896105036687,0.3105590062183659,0.2795084971874737,0.3125,0.2515723270381309,0.2484472049746927,0.125,0.1886792452785982,0.1242236024873463,0.0213012333645115,0.0192893792686678,0.0174692810742171,0.3805063771123649,0.6435011087932844,0.4636476090008061,0.0237816485695228,0.0165405491619344,0.0111710248320894,0.0005989052102819,0.0001265317041381,0.0001130495772976,64.0,463.0,492.6666666666667,6199.166666666977,4.952433587378028,0.30958570463650276,0.2708398440042745,0.31224771150005665,0.019353297902465465,0.4958850316354851,0.0171644075211822,0.0002794954972392,459.0,467.0,490.0,495.0,0.1242236024873463,0.1886792452785982,0.2484472049746927,0.3125,0.2795084971874737,0.3386896105036687,0.0174692810742171,0.0213012333645115,0.3805063771123649,0.6435011087932844,0.0001130495772976,0.0005989052102819,4.47213595499958,5.385164807134504,0.0111710248320894,0.0237816485695228,6183.200000000186,6215.200000000186,6
64,471,474,477.0,495,496,497.0,6231.200000000186,6247.100000000559,6263.100000000559,4.0,3.1622776601683795,3.1622776601683795,0.2515723270381309,0.1976423537605237,0.1976423537605237,0.25,0.1886792452785982,0.1875,0.0,0.0628930817595327,0.0625,0.015822158932845,0.0123526471100327,0.0123526471100327,0.0,0.3217505543966422,0.3217505543966422,0.0289779755625503,0.020235883923843,0.0,0.0001029451338357,0.0002182082907378,0.0,65.0,474.0,496.0,6247.133333333768,3.441518440112253,0.2156190115197261,0.20872641509286605,0.2295597484261994,0.013509151050970133,0.21450036959776145,0.016404619828797765,0.0001070511415245,471.0,477.0,495.0,497.0,0.0,0.0628930817595327,0.1875,0.25,0.1976423537605237,0.2515723270381309,0.0123526471100327,0.015822158932845,0.0,0.3217505543966422,0.0,0.0002182082907378,3.1622776601683795,4.0,0.0,0.0289779755625503,6231.200000000186,6263.100000000559,6
65,487,520,609.0,498,502,525.0,6279.100000000559,6295.100000000559,6311.200000000186,10.04987562112089,33.24154027718932,91.92388155425118,0.6281172263200556,2.0646919427303403,5.745242597140699,0.625,2.0625,5.527950310686914,0.0625,0.25,1.4285714286044835,0.0392573266450034,0.1282417355762803,0.3590776623212937,0.099668652491162,0.1206236685801027,0.2528940650955976,0.0138801188690925,0.0013096885055587,0.0082155525787922,0.0016815424709356,0.0055615255582048,0.0143376352018853,66.0,538.6666666666666,508.3333333333333,6295.133333333768,45.071765817520465,2.812683922063698,2.7384834368956383,3.214673913097133,0.17552557484752582,0.1577287953889541,0.0078017866511478,0.007193567743675233,487.0,609.0,498.0,525.0,0.0625,1.4285714286044835,0.625,5.527950310686914,0.6281172263200556,5.745242597140699,0.0392573266450034,0.3590776623212937,0.099668652491162,0.2528940650955976,0.0016815424709356,0.0143376352018853,10.04987562112089,91.92388155425118,0.0013096885055587,0.0138801188690925,6279.100000000559,6311.200000000186,6
66,731,941,1079.0,545,576,597.0,6327.200000000186,6351.100000000559,6367.200000000186,123.62847568420472,212.2757640429072,139.5886814895821,5.17273956829614,13.184830065081918,8.72429259309888,7.625,8.786610878524131,8.571428571626901,1.25,1.2970711296868955,1.304347826117137,0.216432617916967,0.8189335444339748,0.54526828706868,0.1624891092172034,0.1465605784239725,0.1510153429213594,0.0056503097423996,0.0006664657235557,0.000276693447049,0.0089153152752704,0.0252092437869295,0.0169978420727718,67.0,917.0,572.6666666666666,6348.50000000031,158.49764040556468,9.027287408825647,8.32767981671701,8.762462425422724,0.5268781498065406,0.15335501018751177,0.0021978229710014337,0.0170408003783239,731.0,1079.0,545.0,597.0,1.25,1.304347826117137,7.625,8.786610878524131,5.17273956829614,13.184830065081918,0.216432617916967,0.8189335444339748,0.1465605784239725,0.1624891092172034,0.0089153152752704,0.0252092437869295,123.62847568420472,212.2757640429072,0.000276693447049,0.0056503097423996,6327.200000000186,6367.200000000186,6
67,1195,1250,1270.0,612,621,623.0,6383.200000000186,6399.200000000186,6415.200000000186,116.96580696938744,55.731499172371095,20.09975124224178,7.310362935586714,3.4832186982731934,1.2562344526401112,7.25,3.4375,1.25,0.9375,0.5625,0.125,0.4568976834741696,0.2177011686420746,0.0785146532900069,0.1285967506549035,0.1621988334633823,0.099668652491162,0.0014011620166534,0.0021001301755299,0.0039081363107637,0.0055231627246568,0.0149497821770059,0.0086991572095042,68.0,1238.3333333333333,618.6666666666666,6399.200000000186,64.26568579466677,4.016605362166673,3.9791666666666665,4.020833333333333,0.251037835135417,0.13015474553648257,0.002469809500982333,0.009724034037055634,1195.0,1270.0,612.0,623.0,0.125,0.9375,1.25,7.25,1.2562344526401112,7.310362935586714,0.0785146532900069,0.4568976834741696,0.099668652491162,0.1621988334633823,0.0055231627246568,0.0149497821770059,20.09975124224178,116.96580696938744,0.0014011620166534,0.0039081363107637,6383.200000000186,6415.200000000186,6
68,1273,1273,1272.0,623,624,624.0,6431.200000000186,6439.200000000186,6463.200000000186,3.0,1.0,1.0,0.375,0.0416666666666666,0.0632911392412524,0.1875,0.0,0.0416666666666666,0.0,0.125,0.0,0.046875,0.0017361111111111,0.0040057683064556,0.0,1.5707963267948966,3.141592653589793,0.0062292907806976,0.196349540849362,0.0654498469497873,0.0019774783306254,0.0056423611111111,9.456904980602069e-05,69.0,1272.6666666666667,623.6666666666666,6444.533333333519,1.6666666666666667,0.1599859353026397,0.07638888888888887,0.07638888888888887,0.017538959805855566,1.5707963267948966,0.08934289285994895,0.00257146949718084,1272.0,1273.0,623.0,624.0,0.0,0.125,0.0,0.1875,0.0416666666666666,0.375,0.0017361111111111,0.046875,0.0,3.141592653589793,9.456904980602069e-05,0.0056423611111111,1.0,3.0,0.0062292907806976,0.196349540849362,6431.200000000186,6463.200000000186,6
69,1268,1266,1265.0,623,623,623.0,6479.0,6495.0,6502.9000000003725,4.123105625617661,2.0,1.0,0.2576941016011038,0.2531645569500872,0.0309597523221599,0.2531645569650098,0.125,0.1265822784750436,0.0632911392412524,0.0,0.0,0.0161058813500689,0.0320461464478669,0.0009585062638494,2.896613990462929,3.141592653589793,3.141592653589793,0.0155049786790982,0.015311166445429,0.0,0.0007658299394782,0.0009962665686123,0.0039351443269052,70.0,1266.3333333333333,623.0,6492.300000000124,2.3743685418725535,0.1806061369577836,0.16824894514668445,0.16824894514668445,0.016370178020595066,3.0599330992141716,0.0102720483748424,0.0018990802783319,1265.0,1268.0,623.0,623.0,0.0,0.0632911392412524,0.125,0.2531645569650098,0.0309597523221599,0.2576941016011038,0.0009585062638494,0.0320461464478669,2.896613990462929,3.141592653589793,0.0007658299394782,0.0039351443269052,1.0,4.123105625617661,0.0,0.0155049786790982,6479.0,6502.9000000003725,6
70,1258,1255,1254.0,623,623,624.0,6535.200000000186,6551.100000000559,6559.100000000559,7.0,3.0,1.4142135623730951,0.4402515723167292,0.375,0.0589255650988789,0.2167182662551197,0.1886792452785982,0.125,0.0,0.0,0.125,0.0276887781324788,0.046875,0.0024552318791199,3.141592653589793,3.141592653589793,2.356194490192345,0.0,0.0,0.098174770424681,0.0008275625965567,0.0012066806205705,0.00555247101511,71.0,1255.6666666666667,623.3333333333334,6548.466666667101,3.8047378541243653,0.29139237913853605,0.17679917051123928,0.21846583717790594,0.02567300333719957,2.8797932657906435,0.03272492347489366,0.0025289047440790664,1254.0,1258.0,623.0,624.0,0.0,0.125,0.125,0.2167182662551197,0.0589255650988789,0.4402515723167292,0.0024552318791199,0.046875,2.356194490192345,3.141592653589793,0.0008275625965567,0.00555247101511,1.4142135623730951,7.0,0.0,0.098174770424681,6535.200000000186,6559.100000000559,6
71,1251,1244,1234.0,624,624,621.0,6583.100000000559,6599.100000000559,6615.200000000186,3.0,7.0,10.44030650891055,0.1875,0.4347826087057124,0.656623050859493,0.125,0.4375,0.6211180124367319,0.0,0.0,0.1863354037310196,0.01171875,0.0270051309761349,0.0412970472228999,3.141592653589793,3.141592653589793,2.8501358591119264,0.0327249234748936,0.0,0.0181029064897273,0.0003859799217033,0.0009553988110084,0.0008876966613102,72.0,1243.0,623.0,6599.133333333768,6.813435502970184,0.4263018865217352,0.3945393374789106,0.45665113872258384,0.026673642733011604,3.0444403887638374,0.01694260998820697,0.0007430251313406333,1234.0,1251.0,621.0,624.0,0.0,0.1863354037310196,0.125,0.6211180124367319,0.1875,0.656623050859493,0.01171875,0.0412970472228999,2.8501358591119264,3.141592653589793,0.0003859799217033,0.0009553988110084,3.0,10.44030650891055,0.0,0.0327249234748936,6583.100000000559,6615.200000000186,6
72,1218,1199,1175.0,608,595,577.0,6631.100000000559,6647.100000000559,6663.200000000186,20.615528128088304,23.021728866442675,30.0,1.288470508005519,1.4299210476382214,1.875,1.0062893081525237,1.1875,1.4906832298481567,0.8176100628739256,0.8125,1.1180124223861174,0.0805294067503449,0.0888149719050501,0.1171875,2.459276098715045,2.5415424401880395,2.498091544796509,0.0245823748671524,0.0051416463420621,0.0026988133784183,0.0024674439953789,0.000517847822169,0.001762268825814,73.0,1197.3333333333333,593.3333333333334,6647.133333333768,24.54575233151033,1.5311305185479134,1.2281575126668935,1.6008283201289324,0.095510626218465,2.499636694566531,0.010807611529210934,0.0015825202144539665,1175.0,1218.0,577.0,608.0,0.8125,1.1180124223861174,1.0062893081525237,1.4906832298481567,1.288470508005519,1.875,0.0805294067503449,0.1171875,2.459276098715045,2.5415424401880395,0.000517847822169,0.0024674439953789,20.615528128088304,30.0,0.0026988133784183,0.0245823748671524,6631.100000000559,6663.200000000186,6
73,1156,1146,1144.0,562,552,549.0,6679.200000000186,6695.200000000186,6711.200000000186,24.20743687382041,14.142135623730953,3.605551275463989,1.5129648046137756,0.8838834764831844,0.1514937510711011,1.1875,0.625,0.125,0.9375,0.625,0.1875,0.0945603002883609,0.055242717280199,0.0063652836584994,2.473303234759209,2.356194490192345,2.158798930342464,0.0015492693773312,0.007319296535429,0.0123372224906175,0.0014141999819774,0.0024573489380101,0.0030548396013562,74.0,1148.6666666666667,554.3333333333334,6695.200000000186,13.985041257671783,0.8494473440560205,0.6458333333333334,0.7083333333333334,0.052056100409019763,2.3294322184313394,0.007068596134459233,0.002308796173781233,1144.0,1156.0,549.0,562.0,0.1875,0.9375,0.125,1.1875,0.1514937510711011,1.5129648046137756,0.0063652836584994,0.0945603002883609,2.158798930342464,2.473303234759209,0.0014141999819774,0.0030548396013562,3.605551275463989,24.20743687382041,0.0015492693773312,0.0123372224906175,6679.200000000186,6711.200000000186,6
74,1144,1145,1146.0,548,548,548.0,6735.0,6807.200000000186,6815.200000000186,1.0,1.0,1.0,0.0138504155124296,0.125,0.125,0.0,0.0138504155124296,0.125,0.0420168067230179,0.0,0.0,0.0001918340098669,0.015625,0.015625,1.5707963267948966,0.0,0.0,0.0247059917458894,0.0217561818115075,0.0,0.0002593886407008,0.0002137557616356,0.0,75.0,1145.0,548.0,6785.800000000124,1.0,0.0879501385041432,0.04628347183747653,0.04628347183747653,0.0104806113366223,0.5235987755982988,0.015487391185798968,0.0001577148007788,1144.0,1146.0,548.0,548.0,0.0,0.0420168067230179,0.0,0.125,0.0138504155124296,0.125,0.0001918340098669,0.015625,0.0,1.5707963267948966,0.0,0.0002593886407008,1.0,1.0,0.0,0.0247059917458894,6735.0,6815.200000000186,6
75,1147,1148,1148.0,548,548,550.0,6823.200000000186,6887.100000000559,7046.5,1.0,1.0,2.0,0.0156494522690793,0.0581395348862393,0.1257861635190654,0.125,0.0156494522690793,0.0,0.0,0.0,0.0628930817613746,0.0002449053563221,0.0033802055167882,0.0079110794664225,0.0,0.0,1.5707963267948966,0.0,0.0,0.0493961109057892,0.0019225118304597,4.906573021045031e-05,0.0002487760838512,76.0,1147.6666666666667,548.6666666666666,6918.933333333582,1.3333333333333333,0.06652505022479467,0.046883150756359765,0.06784751134348464,0.0038453967798442665,0.5235987755982988,0.016465370301929735,0.0007401178815071167,1147.0,1148.0,548.0,550.0,0.0,0.0628930817613746,0.0,0.125,0.0156494522690793,0.1257861635190654,0.0002449053563221,0.0079110794664225,0.0,1.5707963267948966,4.906573021045031e-05,0.0019225118304597,1.0,2.0,0.0,0.0493961109057892,6823.200000000186,7046.5,6
76,1145,1144,1143.0,552,553,553.0,7062.4000000003725,7447.299999999814,7519.200000000186,3.605551275463989,1.4142135623730951,1.0,0.0093675013652097,0.0196691733291483,0.125,0.1886792452785982,0.0025980774227109,0.0139082058413743,0.1257861635190654,0.0025980774227109,0.0,2.4337493804165565e-05,0.0002735629113914,0.015625,2.5535900500422257,2.356194490192345,3.141592653589793,0.0618109259889498,0.0005128489473893,0.0109234793239691,0.0004960215077002,6.475069305992805e-07,0.0002135109469892,77.0,1144.0,552.6666666666666,7342.966666666791,2.006588279279028,0.05134555823145267,0.06839517618089447,0.06839517618089447,0.005307633468398521,2.6837923979414544,0.024415751420102733,0.00023672665387333312,1143.0,1145.0,552.0,553.0,0.0,0.1257861635190654,0.0025980774227109,0.1886792452785982,0.0093675013652097,0.125,2.4337493804165565e-05,0.015625,2.356194490192345,3.141592653589793,6.475069305992805e-07,0.0004960215077002,1.0,3.605551275463989,0.0005128489473893,0.0618109259889498,7062.4000000003725,7519.200000000186,6
77,1143,1142,1141.0,554,555,556.0,7527.200000000186,7567.100000000559,7623.299999999814,1.0,1.4142135623730951,1.4142135623730951,0.02506265664137,0.0251639423913139,0.0591721155795419,0.0,0.02506265664137,0.0177935943062857,0.125,0.02506265664137,0.0177935943062857,0.0006281367579232,0.0004477569820577,0.002475820735507,1.5707963267948966,2.356194490192345,2.356194490192345,0.196349540849362,0.0196841644959928,0.0,0.0018746079052595,4.520796387562371e-06,3.6086543656160095e-05,78.0,1142.0,555.0,7572.533333333519,1.2761423749153966,0.03646623820407527,0.014285416982551901,0.020216615084647133,0.0011839048251626333,2.0943951023931953,0.07201123511511827,0.0006384050817677408,1141.0,1143.0,554.0,556.0,0.0177935943062857,0.125,0.0,0.02506265664137,0.02506265664137,0.0591721155795419,0.0004477569820577,0.002475820735507,1.5707963267948966,2.356194490192345,4.520796387562371e-06,0.0018746079052595,1.0,1.4142135623730951,0.0,0.196349540849362,7527.200000000186,7623.299999999814,6
78,1141,1141,1140.0,557,558,559.0,7647.200000000186,7663.200000000186,7687.200000000186,1.0,1.0,1.4142135623730951,0.0625,0.0416666666666666,0.0441941738241592,0.0,0.0,0.0416666666666666,0.0418410041834482,0.0625,0.0416666666666666,0.00390625,0.0017361111111111,0.0013810679320049,1.5707963267948966,1.5707963267948966,2.356194490192345,0.0328618478403852,0.0,0.0327249234748936,5.985059683977438e-05,0.0001356336805555,1.479346579608897e-05,79.0,1140.6666666666667,558.0,7665.866666666853,1.1380711874576983,0.04945361349694194,0.013888888888888867,0.027777777777777735,0.002341143014372,1.832595714594046,0.02186225710509293,7.009258106378778e-05,1140.0,1141.0,557.0,559.0,0.0416666666666666,0.0625,0.0,0.0416666666666666,0.0416666666666666,0.0625,0.0013810679320049,0.00390625,1.5707963267948966,2.356194490192345,1.479346579608897e-05,0.0001356336805555,1.0,1.4142135623730951,0.0,0.0328618478403852,7647.200000000186,7687.200000000186,6
79,1139,1138,1138.0,560,561,562.0,7719.200000000186,7735.200000000186,7767.299999999814,1.4142135623730951,1.4142135623730951,1.0,0.0883883476483184,0.0440564972707011,0.0048076923076923,0.03125,0.0625,0.0,0.03125,0.0625,0.0311526479754394,0.0055242717280199,0.001372476550505,2.311390532544379e-05,2.356194490192345,2.356194490192345,1.5707963267948966,0.0,0.0,0.0244672325048773,0.0001294751186254,0.0002594871985946,4.203621947648838e-05,80.0,1138.3333333333333,561.0,7740.566666666728,1.2761423749153968,0.04575084574223726,0.03125,0.041634215991813134,0.002306620727950115,2.0943951023931953,0.008155744168292433,0.00014366617889882946,1138.0,1139.0,560.0,562.0,0.0311526479754394,0.0625,0.0,0.0625,0.0048076923076923,0.0883883476483184,2.311390532544379e-05,0.0055242717280199,1.5707963267948966,2.356194490192345,4.203621947648838e-05,0.0002594871985946,1.0,1.4142135623730951,0.0,0.0244672325048773,7719.200000000186,7767.299999999814,6
80,1136,1133,1128.0,565,567,569.0,7975.299999999814,8095.200000000186,8103.200000000186,3.605551275463989,3.605551275463989,5.385164807134504,0.0300713200621583,0.4506939094329986,0.3386896105036687,0.0096153846153846,0.0250208507088463,0.625,0.0144230769230769,0.0166805671392309,0.25,0.000250803336631,0.0563367386791248,0.0213012333645115,2.158798930342464,2.5535900500422257,2.761086276477428,0.0028269355939786,0.003292669889062,0.0259370283044003,1.0946607274308804e-06,0.0004677726050235,0.0043794381643266,81.0,1132.3333333333333,567.0,8057.900000000062,4.198755786020827,0.27315161333294186,0.21987874510807695,0.3032120784414103,0.02596292512675577,2.4911584189540394,0.010685544595813633,0.001616101810025844,1128.0,1136.0,565.0,569.0,0.0144230769230769,0.25,0.0096153846153846,0.625,0.0300713200621583,0.4506939094329986,0.000250803336631,0.0563367386791248,2.158798930342464,2.761086276477428,1.0946607274308804e-06,0.0043794381643266,3.605551275463989,5.385164807134504,0.0028269355939786,0.0259370283044003,7975.299999999814,8103.200000000186,6
81,1111,1086,1055.0,575,577,577.0,8119.100000000559,8135.100000000559,8151.100000000559,18.027756377319943,25.079872407968907,31.0,1.1267347735824966,1.5674920254980569,1.8902439025034303,1.0691823899120565,1.5625,1.9375,0.3773584905571964,0.125,0.0,0.070420923348906,0.0979682515936285,0.1152587745468192,2.8023000391357487,3.061762667877556,3.141592653589793,0.0025920605444877,0.0162164142963629,0.0049893741070148,0.0030892886781914,0.0017217080152951,0.0010806576845744,82.0,1084.0,576.3333333333334,8135.100000000559,24.70254292842962,1.5281569005279945,1.523060796637352,1.523060796637352,0.09454931649645122,3.0018851202010324,0.007932616315955135,0.001963884792686967,1055.0,1111.0,575.0,577.0,0.0,0.3773584905571964,1.0691823899120565,1.9375,1.1267347735824966,1.8902439025034303,0.070420923348906,0.1152587745468192,2.8023000391357487,3.141592653589793,0.0010806576845744,0.0030892886781914,18.027756377319943,31.0,0.0025920605444877,0.0162164142963629,8119.100000000559,8151.100000000559,6
82,1004,893,815.0,573,529,482.0,8167.5,8191.100000000559,8207.200000000186,51.15662224971465,119.4026800369238,91.0659101969557,2.167653485106076,7.416315530415316,5.691619387309731,3.1097560976669336,4.703389830397109,4.844720497006509,0.2439024390327006,1.864406779616872,2.91925465845264,0.0918497239429979,0.4606407161855229,0.3557262117068582,3.0633215130685154,2.7641966863533685,2.5992899163741887,0.0047726305197527,0.0126747807927145,0.0102426565206829,0.0014273811344279,0.015626736959059,0.0065164288497572,83.0,904.0,528.0,8188.600000000249,87.20840416119806,5.091862800943708,4.2192888083568505,5.19237369450773,0.3027388839451263,2.808936038598691,0.009230022611050034,0.007856848981081367,815.0,1004.0,482.0,573.0,0.2439024390327006,2.91925465845264,3.1097560976669336,4.844720497006509,2.167653485106076,7.416315530415316,0.0918497239429979,0.4606407161855229,2.5992899163741887,3.0633215130685154,0.0014273811344279,0.015626736959059,51.15662224971465,119.4026800369238,0.0047726305197527,0.0126747807927145,8167.5,8207.200000000186,6
83,738,680,643.0,437,406,386.0,8223.200000000186,8239.200000000186,8255.200000000186,89.1852005660132,65.76473218982953,42.05948168962618,5.574075035375825,4.110295761864346,2.6287176056016364,4.8125,3.625,2.3125,2.8125,1.9375,1.25,0.348379689710989,0.2568934851165216,0.1642948503501022,2.6127111028366685,2.650740873191774,2.646040980103965,0.0008388241539049,0.002376860647194,0.000293743317988,0.0004591576247418,0.0057178877871542,0.0057874146729012,84.0,687.0,409.6666666666667,8239.200000000186,65.6698048151563,4.104362800947269,3.5833333333333335,4.0,0.2565226750592043,2.636497652044136,0.0011698093730289666,0.003988153361599067,643.0,738.0,386.0,437.0,1.25,2.8125,2.3125,4.8125,2.6287176056016364,5.574075035375825,0.1642948503501022,0.348379689710989,2.6127111028366685,2.650740873191774,0.0004591576247418,0.0057874146729012,42.05948168962618,89.1852005660132,0.000293743317988,0.002376860647194,8223.200000000186,8255.200000000186,6
84,629,627,627.0,377,376,371.0,8271.200000000186,8279.200000000186,8303.100000000559,16.64331697709324,2.23606797749979,5.0,2.080414622136655,0.0935593296010433,0.3105590062183659,0.875,0.25,0.0,0.5625,0.125,0.2092050209172412,0.2600518277670818,0.0039146163012378,0.0192893792686678,2.5702551737561663,2.677945044588987,1.5707963267948966,0.0047366128967374,0.0134612338541025,0.0463242141329219,0.0059848110885612,0.0320171514332305,0.0006432955216397,85.0,627.6666666666666,374.6666666666667,8284.500000000311,7.959794984864343,0.8281776526520214,0.375,0.4447350069724137,0.0944186077789958,2.2729988483800168,0.0215073536279206,0.0128817526811438,627.0,629.0,371.0,377.0,0.125,0.5625,0.0,0.875,0.0935593296010433,2.080414622136655,0.0039146163012378,0.2600518277670818,1.5707963267948966,2.677945044588987,0.0006432955216397,0.0320171514332305,2.23606797749979,16.64331697709324,0.0047366128967374,0.0463242141329219,8271.200000000186,8303.100000000559,6
85,627,627,627.0,368,364,360.0,8319.200000000186,8335.100000000559,8351.5,3.0,4.0,4.0,0.1886792452785982,0.2439024390327006,0.0501882057715263,0.0,0.0,0.0,0.1863354037310196,0.2515723270381309,0.2439024390327006,0.0118666191996338,0.014872099941525,0.0006297139996412,1.5707963267948966,1.5707963267948966,1.5707963267948966,0.0,0.0,0.0,0.0004610409980873,0.0001890239460264,0.0008684381672176,86.0,627.0,364.0,8335.266666666916,3.6666666666666665,0.16092329669427505,0.0,0.0813008130109002,0.009122811046933334,1.5707963267948966,0.0,0.0005061677037771,627.0,627.0,360.0,368.0,0.1863354037310196,0.2515723270381309,0.0,0.0,0.0501882057715263,0.2439024390327006,0.0006297139996412,0.014872099941525,1.5707963267948966,1.5707963267948966,0.0001890239460264,0.0008684381672176,3.0,4.0,0.0,0.0,8319.200000000186,8351.5,6
86,627,627,630.0,358,357,352.0,8431.200000000186,8439.200000000186,8455.0,2.0,1.0,5.830951894845301,0.25,0.0632911392412524,0.359935302146806,0.0,0.0,0.1898734177237573,0.0250941028857631,0.125,0.3164556962062623,0.03125,0.0040057683064556,0.0222182285273251,1.5707963267948966,1.5707963267948966,1.0303768265243125,0.0,0.0,0.0342037658403136,0.0003841943036422,0.003405528961693,0.0011526873557648,87.0,628.0,355.6666666666667,8441.800000000125,2.9436506316151,0.22440881379601949,0.06329113924125243,0.16877637131000653,0.01915799894459357,1.3906564933713685,0.011401255280104534,0.0016474702070333332,627.0,630.0,352.0,358.0,0.0250941028857631,0.3164556962062623,0.0,0.1898734177237573,0.0632911392412524,0.359935302146806,0.0040057683064556,0.03125,1.0303768265243125,1.5707963267948966,0.0003841943036422,0.003405528961693,1.0,5.830951894845301,0.0,0.0342037658403136,8431.200000000186,8455.0,6
87,634,638,641.0,347,344,343.0,8471.200000000186,8487.100000000559,8503.200000000186,6.4031242374328485,5.0,3.1622776601683795,0.4027122161813098,0.3105590062183659,0.4002883113948431,0.2469135802440746,0.2515723270381309,0.1863354037310196,0.3086419753050932,0.1886792452785982,0.0621118012436731,0.0253278123378537,0.0192893792686678,0.0506694065032869,0.8960553845713439,0.6435011087932844,0.3217505543966422,0.0082914470340385,0.015883916715229,0.0199845064847259,0.0001919496179316,0.0003797756647197,0.0019490700146177,88.0,637.6666666666666,344.6666666666667,8487.166666666977,4.8551339658670765,0.3711865112648396,0.22827377033774168,0.24897770408563272,0.031762199369936135,0.6204356825870901,0.014719956744664467,0.0008402650990896668,634.0,641.0,343.0,347.0,0.0621118012436731,0.3086419753050932,0.1863354037310196,0.2515723270381309,0.3105590062183659,0.4027122161813098,0.0192893792686678,0.0506694065032869,0.3217505543966422,0.8960553845713439,0.0001919496179316,0.0019490700146177,3.1622776601683795,6.4031242374328485,0.0082914470340385,0.0199845064847259,8471.200000000186,8503.200000000186,6
88,642,642,642.0,343,348,349.0,8511.100000000559,8799.200000000186,8823.200000000186,1.0,5.0,1.0,0.0245098039216805,0.2083333333333333,0.0625,0.1265822784750436,0.0,0.0,0.0,0.0444444444444444,0.0416666666666666,0.0006007304882792,0.0086805555555555,0.00390625,0.0,1.5707963267948966,1.5707963267948966,0.0407279182761354,0.0139626340159546,0.0,0.0063378070902084,7.716049382716049e-05,0.0001989293981481,89.0,642.0,346.6666666666667,8711.166666666977,2.3333333333333335,0.09844771241833794,0.04219409282501454,0.056082981713903406,0.0043958453479449,1.0471975511965976,0.018230184097363333,0.0022046323273945535,642.0,642.0,343.0,349.0,0.0,0.0444444444444444,0.0,0.1265822784750436,0.0245098039216805,0.2083333333333333,0.0006007304882792,0.0086805555555555,0.0,1.5707963267948966,7.716049382716049e-05,0.0063378070902084,1.0,5.0,0.0,0.0407279182761354,8511.100000000559,8823.200000000186,6
89,642,643,643.0,350,351,352.0,8839.200000000186,8855.200000000186,8887.200000000186,1.0,1.4142135623730951,1.0,0.0625,0.0441941738241592,0.0628930817595327,0.0,0.0625,0.0,0.0625,0.0625,0.03125,0.00390625,0.0013810679320049,0.0039555397332112,1.5707963267948966,0.7853981633974483,1.5707963267948966,0.0,0.0490873852123405,0.0245436926061702,0.0,0.0001578238792496,8.045224378769666e-05,90.0,642.6666666666666,351.0,8860.53333333352,1.1380711874576983,0.056529085194563976,0.020833333333333332,0.03125,0.0030809525550720336,1.3089969389957472,0.02454369260617023,7.942537434576555e-05,642.0,643.0,350.0,352.0,0.03125,0.0625,0.0,0.0625,0.0441941738241592,0.0628930817595327,0.0013810679320049,0.0039555397332112,0.7853981633974483,1.5707963267948966,0.0,0.0001578238792496,1.0,1.4142135623730951,0.0,0.0490873852123405,8839.200000000186,8887.200000000186,6
90,643,644,644.0,354,354,355.0,8903.100000000559,8919.100000000559,8967.299999999814,2.0,1.0,1.0,0.125,0.0207468879671256,0.0178571428571428,0.0,0.0625,0.0,0.1257861635190654,0.0,0.0207468879671256,0.0078125,0.0004304333603204,0.0003188775510204,1.5707963267948966,0.0,1.5707963267948966,0.0,0.098174770424681,0.0325891354111862,0.0002425761174024,0.0004613791649799,2.3144358776303e-06,91.0,643.6666666666666,354.3333333333333,8929.833333333643,1.3333333333333333,0.0545346769414228,0.020833333333333332,0.02774896265570853,0.002853936970446933,1.0471975511965976,0.043587968611955734,0.00023542323941997678,643.0,644.0,354.0,355.0,0.0,0.1257861635190654,0.0,0.0625,0.0178571428571428,0.125,0.0003188775510204,0.0078125,0.0,1.5707963267948966,2.3144358776303e-06,0.0004613791649799,1.0,2.0,0.0,0.098174770424681,8903.100000000559,8967.299999999814,6
91,645,645,645.0,356,357,358.0,9023.299999999814,9031.200000000186,9087.299999999814,1.4142135623730951,1.0,1.0,0.1790143749754945,0.0178253119430773,0.0089285714285714,0.0178571428571428,0.0,0.0,0.0178571428571428,0.1265822784750436,0.0178253119430773,0.0226600474641839,0.000317741745868,7.971938775510203e-05,0.7853981633974483,1.5707963267948966,1.5707963267948966,0.0140249672035258,0.0994174890329635,0.0,0.000398949462735,0.0028281399642104,4.242822782789577e-06,92.0,645.0,357.0,9047.266666666605,1.1380711874576983,0.06858941944904773,0.005952380952380934,0.011894151600073366,0.0076858361992689994,1.3089969389957472,0.037814152078829766,0.0010771107499093966,645.0,645.0,356.0,358.0,0.0178253119430773,0.1265822784750436,0.0,0.0178571428571428,0.0089285714285714,0.1790143749754945,7.971938775510203e-05,0.0226600474641839,0.7853981633974483,1.5707963267948966,4.242822782789577e-06,0.0028281399642104,1.0,1.4142135623730951,0.0,0.0994174890329635,9023.299999999814,9087.299999999814,6
92,645,645,645.0,359,360,361.0,9199.299999999814,9215.200000000186,9231.200000000186,1.0,1.0,1.0,0.0628930817595327,0.0625,0.03125,0.0,0.0,0.0,0.0089285714285714,0.0628930817595327,0.0625,0.0039555397332112,0.00390625,0.0009765625,1.5707963267948966,1.5707963267948966,1.5707963267948966,0.0,0.0,0.0,3.460553879871577e-05,3.099983220761879e-06,0.00018310546875,93.0,645.0,360.0,9215.233333333395,1.0,0.052214360586510904,0.0,0.020833333333333332,0.0029461174110704,1.5707963267948966,0.0,7.360366358982589e-05,645.0,645.0,359.0,361.0,0.0089285714285714,0.0628930817595327,0.0,0.0,0.03125,0.0628930817595327,0.0009765625,0.0039555397332112,1.5707963267948966,1.5707963267948966,3.099983220761879e-06,0.00018310546875,1.0,1.0,0.0,0.0,9199.299999999814,9231.200000000186,6
93,645,645,645.0,362,363,364.0,9263.200000000186,9607.299999999814,9615.5,1.0,1.0,1.0,0.0029061319383931,0.1219512195094249,0.0251256281408211,0.0,0.0,0.0,0.03125,0.0029061319383931,0.1219512195094249,8.445602843348721e-06,0.0148720999398359,0.0006312971894708,1.5707963267948966,1.5707963267948966,1.5707963267948966,0.0,0.0,0.0,3.0253653036145352e-05,4.319574058997006e-05,0.0017366832622002,94.0,645.0,363.0,9495.333333333334,1.0,0.049994326529546364,0.0,0.04065040650314163,0.005170614244050016,1.5707963267948966,0.0,0.0006033775519421052,645.0,645.0,362.0,364.0,0.0029061319383931,0.1219512195094249,0.0,0.0,0.0029061319383931,0.1219512195094249,8.445602843348721e-06,0.0148720999398359,1.5707963267948966,1.5707963267948966,3.0253653036145352e-05,0.0017366832622002,1.0,1.0,0.0,0.0,9263.200000000186,9615.5,6
94,645,644,644.0,365,365,366.0,9655.299999999814,9695.299999999814,9719.299999999814,1.0,1.0,1.0,0.025,0.0416666666666666,0.1265822784750436,0.0,0.025,0.0,0.0251256281408211,0.0,0.0416666666666666,0.000625,0.0017361111111111,0.0160230732239334,1.5707963267948966,3.141592653589793,1.5707963267948966,0.0,0.0392699081698724,0.0654498469497873,1.582208409761541e-07,2.777777777777777e-05,0.0005952900880342,95.0,644.3333333333334,365.3333333333333,9689.96666666648,1.0,0.06441631504723673,0.008333333333333333,0.0222222222222222,0.006128061445014832,2.0943951023931953,0.03490658503988656,0.000207742028884318,644.0,645.0,365.0,366.0,0.0,0.0416666666666666,0.0,0.025,0.025,0.1265822784750436,0.000625,0.0160230732239334,1.5707963267948966,3.141592653589793,1.582208409761541e-07,0.0005952900880342,1.0,1.0,0.0,0.0654498469497873,9655.299999999814,9719.299999999814,6
95,642,627,596.0,368,376,382.0,9727.200000000186,9743.10000000056,9759.200000000186,2.8284271247461903,17.0,31.575306807693888,0.1778884984075422,1.0559006211424444,1.9858683526386225,0.2531645569500872,0.943396226392991,1.925465838553869,0.2531645569500872,0.5031446540762619,0.3726708074620392,0.011187955874426,0.0655838895134705,0.1248973806661694,2.356194490192345,2.651635327336065,2.950408193992778,0.0994174890329635,0.0185811847255847,0.0185573209107842,0.0006120401707948,0.0034211279017465,0.0036840677735448,96.0,621.6666666666666,375.3333333333333,9743.166666666977,17.134577977480024,1.0732191573962029,1.0406755406323158,1.1648991431196623,0.0672230753513553,2.6527460038403965,0.04551866488977747,0.0025724119486953668,596.0,642.0,368.0,382.0,0.2531645569500872,0.5031446540762619,0.2531645569500872,1.925465838553869,0.1778884984075422,1.9858683526386225,0.011187955874426,0.1248973806661694,2.356194490192345,2.950408193992778,0.0006120401707948,0.0036840677735448,2.8284271247461903,31.575306807693888,0.0185573209107842,0.0994174890329635,9727.200000000186,9759.200000000186,6
96,544,459,403.0,382,366,345.0,9775.10000000056,9791.200000000186,9807.10000000056,52.0,86.49277426467485,59.80802621722272,3.2298136646710063,5.439797123437004,3.73800163857642,3.2704402514957023,5.279503105712221,3.522012578533833,0.0,0.9937888198987712,1.3207547169501874,0.2006095443941453,0.3421256052395945,0.2336251024110262,3.141592653589793,2.9555344764407896,2.782821983319221,0.0120241798485871,0.011556408518839,0.0108624209507875,0.0047617713035347,0.0087898174440201,0.0068239309953475,97.0,468.6666666666667,364.3333333333333,9791.133333333768,66.1002668272992,4.13587080889481,4.023985311913918,4.4642368842306475,0.2587867506815887,2.9599830377832674,0.011481003106071199,0.006791839914300767,403.0,544.0,345.0,382.0,0.0,1.3207547169501874,3.2704402514957023,5.279503105712221,3.2298136646710063,5.439797123437004,0.2006095443941453,0.3421256052395945,2.782821983319221,3.141592653589793,0.0047617713035347,0.0087898174440201,52.0,86.49277426467485,0.0108624209507875,0.0120241798485871,9775.10000000056,9807.10000000056,6
97,365,346,345.0,329,318,317.0,9823.10000000056,9847.10000000056,9879.10000000056,41.23105625617661,21.95449840010015,1.4142135623730951,1.717960677340692,0.6860780750031297,0.1745942669676712,2.375,0.7916666666666666,0.03125,1.0,0.4583333333333333,0.03125,0.0715816948891955,0.0214399398438478,0.0215548477747779,2.743070207923373,2.616796881939686,2.356194490192345,0.0024844859622404,0.0052613885826536,0.0081438247421044,0.0101277129701144,0.0020892397935561,3.590872841565556e-06,98.0,352.0,321.3333333333333,9849.766666667228,21.533256072883287,0.8595443397704976,1.065972222222222,1.0763888888888888,0.038192160835940396,2.5720205266851344,0.005296566428999467,0.0040735145455040225,345.0,365.0,317.0,329.0,0.03125,1.0,0.03125,2.375,0.1745942669676712,1.717960677340692,0.0214399398438478,0.0715816948891955,2.356194490192345,2.743070207923373,3.590872841565556e-06,0.0101277129701144,1.4142135623730951,41.23105625617661,0.0024844859622404,0.0081438247421044,9823.10000000056,9879.10000000056,6
98,345,345,345.0,315,313,308.0,9887.200000000186,9895.200000000186,9911.10000000056,2.0,2.0,5.0,0.25,0.1257861635190654,0.3125,0.0,0.0,0.0,0.2469135802582694,0.25,0.3144654087976636,0.03125,0.0079110794664225,0.01953125,1.5707963267948966,1.5707963267948966,1.5707963267948966,0.0969627362263666,0.0,0.0,0.0011969323735392,0.0029173650666971,0.000730828335428,99.0,345.0,312.0,9897.833333333643,3.0,0.2294287211730218,0.0,0.10482180293255454,0.019564109822140834,1.5707963267948966,0.03232091207545553,0.0016150419252214333,345.0,345.0,308.0,315.0,0.2469135802582694,0.3144654087976636,0.0,0.0,0.1257861635190654,0.3125,0.0079110794664225,0.03125,1.5707963267948966,1.5707963267948966,0.000730828335428,0.0029173650666971,2.0,5.0,0.0,0.0969627362263666,9887.200000000186,9911.10000000056,6
99,342,340,339.0,303,299,296.0,9927.10000000056,9943.10000000056,9959.200000000186,5.830951894845301,4.47213595499958,3.1622776601683795,0.3644344934278313,0.2777724195716185,0.1317615691736824,0.1875,0.125,0.0621118012436731,0.3125,0.25,0.1863354037310196,0.0227771558392394,0.0172529453154065,0.0054900653822367,2.1112158270654806,2.0344439357957027,1.892546881191539,0.0337762187669115,0.0047982432043611,0.0088134816526364,0.0002028691149524,0.0003452631577395,0.0007306136604622,100.0,340.3333333333333,299.3333333333333,9943.13333333377,4.48845517000442,0.25798949405771077,0.1248706004145577,0.18698240165823088,0.015173388845627536,2.012735548017574,0.015795981207969666,0.0004262486443847,339.0,342.0,296.0,303.0,0.1863354037310196,0.3125,0.0621118012436731,0.1875,0.1317615691736824,0.3644344934278313,0.0054900653822367,0.0227771558392394,1.892546881191539,2.1112158270654806,0.0002028691149524,0.0007306136604622,3.1622776601683795,5.830951894845301,0.0047982432043611,0.0337762187669115,9927.10000000056,9959.200000000186,6
100,338,335,332.0,295,295,295.0,9983.200000000186,10063.200000000186,10079.10000000056,1.4142135623730951,3.0,3.0,0.0176776695296636,0.1886792452785982,0.1863354037310196,0.0416666666666666,0.0375,0.1886792452785982,0.0416666666666666,0.0,0.0,0.0002209708691207,0.0118666191996338,0.0115736275612006,2.356194490192345,3.141592653589793,3.141592653589793,0.0193186503750335,0.0098174770424681,0.0,0.0002195456047131,0.0001455706041314,1.842714707083356e-05,101.0,335.0,295.0,10041.833333333643,2.471404520791032,0.1308974395130938,0.0892819706484216,0.0892819706484216,0.007887072543318366,2.8797932657906435,0.009712042472500534,0.00012784778530511117,332.0,338.0,295.0,295.0,0.0,0.0416666666666666,0.0375,0.1886792452785982,0.0176776695296636,0.1886792452785982,0.0002209708691207,0.0118666191996338,2.356194490192345,3.141592653589793,1.842714707083356e-05,0.0002195456047131,1.4142135623730951,3.0,0.0,0.0193186503750335,9983.200000000186,10079.10000000056,6
101,327,319,312.0,295,295,295.0,10095.200000000186,10111.10000000056,10127.200000000186,5.0,8.0,7.0,0.3144654087976636,0.4968944099493855,0.4375,0.3105590062183659,0.5031446540762619,0.4347826087057124,0.0,0.0,0.0,0.0197776986660563,0.0308630068298685,0.02734375,3.141592653589793,3.141592653589793,3.141592653589793,0.0,0.0,0.0,0.0005095696338537,0.0006971891926762,0.0002185873807422,102.0,319.3333333333333,295.0,10111.166666666977,6.666666666666667,0.4162866062490164,0.41616208966678,0.41616208966678,0.0259948184986416,3.141592653589793,0.0,0.0004751154024240334,312.0,327.0,295.0,295.0,0.0,0.0,0.3105590062183659,0.5031446540762619,0.3144654087976636,0.4968944099493855,0.0197776986660563,0.0308630068298685,3.141592653589793,3.141592653589793,0.0002185873807422,0.0006971891926762,5.0,8.0,0.0,0.0,10095.200000000186,10127.200000000186,6
102,302,291,283.0,295,295,295.0,10143.200000000186,10159.200000000186,10175.10000000056,10.0,11.0,8.0,0.625,0.6918238993548601,0.0897867564537985,0.625,0.6875,0.5031446540762619,0.0,0.0,0.0,0.0390625,0.0435109370653239,0.0010077077043117,3.141592653589793,3.141592653589793,3.141592653589793,0.0,0.0,0.0,0.000732421875,0.0002780273165827,0.0026731590792463,103.0,292.0,295.0,10159.166666666977,9.666666666666666,0.4688702186028862,0.6052148846920873,0.6052148846920873,0.027860381589878535,3.141592653589793,0.0,0.0012278694236096668,283.0,302.0,295.0,295.0,0.0,0.0,0.5031446540762619,0.6875,0.0897867564537985,0.6918238993548601,0.0010077077043117,0.0435109370653239,3.141592653589793,3.141592653589793,0.0002780273165827,0.0026731590792463,8.0,11.0,0.0,0.0,10143.200000000186,10175.10000000056,6
103,282,282,299.0,295,297,322.0,10759.0,10767.5,10927.200000000186,1.0,2.0,30.23243291566195,0.1176470588235294,0.0125234815278501,1.889527057228872,0.0029726516052368,0.0,0.1064495929867261,0.0,0.2352941176470588,0.1565435190981267,0.0138408304498269,7.841879478920184e-05,0.1180954410768044,3.141592653589793,1.5707963267948966,0.973619668702219,0.0093388604446938,0.1847995678582231,0.0037393654232434,4.114396685448865e-05,0.0016191072535338,0.0007389919992603,104.0,287.6666666666667,304.6666666666667,10817.900000000061,11.077477638553981,0.6732325325267504,0.0364740815306543,0.0886552545633632,0.04400489677380684,1.8953362163623029,0.06595926457538677,0.0007997477398828628,282.0,299.0,295.0,322.0,0.0,0.2352941176470588,0.0,0.1064495929867261,0.0125234815278501,1.889527057228872,7.841879478920184e-05,0.1180954410768044,0.973619668702219,3.141592653589793,4.114396685448865e-05,0.0016191072535338,1.0,30.23243291566195,0.0037393654232434,0.1847995678582231,10759.0,10927.200000000186,6
104,300,305,308.0,324,331,334.0,10943.200000000186,10967.200000000186,10983.10000000056,2.23606797749979,8.602325267042627,4.242640687119285,0.0931694990624912,0.5410267463422062,0.2668327476269427,0.0625,0.2083333333333333,0.1886792452785982,0.125,0.2916666666666667,0.1886792452785982,0.0038820624609371,0.0340268393917943,0.016781933813605,1.1071487177940904,0.9505468408120752,0.7853981633974483,0.0083455655682419,0.0065250782075839,0.0103867092711168,0.0071383361634917,0.001256032372119,0.0010845852564644,105.0,304.3333333333333,329.6666666666667,10964.500000000311,5.0270113105539,0.30034299767721334,0.1531708595373105,0.21606394129684323,0.018230278555445466,0.947697907334538,0.0084191176823142,0.0031596512640250326,300.0,308.0,324.0,334.0,0.125,0.2916666666666667,0.0625,0.2083333333333333,0.0931694990624912,0.5410267463422062,0.0038820624609371,0.0340268393917943,0.7853981633974483,1.1071487177940904,0.0010845852564644,0.0071383361634917,2.23606797749979,8.602325267042627,0.0065250782075839,0.0103867092711168,10943.200000000186,10983.10000000056,6
105,310,312,315.0,337,341,344.0,10999.0,11015.10000000056,11031.10000000056,3.605551275463989,4.47213595499958,4.242640687119285,0.2239472841825372,0.2795084971874737,0.2635180551066741,0.1257861635264332,0.1242236024801605,0.1875,0.1886792452896498,0.248447204960321,0.1875,0.0139097692034015,0.0174692810742171,0.016367581062905,0.982793723247329,1.1071487177940904,0.7853981633974483,0.0124148150853344,0.0077239127044997,0.0201094096497901,0.0001806392836669,0.0002210876938318,6.885625070700285e-05,106.0,312.3333333333333,340.6666666666667,11015.066666667039,4.106775972527618,0.2556579454922283,0.14583658866886456,0.20833658866886454,0.015915543780174533,0.9584468681462893,0.013416045813208067,0.0001568610760685676,310.0,315.0,337.0,344.0,0.1875,0.248447204960321,0.1242236024801605,0.1875,0.2239472841825372,0.2795084971874737,0.0139097692034015,0.0174692810742171,0.7853981633974483,1.1071487177940904,6.885625070700285e-05,0.0002210876938318,3.605551275463989,4.47213595499958,0.0077239127044997,0.0201094096497901,10999.0,11031.10000000056,6
106,316,318,319.0,346,349,350.0,11047.200000000186,11063.10000000056,11079.200000000186,2.23606797749979,3.605551275463989,1.4142135623730951,0.1406332061287672,0.2239472841954916,0.0889442492037711,0.0621118012436731,0.1257861635190654,0.0621118012436731,0.1242236024873463,0.1886792452785982,0.0621118012436731,0.0088448557311617,0.0139097692050107,0.005593977937213,1.1071487177940904,0.982793723247329,0.7853981633974483,0.0199845064847258,0.0078210688392357,0.0122605937797793,0.0004672500206159,0.0003185480172157,0.0005165087744093,107.0,317.6666666666667,348.3333333333333,11063.166666666977,2.418610938445625,0.15117491317600995,0.08333658866880388,0.10404052241669491,0.009449534291128466,0.9584468681462893,0.013355389701246936,0.0004341022707469667,316.0,319.0,346.0,350.0,0.0621118012436731,0.1886792452785982,0.0621118012436731,0.1257861635190654,0.0889442492037711,0.2239472841954916,0.005593977937213,0.0139097692050107,0.7853981633974483,1.1071487177940904,0.0003185480172157,0.0005165087744093,1.4142135623730951,3.605551275463989,0.0078210688392357,0.0199845064847258,11047.200000000186,11079.200000000186,6
107,321,323,324.0,353,355,356.0,11095.10000000056,11103.0,11135.200000000186,3.605551275463989,2.8284271247461903,1.4142135623730951,0.4563988956606357,0.0878393516996841,0.0889442492037711,0.1257861635190654,0.2531645569799325,0.0310559006209383,0.1886792452785982,0.2531645569799325,0.0310559006209383,0.0577720121130276,0.002727930176993,0.005593977937213,0.982793723247329,0.7853981633974483,0.7853981633974483,0.0124148150846072,0.0249867797296004,0.0,0.0032816373694712,0.0069676053088516,8.900769441625494e-05,108.0,322.6666666666667,354.6666666666667,11111.100000000248,2.6160639875277583,0.2110608321880303,0.1366688737066454,0.14702084058029152,0.0220313067424112,0.8511966833474086,0.012467198271402533,0.003446083457579685,321.0,324.0,353.0,356.0,0.0310559006209383,0.2531645569799325,0.0310559006209383,0.2531645569799325,0.0878393516996841,0.4563988956606357,0.002727930176993,0.0577720121130276,0.7853981633974483,0.982793723247329,8.900769441625494e-05,0.0069676053088516,1.4142135623730951,3.605551275463989,0.0,0.0249867797296004,11095.10000000056,11135.200000000186,6
108,324,325,328.0,358,359,362.0,11151.10000000056,11167.10000000056,11175.200000000186,2.0,1.4142135623730951,4.242640687119285,0.125,0.1745942669676712,0.1767766952966368,0.0,0.0625,0.3703703703874041,0.1257861635190654,0.0625,0.3703703703874041,0.0078125,0.0215548477747779,0.0073656956373598,1.5707963267948966,0.7853981633974483,0.7853981633974483,0.0493961109043425,0.0490873852123405,0.0,0.0001395296894801,0.0008588967359236,0.0017517471775395,109.0,325.6666666666667,359.6666666666667,11164.466666667102,2.5522847498307932,0.15879032075476934,0.14429012346246803,0.26774691359160274,0.0122443478040459,1.0471975511965976,0.03282783203889433,0.0009167245343144,324.0,328.0,358.0,362.0,0.0625,0.3703703703874041,0.0,0.3703703703874041,0.125,0.1767766952966368,0.0073656956373598,0.0215548477747779,0.7853981633974483,1.5707963267948966,0.0001395296894801,0.0017517471775395,1.4142135623730951,4.242640687119285,0.0,0.0493961109043425,11151.10000000056,11175.200000000186,6
109,336,345,352.0,370,379,384.0,11199.200000000186,11215.10000000056,11231.200000000186,11.31370849898476,12.727922061357855,8.602325267042627,0.711553993630169,0.7905541653200223,0.5376453291901642,0.3333333333333333,0.5660377358357946,0.4347826087057124,0.3333333333333333,0.5660377358357946,0.3105590062183659,0.0447518234977042,0.0491027431887151,0.0336028330743852,0.7853981633974483,0.7853981633974483,0.6202494859828215,0.0,0.0,0.0102576818272328,0.0015577553275143,0.0002736427478559,0.000962727336316,110.0,344.3333333333333,377.6666666666667,11215.166666666977,10.881318609128414,0.6799178293801186,0.4447178926249468,0.548237561364402,0.042485799920268165,0.7303486042592393,0.0034192272757442668,0.0009313751372287334,336.0,352.0,370.0,384.0,0.3105590062183659,0.5660377358357946,0.3333333333333333,0.5660377358357946,0.5376453291901642,0.7905541653200223,0.0336028330743852,0.0491027431887151,0.6202494859828215,0.7853981633974483,0.0002736427478559,0.0015577553275143,8.602325267042627,12.727922061357855,0.0,0.0102576818272328,11199.200000000186,11231.200000000186,6
110,358,360,362.0,390,392,395.0,11247.200000000186,11263.200000000186,11279.10000000056,8.48528137423857,2.8284271247461903,3.605551275463989,0.5303300858899106,0.1778884984075422,0.2253469547164993,0.375,0.125,0.1257861635190654,0.375,0.125,0.1886792452785982,0.0331456303681194,0.011187955874426,0.0140841846697812,0.7853981633974483,0.7853981633974483,0.982793723247329,0.0103217923384141,0.0,0.0124148150846072,2.8575169141615512e-05,0.0013723546558558,0.0001821527544205,111.0,360.0,392.3333333333333,11263.166666666977,4.973086591482916,0.3111885130046507,0.20859538783968845,0.2714884695992212,0.019472590304108865,0.8511966833474086,0.0075788691410071,0.0005276941931393051,358.0,362.0,390.0,395.0,0.125,0.375,0.125,0.375,0.1778884984075422,0.5303300858899106,0.011187955874426,0.0331456303681194,0.7853981633974483,0.982793723247329,2.8575169141615512e-05,0.0013723546558558,2.8284271247461903,8.48528137423857,0.0,0.0124148150846072,11247.200000000186,11279.10000000056,6
111,364,366,368.0,398,398,400.0,11295.10000000056,11303.0,11327.200000000186,3.605551275463989,2.0,2.8284271247461903,0.4563988956606357,0.0826446280985374,0.1183442311590838,0.125,0.2531645569799325,0.0826446280985374,0.1875,0.0,0.0826446280985374,0.0577720121130276,0.0034150672767727,0.0049516414710141,0.982793723247329,0.0,0.7853981633974483,0.0,0.1244042687742842,0.0324544695616282,0.0027304892152029,0.0068806259291265,6.349480141444557e-05,112.0,366.0,398.6666666666667,11308.433333333582,2.811326133403393,0.21912925163941896,0.1536030616928233,0.18115127105900242,0.022046240286938135,0.5893972955482591,0.0522862461119708,0.0032248699819146156,364.0,368.0,398.0,400.0,0.0,0.1875,0.0826446280985374,0.2531645569799325,0.0826446280985374,0.4563988956606357,0.0034150672767727,0.0577720121130276,0.0,0.982793723247329,6.349480141444557e-05,0.0068806259291265,2.0,3.605551275463989,0.0,0.1244042687742842,11295.10000000056,11327.200000000186,6
112,369,375,386.0,401,406,413.0,11351.10000000056,11367.10000000056,11383.10000000056,1.4142135623730951,7.810249675906654,13.038404810405298,0.0883883476483184,0.4881406047441659,0.8098388081184463,0.0418410041834482,0.375,0.6875,0.0418410041834482,0.3125,0.4375,0.0055242717280199,0.0305087877965103,0.0503005470892661,0.7853981633974483,0.6947382761967031,0.5667292175235064,0.0,0.0056662429500465,0.0080005661670747,2.3959424978944968e-05,0.0015615322542806,0.0012369849557972,113.0,376.6666666666667,406.6666666666667,11367.10000000056,7.42095601622835,0.4621225868369769,0.3681136680611494,0.5139470013944828,0.028777868871265433,0.6822885523725525,0.0045556030390404,0.000940825545018915,369.0,386.0,401.0,413.0,0.0418410041834482,0.4375,0.0418410041834482,0.6875,0.0883883476483184,0.8098388081184463,0.0055242717280199,0.0503005470892661,0.5667292175235064,0.7853981633974483,2.3959424978944968e-05,0.0015615322542806,1.4142135623730951,13.038404810405298,0.0,0.0080005661670747,11351.10000000056,11383.10000000056,6
113,396,407,418.0,419,426,433.0,11399.200000000186,11415.10000000056,11431.200000000186,11.6619037896906,13.038404810405298,13.038404810405298,0.7334530685168157,0.8098388081184463,0.8200254597547053,0.6211180124367319,0.6918238993548601,0.6832298136804051,0.3726708074620392,0.4402515723167292,0.4347826087057124,0.0461291238050082,0.0503005470892661,0.0515739282852511,0.5404195002705842,0.5667292175235064,0.5667292175235064,0.0016341439287907,0.0016546991982582,0.0,0.000259094613935,0.0002623536656704,7.909199975244966e-05,114.0,407.0,426.0,11415.166666666977,12.579571136833733,0.7877724454633225,0.6653905751573324,0.8103181113925698,0.049334533059841805,0.5579593117725322,0.0010962810423496333,0.0002001800931192832,396.0,418.0,419.0,433.0,0.3726708074620392,0.4402515723167292,0.6211180124367319,0.6918238993548601,0.7334530685168157,0.8200254597547053,0.0461291238050082,0.0515739282852511,0.5404195002705842,0.5667292175235064,7.909199975244966e-05,0.0002623536656704,11.6619037896906,13.038404810405298,0.0,0.0016546991982582,11399.200000000186,11431.200000000186,6
114,431,451,470.0,440,451,463.0,11447.10000000056,11463.10000000056,11479.10000000056,14.7648230602334,22.825424421026653,22.47220505424423,0.9228014412645876,1.4265890263141658,1.378662886779204,0.8176100628739256,1.25,1.1875,0.4402515723167292,0.6875,0.75,0.0576750900790367,0.0891618141446353,0.0845805452021447,0.4939413689195812,0.5028432109278608,0.5633162614919681,0.0045778521133471,0.0005563651255174,0.0037795656602567,0.0003837208675246,0.0019679202540999,0.0002863293089056,115.0,450.6666666666667,451.3333333333333,11463.10000000056,20.02081751183476,1.2426844514526525,1.085036687624642,1.335036687624642,0.07713914980860556,0.5200336137798033,0.002971260966373733,0.0008793234768433668,431.0,470.0,440.0,463.0,0.4402515723167292,0.75,0.8176100628739256,1.25,0.9228014412645876,1.4265890263141658,0.0576750900790367,0.0891618141446353,0.4939413689195812,0.5633162614919681,0.0002863293089056,0.0019679202540999,14.7648230602334,22.825424421026653,0.0005563651255174,0.0045778521133471,11447.10000000056,11479.10000000056,6
115,483,485,484.0,472,475,479.0,11495.400000000373,11511.200000000186,11535.10000000056,15.811388300841896,3.605551275463989,4.123105625617661,1.0007207785460943,0.1508598860003259,0.2576941016011038,0.7975460122790524,0.1265822784825049,0.0418410041834482,0.5521472392701132,0.1898734177237573,0.1673640167337929,0.0633367581365754,0.0063121291212541,0.0161058813500689,0.6055446636049701,0.982793723247329,1.8157749899217608,0.0025906995161646,0.0238765227624561,0.0348527726636589,0.0013032998199884,0.0036091537351894,0.0004097804279774,116.0,484.0,475.3333333333333,11513.900000000373,7.846681733974516,0.469758255382508,0.3219897649816685,0.3777777705595995,0.028584922869299468,1.1347044589246866,0.0204399983140932,0.001774077994385067,483.0,485.0,472.0,479.0,0.1673640167337929,0.5521472392701132,0.0418410041834482,0.7975460122790524,0.1508598860003259,1.0007207785460943,0.0063121291212541,0.0633367581365754,0.6055446636049701,1.8157749899217608,0.0004097804279774,0.0036091537351894,3.605551275463989,15.811388300841896,0.0025906995161646,0.0348527726636589,11495.400000000373,11535.10000000056,6
116,464,433,391.0,482,482,480.0,11551.10000000056,11567.10000000056,11583.10000000056,20.223748416156685,31.0,42.04759208325728,1.2639842760097928,1.9375,2.611651682250322,1.25,1.9375,2.625,0.1875,0.0,0.125,0.078999017250612,0.12109375,0.1622143902056367,2.992702705980296,3.141592653589793,3.0940095503128098,0.0735579822536584,0.0093056217255935,0.0029739439548114,0.0039308209937839,0.0026309207968367,0.0025700400128522,117.0,429.3333333333333,481.3333333333333,11567.10000000056,31.090446833137985,1.937711986086705,1.9375,1.9791666666666667,0.12076905248541621,3.0761016366276333,0.0286125159780211,0.0030439272678242668,391.0,464.0,480.0,482.0,0.0,0.1875,1.25,2.625,1.2639842760097928,2.611651682250322,0.078999017250612,0.1622143902056367,2.992702705980296,3.141592653589793,0.0025700400128522,0.0039308209937839,20.223748416156685,42.04759208325728,0.0029739439548114,0.0735579822536584,11551.10000000056,11583.10000000056,6
117,358,344,340.0,476,476,478.0,11599.200000000186,11615.10000000056,11631.10000000056,33.24154027718932,14.0,4.47213595499958,2.0906629104660683,0.875,0.2795084971874737,2.0496894410412154,0.8805031446334584,0.25,0.2484472049746927,0.0,0.125,0.1314882333595651,0.0546875,0.0174692810742171,3.0209689850096906,3.141592653589793,2.677945044588987,0.0045366810748328,0.0075863942501431,0.0289779755625503,0.0019084569470051,0.0048302348023752,0.0023261386828614,118.0,347.3333333333333,476.6666666666667,11615.133333333768,17.2378920773963,1.0817238025511806,1.0600641952248913,1.101730861891558,0.06788167147792741,2.9468355610628234,0.013700350295842068,0.0030216101440805666,340.0,358.0,476.0,478.0,0.0,0.2484472049746927,0.25,2.0496894410412154,0.2795084971874737,2.0906629104660683,0.0174692810742171,0.1314882333595651,2.677945044588987,3.141592653589793,0.0019084569470051,0.0048302348023752,4.47213595499958,33.24154027718932,0.0045366810748328,0.0289779755625503,11599.200000000186,11631.10000000056,6
118,336,326,316.0,481,491,501.0,11647.10000000056,11663.10000000056,11679.400000000373,5.0,14.142135623730953,14.142135623730953,0.3125,0.8676156824473962,0.5967145832750972,0.25,0.625,0.613496932522348,0.1875,0.625,0.613496932522348,0.01953125,0.0532279559789761,0.0251778305177387,2.498091544796509,2.356194490192345,2.356194490192345,0.0112408437370298,0.0088685659127602,0.0,0.0001288730578614,0.002106044123686,0.0017208665927336,119.0,326.0,491.0,11663.200000000497,11.0947570824873,0.5922767552408311,0.496165644174116,0.7006646216815654,0.03264567883223827,2.403493508393733,0.00670313654993,0.0013185945914269998,316.0,336.0,481.0,501.0,0.1875,0.625,0.25,0.625,0.3125,0.8676156824473962,0.01953125,0.0532279559789761,2.356194490192345,2.498091544796509,0.0001288730578614,0.002106044123686,5.0,14.142135623730953,0.0,0.0112408437370298,11647.10000000056,11679.400000000373,6
119,305,301,299.0,512,516,517.0,11703.10000000056,11719.10000000056,11735.10000000056,15.556349186104043,5.656854249492381,2.23606797749979,0.9722718241315028,0.3535533905932738,0.1406332061370047,0.4641350210933986,0.25,0.125,0.4641350210933986,0.25,0.0625,0.0607669890082189,0.0220970869120796,0.0088448557321979,2.356194490192345,2.356194490192345,2.677945044588987,0.0,0.0,0.0201094096497901,0.0015016522569704,0.0024168688810087,0.0008282644487426,120.0,301.6666666666667,515.0,11719.10000000056,7.816423804365404,0.48881947362059375,0.27971167369779953,0.30054500703113285,0.030569643884165467,2.4634446749912255,0.006703136549930033,0.0015822618622405667,299.0,305.0,512.0,517.0,0.0625,0.4641350210933986,0.125,0.4641350210933986,0.1406332061370047,0.9722718241315028,0.0088448557321979,0.0607669890082189,2.356194490192345,2.677945044588987,0.0008282644487426,0.0024168688810087,2.23606797749979,15.556349186104043,0.0,0.0201094096497901,11703.10000000056,11735.10000000056,6
120,299,297,297.0,519,523,527.0,11751.0,11767.10000000056,11782.60000000056,2.0,4.47213595499958,4.0,0.1242236024801605,0.2885249003225535,0.2484472049746927,0.0,0.1242236024801605,0.0,0.1257861635264332,0.248447204960321,0.2580645161290322,0.0077157517065744,0.0186145096982292,0.0154315034149342,1.5707963267948966,2.0344439357957027,1.5707963267948966,0.0696319948322641,0.0287979881356965,0.0299127489677939,7.101283180271329e-05,0.0006769414901413,0.0002053552440835,121.0,297.6666666666667,523.0,11766.900000000373,3.49071198499986,0.22039856925913556,0.04140786749338683,0.1274293728697309,0.013920588273245932,1.7253455297951652,0.042780910645251496,0.0003177698553425044,297.0,299.0,519.0,527.0,0.1257861635264332,0.2580645161290322,0.0,0.1242236024801605,0.1242236024801605,0.2885249003225535,0.0077157517065744,0.0186145096982292,1.5707963267948966,2.0344439357957027,7.101283180271329e-05,0.0006769414901413,2.0,4.47213595499958,0.0287979881356965,0.0696319948322641,11751.0,11782.60000000056,6
121,295,292,286.0,533,540,549.0,11798.700000000186,11814.700000000186,11830.60000000056,6.324555320336759,7.615773105863909,10.816653826391969,0.3952847075210474,0.4789794406091494,0.655554777357089,0.1242236024873463,0.1875,0.3773584905571964,0.3726708074620392,0.4375,0.5660377358357946,0.0247052942200654,0.0301244931193664,0.0397305925670963,1.892546881191539,1.97568811307998,2.158798930342464,0.0199845064847259,0.0051963269930275,0.0115164036011442,0.0005760118512637,0.0003386999312063,0.0006041571979562,122.0,291.0,540.6666666666666,11814.666666666977,8.252327417530879,0.5099396418290952,0.22969403101484756,0.4183732762934458,0.03152012663550937,2.009011308204661,0.012232412359632532,0.0005062896601420666,286.0,295.0,533.0,549.0,0.3726708074620392,0.5660377358357946,0.1242236024873463,0.3773584905571964,0.3952847075210474,0.655554777357089,0.0247052942200654,0.0397305925670963,1.892546881191539,2.158798930342464,0.0003386999312063,0.0006041571979562,6.324555320336759,10.816653826391969,0.0051963269930275,0.0199845064847259,11798.700000000186,11830.60000000056,6
122,281,276,274.0,556,563,567.0,11847.10000000056,11872.200000000186,11887.0,8.602325267042627,8.602325267042627,4.47213595499958,0.3427221221980199,0.5812381937264115,0.042591770999996,0.303030303030303,0.1992031872539525,0.1351351351368358,0.4242424242424242,0.2788844621555336,0.2702702702736717,0.0136542678168568,0.0392728509279545,0.0004056359142856,2.191045812777718,2.191045812777718,2.0344439357957027,0.0019543565112275,0.0,0.0105812079043233,0.0015803833181963,0.0010206606817321,0.0026261631766322,123.0,277.0,562.0,11868.766666666916,7.225595496361611,0.32218402897480913,0.2124562084736971,0.302546298564921,0.017777584886365636,2.138845187117046,0.004178521471850267,0.0017424023921868668,274.0,281.0,556.0,567.0,0.2702702702736717,0.4242424242424242,0.1351351351368358,0.303030303030303,0.042591770999996,0.5812381937264115,0.0004056359142856,0.0392728509279545,2.0344439357957027,2.191045812777718,0.0010206606817321,0.0026261631766322,4.47213595499958,8.602325267042627,0.0,0.0105812079043233,11847.10000000056,11887.0,6
123,317,321,322.0,566,565,565.0,12751.200000000186,12767.5,12783.200000000186,43.01162633521314,4.123105625617661,1.0,2.63875008194507,0.262618192711385,0.0418410041834482,0.0671245707149937,0.2453987730089392,0.0636942675151679,0.0015610365282556,0.0613496932522348,0.0,0.1618865080966395,0.0167272734209088,0.0017506696310793,0.0232516228104629,0.2449786631268641,0.0,3.629663254835535e-05,0.0136028859091371,0.0156037365047106,0.0002527107525706,0.0089054745200852,0.000953923808258,124.0,320.0,565.3333333333334,12767.300000000125,16.044910653610266,0.981069759613301,0.12540587041303358,0.12540587041303358,0.0601214837162092,0.08941009531244233,0.009747639682132018,0.0033707030269712664,317.0,322.0,565.0,566.0,0.0,0.0613496932522348,0.0636942675151679,0.2453987730089392,0.0418410041834482,2.63875008194507,0.0017506696310793,0.1618865080966395,0.0,0.2449786631268641,0.0002527107525706,0.0089054745200852,1.0,43.01162633521314,3.629663254835535e-05,0.0156037365047106,12751.200000000186,12783.200000000186,6
124,324,325,327.0,564,564,563.0,12807.10000000056,12815.200000000186,12839.10000000056,2.23606797749979,1.0,2.23606797749979,0.2760577750126703,0.0418410041834482,0.1388862097858092,0.0836820083668964,0.1234567901291347,0.0836820083668964,0.0418410041834482,0.0,0.0418410041834482,0.0340812067932551,0.0017506696310793,0.0086264726577032,0.4636476090008061,0.0,0.4636476090008061,0.0193994815478485,0.0572404455582876,0.0193994815478485,0.0013527421406557,0.0039914243411929,0.0002876905032015,125.0,325.3333333333333,563.6666666666666,12820.466666667102,1.8240453183331933,0.15226166299397592,0.09694026895430918,0.11088727034879192,0.014819449694012535,0.3090984060005374,0.03201313621799486,0.0018772856616833665,324.0,327.0,563.0,564.0,0.0,0.0418410041834482,0.0836820083668964,0.1234567901291347,0.0418410041834482,0.2760577750126703,0.0017506696310793,0.0340812067932551,0.0,0.4636476090008061,0.0002876905032015,0.0039914243411929,1.0,2.23606797749979,0.0193994815478485,0.0572404455582876,12807.10000000056,12839.10000000056,6
125,331,333,334.0,562,562,562.0,12855.200000000186,12871.200000000186,12879.200000000186,4.123105625617661,2.0,1.0,0.2576941016011038,0.25,0.0416666666666666,0.2484472049746927,0.125,0.125,0.0621118012436731,0.0,0.0,0.0161058813500689,0.03125,0.0017361111111111,0.2449786631268641,0.0,0.0,0.0135819221042858,0.015311166445429,0.0,0.0004645595461204,0.0009465074156206,0.0036892361111111,126.0,332.6666666666667,562.0,12868.53333333352,2.3743685418725535,0.18312025608925683,0.16614906832489756,0.16614906832489756,0.016363997487059998,0.08165955437562136,0.009631029516571599,0.0017001010242840332,331.0,334.0,562.0,562.0,0.0,0.0621118012436731,0.125,0.2484472049746927,0.0416666666666666,0.2576941016011038,0.0017361111111111,0.03125,0.0,0.2449786631268641,0.0004645595461204,0.0036892361111111,1.0,4.123105625617661,0.0,0.015311166445429,12855.200000000186,12879.200000000186,6
126,335,337,340.0,562,562,561.0,12903.200000000186,12919.10000000056,12935.200000000186,1.0,2.0,3.1622776601683795,0.0628930817595327,0.1242236024873463,0.1976423537605237,0.0416666666666666,0.1257861635190654,0.1863354037310196,0.0,0.0,0.0621118012436731,0.0039555397332112,0.0077157517074671,0.0123526471100327,0.0,0.0,0.3217505543966422,0.0,0.0,0.0199845064847259,9.247619258750656e-05,0.00023649131913,0.0002880059256318,127.0,337.3333333333333,561.6666666666666,12919.166666666977,2.05409255338946,0.12825301266913422,0.11792941130558388,0.1386333450534749,0.008007979516903666,0.10725018479888072,0.006661502161575301,0.00020565781244976885,335.0,340.0,561.0,562.0,0.0,0.0621118012436731,0.0416666666666666,0.1863354037310196,0.0628930817595327,0.1976423537605237,0.0039555397332112,0.0123526471100327,0.0,0.3217505543966422,9.247619258750656e-05,0.0002880059256318,1.0,3.1622776601683795,0.0,0.0199845064847259,12903.200000000186,12935.200000000186,6
127,347,355,370.0,560,559,554.0,12951.200000000186,12967.200000000186,12991.0,7.071067811865476,8.06225774829855,15.811388300841896,0.4419417382415922,0.3387503255614137,0.976011623497537,0.4375,0.5,0.6302521008452686,0.0625,0.0625,0.2100840336150895,0.0276213586400995,0.0142332069564733,0.0602476310794021,0.1418970546041639,0.1243549945467614,0.3217505543966422,0.0112408437370298,0.0010963787535876,0.0082939310861943,0.0009542944706291,0.0008367594802266,0.001933379164844,128.0,357.3333333333333,557.6666666666666,12969.800000000125,10.314904620335307,0.5855678957668476,0.5225840336150895,0.5926120448201194,0.034034065558658295,0.19600086784918916,0.006877051192270567,0.0012414777052332333,347.0,370.0,554.0,560.0,0.0625,0.2100840336150895,0.4375,0.6302521008452686,0.3387503255614137,0.976011623497537,0.0142332069564733,0.0602476310794021,0.1243549945467614,0.3217505543966422,0.0008367594802266,0.001933379164844,7.071067811865476,15.811388300841896,0.0010963787535876,0.0112408437370298,12951.200000000186,12991.0,6
128,389,410,425.0,553,553,553.0,13007.200000000186,13023.200000000186,13039.10000000056,19.026297590440446,21.0,15.0,1.189143599402528,1.3207547169501874,0.9375,1.1728395061593544,1.3125,0.943396226392991,0.0617283950610186,0.0,0.0,0.074321474962658,0.0830663343974366,0.05859375,0.0525830616109417,0.0,0.0,0.0166152773322596,0.0032864413506838,0.0,0.0008687557952527,0.0005465537146736,0.001539156251375,129.0,408.0,553.0,13023.166666666977,18.342099196813482,1.1491327721175717,1.1429119108507817,1.1429119108507817,0.07199385312003154,0.017527687203647235,0.006633906227647799,0.0009848219204337666,389.0,425.0,553.0,553.0,0.0,0.0617283950610186,0.943396226392991,1.3125,0.9375,1.3207547169501874,0.05859375,0.0830663343974366,0.0,0.0525830616109417,0.0005465537146736,0.001539156251375,15.0,21.0,0.0,0.0166152773322596,13007.200000000186,13039.10000000056,6
129,439,448,455.0,553,553,553.0,13055.10000000056,13071.10000000056,13087.200000000186,14.0,9.0,7.0,0.875,0.5590062111930587,0.4402515723167292,0.875,0.5625,0.4347826087057124,0.0,0.0,0.0,0.0546875,0.034720882683602,0.0276887781324788,0.0,0.0,0.0,0.0,0.0,0.0,0.000244140625,0.0012479135822748,0.000436776680204,130.0,447.3333333333333,553.0,13071.133333333768,10.0,0.6247525945032626,0.6240942029019041,0.6240942029019041,0.039032386938693604,0.0,0.0,0.0006429436291596,439.0,455.0,553.0,553.0,0.0,0.0,0.4347826087057124,0.875,0.4402515723167292,0.875,0.0276887781324788,0.0546875,0.0,0.0,0.000244140625,0.0012479135822748,7.0,14.0,0.0,0.0,13055.10000000056,13087.200000000186,6
130,466,480,504.0,551,550,549.0,13103.10000000056,13119.200000000186,13135.200000000186,11.180339887498947,14.0356688476182,24.020824298928627,0.6944310489290463,0.8772293029761374,1.5107436665638887,0.6918238993548601,0.8695652174114248,1.5,0.1257861635190654,0.0621118012436731,0.0625,0.0431323632885164,0.0548268314360085,0.0950153249388989,0.1798534997924782,0.0713074647852903,0.0416425790985884,0.0113115408671864,0.0067419897521552,0.0018540553554188,0.0009712946638789,0.0007263644812275,0.0025117808439306,131.0,483.3333333333333,550.0,13119.166666666977,16.412277678015258,1.0274680061563575,1.020463038922095,1.0412963722554283,0.06432483988780793,0.09760118122545229,0.0066358619915867995,0.0014031466630123333,466.0,504.0,549.0,551.0,0.0621118012436731,0.1257861635190654,0.6918238993548601,1.5,0.6944310489290463,1.5107436665638887,0.0431323632885164,0.0950153249388989,0.0416425790985884,0.1798534997924782,0.0007263644812275,0.0025117808439306,11.180339887498947,24.020824298928627,0.0018540553554188,0.0113115408671864,13103.10000000056,13135.200000000186,6
131,545,624,678.0,549,549,554.0,13151.10000000056,13175.10000000056,13191.200000000186,41.0,79.0,54.230987451824994,1.7083333333333333,4.906832298250182,3.410753927707823,2.578616352140842,3.2916666666666665,3.3540372671583527,0.0,0.0,0.3105590062183659,0.0711805555555555,0.3047721924449514,0.2145128256369755,0.0,0.0,0.0923293347315989,0.0026190301319253,0.0,0.0057347412878096,0.0014990420995462,0.0097329848703914,0.0056061718515567,132.0,615.6666666666666,550.6666666666666,13172.466666667102,58.076995817275,3.341973186430446,3.0747734286552872,3.1782930973947425,0.19682185787916082,0.03077644491053297,0.002784590473244966,0.005612732940498101,545.0,678.0,549.0,554.0,0.0,0.3105590062183659,2.578616352140842,3.3540372671583527,1.7083333333333333,4.906832298250182,0.0711805555555555,0.3047721924449514,0.0,0.0923293347315989,0.0014990420995462,0.0097329848703914,41.0,79.0,0.0,0.0057347412878096,13151.10000000056,13191.200000000186,6
132,730,793,871.0,562,572,581.0,13207.10000000056,13223.200000000186,13239.10000000056,52.61178575186362,63.788713735268246,78.5175139698144,3.2678127796944705,4.011868788287655,4.876864221840446,3.2704402514957023,3.9130434783514114,4.905660377243553,0.5031446540762619,0.6211180124367319,0.5660377358357946,0.2029697378739181,0.252318791710293,0.3029108212393347,0.1526493283952651,0.1574168727265907,0.1148766054168991,0.0037937102932234,0.0002961207659276,0.0026754885099808,0.0007259803624394,0.0030651586234482,0.0031818886495507,133.0,798.0,571.6666666666666,13223.133333333768,64.97267115231541,4.052181929940857,4.029714702363555,4.218393947642153,0.25273311694118195,0.14164760217958497,0.0022551065230439335,0.0023243425451460998,730.0,871.0,562.0,581.0,0.5031446540762619,0.6211180124367319,3.2704402514957023,4.905660377243553,3.2678127796944705,4.876864221840446,0.2029697378739181,0.3029108212393347,0.1148766054168991,0.1574168727265907,0.0007259803624394,0.0031818886495507,52.61178575186362,78.5175139698144,0.0002961207659276,0.0037937102932234,13207.10000000056,13239.10000000056,6
133,953,1018,1047.0,595,603,608.0,13255.200000000186,13271.10000000056,13287.200000000186,83.18653737234169,65.49045732013177,29.42787793912432,5.231857696251112,4.067730268425287,1.850809933234896,5.093167701981202,4.088050314369628,1.8012422360665226,0.8695652174114248,0.5031446540762619,0.3105590062183659,0.3290476538445617,0.2526540539453048,0.1164031404522976,0.169101226001377,0.1224610574173414,0.1707352114752828,0.0033679888562566,0.0029333439360341,0.0029983946620533,0.001623405751915,0.0048046289243689,0.0084627896581465,134.0,1006.0,602.0,13271.166666666977,59.36829087719926,3.7167992993037644,3.6608200841391176,3.764339752878573,0.23270161608072137,0.15409916496466705,0.003099909151448,0.0049636081114768,953.0,1047.0,595.0,608.0,0.3105590062183659,0.8695652174114248,1.8012422360665226,5.093167701981202,1.850809933234896,5.231857696251112,0.1164031404522976,0.3290476538445617,0.1224610574173414,0.1707352114752828,0.001623405751915,0.0084627896581465,29.42787793912432,83.18653737234169,0.0029333439360341,0.0033679888562566,13255.200000000186,13287.200000000186,6
134,1066,1071,1074.0,609,609,609.0,13303.10000000056,13319.10000000056,13335.10000000056,19.026297590440446,5.0,3.0,1.189143599402528,0.3125,0.125,1.194968553431122,0.3125,0.1875,0.0628930817595327,0.0,0.0,0.074321474962658,0.01953125,0.0052083333333333,0.0525830616109417,0.0,0.0,0.0074309528214825,0.0032864413506838,0.0,0.0026466456282172,0.0034243890601661,0.0008951822916666,135.0,1070.3333333333333,609.0,13319.10000000056,9.008765863480148,0.542214533134176,0.564989517810374,0.564989517810374,0.033020352765330434,0.017527687203647235,0.0035724647240554333,0.0023220723266833,1066.0,1074.0,609.0,609.0,0.0,0.0628930817595327,0.1875,1.194968553431122,0.125,1.189143599402528,0.0052083333333333,0.074321474962658,0.0,0.0525830616109417,0.0008951822916666,0.0034243890601661,3.0,19.026297590440446,0.0,0.0074309528214825,13303.10000000056,13335.10000000056,6
135,1075,1076,1077.0,609,607,605.0,13359.10000000056,13375.200000000186,13391.200000000186,1.0,2.23606797749979,2.23606797749979,0.0621118012436731,0.1397542485937368,0.1406332061287672,0.0416666666666666,0.0621118012436731,0.0625,0.0,0.1242236024873463,0.125,0.0038578758537335,0.0087346405371085,0.0088448557311617,0.0,1.1071487177940904,1.1071487177940904,0.0,0.0687670011068141,0.0,5.626906164999041e-05,0.0003029046387259,6.888449628326683e-06,136.0,1076.0,607.0,13375.166666666977,1.8240453183331933,0.11416641865539238,0.05542615597011324,0.09709282263677992,0.007145790707334566,0.7380991451960602,0.022922333702271366,0.00012202071666807237,1075.0,1077.0,605.0,609.0,0.0,0.125,0.0416666666666666,0.0625,0.0621118012436731,0.1406332061287672,0.0038578758537335,0.0088448557311617,0.0,1.1071487177940904,6.888449628326683e-06,0.0003029046387259,1.0,2.23606797749979,0.0,0.0687670011068141,13359.10000000056,13391.200000000186,6
136,1079,1087,1092.0,604,597,594.0,13407.10000000056,13423.10000000056,13439.10000000056,2.23606797749979,10.63014581273465,5.830951894845301,0.1397542485937368,0.6643841132959156,0.3644344934278313,0.1257861635190654,0.5,0.3125,0.0628930817595327,0.4375,0.1875,0.0087346405371085,0.0415240070809947,0.0227771558392394,0.4636476090008061,0.7188299996216245,0.5404195002705842,0.040471767847686,0.0159488994138011,0.01115065620944,6.931773210732367e-06,0.0020493354089928,0.0011716782026097,137.0,1086.0,598.3333333333334,13423.10000000056,6.232388561693246,0.38952428510582787,0.31276205450635514,0.37526205450635514,0.024345267819114197,0.5742990362976715,0.02252377449030903,0.001075981794937744,1079.0,1092.0,594.0,604.0,0.0628930817595327,0.4375,0.1257861635190654,0.5,0.1397542485937368,0.6643841132959156,0.0087346405371085,0.0415240070809947,0.4636476090008061,0.7188299996216245,6.931773210732367e-06,0.0020493354089928,2.23606797749979,10.63014581273465,0.01115065620944,0.040471767847686,13407.10000000056,13439.10000000056,6
137,1098,1102,1107.0,591,589,586.0,13455.10000000056,13471.10000000056,13487.10000000056,6.708203932499369,4.47213595499958,5.830951894845301,0.4192627457812106,0.2795084971874737,0.3621709251540509,0.375,0.25,0.3125,0.1875,0.125,0.1875,0.0262039216113256,0.0174692810742171,0.0224950885194056,0.4636476090008061,0.4636476090008061,0.5404195002705842,0.0047982432043611,0.0,0.0047982432043611,0.0002141728607553,0.0005459150335692,0.0003141129653242,138.0,1102.3333333333333,588.6666666666666,13471.10000000056,5.670430594114751,0.35364738937424506,0.3125,0.375,0.0220560970683161,0.48923823942406547,0.0031988288029073998,0.00035806695321623336,1098.0,1107.0,586.0,591.0,0.125,0.1875,0.25,0.375,0.2795084971874737,0.4192627457812106,0.0174692810742171,0.0262039216113256,0.4636476090008061,0.5404195002705842,0.0002141728607553,0.0005459150335692,4.47213595499958,6.708203932499369,0.0,0.0047982432043611,13455.10000000056,13487.10000000056,6
138,1113,1123,1131.0,584,580,576.0,13503.200000000186,13519.200000000186,13543.200000000186,6.324555320336759,10.770329614269007,8.94427190999916,0.3952847075210474,0.4487637339278753,1.1321863176680236,0.3726708074620392,0.625,0.3333333333333333,0.1242236024873463,0.25,0.1666666666666666,0.0247052942200654,0.0186984889136614,0.1433147237486879,0.3217505543966422,0.3805063771123649,0.4636476090008061,0.0135819221042858,0.0036722389197326,0.0034642179953517,0.000137279857187,0.0003754253316502,0.0051923431181261,139.0,1122.3333333333333,580.0,13521.866666666852,8.679718948201641,0.6587449197056487,0.44366804693179085,0.4992236024873464,0.06223950229413824,0.3886348468366044,0.006906126339790032,0.0019016827689877667,1113.0,1131.0,576.0,584.0,0.1242236024873463,0.25,0.3333333333333333,0.625,0.3952847075210474,1.1321863176680236,0.0186984889136614,0.1433147237486879,0.3217505543966422,0.4636476090008061,0.000137279857187,0.0051923431181261,6.324555320336759,10.770329614269007,0.0034642179953517,0.0135819221042858,13503.200000000186,13543.200000000186,6
139,1134,1138,1139.0,573,569,568.0,13551.10000000056,13575.10000000056,13591.10000000056,4.242640687119285,5.656854249492381,1.4142135623730951,0.1767766952966368,0.3535533905932738,0.0878393517022247,0.3797468354251307,0.1666666666666666,0.0625,0.3797468354251307,0.1666666666666666,0.0625,0.0073656956373598,0.0220970869120796,0.0054558603543016,0.7853981633974483,0.7853981633974483,0.7853981633974483,0.0407279182761354,0.0,0.0,0.0172087377347996,0.0006138079697799,0.0010400766598611,140.0,1137.0,570.0,13572.433333333895,3.771236166328254,0.20605647919737843,0.20297116736393242,0.22380450069726576,0.011639547634580333,0.7853981633974483,0.0135759727587118,0.0062875407881468675,1134.0,1139.0,568.0,573.0,0.0625,0.3797468354251307,0.0625,0.3797468354251307,0.0878393517022247,0.3535533905932738,0.0054558603543016,0.0220970869120796,0.7853981633974483,0.7853981633974483,0.0006138079697799,0.0172087377347996,1.4142135623730951,5.656854249492381,0.0,0.0407279182761354,13551.10000000056,13591.10000000056,6
140,1141,1141,1141.0,566,565,564.0,13607.200000000186,13647.200000000186,13671.200000000186,2.8284271247461903,1.0,1.0,0.0707106781186547,0.0416666666666666,0.0204918032787667,0.1242236024873463,0.0,0.0,0.1242236024873463,0.025,0.0416666666666666,0.0017677669529663,0.0017361111111111,0.0004199140016156,0.7853981633974483,1.5707963267948966,1.5707963267948966,0.0,0.0196349540849362,0.0,0.0002290741243118,7.913960463814455e-07,5.484154622897649e-05,141.0,1141.0,565.0,13641.866666666852,1.6094757082487299,0.04428971602136267,0.041407867495782104,0.055296756384670964,0.0013079306885643335,1.3089969389957472,0.006544984694978734,9.490235552905264e-05,1141.0,1141.0,564.0,566.0,0.025,0.1242236024873463,0.0,0.1242236024873463,0.0204918032787667,0.0707106781186547,0.0004199140016156,0.0017677669529663,0.7853981633974483,1.5707963267948966,7.913960463814455e-07,0.0002290741243118,1.0,2.8284271247461903,0.0,0.0196349540849362,13607.200000000186,13671.200000000186,6
141,1142,1141,1140.0,564,564,564.0,13720.0,14791.299999999814,14807.0,1.0,1.0,1.0,0.833333333203983,0.0636942675151679,0.0408163265306122,0.0204918032787667,0.0010496483677976,0.0636942675151679,0.0,0.0,0.0,0.6944444442288605,0.0040569597142937,0.0016659725114535,0.0,3.141592653589793,3.141592653589793,0.0321884493196904,0.0032975676011254,0.0,0.0142218141440552,4.258381142329112e-06,0.000152292178523,142.0,1141.0,564.0,14439.43333333327,1.0,0.3126146424165877,0.028411906387244067,0.028411906387244067,0.23338912548486923,2.0943951023931953,0.0118286723069386,0.00479278823457351,1140.0,1142.0,564.0,564.0,0.0,0.0,0.0010496483677976,0.0636942675151679,0.0408163265306122,0.833333333203983,0.0016659725114535,0.6944444442288605,0.0,3.141592653589793,4.258381142329112e-06,0.0142218141440552,1.0,1.0,0.0,0.0321884493196904,13720.0,14807.0,6
142,1139,1139,1138.0,564,565,565.0,14831.5,14911.299999999814,14943.200000000186,1.0,1.0,1.0,0.0125313283208312,0.031347962382079,0.0628930817595327,0.0408163265306122,0.0,0.031347962382079,0.0,0.0125313283208312,0.0,0.0001570341894844,0.0009826947455082,0.0039555397332112,3.141592653589793,1.5707963267948966,3.141592653589793,0.0,0.0196841644962225,0.0492412641622743,6.158931926404463e-05,1.0346623509094028e-05,9.31926328422667e-05,143.0,1138.6666666666667,564.6666666666666,14895.333333333334,1.0,0.0355907908208143,0.024054762970897065,0.024054762970897065,0.0016984228894012668,2.6179938779914944,0.0229751428861656,5.504285853846845e-05,1138.0,1139.0,564.0,565.0,0.0,0.0125313283208312,0.0,0.0408163265306122,0.0125313283208312,0.0628930817595327,0.0001570341894844,0.0039555397332112,1.5707963267948966,3.141592653589793,1.0346623509094028e-05,9.31926328422667e-05,1.0,1.0,0.0,0.0492412641622743,14831.5,14943.200000000186,6
143,1129,1110,1074.0,565,566,566.0,14959.10000000056,14975.10000000056,14991.5,9.0,19.026297590440446,36.0,0.5625,1.1601400970176052,1.5319148936170213,0.5660377358357946,1.1875,2.1951219512943063,0.0,0.0625,0.0,0.03515625,0.0707402498205569,0.0651878678134902,3.141592653589793,3.089009591978852,3.141592653589793,0.0,0.0032864413506838,0.0032062842446788,0.0019623088217646,0.0022239999887848,0.0003385598784912,144.0,1104.3333333333333,565.6666666666666,14975.233333333706,21.342099196813482,1.0848516635448755,1.3162198957100337,1.3162198957100337,0.05702812254468237,3.1240649663861464,0.0021642418651208668,0.0015082895630135335,1074.0,1129.0,565.0,566.0,0.0,0.0625,0.5660377358357946,2.1951219512943063,0.5625,1.5319148936170213,0.03515625,0.0707402498205569,3.089009591978852,3.141592653589793,0.0003385598784912,0.0022239999887848,9.0,36.0,0.0,0.0032864413506838,14959.10000000056,14991.5,6
144,960,870,787.0,551,526,490.0,15015.0,15031.10000000056,15047.10000000056,114.9826073804208,93.40770846134704,90.47098982546837,7.141776855678883,5.837981778834189,5.619316138357871,4.851063829787234,5.590062111607224,5.1875,0.6382978723404256,1.5527950310020069,2.25,0.4435886245609322,0.3648738611771368,0.3490258471110493,3.0107652575157364,2.8706458032513726,2.73234675839076,0.0055671232371939,0.0087030716931366,0.0086436903037883,0.0161021598615932,0.0048891157379542,0.0009905008791304,145.0,872.3333333333334,522.3333333333334,15031.066666667039,99.62043522241208,6.199691590956981,5.209541980464819,5.95954198046482,0.38582944428303945,2.8712526063859563,0.0076379617447062675,0.007327258826225934,787.0,960.0,490.0,551.0,0.6382978723404256,2.25,4.851063829787234,5.590062111607224,5.619316138357871,7.141776855678883,0.3490258471110493,0.4435886245609322,2.73234675839076,3.0107652575157364,0.0009905008791304,0.0161021598615932,90.47098982546837,114.9826073804208,0.0055671232371939,0.0087030716931366,15015.0,15047.10000000056,6
145,717,667,639.0,461,432,413.0,15063.200000000186,15079.10000000056,15095.10000000056,75.76938695805846,57.8013840664737,33.83784863137726,4.765370248822844,3.6125865041546064,2.114865539461079,4.347826087057124,3.1446540879766367,1.75,1.8012422360665226,1.8238993710264493,1.1875,0.29970882067366,0.2257866565096629,0.1321790962163174,2.748831987952472,2.6160088600381832,2.5453935122923133,0.0010239273019933,0.0083536558434702,0.0044134592341168,0.003063169344008,0.0046491927146078,0.005850472518334,146.0,674.3333333333334,435.3333333333333,15079.133333333768,55.80287321863648,3.497607430812843,3.0808267250112533,3.476660058344587,0.2192248577998801,2.6367447867609894,0.0045970141265267665,0.004520944858983266,639.0,717.0,413.0,461.0,1.1875,1.8238993710264493,1.75,4.347826087057124,2.114865539461079,4.765370248822844,0.1321790962163174,0.29970882067366,2.5453935122923133,2.748831987952472,0.003063169344008,0.005850472518334,33.83784863137726,75.76938695805846,0.0010239273019933,0.0083536558434702,15063.200000000186,15095.10000000056,6
146,630,629,629.0,404,400,394.0,15111.10000000056,15127.10000000056,15143.10000000056,12.727922061357855,4.123105625617661,6.0,0.795495128834866,0.2576941016011038,0.375,0.5625,0.0625,0.0,0.5625,0.25,0.375,0.0497184455521791,0.0161058813500689,0.0234375,2.356194490192345,1.8157749899217608,1.5707963267948966,0.011824938881248,0.0337762187669115,0.015311166445429,0.0051537906665086,0.0021007852626318,0.0004582261656206,147.0,629.3333333333334,399.3333333333333,15127.10000000056,7.617009228991839,0.47606307681198995,0.20833333333333334,0.3333333333333333,0.029753942300749334,1.9142552689696675,0.02030410803119617,0.002570934031587,629.0,630.0,394.0,404.0,0.25,0.5625,0.0,0.5625,0.2576941016011038,0.795495128834866,0.0161058813500689,0.0497184455521791,1.5707963267948966,2.356194490192345,0.0004582261656206,0.0051537906665086,4.123105625617661,12.727922061357855,0.011824938881248,0.0337762187669115,15111.10000000056,15143.10000000056,6
147,629,629,629.0,386,381,373.0,15159.10000000056,15175.299999999814,15191.200000000186,8.0,5.0,8.0,0.4938271605165389,0.3144654087976636,0.3333333333333333,0.0,0.0,0.0,0.5,0.3086419753228368,0.5031446540762619,0.0304831580579784,0.0197776986660563,0.0138888888888888,1.5707963267948966,1.5707963267948966,1.5707963267948966,0.0,0.0,0.0,0.0004403536286236,0.0006608308266922,0.0003703653947817,148.0,629.0,380.0,15175.200000000186,7.0,0.3805419675491786,0.0,0.16771488469208728,0.021383248537641165,1.5707963267948966,0.0,0.0004905166166991668,629.0,629.0,373.0,386.0,0.3086419753228368,0.5031446540762619,0.0,0.0,0.3144654087976636,0.4938271605165389,0.0138888888888888,0.0304831580579784,1.5707963267948966,1.5707963267948966,0.0003703653947817,0.0006608308266922,5.0,8.0,0.0,0.0,15159.10000000056,15191.200000000186,6
148,626,626,626.0,365,363,362.0,15215.200000000186,15223.200000000186,15263.299999999814,8.54400374531753,2.0,1.0,1.0680004681646913,0.0498753117211615,0.128205128192882,0.125,0.0,0.0,0.3333333333333333,0.25,0.0249376558605807,0.1335000585205864,0.0012437733596415,0.0164365548949533,1.9295669970654687,1.5707963267948966,1.5707963267948966,0.0149487779279405,0.0448463337838215,0.0,0.004983798734654,0.0165320356451181,0.0003788723574925,149.0,626.0,363.3333333333333,15233.900000000061,3.848001248439177,0.4153603026929116,0.041666666666666664,0.04997921862019356,0.05039346225839373,1.6903865502184205,0.019931703903920666,0.0072982355790882,626.0,626.0,362.0,365.0,0.0249376558605807,0.3333333333333333,0.0,0.125,0.0498753117211615,1.0680004681646913,0.0012437733596415,0.1335000585205864,1.5707963267948966,1.9295669970654687,0.0003788723574925,0.0165320356451181,1.0,8.54400374531753,0.0,0.0448463337838215,15215.200000000186,15263.299999999814,6
149,626,627,630.0,361,359,357.0,15271.10000000056,15279.200000000186,15295.10000000056,1.0,2.23606797749979,3.605551275463989,0.1234567901291347,0.1406332061287672,0.2253469547164993,0.0,0.1234567901291347,0.1886792452785982,0.128205128192882,0.2469135802582694,0.1257861635190654,0.0152415790289892,0.0088448557311617,0.0140841846697812,1.5707963267948966,1.1071487177940904,0.5880026035475675,0.0,0.0572404455582876,0.0326506990084502,0.0001532020340833,0.000789718925694,0.0003295175433016,150.0,627.6666666666666,359.0,15281.800000000434,2.2805397509879266,0.1631456503248004,0.10404534513591096,0.14597406630893275,0.012723539809977367,1.0886492160455181,0.029963714855579266,0.0004241461676929667,626.0,630.0,357.0,361.0,0.1257861635190654,0.2469135802582694,0.0,0.1886792452785982,0.1234567901291347,0.2253469547164993,0.0088448557311617,0.0152415790289892,0.5880026035475675,1.5707963267948966,0.0001532020340833,0.000789718925694,1.0,3.605551275463989,0.0,0.0572404455582876,15271.10000000056,15295.10000000056,6
150,633,636,638.0,354,351,349.0,15311.10000000056,15327.10000000056,15343.10000000056,4.242640687119285,4.242640687119285,2.8284271247461903,0.2651650429449553,0.2651650429449553,0.3580287499931968,0.1875,0.1875,0.125,0.1875,0.1875,0.125,0.0165728151840597,0.0165728151840597,0.0453200949390533,0.7853981633974483,0.7853981633974483,0.7853981633974483,0.0123372224906175,0.0,0.0,0.0001555394071424,0.0,0.0017967049846871,151.0,635.6666666666666,351.3333333333333,15327.10000000056,3.771236166328253,0.2961196119610358,0.16666666666666666,0.20833333333333334,0.026155241769057563,0.7853981633974483,0.0041124074968725,0.0006507481306098333,633.0,638.0,349.0,354.0,0.125,0.1875,0.125,0.1875,0.2651650429449553,0.3580287499931968,0.0165728151840597,0.0453200949390533,0.7853981633974483,0.7853981633974483,0.0,0.0017967049846871,2.8284271247461903,4.242640687119285,0.0,0.0123372224906175,15311.10000000056,15343.10000000056,6
151,638,639,640.0,348,348,348.0,15351.0,15366.900000000373,15423.299999999814,1.0,1.0,1.0,0.0628930817595327,0.0177304964540763,0.0602409638533938,0.0,0.0628930817595327,0.0177304964540763,0.1265822784899662,0.0,0.0,0.0039555397332112,0.000314370504508,0.0036289737259859,1.5707963267948966,0.0,0.0,0.0994174890446838,0.0987922218086851,0.0,0.0052360196466794,0.0002290043540011,5.876956066508384e-05,152.0,639.0,348.0,15380.400000000061,1.0,0.0469548473556676,0.026874526071203,0.026874526071203,0.0026329613212350334,0.5235987755982988,0.06606990361778964,0.0018412645204485278,638.0,640.0,348.0,348.0,0.0,0.1265822784899662,0.0,0.0628930817595327,0.0177304964540763,0.0628930817595327,0.000314370504508,0.0039555397332112,0.0,1.5707963267948966,5.876956066508384e-05,0.0052360196466794,1.0,1.0,0.0,0.0994174890446838,15351.0,15423.299999999814,6
152,640,640,640.0,349,350,351.0,15871.200000000186,15911.200000000186,15983.299999999814,1.0,1.0,1.0,0.025,0.0138696255201826,0.0138888888888888,0.0,0.0,0.0,0.0033715441672328,0.025,0.0138696255201826,0.000625,0.0001923665120701,0.0001929012345679,1.5707963267948966,1.5707963267948966,1.5707963267948966,0.005296009193516,0.0,0.0,2.107215104520516e-06,1.0815837198247475e-05,7.416400801705818e-09,153.0,640.0,350.0,15921.900000000061,1.0,0.017586171469690468,0.0,0.004623208506727533,0.00033675591554599996,1.5707963267948966,0.0017653363978386667,4.310156234523232e-06,640.0,640.0,349.0,351.0,0.0033715441672328,0.025,0.0,0.0,0.0138696255201826,0.025,0.0001923665120701,0.000625,1.5707963267948966,1.5707963267948966,7.416400801705818e-09,1.0815837198247475e-05,1.0,1.0,0.0,0.005296009193516,15871.200000000186,15983.299999999814,6
153,640,640,640.0,352,353,354.0,16055.299999999814,16078.799999999814,16094.700000000186,1.0,1.0,1.0,0.0425531914893617,0.0628930817595327,0.0176991150442477,0.0,0.0,0.0,0.0138888888888888,0.0425531914893617,0.0628930817595327,0.0018107741059302,0.0039555397332112,0.0003132586733495,1.5707963267948966,1.5707963267948966,1.5707963267948966,0.0,0.0,0.0,2.2470456546699775e-05,9.126662243748868e-05,0.000229074280489,154.0,640.0,353.0,16076.266666666605,1.0,0.041048462764380705,0.0,0.0209643605865109,0.0020265241708303,1.5707963267948966,0.0,0.00011427045315772948,640.0,640.0,352.0,354.0,0.0138888888888888,0.0628930817595327,0.0,0.0,0.0176991150442477,0.0628930817595327,0.0003132586733495,0.0039555397332112,1.5707963267948966,1.5707963267948966,2.2470456546699775e-05,0.000229074280489,1.0,1.0,0.0,0.0,16055.299999999814,16094.700000000186,6
154,640,640,640.0,355,356,357.0,16151.200000000186,16199.200000000186,16271.299999999814,1.0,1.0,1.0,0.0208333333333333,0.0138696255201826,0.0207900207897792,0.0,0.0,0.0,0.0176991150442477,0.0208333333333333,0.0138696255201826,0.0004340277777777,0.0001923665120701,0.0004322249644394,1.5707963267948966,1.5707963267948966,1.5707963267948966,0.0,0.0,0.0,2.137506273066538e-06,5.034609702243266e-06,3.3267469122134864e-06,155.0,640.0,356.0,16207.233333333395,1.0,0.018497659881098368,0.0,0.004623208506727533,0.00035287308476240003,1.5707963267948966,0.0,3.4996209625077636e-06,640.0,640.0,355.0,357.0,0.0138696255201826,0.0208333333333333,0.0,0.0,0.0138696255201826,0.0208333333333333,0.0001923665120701,0.0004340277777777,1.5707963267948966,1.5707963267948966,2.137506273066538e-06,5.034609702243266e-06,1.0,1.0,0.0,0.0,16151.200000000186,16271.299999999814,6
155,640,640,640.0,360,362,363.0,16319.400000000373,16367.299999999814,16383.10000000056,3.0,2.0,1.0,0.0626304801677452,0.1265822784750436,0.0414937759342513,0.0,0.0,0.0,0.0623700623693377,0.0417536534451635,0.0632911392375218,0.0013075256820141,0.0080115366119667,0.0017217334412818,1.5707963267948966,1.5707963267948966,1.5707963267948966,0.0,0.0,0.0,1.8197520115685816e-05,0.0001399584745309,0.0003980888082524,156.0,640.0,361.6666666666667,16356.600000000248,2.0,0.0769021781923467,0.0,0.02109704641250727,0.0036802652450875334,1.5707963267948966,0.0,0.00018541493429966193,640.0,640.0,360.0,363.0,0.0417536534451635,0.0632911392375218,0.0,0.0,0.0414937759342513,0.1265822784750436,0.0013075256820141,0.0080115366119667,1.5707963267948966,1.5707963267948966,1.8197520115685816e-05,0.0003980888082524,1.0,3.0,0.0,0.0,16319.400000000373,16383.10000000056,6
156,640,640,640.0,364,365,366.0,16407.200000000186,16423.10000000056,16439.10000000056,1.0,1.0,1.0,0.0628930817595327,0.0625,0.0414937759342513,0.0,0.0,0.0,0.0414937759342513,0.0628930817595327,0.0625,0.0039555397332112,0.00390625,0.0017217334412818,1.5707963267948966,1.5707963267948966,1.5707963267948966,0.0,0.0,0.0,9.268905775783989e-05,3.099983220761879e-06,0.0001365322849198,157.0,640.0,365.0,16423.133333333768,1.0,0.055628952564594665,0.0,0.020833333333333332,0.0031945077248310004,1.5707963267948966,0.0,7.744044196613391e-05,640.0,640.0,364.0,366.0,0.0414937759342513,0.0628930817595327,0.0,0.0,0.0414937759342513,0.0628930817595327,0.0017217334412818,0.0039555397332112,1.5707963267948966,1.5707963267948966,3.099983220761879e-06,0.0001365322849198,1.0,1.0,0.0,0.0,16407.200000000186,16439.10000000056,6
157,640,640,640.0,367,368,369.0,16463.200000000186,16471.0,16487.299999999814,1.0,1.0,1.0,0.1282051282081897,0.0613496932522348,0.0628930817595327,0.0,0.0,0.0,0.0414937759342513,0.1282051282081897,0.0613496932522348,0.0164365548988783,0.0037637848621433,0.0039555397332112,1.5707963267948966,1.5707963267948966,1.5707963267948966,0.0,0.0,0.0,0.000610573504474,0.0016247141073125,1.1764102519641452e-05,158.0,640.0,368.0,16473.833333333332,1.0,0.08414930107331907,0.0,0.020449897750744933,0.008051959831410934,1.5707963267948966,0.0,0.000749017238102047,640.0,640.0,367.0,369.0,0.0414937759342513,0.1282051282081897,0.0,0.0,0.0613496932522348,0.1282051282081897,0.0037637848621433,0.0164365548988783,1.5707963267948966,1.5707963267948966,1.1764102519641452e-05,0.0016247141073125,1.0,1.0,0.0,0.0,16463.200000000186,16487.299999999814,6
158,640,640,640.0,371,374,376.0,16503.200000000186,16519.10000000056,16535.10000000056,2.0,3.0,2.0,0.1257861635190654,0.1875,0.125,0.0,0.0,0.0,0.1257861635190654,0.1886792452785982,0.125,0.0079110794664225,0.01171875,0.0078125,1.5707963267948966,1.5707963267948966,1.5707963267948966,0.0,0.0,0.0,0.0002487760838439,0.0002394761341816,0.000244140625,159.0,640.0,373.6666666666667,16519.133333333768,2.3333333333333335,0.14609538783968848,0.0,0.041666666666666664,0.009147443155474166,1.5707963267948966,0.0,0.00024413094767516668,640.0,640.0,371.0,376.0,0.125,0.1886792452785982,0.0,0.0,0.125,0.1875,0.0078125,0.01171875,1.5707963267948966,1.5707963267948966,0.0002394761341816,0.0002487760838439,2.0,3.0,0.0,0.0,16503.200000000186,16535.10000000056,6
159,640,640,640.0,380,382,386.0,16551.10000000056,16567.200000000186,16583.10000000056,4.0,2.0,4.0,0.2484472049746927,0.1257861635190654,0.25,0.0,0.0,0.0,0.25,0.1242236024873463,0.2515723270381309,0.0154315034149342,0.0079110794664225,0.015625,1.5707963267948966,1.5707963267948966,1.5707963267948966,0.0,0.0,0.0,0.0004761877134333,0.0004671070775581,0.0004851522348048,160.0,640.0,382.6666666666667,16567.133333333768,3.3333333333333335,0.20807778949791936,0.0,0.08385744234604364,0.012989194293785566,1.5707963267948966,0.0,0.00047614900859873336,640.0,640.0,380.0,386.0,0.1242236024873463,0.2515723270381309,0.0,0.0,0.1257861635190654,0.25,0.0079110794664225,0.015625,1.5707963267948966,1.5707963267948966,0.0004671070775581,0.0004851522348048,2.0,4.0,0.0,0.0,16551.10000000056,16583.10000000056,6
160,640,639,636.0,389,392,396.0,16599.10000000056,16615.10000000056,16631.10000000056,3.0,3.1622776601683795,5.0,0.1875,0.1976423537605237,0.3105590062183659,0.0,0.0625,0.1875,0.1875,0.1875,0.25,0.01171875,0.0123526471100327,0.0192893792686678,1.5707963267948966,1.892546881191539,2.214297435588181,0.0,0.0201094096497901,0.0201094096497901,0.000244140625,3.961856937704578e-05,0.0004335457599146,161.0,638.3333333333334,392.3333333333333,16615.10000000056,3.720759220056127,0.23190045332629652,0.08333333333333333,0.16666666666666666,0.014453592126233499,1.8925468811915387,0.013406273099860066,0.0002391016514305486,636.0,640.0,389.0,396.0,0.1875,0.25,0.0,0.1875,0.1875,0.3105590062183659,0.01171875,0.0192893792686678,1.5707963267948966,2.214297435588181,3.961856937704578e-05,0.0004335457599146,3.0,5.0,0.0,0.0201094096497901,16599.10000000056,16631.10000000056,6
161,624,593,476.0,403,408,393.0,16647.200000000186,16663.10000000056,16687.10000000056,13.892443989449804,31.400636936215164,117.957619508025,0.8737386156681957,1.3083598723422984,7.372351219251563,0.7453416149240784,1.9496855345455149,4.875,0.4347826087057124,0.3144654087976636,0.625,0.0549521141916807,0.0545149946809291,0.4607719512032227,2.6135182051634334,2.981679530431574,3.0140830953745548,0.0247963210922043,0.023154800330787,0.0013501485392908,0.0022150767033439,2.749179312839216e-05,0.0169273731884288,162.0,564.3333333333334,401.3333333333333,16665.800000000436,54.41690014456333,3.1848165690873524,2.5233423831565314,2.7316757164898644,0.19007968669194417,2.8697602769898545,0.016433756654094033,0.006389980561633697,476.0,624.0,393.0,408.0,0.3144654087976636,0.625,0.7453416149240784,4.875,0.8737386156681957,7.372351219251563,0.0545149946809291,0.4607719512032227,2.6135182051634334,3.0140830953745548,2.749179312839216e-05,0.0169273731884288,13.892443989449804,117.957619508025,0.0013501485392908,0.0247963210922043,16647.200000000186,16687.10000000056,6
162,367,275,209.0,361,332,300.0,16703.10000000056,16719.10000000056,16735.10000000056,113.6001760562016,96.46242791885346,73.348483283569,7.1000110035126,6.0289017449283415,4.584280205223062,6.8125,5.75,4.125,2.0,1.8125,2.0,0.4437506877195375,0.3768063590580213,0.2865175128264414,2.8560379828201845,2.8362340735011564,2.690139562037239,0.0098778195346481,0.0012377443324392,0.0091309069664948,0.0010638289677303,0.0041840205413447,0.0056430528894737,163.0,283.6666666666667,331.0,16719.10000000056,94.47036241954136,5.904397651221335,5.5625,6.229166666666667,0.3690248532013334,2.7941372061195264,0.006748823611194034,0.0036303007995162335,209.0,367.0,300.0,361.0,1.8125,2.0,4.125,6.8125,4.584280205223062,7.1000110035126,0.2865175128264414,0.4437506877195375,2.690139562037239,2.8560379828201845,0.0010638289677303,0.0056430528894737,73.348483283569,113.6001760562016,0.0012377443324392,0.0098778195346481,16703.10000000056,16735.10000000056,6
163,177,171,170.0,289,285,282.0,16751.10000000056,16767.10000000056,16783.200000000186,33.83784863137726,7.211102550927978,3.1622776601683795,2.114865539461079,0.4478945683909833,0.1988853874273137,2.0,0.375,0.0621118012436731,0.6875,0.25,0.1863354037310196,0.1321790962163174,0.0278195384100215,0.0125085149322423,2.810496576885661,2.5535900500422257,1.892546881191539,0.0075223134280263,0.0160566579277147,0.0410585819171417,0.0096461510381327,0.0065224723628934,0.000950995247089,164.0,172.66666666666666,285.3333333333333,16767.133333333768,14.737076280824539,0.9205484984264586,0.8123706004145577,0.8744824016582308,0.05750238318619374,2.4188778360398087,0.0215458510909609,0.005706539549371701,170.0,177.0,282.0,289.0,0.1863354037310196,0.6875,0.0621118012436731,2.0,0.1988853874273137,2.114865539461079,0.0125085149322423,0.1321790962163174,1.892546881191539,2.810496576885661,0.000950995247089,0.0096461510381327,3.1622776601683795,33.83784863137726,0.0075223134280263,0.0410585819171417,16751.10000000056,16783.200000000186,6
164,176,183,190.0,275,265,256.0,16799.10000000056,16815.10000000056,16831.10000000056,9.219544457292889,12.206555615733702,11.40175425099138,0.5762215285808054,0.7629097259833564,0.7081834938667825,0.3773584905571964,0.4375,0.4375,0.4402515723167292,0.625,0.5625,0.0360138455363003,0.0476818578739597,0.0439865524151036,0.8621700546672264,0.960070362405688,0.9097531579442096,0.0648035739937214,0.0061187692336538,0.0031448252788423,0.0014783226794658,0.0007292507711037,0.0002309565911785,165.0,183.0,265.3333333333333,16815.10000000056,10.94261810800599,0.6824382494769815,0.4174528301857321,0.6049528301857321,0.04256075194178787,0.9106645250057079,0.024689056168739166,0.0008128433472493333,176.0,190.0,256.0,275.0,0.4402515723167292,0.625,0.3773584905571964,0.4375,0.5762215285808054,0.7629097259833564,0.0360138455363003,0.0476818578739597,0.8621700546672264,0.960070362405688,0.0002309565911785,0.0014783226794658,9.219544457292889,12.206555615733702,0.0031448252788423,0.0648035739937214,16799.10000000056,16831.10000000056,6
165,191,193,194.0,251,247,245.0,16847.200000000186,16871.10000000056,16887.10000000056,5.0990195135927845,4.47213595499958,2.23606797749979,0.2133480967997199,0.2795084971874737,0.1397542485937368,0.0621118012436731,0.0836820083668964,0.0625,0.3105590062183659,0.1673640167337929,0.125,0.0089266986107278,0.0174692810742171,0.0087346405371085,1.373400766945016,1.1071487177940904,1.1071487177940904,0.0287979881373623,0.0111402531023755,0.0,0.0021776306711296,0.0003574302285923,0.0005459150335692,166.0,192.66666666666666,247.66666666666666,16868.4666666671,3.935741148697385,0.21087028086031015,0.06943126987018984,0.11109793653685651,0.011710206740684466,1.195899400844399,0.013312747079912599,0.0010269919777637,191.0,194.0,245.0,251.0,0.125,0.3105590062183659,0.0621118012436731,0.0836820083668964,0.1397542485937368,0.2795084971874737,0.0087346405371085,0.0174692810742171,1.1071487177940904,1.373400766945016,0.0003574302285923,0.0021776306711296,2.23606797749979,5.0990195135927845,0.0,0.0287979881373623,16847.200000000186,16887.10000000056,6
166,197,201,207.0,242,238,235.0,16903.10000000056,16919.10000000056,16935.10000000056,4.242640687119285,5.656854249492381,6.708203932499369,0.2651650429449553,0.3535533905932738,0.4192627457812106,0.1875,0.25,0.375,0.1875,0.25,0.1875,0.0165728151840597,0.0220970869120796,0.0262039216113256,0.7853981633974483,0.7853981633974483,0.4636476090008061,0.0201094096497901,0.0,0.0201094096497901,0.0004898859154344,0.0003452669830012,0.0002566771687028,167.0,201.66666666666666,238.33333333333334,16919.10000000056,5.535899623037011,0.3459937264398132,0.2708333333333333,0.3333333333333333,0.021624607902488296,0.6781479785985676,0.013406273099860066,0.0003639433557128,197.0,207.0,235.0,242.0,0.1875,0.25,0.1875,0.375,0.2651650429449553,0.4192627457812106,0.0165728151840597,0.0262039216113256,0.4636476090008061,0.7853981633974483,0.0002566771687028,0.0004898859154344,4.242640687119285,6.708203932499369,0.0,0.0201094096497901,16903.10000000056,16935.10000000056,6
167,215,220,225.0,233,233,233.0,16951.10000000056,16967.200000000186,16983.10000000056,8.246211251235321,5.0,5.0,0.51218703425007,0.3144654087976636,0.3125,0.5,0.3105590062183659,0.3144654087976636,0.125,0.0,0.0,0.0318128592709267,0.0197776986660563,0.01953125,0.2449786631268641,0.0,0.0,0.0136668091171213,0.0152160660330765,0.0,0.000350558603725,0.0007475255034253,1.5499916103809506e-05,168.0,220.0,233.0,16967.133333333768,6.082070417078441,0.3797174810159112,0.37500813833867647,0.37500813833867647,0.023707269312327667,0.08165955437562136,0.009627625050065933,0.0003711946744180365,215.0,225.0,233.0,233.0,0.0,0.125,0.3105590062183659,0.5,0.3125,0.51218703425007,0.01953125,0.0318128592709267,0.0,0.2449786631268641,1.5499916103809506e-05,0.0007475255034253,5.0,8.246211251235321,0.0,0.0152160660330765,16951.10000000056,16983.10000000056,6
168,231,242,249.0,233,242,250.0,16999.10000000056,17015.10000000056,17031.10000000056,6.0,14.212670403551895,10.63014581273465,0.375,0.8882919002219934,0.442922742197277,0.375,0.6875,0.4375,0.0,0.5625,0.5,0.0234375,0.0555182437638745,0.0184551142582198,0.0,0.6857295109062863,0.8519663271732721,0.0,0.0428580944316428,0.0103898010166866,0.000244140625,0.0020050464852421,0.0023164455941034,169.0,240.66666666666666,241.66666666666666,17015.10000000056,10.280938738762183,0.5687382141397569,0.5,0.6666666666666666,0.03247028600736477,0.5125652793598529,0.017749298482776465,0.0015218775681151667,231.0,249.0,233.0,250.0,0.0,0.5625,0.375,0.6875,0.375,0.8882919002219934,0.0184551142582198,0.0555182437638745,0.0,0.8519663271732721,0.000244140625,0.0023164455941034,6.0,14.212670403551895,0.0,0.0428580944316428,16999.10000000056,17031.10000000056,6
169,256,258,258.0,264,274,281.0,17055.10000000056,17071.200000000186,17087.10000000056,15.652475842498529,10.198039027185567,7.0,0.9722034685006647,0.6413861023236876,0.4375,0.2916666666666667,0.1242236024873463,0.0,0.5833333333333334,0.6211180124367319,0.4402515723167292,0.0603853086039229,0.0403387485728717,0.02734375,1.1071487177940904,1.373400766945016,1.5707963267948966,0.0106325996092007,0.0165373943575829,0.0124148150846072,0.0017470914310709,0.001245127952268,0.0008172955077086,170.0,257.3333333333333,273.0,17071.133333333768,10.950171623228032,0.6836965236081175,0.13863008971800433,0.28538061382358076,0.042689269058931535,1.3504486038446677,0.0131949363504636,0.0012698382970158333,256.0,258.0,264.0,281.0,0.4402515723167292,0.6211180124367319,0.0,0.2916666666666667,0.4375,0.9722034685006647,0.02734375,0.0603853086039229,1.1071487177940904,1.5707963267948966,0.0008172955077086,0.0017470914310709,7.0,15.652475842498529,0.0106325996092007,0.0165373943575829,17055.10000000056,17087.10000000056,6
170,258,258,258.0,285,286,289.0,17103.10000000056,17127.200000000186,17143.10000000056,4.0,1.0,3.0,0.1659751037370054,0.0628930817595327,0.124481327802754,0.0,0.0,0.0,0.25,0.0414937759342513,0.1886792452785982,0.0068869337651274,0.0039555397332112,0.0051652003238455,1.5707963267948966,1.5707963267948966,1.5707963267948966,0.0,0.0,0.0,0.0012785510146795,0.0001216346071353,7.607928242804777e-05,171.0,258.0,286.6666666666667,17124.4666666671,2.6666666666666665,0.11778317109976404,0.0,0.06289308175953273,0.005335891274061367,1.5707963267948966,0.0,0.0004920883014142825,258.0,258.0,285.0,289.0,0.0414937759342513,0.25,0.0,0.0,0.0628930817595327,0.1659751037370054,0.0039555397332112,0.0068869337651274,1.5707963267948966,1.5707963267948966,7.607928242804777e-05,0.0012785510146795,1.0,4.0,0.0,0.0,17103.10000000056,17143.10000000056,6
171,257,256,0.0,289,289,0.0,17167.200000000186,17199.200000000186,0.0,1.0,1.0,0.0,0.03125,0.0175746924427671,0.0,0.0414937759342513,0.03125,0.0,0.0,0.0,0.0,0.0009765625,0.0003088698144578,0.0,3.141592653589793,3.141592653589793,0.0,0.0651782708223725,0.0,0.0,0.0001738023993323,2.0865396423191936e-05,0.0,172.0,171.0,192.66666666666666,11455.46666666679,0.6666666666666666,0.016274897480922368,0.0242479253114171,0.0242479253114171,0.0004284774381526,2.0943951023931953,0.021726090274124168,6.488926525183065e-05,0.0,257.0,0.0,289.0,0.0,0.0,0.0,0.0414937759342513,0.0,0.03125,0.0,0.0009765625,0.0,3.141592653589793,0.0,0.0001738023993323,0.0,1.0,0.0,0.0651782708223725,0.0,17199.200000000186,6
