,x0,x1,x2,y0,y1,y2,t0,t1,t2,d0,d1,d2,TV0,TV1,TV2,HV0,HV1,HV2,VV0,VV1,VV2,A0,A1,A2,AM0,AM1,AM2,AV0,AV1,AV2,J0,J1,J2,Seg_id,avg_x,avg_y,avg_t,avg_d,avg_tv,avg_hv,avg_vv,avg_a,avg_am,avg_av,avg_j,min_x,max_x,min_y,max_y,min_vv,max_vv,min_hv,max_hv,min_tv,max_tv,min_a,max_a,min_am,max_am,min_j,max_j,min_d,max_d,min_av,max_av,min_t,max_t,label
0,734,734,734,239,240,241,1630.529999999908,1678.5899999999856,1694.5499999997082,0.0,1.0,1.0,0.0,0.0626566416050989,0.0611620795094703,0.0,0.0,0.0,0.0,0.020807324178077,0.0626566416050989,0.0,0.0039258547372298,0.0037407999699227,0.0,1.5707963267948966,1.5707963267948966,0.0,0.032684068389354,0.0,0.0,8.168653219358017e-05,1.1594910232471716e-05,1.0,734.0,240.0,1667.8899999998673,0.6666666666666666,0.041272907038189734,0.0,0.020885547201699634,0.0025555515690508335,1.0471975511965976,0.010894689463118,3.10938141420173e-05,734,734,239,241,0.0,0.0626566416050989,0.0,0.0,0.0,0.0626566416050989,0.0,0.0039258547372298,0.0,1.5707963267948966,0.0,8.168653219358017e-05,0.0,1.0,0.0,0.032684068389354,1630.529999999908,1694.5499999997082,5
1,734,733,733,242,244,246,1710.9000000000378,1734.6549999997478,1743.059999999787,1.0,2.23606797749979,2.0,0.0420964007582491,0.2660402114800063,0.2541296060872786,0.0,0.0420964007582491,0.0,0.0611620795094703,0.0841928015164983,0.2379535990470856,0.0017721069567991,0.0316526129064576,0.0322909283450376,1.5707963267948966,2.0344439357957027,1.5707963267948966,0.0,0.0195178955591019,0.0551633086256588,0.0001204093585984,0.001257861753316,7.594472796871981e-05,2.0,733.3333333333334,244.0,1729.5383333331908,1.74535599249993,0.187422072775178,0.014032133586083033,0.09334999993511156,0.021905216069431434,1.7253455297951652,0.024893734728253566,0.0004847386132943733,733,734,242,246,0.0611620795094703,0.2379535990470856,0.0,0.0420964007582491,0.0420964007582491,0.2660402114800063,0.0017721069567991,0.0322909283450376,1.5707963267948966,2.0344439357957027,7.594472796871981e-05,0.001257861753316,1.0,2.23606797749979,0.0,0.0551633086256588,1710.9000000000378,1743.059999999787,5
2,733,732,732,247,250,252,1750.930000000153,1766.9599999999264,1782.9499999998006,1.0,3.1622776601683795,2.0,0.0623830318162285,0.1977659574855062,0.1242621932280947,0.0,0.0623830318162285,0.0,0.1270648030436393,0.1871490954486856,0.1250781738596451,0.0038916426585845,0.0123681024069456,0.0077205463329281,1.5707963267948966,1.892546881191539,1.5707963267948966,0.0,0.0200717750718149,0.0201219858911302,0.0036085496423292,0.0005287872581709,0.0002906539133242,3.0,732.3333333333334,249.66666666666666,1766.9466666666267,2.05409255338946,0.12813706084327647,0.020794343938742833,0.062487068558624535,0.007993430466152734,1.6780465115937773,0.0133979203209817,0.0014759969379414333,732,733,247,252,0.1250781738596451,0.1871490954486856,0.0,0.0623830318162285,0.0623830318162285,0.1977659574855062,0.0038916426585845,0.0123681024069456,1.5707963267948966,1.892546881191539,0.0002906539133242,0.0036085496423292,1.0,3.1622776601683795,0.0,0.0201219858911302,1750.930000000153,1782.9499999998006,5
3,731,731,729,255,256,261,1799.0449999997509,1807.3199999998903,1839.1349999997144,3.1622776601683795,1.0,5.385164807134504,0.382148357717824,0.0314317146002052,0.3378396993135204,0.0621310966140473,0.0,0.0628634292004104,0.186393289842142,0.1208459214481109,0.1571585730010262,0.0461810704182927,0.0009879526827087,0.0211944604334184,1.892546881191539,1.5707963267948966,1.9513027039072612,0.019990714780841,0.0388822422225027,0.0119599678489539,0.0023895945377746,0.0054614039558696,0.0006351251846871,4.0,730.3333333333334,257.3333333333333,1815.166666666452,3.1824808224342944,0.25047325721051655,0.041664841938152564,0.09405103293849464,0.0227878278448066,1.8048819706312322,0.023610974950765865,0.0028287078927771,729,731,255,261,0.1208459214481109,0.186393289842142,0.0,0.0628634292004104,0.0314317146002052,0.382148357717824,0.0009879526827087,0.0461810704182927,1.5707963267948966,1.9513027039072612,0.0006351251846871,0.0054614039558696,1.0,5.385164807134504,0.0119599678489539,0.0388822422225027,1799.0449999997509,1839.1349999997144,5
4,729,729,729,263,265,269,1855.0749999999423,1863.0349999998543,1887.044999999944,2.0,2.0,4.0,0.2512562814098187,0.083298625572368,0.25078369905995,0.0,0.0,0.0,0.1254705144273153,0.2512562814098187,0.1665972511447361,0.031564859473945,0.0034693305111227,0.0157231159285479,1.5707963267948966,1.5707963267948966,1.5707963267948966,0.0238711654395812,0.0,0.0,0.0006505896512157,0.0035295890657202,0.0005103617416651,5.0,729.0,265.6666666666667,1868.3849999999136,2.6666666666666665,0.19511286868071223,0.0,0.055532417048245374,0.016919101971205202,1.5707963267948966,0.007957055146527068,0.0015635134862003333,729,729,263,269,0.1254705144273153,0.2512562814098187,0.0,0.0,0.083298625572368,0.2512562814098187,0.0034693305111227,0.031564859473945,1.5707963267948966,1.5707963267948966,0.0005103617416651,0.0035295890657202,2.0,4.0,0.0,0.0238711654395812,1855.0749999999423,1887.044999999944,5
5,729,729,729,271,272,275,1902.994999999919,1910.9450000000836,1935.0399999998444,2.0,1.0,3.0,0.2515723270388216,0.0415023863876288,0.1873243833887909,0.0,0.0,0.0,0.125391849529975,0.1257861635194108,0.1245071591628864,0.0316443178658639,0.001722448075868,0.0116968082039969,1.5707963267948966,1.5707963267948966,1.5707963267948966,0.0,0.0,0.0,0.0009981944788301,0.0037637572062109,0.0004139597480069,6.0,729.0,272.6666666666667,1916.3266666666157,2.0,0.1601330322717471,0.0,0.0415023863876288,0.0150211913819096,1.5707963267948966,0.0,0.0017253038110159665,729,729,271,275,0.1245071591628864,0.1257861635194108,0.0,0.0,0.0415023863876288,0.2515723270388216,0.001722448075868,0.0316443178658639,1.5707963267948966,1.5707963267948966,0.0004139597480069,0.0037637572062109,1.0,3.0,0.0,0.0,1902.994999999919,1935.0399999998444,5
6,729,729,729,276,278,282,1951.0549999999969,1958.834999999908,1982.9549999999472,1.0,2.0,4.0,0.1285347043716416,0.0829187396350234,0.1655286571500587,0.0,0.0,0.0,0.0624414611295969,0.2570694087432833,0.1658374792700469,0.0165211702279053,0.0034377586913304,0.0068499340844754,1.5707963267948966,1.5707963267948966,1.5707963267948966,0.0,0.0,0.0,0.0003012402137909,0.0016816724340261,0.0001414666415066,7.0,729.0,278.6666666666667,1964.2816666666174,2.3333333333333335,0.12566070038557456,0.0,0.0552791597566823,0.0089362876679037,1.5707963267948966,0.0,0.0007081264297745332,729,729,276,282,0.0624414611295969,0.2570694087432833,0.0,0.0,0.0829187396350234,0.1655286571500587,0.0034377586913304,0.0165211702279053,1.5707963267948966,1.5707963267948966,0.0001414666415066,0.0016816724340261,1.0,4.0,0.0,0.0,1951.0549999999969,1982.9549999999472,5
7,730,734,739,287,292,294,2007.1199999997589,2023.055000000113,2039.0449999999876,5.0990195135927845,6.4031242374328485,5.385164807134504,0.3199886735788796,0.4004455433072668,0.3391161717355205,0.0413821642875146,0.2510197678011353,0.3126954346491128,0.2069108214375734,0.3137747097514191,0.1250781738596451,0.0200808706351909,0.0250434986435531,0.0213549226534716,1.373400766945016,0.8960553845713439,0.3805063771123649,0.0081686554873337,0.0299557817610958,0.0322419641940608,0.0005475247900193,0.0003114294325856,0.0002306801744909,8.0,734.3333333333334,291.0,2023.0733333332864,5.629102852720045,0.35318346287388896,0.2016991222459209,0.2433918468658026,0.0221597639774052,0.8833208428762416,0.023455467147496762,0.00036321146569859997,730,739,287,294,0.1250781738596451,0.3137747097514191,0.0413821642875146,0.3126954346491128,0.3199886735788796,0.4004455433072668,0.0200808706351909,0.0250434986435531,0.3805063771123649,1.373400766945016,0.0002306801744909,0.0005475247900193,5.0990195135927845,6.4031242374328485,0.0081686554873337,0.0322419641940608,2007.1199999997589,2039.0449999999876,5
8,752,772,803,299,304,310,2054.924999999912,2071.034999999938,2086.999999999989,13.92838827718412,20.615528128088304,31.575306807693888,0.8645802779119552,1.2912952162870246,1.9679218951692647,0.8186397984925509,1.2414649286137591,1.9417475728093216,0.3148614609586734,0.3103662321534398,0.3758221108663203,0.0536673046499414,0.0808828823227618,0.1226501648605654,0.3671738338182192,0.2449786631268641,0.1911844595970144,0.0008395808119778,0.0075850509429644,0.0033695085204934,0.0020347847604926,0.0016893592596385,0.0026161780480845,9.0,775.6666666666666,304.3333333333333,2070.986666666613,22.03974107098877,1.374599129789415,1.3339507666385437,1.4592248035939839,0.08573345061108954,0.2677789855140326,0.003931380091811866,0.0021134406894052003,752,803,299,310,0.3103662321534398,0.3758221108663203,0.8186397984925509,1.9417475728093216,0.8645802779119552,1.9679218951692647,0.0536673046499414,0.1226501648605654,0.1911844595970144,0.3671738338182192,0.0016893592596385,0.0026161780480845,13.92838827718412,31.575306807693888,0.0008395808119778,0.0075850509429644,2054.924999999912,2086.999999999989,5
9,855,918,996,316,326,335,2103.044999999838,2119.075000000066,2135.0549999997384,52.3450093132096,63.788713735268246,78.5175139698144,3.265440381314098,3.99178433895976,4.901218100479865,3.2408850109373053,3.9301310043109057,4.881101376821045,0.3739482704927659,0.6238303181445882,0.5632040050178129,0.2037080711957359,0.2497987696521688,0.3059437016524307,0.1148766054168991,0.1574168727265907,0.1148766054168991,0.0047558650159447,0.002653790848976,0.0026620943248162,0.0050519106473002,0.0028752775081582,0.0035134500626666,10.0,923.0,325.6666666666667,2119.0583333332143,64.88374567276408,4.052814273584574,4.017372464023086,4.205107132362357,0.25315018083344515,0.12905669452012963,0.0033572500632456335,0.0038135460727083334,855,996,316,335,0.3739482704927659,0.6238303181445882,3.2408850109373053,4.881101376821045,3.265440381314098,4.901218100479865,0.2037080711957359,0.3059437016524307,0.1148766054168991,0.1574168727265907,0.0028752775081582,0.0050519106473002,52.3450093132096,78.5175139698144,0.002653790848976,0.0047558650159447,2103.044999999838,2135.0549999997384,5
10,1076,1140,1229,350,356,361,2151.0749999997643,2166.9849999998405,2191.119999999956,81.39410298049853,64.28063471995279,89.1403387922662,5.115908421125608,2.663378277176175,5.622222566489811,4.993757802738492,4.022627278421953,3.687590635988258,0.9363295880134672,0.377121307352058,0.2071680132577673,0.3215530120113821,0.1103533572472966,0.3546024955190063,0.1853479499956947,0.0934767811585894,0.0561207827011764,0.0043989603357479,0.0057744292166351,0.0015477935967364,0.0009743639425047,0.0132746483194892,0.0101201217431343,11.0,1148.3333333333333,355.6666666666667,2169.72666666652,78.27169216423918,4.467169754930532,4.234658572382901,4.3037145768021565,0.2621696215925617,0.11164850461848681,0.003907061049706467,0.008123044668376067,1076,1229,350,361,0.2071680132577673,0.9363295880134672,3.687590635988258,4.993757802738492,2.663378277176175,5.622222566489811,0.1103533572472966,0.3546024955190063,0.0561207827011764,0.1853479499956947,0.0009743639425047,0.0132746483194892,64.28063471995279,89.1403387922662,0.0015477935967364,0.0057744292166351,2151.0749999997643,2191.119999999956,5
11,1278,1317,1343,361,361,361,2206.9750000000568,2223.0650000001333,2239.039999999932,49.0,39.0,26.0,3.04536979488918,2.4413145540214103,1.6450490351154394,3.090507726249545,2.423865755115877,1.6275430360142735,0.0,0.0,0.0,0.1892709630127217,0.1528209423506861,0.1040840895359322,0.0,0.0,0.0,0.0035396267865542,0.0,0.0,0.0104277220123132,0.0022653835091275,0.0030508202075348,12.0,1312.6666666666667,361.0,2223.026666666707,38.0,2.3772444613420096,2.3806388391265654,2.3806388391265654,0.14872533163311333,0.0,0.0011798755955180667,0.0052479752429918335,1278,1343,361,361,0.0,0.0,1.6275430360142735,3.090507726249545,1.6450490351154394,3.04536979488918,0.1040840895359322,0.1892709630127217,0.0,0.0,0.0022653835091275,0.0104277220123132,26.0,49.0,0.0,0.0035396267865542,2206.9750000000568,2239.039999999932,5
12,1359,1363,1364,361,361,361,2254.844999999932,2270.78500000016,2295.0599999999213,16.0,4.0,1.0,1.003764115418523,0.1647785787863779,0.041279669762446,1.0123378677633474,0.2509410288546307,0.0411946446965944,0.0,0.0,0.0,0.0629713999626206,0.0067879950067146,0.0017040111356965,0.0,0.0,0.0,0.0,0.0,0.0,0.0026012457812914,0.0035246803610478,0.0002094329092098,13.0,1362.0,361.0,2273.5633333333376,7.0,0.40327412132244894,0.43482451377152426,0.43482451377152426,0.023821135368343904,0.0,0.0,0.0021117863505163335,1359,1364,361,361,0.0,0.0,0.0411946446965944,1.0123378677633474,0.041279669762446,1.003764115418523,0.0017040111356965,0.0629713999626206,0.0,0.0,0.0002094329092098,0.0035246803610478,1.0,16.0,0.0,0.0,2254.844999999932,2295.0599999999213,5
13,1365,1365,1365,359,356,350,2319.285000000036,2350.9650000000875,2375.114999999824,2.23606797749979,3.0,6.0,0.0705829538351065,0.1242236024858306,0.3775959723066168,0.041279669762446,0.0,0.0,0.082559339524892,0.0946969696968165,0.2484472049716612,0.0022279972801449,0.0051438344715192,0.0237631197170298,1.1071487177940904,1.5707963267948966,1.5707963267948966,0.0457027334484555,0.0146353411931836,0.0,2.1629975002925736e-05,9.20403153841397e-05,0.0007709848963028,14.0,1365.0,355.0,2348.454999999982,3.74535599249993,0.1908008428758513,0.013759889920815333,0.09657562491136906,0.0103783171562313,1.416247123794628,0.02011269154721303,0.0002948850622299551,1365,1365,350,359,0.082559339524892,0.2484472049716612,0.0,0.041279669762446,0.0705829538351065,0.3775959723066168,0.0022279972801449,0.0237631197170298,1.1071487177940904,1.5707963267948966,2.1629975002925736e-05,0.0007709848963028,2.23606797749979,6.0,0.0,0.0457027334484555,2319.285000000036,2375.114999999824,5
14,1360,1349,1332,345,338,330,2391.00499999995,2406.8050000000767,2422.805000000153,7.071067811865476,13.038404810405298,18.788294228055936,0.4475359374562542,0.8149003006464401,1.1565585859211158,0.314663310255514,0.6962025316399911,1.0624999999949267,0.314663310255514,0.4430379746799943,0.4999999999976126,0.0283250593324473,0.0509312687901593,0.0711947421320673,2.356194490192345,2.5748634360662868,2.701750070774057,0.0494271971926484,0.0138398067007715,0.0079304146691977,0.0002870950041146,0.0014307727504766,0.0012664670838632,15.0,1347.0,337.6666666666667,2406.8716666667265,12.965922283442238,0.8063316080079367,0.6911219472968106,0.8577886139626815,0.05015035675155797,2.54426933234423,0.023732472854205867,0.0009947782794848,1332,1360,330,345,0.314663310255514,0.4999999999976126,0.314663310255514,1.0624999999949267,0.4475359374562542,1.1565585859211158,0.0283250593324473,0.0711947421320673,2.356194490192345,2.701750070774057,0.0002870950041146,0.0014307727504766,7.071067811865476,18.788294228055936,0.0079304146691977,0.0494271971926484,2391.00499999995,2422.805000000153,5
15,1312,1288,1265,324,318,311,2439.049999999952,2454.8899999999776,2471.0549999999785,20.8806130178211,24.73863375370596,24.04163056034261,1.3182205187997058,1.5303825396662312,1.5092046804961543,1.2311480455677188,1.515151515149065,1.4228270955767868,0.3693444136703157,0.3787878787872663,0.4330343334364133,0.0832209923483317,0.0946725975667274,0.0947397790642633,2.8501358591119264,2.896613990462929,2.8461518164460733,0.0091342436651096,0.0029342254640736,0.0031216934127344,0.0007403047224631,0.0007229548748975,4.155985000673266e-06,16.0,1288.3333333333333,317.6666666666667,2454.9983333333025,23.220292443956556,1.4526025796540303,1.3897088854311903,1.5340536632433281,0.09087778965977412,2.8643005553403094,0.005063387513972533,0.0004891385274537577,1265,1312,311,324,0.3693444136703157,0.4330343334364133,1.2311480455677188,1.515151515149065,1.3182205187997058,1.5303825396662312,0.0832209923483317,0.0947397790642633,2.8461518164460733,2.896613990462929,4.155985000673266e-06,0.0007403047224631,20.8806130178211,24.73863375370596,0.0029342254640736,0.0091342436651096,2439.049999999952,2471.0549999999785,5
16,1243,1228,1218,305,301,297,2486.985000000004,2502.994999999828,2519.0050000001065,22.80350850198276,15.524174696260024,10.770329614269007,1.4243290757172866,0.9696548841967492,0.6573286307192326,1.3810420590059278,0.9369144284925114,0.6246096189772662,0.3766478342743439,0.249843847598003,0.2498438475909064,0.0889649641307285,0.0605655767757576,0.0401177070932705,2.875340604438868,2.8809902618424523,2.761086276477428,0.0018323156304298,0.0003528830358305,0.0074893182612703,0.0003625119230084,0.001773853051548,0.0012771936091275,17.0,1229.6666666666667,301.0,2502.9949999999794,16.366004270837262,1.017104196877756,0.9808553688252352,1.0641366513555373,0.06321608266658553,2.8391390475862495,0.0032248389758435334,0.0011378528612279667,1218,1243,297,305,0.2498438475909064,0.3766478342743439,0.6246096189772662,1.3810420590059278,0.6573286307192326,1.4243290757172866,0.0401177070932705,0.0889649641307285,2.761086276477428,2.8809902618424523,0.0003625119230084,0.001773853051548,10.770329614269007,22.80350850198276,0.0003528830358305,0.0074893182612703,2486.985000000004,2519.0050000001065,5
17,1211,1209,1207,296,295,294,2535.3900000000067,2559.345000000121,2583.064999999806,7.071067811865476,2.23606797749979,2.23606797749979,0.2951812904125097,0.094269307653015,0.0559296642696098,0.4272200183120322,0.0834898768520324,0.0843170320415931,0.0610314311874331,0.0417449384260162,0.0421585160207965,0.0123223247927822,0.003974254116959,0.0013989410772783,2.999695598985629,2.677945044588987,2.677945044588987,0.0145626684473393,0.0134314570818244,0.0,0.0016963919622006,0.0003484896963382,0.0001085713760419,18.0,1209.0,295.0,2559.2666666666446,3.8477345889550185,0.14846008744504482,0.19834230906855257,0.2123951477421514,0.005898506662339833,2.785195229387868,0.0093313751763879,0.0007178176781935667,1207,1211,294,296,0.0417449384260162,0.0610314311874331,0.0834898768520324,0.4272200183120322,0.0559296642696098,0.2951812904125097,0.0013989410772783,0.0123223247927822,2.677945044588987,2.999695598985629,0.0001085713760419,0.0016963919622006,2.23606797749979,7.071067811865476,0.0,0.0145626684473393,2535.3900000000067,2583.064999999806,5
18,1206,1205,1204,294,294,294,2623.04499999982,2670.4650000001493,2686.54000000015,1.0,1.0,1.0,0.0210881484604187,0.0622083981337452,0.1189767995299799,0.0250125062531177,0.0210881484604187,0.0622083981337452,0.0,0.0,0.0,0.0004447100054886,0.0038698847983665,0.014155478826397,3.141592653589793,3.141592653589793,3.141592653589793,0.0115969887193757,0.0,0.0,2.3867710650059876e-05,7.223059453509304e-05,0.0006398503283377,19.0,1205.0,294.0,2660.0166666667064,1.0,0.06742444870804794,0.036103017615760534,0.036103017615760534,0.006156691210084033,3.141592653589793,0.003865662906458567,0.0002453162111742843,1204,1206,294,294,0.0,0.0,0.0210881484604187,0.0622083981337452,0.0210881484604187,0.1189767995299799,0.0004447100054886,0.014155478826397,3.141592653589793,3.141592653589793,2.3867710650059876e-05,0.0006398503283377,1.0,1.0,0.0,0.0115969887193757,2623.04499999982,2686.54000000015,5
19,1202,1201,1197,294,294,294,2694.944999999734,2719.090000000051,2743.2599999997365,2.0,1.0,4.0,0.0828328846541208,0.0413736036414156,0.2539682539678433,0.2379535990599599,0.0414164423270604,0.1654944145656626,0.0,0.0,0.0,0.0034306433900614,0.0017117750782769,0.0161249685058687,3.141592653589793,3.141592653589793,3.141592653589793,0.0,0.0,0.0,0.0012760065957009,7.11894103028335e-05,0.0005963257520802,20.0,1200.0,294.0,2719.0983333331737,2.3333333333333335,0.12605824742112656,0.14828815198422765,0.14828815198422765,0.007089128991402333,3.141592653589793,0.0,0.0006478405860279778,1197,1202,294,294,0.0,0.0,0.0414164423270604,0.2379535990599599,0.0413736036414156,0.2539682539678433,0.0017117750782769,0.0161249685058687,3.141592653589793,3.141592653589793,7.11894103028335e-05,0.0012760065957009,1.0,4.0,0.0,0.0,2694.944999999734,2743.2599999997365,5
20,1192,1183,1175,295,297,300,2759.009999999762,2775.079999999889,2791.729999999916,5.0990195135927845,9.219544457292889,8.54400374531753,0.3173005297792455,0.5537263938305094,0.3747370063704786,0.3174603174598042,0.5600497821984352,0.4804804804797036,0.0634920634919608,0.1244555071552078,0.1801801801798888,0.019744899177146,0.033256840470247,0.0164358336126044,2.9441970937399127,2.922923707715851,2.782821983319221,0.0125330514190197,0.0013237950232665,0.0084145179817659,0.0002298368680172,0.0008408177531421,0.001010270682139,21.0,1183.3333333333333,297.3333333333333,2775.273333333189,7.620855905401068,0.4152546433267445,0.4526635267126477,0.5127235867726107,0.02314585775333246,2.883314261591662,0.0074237881413507,0.0006936417677661,1175,1192,295,300,0.0634920634919608,0.1801801801798888,0.3174603174598042,0.5600497821984352,0.3173005297792455,0.5537263938305094,0.0164358336126044,0.033256840470247,2.782821983319221,2.9441970937399127,0.0002298368680172,0.001010270682139,5.0990195135927845,9.219544457292889,0.0013237950232665,0.0125330514190197,2759.009999999762,2791.729999999916,5
21,1163,1161,1156,303,304,305,2814.5300000001043,2822.439999999915,2838.470000000143,12.36931687685298,2.23606797749979,5.0990195135927845,1.5637568744815464,0.1394926997796619,0.6425985524673039,0.5263157894693341,0.2528445006381629,0.3119151590722941,0.1315789473673335,0.1264222503190814,0.0623830318144588,0.1976936630238905,0.0087019775282394,0.0809828043474421,2.896613990462929,2.677945044588987,2.9441970937399127,0.0049908775062617,0.0276446202122851,0.016609610052847,0.0079499047986749,0.0238927541719563,0.0045090971190377,22.0,1160.0,304.0,2825.1466666667206,6.568134789315185,0.7819493755761707,0.3636918163932637,0.38448616033141664,0.09579281496652399,2.8395853762639427,0.016415035923797935,0.012117252029889633,1156,1163,303,305,0.0623830318144588,0.1315789473673335,0.2528445006381629,0.5263157894693341,0.1394926997796619,1.5637568744815464,0.0087019775282394,0.1976936630238905,2.677945044588987,2.9441970937399127,0.0045090971190377,0.0238927541719563,2.23606797749979,12.36931687685298,0.0049908775062617,0.0276446202122851,2814.5300000001043,2838.470000000143,5
22,1154,1154,1152,306,307,307,2846.404999999777,2878.51499999988,2927.404999999908,2.23606797749979,1.0,2.0,0.0696377445497557,0.0204540805890655,0.0006847650057691,0.2520478891105585,0.0,0.0409081611781311,0.1260239445552792,0.0311429461226038,0.0,0.0021687245266126,0.0004183694127439,2.344515565630293e-07,2.677945044588987,1.5707963267948966,3.141592653589793,0.0335541334799257,0.0344798728679712,0.032129194657271,0.0099324612255155,5.451121500663712e-05,8.552566193233437e-06,23.0,1153.3333333333333,306.6666666666667,2884.108333333188,1.74535599249993,0.0302588633815301,0.09765201676289653,0.09765201676289653,0.0008624427969710209,2.4634446749912255,0.0333877336683893,0.003331841668905124,1152,1154,306,307,0.0,0.1260239445552792,0.0,0.2520478891105585,0.0006847650057691,0.0696377445497557,2.344515565630293e-07,0.0021687245266126,1.5707963267948966,3.141592653589793,8.552566193233437e-06,0.0099324612255155,1.0,2.23606797749979,0.032129194657271,0.0344798728679712,2846.404999999777,2927.404999999908,5
23,1149,1138,1120,309,312,318,7374.964999999975,7391.110000000026,7407.055000000128,3.605551275463989,11.40175425099138,18.97366596101028,0.2233230892197285,0.7150676858525399,1.1925622854469928,0.0020824584115698,0.6813254877649428,1.1288805268037214,0.0013883056077132,0.1858160421177116,0.3762935089345738,0.0138323375174368,0.0448458881058629,0.0749567746998971,2.5535900500422257,2.875340604438868,2.819842099193151,0.0017725816931371,0.0199288048557211,0.0034806212132557,9.601755871619648e-06,0.0019209384074529,0.0018884218622666,24.0,1135.6666666666667,313.0,7391.043333333376,11.326990495821883,0.7103176868397538,0.6040961576600781,0.7295273273049361,0.04454500010773227,2.7495909178914153,0.0083940025873713,0.0012729873418637066,1120,1149,309,318,0.0013883056077132,0.3762935089345738,0.0020824584115698,1.1288805268037214,0.2233230892197285,1.1925622854469928,0.0138323375174368,0.0749567746998971,2.5535900500422257,2.875340604438868,9.601755871619648e-06,0.0019209384074529,3.605551275463989,18.97366596101028,0.0017725816931371,0.0199288048557211,7374.964999999975,7407.055000000128,5
24,1084,1007,901,323,328,328,7422.964999999749,7438.604999999825,7454.534999999851,36.345563690772494,77.1621668954417,106.0,2.3238851464575645,4.843827174847266,6.445728184778882,2.262727844177023,4.9232736572651365,6.654111738846742,0.3142677561356976,0.3196930946276063,0.0,0.1485860068060293,0.3040695025009061,0.391956715396725,3.0035866299322738,3.0767486260365864,3.141592653589793,0.0115489962755181,0.0046778769887441,0.0040705604239235,0.0046278587119977,0.0099413999804426,0.0055170880662697,25.0,997.3333333333334,326.3333333333333,7438.701666666475,73.16924352873806,4.5378135020279045,4.613371080096301,4.613371080096301,0.2815374082345535,3.0739759698528846,0.006765811229395233,0.0066954489195700006,901,1084,323,328,0.0,0.3196930946276063,2.262727844177023,6.654111738846742,2.3238851464575645,6.445728184778882,0.1485860068060293,0.391956715396725,3.0035866299322738,3.141592653589793,0.0046278587119977,0.0099413999804426,36.345563690772494,106.0,0.0040705604239235,0.0115489962755181,7422.964999999749,7454.534999999851,5
25,762,613,490,318,297,287,7470.980000000054,7487.059999999929,7502.884999999878,139.35924798878617,150.4725888658795,123.40583454602135,8.66661989986782,9.508536421254778,7.645962487277747,8.45241714796476,9.266169154301224,7.77251184836589,0.6080875646017813,1.3059701492639308,0.6319115323874708,0.5389688992497205,0.6008553820717184,0.4737275394791558,3.0697739414052823,3.0015752960199262,3.0604702614888923,0.0043672065785115,0.0042412092901672,0.0037216407879401,0.0089396280845957,0.0038486618670697,0.0080333549821779,26.0,621.6666666666666,300.6666666666667,7486.974999999954,137.74589046689567,8.607039602800116,8.49703271687729,8.707669894339782,0.5378506069335316,3.043939832971367,0.0041100188855396,0.0069405483112811,490,762,287,318,0.6080875646017813,1.3059701492639308,7.77251184836589,9.266169154301224,7.645962487277747,9.508536421254778,0.4737275394791558,0.6008553820717184,3.0015752960199262,3.0697739414052823,0.0038486618670697,0.0089396280845957,123.40583454602135,150.4725888658795,0.0037216407879401,0.0043672065785115,7470.980000000054,7502.884999999878,5
26,397,337,320,283,283,281,7519.025000000056,7542.669999999816,7558.989999999994,93.08598175880188,60.0,17.11724276862369,3.93681462295392,3.676470588195202,1.071166631319635,5.762081784323184,2.5375343624702125,1.0416666666553072,0.2478314745945455,0.0,0.1225490196065067,0.166496706407013,0.2252739330977395,0.0670317040870543,3.098608393722022,3.141592653589793,3.024483909022929,0.0023629573874045,0.0018179006076636,0.007175780917009,0.0190353676002949,0.0024858205409736,0.0096962150128038,27.0,351.3333333333333,282.3333333333333,7540.228333333289,56.73440817580853,2.894817280822919,3.1137609378162345,3.1546106110184033,0.15293411453060227,3.0882283187782478,0.0037855463040257,0.010405801051357433,320,397,281,283,0.0,0.2478314745945455,1.0416666666553072,5.762081784323184,1.071166631319635,3.93681462295392,0.0670317040870543,0.2252739330977395,3.024483909022929,3.141592653589793,0.0024858205409736,0.0190353676002949,17.11724276862369,93.08598175880188,0.0018179006076636,0.007175780917009,7519.025000000056,7558.989999999994,5
27,309,295,277,279,277,274,7574.970000000121,7590.9999999998945,7606.754999999794,11.180339887498947,14.142135623730953,18.24828759089466,0.6974634989180959,0.8976284115405568,1.1219359108925142,0.688360450557738,0.8733624454271994,1.142494446214866,0.1251564455559523,0.124766063632457,0.190415741035811,0.0435098876436656,0.0569741930527643,0.0689785374041501,2.961739153797315,2.999695598985629,2.976443976175166,0.003926455270658,0.0023678381278135,0.0014758249959131,0.001471953469537,0.0008399441927192,0.0007619387084393,28.0,293.6666666666667,276.6666666666667,7590.90833333327,14.523587700708186,0.905675940450389,0.9014057807332678,0.9648776944118715,0.05648753936686,2.979292909652704,0.002590039464794867,0.0010246121235651666,277,309,274,279,0.124766063632457,0.190415741035811,0.688360450557738,1.142494446214866,0.6974634989180959,1.1219359108925142,0.0435098876436656,0.0689785374041501,2.961739153797315,2.999695598985629,0.0007619387084393,0.001471953469537,11.180339887498947,18.24828759089466,0.0014758249959131,0.003926455270658,7574.970000000121,7606.754999999794,5
28,250,223,200,268,261,255,7623.019999999997,7638.509999999769,7654.504999999972,27.65863337187866,27.892651361962702,23.769728648009423,1.7855799465645608,1.7438356587439334,1.4846801154447884,1.6600061481501862,1.743060038760278,1.437949359156519,0.3688902551444858,0.4519044544934054,0.3751172241277875,0.1152730759580888,0.1090237986071793,0.0927345481237433,2.922923707715851,2.8879185574511506,2.8864102629689747,0.0032905175812263,0.0022598547621184,9.42978732201754e-05,0.0028462673564931,0.0004034394674629,0.0010183964040781,29.0,224.33333333333334,261.3333333333333,7638.678333333246,26.440337793950263,1.6713652402510941,1.613671848688994,1.7387109233982567,0.10567714089633713,2.8990841760453256,0.0018815567388549583,0.0014227010760113669,200,250,255,268,0.3688902551444858,0.4519044544934054,1.437949359156519,1.743060038760278,1.4846801154447884,1.7855799465645608,0.0927345481237433,0.1152730759580888,2.8864102629689747,2.922923707715851,0.0004034394674629,0.0028462673564931,23.769728648009423,27.892651361962702,9.42978732201754e-05,0.0032905175812263,7623.019999999997,7654.504999999972,5
29,186,185,183,251,251,252,7670.514999999796,7719.160000000102,7742.68499999971,14.560219778561036,1.0,2.23606797749979,0.2993158552465708,0.0425079702451281,0.1378162081638135,0.8744534665930106,0.0205570973377265,0.0850159404902562,0.249843847598003,0.0,0.0425079702451281,0.0061530651710286,0.0018069275343606,0.0084940652179494,2.8632929945846817,3.141592653589793,2.677945044588987,0.0014439268197718,0.0057210331792241,0.019708718767631,0.0054079627079117,8.934397444013961e-05,0.000284256649679,30.0,184.66666666666666,251.33333333333334,7710.786666666536,5.932095918686943,0.15988001121850412,0.3266755014736644,0.3408448248887071,0.0054846859744462,2.8942768975878206,0.008957892922208966,0.0019271877773436132,183,186,251,252,0.0,0.249843847598003,0.0205570973377265,0.8744534665930106,0.0425079702451281,0.2993158552465708,0.0018069275343606,0.0084940652179494,2.677945044588987,3.141592653589793,8.934397444013961e-05,0.0054079627079117,1.0,14.560219778561036,0.0014439268197718,0.019708718767631,7670.514999999796,7742.68499999971,5
30,183,183,189,260,267,274,7758.910000000014,7775.014999999712,7790.75499999999,8.0,7.0,9.219544457292889,0.4967401428221178,0.4447268106655862,0.5656162243816488,0.0,0.0,0.381194409141931,0.4930662557688777,0.4346476249693531,0.4447268106655862,0.0308438461863672,0.0282545623035405,0.0347003818643865,1.5707963267948966,1.5707963267948966,0.8621700546672264,0.0682372091077557,0.0,0.045020728851026,0.001377490352419,0.0001607751557202,0.0004095183964886,31.0,185.0,267.0,7774.893333333239,8.073181485764296,0.5023610592897843,0.12706480304731033,0.2753070732691724,0.0312662634514314,1.3345875694190064,0.03775264598626057,0.0006492613015426,183,189,260,274,0.4346476249693531,0.4930662557688777,0.0,0.381194409141931,0.4447268106655862,0.5656162243816488,0.0282545623035405,0.0347003818643865,0.8621700546672264,1.5707963267948966,0.0001607751557202,0.001377490352419,7.0,9.219544457292889,0.0,0.0682372091077557,7758.910000000014,7790.75499999999,5
31,196,200,206,278,279,280,7807.054999999764,7823.025000000143,7839.015000000018,8.06225774829855,4.123105625617661,6.082762530298219,0.5048376799065095,0.2578552611413434,0.3801726581418234,0.4294478527666979,0.2504696305513427,0.3752345215789354,0.2453987730095417,0.0626174076378356,0.0625390869298225,0.0316116267936451,0.0161260325918305,0.0237607911337505,0.5191461142465229,0.2449786631268641,0.1651486774146268,0.0210444135230346,0.017167655047786,0.0049924944160641,0.0001894941761217,0.0009696677646491,0.0004774708281413,32.0,200.66666666666666,279.0,7823.031666666641,6.08937530140481,0.3809551997298921,0.35171733496565866,0.3725636972755995,0.023832816839742033,0.3097578182626713,0.014401520995628234,0.0005455442563040334,196,206,278,280,0.0625390869298225,0.2453987730095417,0.2504696305513427,0.4294478527666979,0.2578552611413434,0.5048376799065095,0.0161260325918305,0.0316116267936451,0.1651486774146268,0.5191461142465229,0.0001894941761217,0.0009696677646491,4.123105625617661,8.06225774829855,0.0049924944160641,0.0210444135230346,7807.054999999764,7839.015000000018,5
32,210,215,219,280,280,280,7855.015000000094,7870.930000000044,7886.954999999943,4.0,5.0,4.0,0.2513352183482615,0.3120124805011749,0.1676445934633648,0.2499999999988063,0.3141690229353268,0.2496099844009399,0.0,0.0,0.0,0.015792347995542,0.0194703575976992,0.0070261774293742,0.0,0.0,0.0,0.0103217923383648,0.0,0.0,0.0004980276961356,0.0002311033366112,0.0007765479044245,33.0,214.66666666666666,280.0,7870.9666666666935,4.333333333333333,0.2436640974376004,0.271259669111691,0.271259669111691,0.014096294340871798,0.0,0.0034405974461216,0.0005018929790571,210,219,280,280,0.0,0.0,0.2496099844009399,0.3141690229353268,0.1676445934633648,0.3120124805011749,0.0070261774293742,0.0194703575976992,0.0,0.0,0.0002311033366112,0.0007765479044245,4.0,5.0,0.0,0.0103217923383648,7855.015000000094,7886.954999999943,5
33,229,233,238,279,279,279,7910.8149999997295,7926.669999999831,7942.704999999933,10.04987562112089,4.0,5.0,0.6338615970392053,0.2494543186763097,0.3143665513949275,0.4191114836584121,0.2522863449999629,0.3118178983453871,0.0419111483658412,0.0,0.0,0.0399786563882151,0.0155568642765654,0.0197652657271879,0.099668652491162,0.0,0.0,0.0041772276819805,0.0062862600120166,0.0,0.0013810762346662,0.0015403211675492,0.0002624509791453,34.0,233.33333333333334,279.0,7926.729999999831,6.34995854037363,0.39922748903681415,0.3277385756679207,0.3277385756679207,0.025100262130656133,0.03322288416372066,0.0034878292313323665,0.0010612827937869,229,238,279,279,0.0,0.0419111483658412,0.2522863449999629,0.4191114836584121,0.2494543186763097,0.6338615970392053,0.0155568642765654,0.0399786563882151,0.0,0.099668652491162,0.0002624509791453,0.0015403211675492,4.0,10.04987562112089,0.0,0.0062862600120166,7910.8149999997295,7942.704999999933,5
34,241,242,251,277,277,286,7958.610000000135,7998.724999999922,8534.909999999854,3.605551275463989,1.0,12.727922061357855,0.0898803758066343,0.0089122588120035,0.7940063668856394,0.1886199308369564,0.0249283310483687,0.0295576209399336,0.1257466205579709,0.0,0.0295576209399336,0.0022405677628595,7.942835713213518e-05,0.0495325244463097,0.5880026035475675,0.0,0.7853981633974483,0.0369696701376975,0.0146579235585364,0.0025793890222913,0.0011018357726567,5.3873598547648325e-05,0.0001626737313091,35.0,244.66666666666666,280.0,8164.081666666637,5.7778244456072825,0.29759966716809244,0.08103529427508624,0.09088783458839744,0.017284173522100443,0.45780025564833854,0.0180689942395084,0.0004394610341711494,241,251,277,286,0.0,0.1257466205579709,0.0249283310483687,0.1886199308369564,0.0089122588120035,0.7940063668856394,7.942835713213518e-05,0.0495325244463097,0.0,0.7853981633974483,5.3873598547648325e-05,0.0011018357726567,1.0,12.727922061357855,0.0025793890222913,0.0369696701376975,7958.610000000135,8534.909999999854,5
35,251,252,253,287,287,288,8550.940000000082,8583.094999999958,8631.13999999996,1.0,1.0,1.4142135623730951,0.0310993624631902,0.0208138203767293,0.0873510538844016,0.0,0.0310993624631902,0.0208138203767293,0.0623830318144588,0.0,0.0208138203767293,0.0009671703456168,0.0004332151186747,0.0053953708391198,1.5707963267948966,0.0,0.7853981633974483,0.0489955186142405,0.0488507643228423,0.0163471362971676,0.0030296540299439,1.660566714178846e-05,0.0001032814178467,36.0,252.0,287.3333333333333,8588.391666666666,1.1380711874576983,0.04642141224144036,0.017304394279973167,0.024242334405549598,0.0022652521011370997,0.7853981633974483,0.03806447307808347,0.0010498470383107962,251,253,287,288,0.0,0.0623830318144588,0.0,0.0310993624631902,0.0208138203767293,0.0873510538844016,0.0004332151186747,0.0053953708391198,0.0,1.5707963267948966,1.660566714178846e-05,0.0030296540299439,1.0,1.4142135623730951,0.0163471362971676,0.0489955186142405,8550.940000000082,8631.13999999996,5
36,254,255,256,289,290,290,8647.329999999783,8662.995000000137,8678.519999999935,1.4142135623730951,1.4142135623730951,1.0,0.0902785548893174,0.0910926610236084,0.1232285890313054,0.0617665225454519,0.0638365783579583,0.064412238326121,0.0617665225454519,0.0638365783579583,0.0,0.0057630740432351,0.0058674821916132,0.0151852851546463,0.7853981633974483,0.7853981633974483,0.0,0.0,0.0,0.0505892536816541,2.271174824702113e-05,6.665058945145431e-06,0.0006001805451307,37.0,255.0,289.6666666666667,8662.948333333285,1.2761423749153968,0.10153326831474374,0.06333844640984373,0.06333844640984373,0.0089386137964982,0.5235987755982988,0.016863084560551366,0.00020985245077428884,254,256,289,290,0.0,0.0638365783579583,0.0617665225454519,0.064412238326121,0.0902785548893174,0.1232285890313054,0.0057630740432351,0.0151852851546463,0.0,0.7853981633974483,6.665058945145431e-06,0.0006001805451307,1.0,1.4142135623730951,0.0,0.0505892536816541,8647.329999999783,8678.519999999935,5
37,257,259,261,290,292,294,8686.635000000024,8710.929999999735,8727.019999999811,1.0,2.8284271247461903,2.8284271247461903,0.0411607326615312,0.1757878884234142,0.1767214698378638,0.1232285890313054,0.0823214653230624,0.1243008079546603,0.0,0.0823214653230624,0.1243008079546603,0.001694205913234,0.010925288279837,0.0110416413519784,0.0,0.7853981633974483,0.7853981633974483,0.0,0.03232756383646,0.0,0.0016624866594287,0.0003799581134683,7.231390437591674e-06,38.0,259.0,292.0,8708.194999999856,2.21895141649746,0.1312233636409364,0.1099502874363427,0.15138389008789613,0.007887045181683134,0.5235987755982988,0.010775854612153335,0.0006832253877781972,257,261,290,294,0.0,0.1243008079546603,0.0823214653230624,0.1243008079546603,0.0411607326615312,0.1767214698378638,0.001694205913234,0.0110416413519784,0.0,0.7853981633974483,7.231390437591674e-06,0.0016624866594287,1.0,2.8284271247461903,0.0,0.03232756383646,8686.635000000024,8727.019999999811,5
38,265,270,275,297,300,303,8743.024999999761,8758.96499999999,8774.965000000066,5.0,5.830951894845301,5.830951894845301,0.3136762860682885,0.3644344934260912,0.0662683474809173,0.2499218994072149,0.3136762860682885,0.3124999999985078,0.1874414245554111,0.1882057716409731,0.1874999999991047,0.0196785624883189,0.0227771558390219,0.0007531349867135,0.6435011087932844,0.5404195002705842,0.5404195002705842,0.0088657953517404,0.0064668512246691,0.0,0.0005396389338561,0.0001943910508568,0.0013765013032627,39.0,270.0,300.0,8758.984999999939,5.553967929896867,0.24812637565843232,0.2920327284913371,0.3545327284910387,0.014402951104684765,0.5747800364448176,0.0051108821921365,0.0007035104293252,265,275,297,303,0.1874414245554111,0.1882057716409731,0.2499218994072149,0.3136762860682885,0.0662683474809173,0.3644344934260912,0.0007531349867135,0.0227771558390219,0.5404195002705842,0.6435011087932844,0.0001943910508568,0.0013765013032627,5.0,5.830951894845301,0.0,0.0088657953517404,8743.024999999761,8774.965000000066,5
39,315,322,328,323,326,327,8862.955000000056,8878.929999999855,8894.980000000032,44.7213595499958,7.615773105863909,6.082762530298219,2.7994591267956186,0.4745029972448392,0.3820830735154276,0.4545971133083786,0.4381846635423044,0.3738317756967995,0.2272985566541893,0.1877934272324161,0.0623052959494665,0.1752400079393387,0.0295640496722486,0.0240001930602801,0.4636476090008061,0.4048917862850834,0.1651486774146268,0.0008725070038616,0.0036779857725486,0.0149372653500189,0.0019830307188617,0.009118995822781,0.000346657732829,40.0,321.6666666666667,325.3333333333333,8878.954999999982,19.473298395385978,1.2186817325186285,0.4222045175158275,0.44297294949898297,0.07626808355728913,0.34456269090017216,0.0064959193754763654,0.003816228091490567,315,328,323,327,0.0623052959494665,0.2272985566541893,0.3738317756967995,0.4545971133083786,0.3820830735154276,2.7994591267956186,0.0240001930602801,0.1752400079393387,0.1651486774146268,0.4636476090008061,0.000346657732829,0.009118995822781,6.082762530298219,44.7213595499958,0.0008725070038616,0.0149372653500189,8862.955000000056,8894.980000000032,5
40,333,337,340,329,329,331,8910.899999999856,8927.389999999832,8942.954999999984,5.385164807134504,4.0,3.605551275463989,0.3265715468248816,0.2569868294224908,0.2326912730197175,0.3140703517622734,0.2425712553065972,0.1927401220668681,0.1256281407049093,0.0,0.1284934147112454,0.0198042175151821,0.0165105576241561,0.0150171844477704,0.3805063771123649,0.0,0.5880026035475675,0.0135274936997565,0.0230749773870779,0.0377772311944648,0.0002635663030869,0.0001997368035797,9.594430943598584e-05,41.0,336.6666666666667,329.6666666666667,8927.081666666558,4.330238694199498,0.27208321642236327,0.24979390971191287,0.2926250479489947,0.017110653195702867,0.32283632688664415,0.024793234093766398,0.00018641580536752863,333,340,329,331,0.0,0.1284934147112454,0.1927401220668681,0.3140703517622734,0.2326912730197175,0.3265715468248816,0.0150171844477704,0.0198042175151821,0.0,0.5880026035475675,9.594430943598584e-05,0.0002635663030869,3.605551275463989,5.385164807134504,0.0135274936997565,0.0377772311944648,8910.899999999856,8942.954999999984,5
41,341,343,345,331,332,333,8958.450000000084,8974.314999999933,8990.449999999782,1.0,2.23606797749979,2.23606797749979,0.0630318310752934,0.138584938179156,0.0927829036303521,0.0645369474019678,0.1260636621505868,0.1239541369704795,0.0,0.0630318310752934,0.0619770684852397,0.0039730117287043,0.0085890882045522,0.0038499130136932,0.0,0.4636476090008061,0.4636476090008061,0.0379478930973695,0.0292245577690025,0.0,0.0007127571938686,0.0002909597526562,0.0002937201853674,42.0,343.0,332.0,8974.404999999933,1.8240453183331933,0.09813322429493383,0.1048515821743447,0.12551060500275793,0.005470670982316566,0.3090984060005374,0.022390816955457332,0.00043247904396406664,341,345,331,333,0.0,0.0630318310752934,0.0645369474019678,0.1260636621505868,0.0630318310752934,0.138584938179156,0.0038499130136932,0.0085890882045522,0.0,0.4636476090008061,0.0002909597526562,0.0007127571938686,1.0,2.23606797749979,0.0,0.0379478930973695,8958.450000000084,8990.449999999782,5
42,349,353,357,334,336,337,9014.549999999872,9030.44,9046.449999999822,4.123105625617661,4.47213595499958,4.123105625617661,0.259478012937997,0.2793339134946161,0.2564120413888842,0.1659751037338235,0.2517306482044112,0.249843847598003,0.0414937759334558,0.1258653241022056,0.0624609618995007,0.0163296420979186,0.0174474649280256,0.0159460224741066,0.2449786631268641,0.4636476090008061,0.2449786631268641,0.0090734002436983,0.0137614188717556,0.0136582726968362,0.000517831082331,7.03475664001321e-05,9.37815399085264e-05,43.0,353.0,335.6666666666667,9030.4799999999,4.2394490687449675,0.2650746559404991,0.2225165331787459,0.2433368538119128,0.016574376500016932,0.3178683117515114,0.012164363937430034,0.0002273200628798862,349,357,334,337,0.0414937759334558,0.1258653241022056,0.1659751037338235,0.2517306482044112,0.2564120413888842,0.2793339134946161,0.0159460224741066,0.0174474649280256,0.2449786631268641,0.4636476090008061,7.03475664001321e-05,0.000517831082331,4.123105625617661,4.47213595499958,0.0090734002436983,0.0137614188717556,9014.549999999872,9046.449999999822,5
43,365,375,389,340,345,349,9062.530000000152,9078.474999999798,9094.465000000127,8.54400374531753,11.180339887498947,14.560219778561036,0.5358421916278944,0.6992082481093744,0.9114378578243963,0.497512437800761,0.627155848242176,0.875547216992616,0.1865671641752853,0.313577924121088,0.250156347712176,0.0336056564214338,0.0437278454093175,0.0570540130100716,0.3587706702705722,0.4636476090008061,0.2782996590051113,0.0070766173595384,0.0065774185470402,0.0115914915567155,0.0010982359419754,0.0006348190020763,0.0008334063540012,44.0,376.3333333333333,344.6666666666667,9078.490000000025,11.428187803792504,0.7154960991872218,0.6667385010118508,0.7501239502492428,0.0447958382802743,0.3669059794254965,0.008415175821098034,0.0008554870993509666,365,389,340,349,0.1865671641752853,0.313577924121088,0.497512437800761,0.875547216992616,0.5358421916278944,0.9114378578243963,0.0336056564214338,0.0570540130100716,0.2782996590051113,0.4636476090008061,0.0006348190020763,0.0010982359419754,8.54400374531753,14.560219778561036,0.0065774185470402,0.0115914915567155,9062.530000000152,9094.465000000127,5
44,399,404,406,351,353,355,9110.439999999926,9126.525000000129,9134.479999999712,10.198039027185567,5.385164807134504,2.8284271247461903,0.6340092649709019,0.6769534641629839,0.1763908403322886,0.6259780907747207,0.3108486167197353,0.2514142049157441,0.1251956181549441,0.1243394466878941,0.2514142049157441,0.0394161806007402,0.0850978584787476,0.0110003642239581,0.1973955598498807,0.3805063771123649,0.7853981633974483,0.0050644193525039,0.0113839488504926,0.0508977732628898,0.0011040896656997,0.002840017275563,0.0093145813021584,45.0,403.0,353.0,9123.814999999922,6.137210319688754,0.49578452315539145,0.39608030413673334,0.47988503910864805,0.0451714677678153,0.4544333667865646,0.0224487138219621,0.0044195627478070335,399,406,351,355,0.1243394466878941,0.2514142049157441,0.2514142049157441,0.6259780907747207,0.1763908403322886,0.6769534641629839,0.0110003642239581,0.0850978584787476,0.1973955598498807,0.7853981633974483,0.0011040896656997,0.0093145813021584,2.8284271247461903,10.198039027185567,0.0050644193525039,0.0508977732628898,9110.439999999926,9134.479999999712,5
45,408,409,410,357,357,358,9150.514999999814,9166.505000000145,9199.219999999968,2.8284271247461903,1.0,1.4142135623730951,0.1768872498241395,0.0305670181875388,0.0901059931423085,0.1247271593381548,0.062539086928044,0.0305670181875388,0.1247271593381548,0.0,0.0305670181875388,0.0110623670932144,0.0009343426008773,0.0057410635961782,0.7853981633974483,0.0,0.7853981633974483,0.0,0.0491180840138391,0.0240072799450294,3.866720876576602e-06,0.0006333974041356,0.0001469271280857,46.0,409.0,357.3333333333333,9172.079999999976,1.7475468957064286,0.09918675371799561,0.07261108815124587,0.0828000942137588,0.005912591096756633,0.5235987755982988,0.024375121319622838,0.00026139708436595884,408,410,357,358,0.0,0.1247271593381548,0.0305670181875388,0.1247271593381548,0.0305670181875388,0.1768872498241395,0.0009343426008773,0.0110623670932144,0.0,0.7853981633974483,3.866720876576602e-06,0.0006333974041356,1.0,2.8284271247461903,0.0,0.0491180840138391,9150.514999999814,9199.219999999968,5
46,411,414,418,358,360,362,9214.91500000002,9230.805000000146,9246.88500000002,1.0,3.605551275463989,4.47213595499958,0.0629326620511028,0.2242258255903077,0.2826887455738347,0.0637145587764748,0.1887979861533084,0.2487562189074154,0.0,0.1258653241022056,0.1243781094537077,0.0039605199528383,0.0139443921388096,0.0178690736771475,0.0,0.5880026035475675,0.4636476090008061,0.0500412974447221,0.0370045691342276,0.0077335195614261,0.0001134465526176,0.0006283116542411,0.0002440722349731,47.0,414.3333333333333,360.0,9230.868333333396,3.0258957434878564,0.18994907773841507,0.1670895879457329,0.20854895776363547,0.011924661922931798,0.35055007084945783,0.031593128713458596,0.0003286101472772666,411,418,358,362,0.0,0.1258653241022056,0.0637145587764748,0.2487562189074154,0.0629326620511028,0.2826887455738347,0.0039605199528383,0.0178690736771475,0.0,0.5880026035475675,0.0001134465526176,0.0006283116542411,1.0,4.47213595499958,0.0077335195614261,0.0500412974447221,9214.91500000002,9246.88500000002,5
47,425,433,440,365,370,374,9262.705000000096,9278.60499999997,9294.589999999973,7.615773105863909,9.433981132056603,8.06225774829855,0.4789794406241635,0.5901771117958248,0.5078587557967045,0.442477876104066,0.5031446540920335,0.4379105411322956,0.1896333754731711,0.3144654088075209,0.2502345949327403,0.030124493121255,0.0369206826272007,0.0319911027272488,0.4048917862850834,0.5585993153435624,0.5191461142465229,0.0037140216634285,0.0096671401924337,0.0024681389488294,0.0007746788523418,0.0004274333022641,0.0003083878573632,48.0,432.6666666666667,369.6666666666667,9278.633333333346,8.37067066207302,0.5256717694055643,0.4611776904427984,0.5445892220870451,0.03301209282523484,0.49421240529172294,0.005283100268230533,0.0005035000039897,425,440,365,374,0.1896333754731711,0.3144654088075209,0.4379105411322956,0.5031446540920335,0.4789794406241635,0.5901771117958248,0.030124493121255,0.0369206826272007,0.4048917862850834,0.5585993153435624,0.0003083878573632,0.0007746788523418,7.615773105863909,9.433981132056603,0.0024681389488294,0.0096671401924337,9262.705000000096,9294.589999999973,5
48,443,443,441,378,380,386,9310.465000000022,9326.939999999922,9342.979999999898,5.0,2.0,6.324555320336759,0.3034901365723977,0.1246882793019368,0.3959033064310807,0.1889763779521496,0.0,0.1246882793019368,0.2519685039361994,0.121396054628959,0.3740648379058104,0.0184212525993465,0.0077735834976389,0.0247826795884072,0.9272952180016122,1.5707963267948966,1.892546881191539,0.0257101797640176,0.0390592478784326,0.0200592614960807,0.0008547937088414,0.0006462925099709,0.0010604174620196,49.0,442.3333333333333,381.3333333333333,9326.794999999947,4.441518440112254,0.2746939074351384,0.10455488575136214,0.22924316505329898,0.0169925052284642,1.4635461419960158,0.02827622971284363,0.0008538345602773001,441,443,378,386,0.121396054628959,0.3740648379058104,0.0,0.1889763779521496,0.1246882793019368,0.3959033064310807,0.0077735834976389,0.0247826795884072,0.9272952180016122,1.892546881191539,0.0006462925099709,0.0010604174620196,2.0,6.324555320336759,0.0200592614960807,0.0390592478784326,9310.465000000022,9342.979999999898,5
49,432,405,383,393,406,416,9358.95500000015,9382.939999999962,9399.02499999971,11.40175425099138,29.966648127543397,24.166091947189145,0.4753702001701493,1.8630182236874528,1.5113253249963658,0.5633802816812112,1.1257035647368063,1.3677339136055036,0.438184663529831,0.5420054200584623,0.6216972334570471,0.019819478848192,0.1158233275546551,0.094516905876502,2.4805494847391065,2.692869309579072,2.714965160462917,0.0368076747128793,0.0088521919883942,0.0013736929365365,0.0003106854923403,0.0040026620265673,0.0013246143412177,50.0,406.6666666666667,405.0,9380.306666666607,21.844831441907974,1.2832379162846559,1.0189392533411736,1.2261716644935228,0.07671990409311637,2.629461318260365,0.015677853212603333,0.0018793206200417667,383,432,393,416,0.438184663529831,0.6216972334570471,0.5633802816812112,1.3677339136055036,0.4753702001701493,1.8630182236874528,0.019819478848192,0.1158233275546551,2.4805494847391065,2.714965160462917,0.0003106854923403,0.0040026620265673,11.40175425099138,29.966648127543397,0.0013736929365365,0.0368076747128793,9358.95500000015,9399.02499999971,5
50,361,341,327,425,438,451,9415.01500000004,9431.029999999737,9447.014999999736,23.769728648009423,23.853720883753127,19.1049731745428,1.4842165874778928,1.4922565457461532,1.193315001512207,1.375859912416968,1.2488292226274005,0.8758210822645912,0.562851782352396,0.8117389947078101,0.8132624335314061,0.0926766523575354,0.0933535530651297,0.0745356028414395,2.7532739354173272,2.565217432998609,2.393214606066275,0.0023957958069807,0.0117425227862797,0.0107602644311747,0.0001150877747922,4.22666692230444e-05,0.0011772255379223,51.0,343.0,438.0,9431.019999999837,22.242807568768445,1.3899293782454176,1.1668367391029866,1.4379242169467885,0.08685526942136819,2.5705686581607368,0.0082995276748117,0.0004448599939791815,327,361,425,451,0.562851782352396,0.8132624335314061,0.8758210822645912,1.375859912416968,1.193315001512207,1.4922565457461532,0.0745356028414395,0.0933535530651297,2.393214606066275,2.7532739354173272,4.22666692230444e-05,0.0011772255379223,19.1049731745428,23.853720883753127,0.0023957958069807,0.0117425227862797,9415.01500000004,9447.014999999736,5
51,320,315,310,465,482,493,9463.025000000016,9478.979999999863,9494.754999999714,15.652475842498529,17.72004514666935,12.083045973594572,0.9810389121057168,1.123299216915331,0.7433433388861159,0.4372267332840863,0.3133813851486892,0.3169572107795859,0.8744534665681727,1.0654967095055432,0.6973058637150891,0.0614878666320905,0.0712075573328752,0.0457301346592475,2.0344439357957027,1.856847768512215,1.9974238199217729,0.022409161165792,0.0111310665800795,0.0089113186314362,0.0008149741542237,0.0006091940270057,0.0016150505656971,52.0,315.0,480.0,9478.919999999865,15.15185565425415,0.9492271559690546,0.3558551097374538,0.5882903976424835,0.05947518620807107,1.96290517474323,0.014150515459102564,0.0010130729156421667,310,320,465,493,0.6973058637150891,1.0654967095055432,0.3133813851486892,0.4372267332840863,0.7433433388861159,1.123299216915331,0.0457301346592475,0.0712075573328752,1.856847768512215,2.0344439357957027,0.0006091940270057,0.0016150505656971,12.083045973594572,17.72004514666935,0.0089113186314362,0.022409161165792,9463.025000000016,9494.754999999714,5
52,310,308,306,500,508,514,9511.009999999716,9527.114999999869,9542.889999999716,7.0,8.246211251235321,6.324555320336759,0.4346476249570802,0.5227392235381574,0.26341338277023,0.0,0.1241850357020229,0.1267828843118343,0.4306367271608466,0.4967401428080917,0.3803486529355031,0.0269883654115472,0.0331371932515481,0.0109709863710641,1.5707963267948966,1.8157749899217608,1.892546881191539,0.026245923908142,0.0152113420133217,0.0048666809046285,0.0011529848814333,0.000381796202418,0.0014051478212802,53.0,308.0,507.3333333333333,9527.004999999766,7.19025552385736,0.4069334104218225,0.0836559733379524,0.21043885764978676,0.0236988483447198,1.7597060659693986,0.015441315608697402,0.0009799763017105,306,310,500,514,0.3803486529355031,0.4967401428080917,0.0,0.1267828843118343,0.26341338277023,0.5227392235381574,0.0109709863710641,0.0331371932515481,1.5707963267948966,1.892546881191539,0.000381796202418,0.0014051478212802,6.324555320336759,8.246211251235321,0.0048666809046285,0.026245923908142,9511.009999999716,9542.889999999716,5
53,303,300,300,525,529,533,9566.899999999803,9582.945000000109,9598.95000000006,11.40175425099138,5.0,4.0,0.710611047103488,0.3124023742590186,0.2499218994072149,0.1249479383585521,0.1869741352410837,0.0,0.4581424406480244,0.2492988469881117,0.2499218994072149,0.0442886286749785,0.0195190486885343,0.0156152389508275,1.837048375945822,2.214297435588181,1.5707963267948966,0.0023114746041445,0.0235119388990473,0.0402062548450666,0.0013876569056139,0.00154375693275,0.000243911886143,54.0,301.0,529.0,9582.931666666658,6.800584750330461,0.4243117735899072,0.10397402453321193,0.18728132433561692,0.026474305438113434,1.8740473794429666,0.022009889449419465,0.0010584419081689667,300,303,525,533,0.2492988469881117,0.4581424406480244,0.0,0.1869741352410837,0.2499218994072149,0.710611047103488,0.0156152389508275,0.0442886286749785,1.5707963267948966,2.214297435588181,0.000243911886143,0.00154375693275,4.0,11.40175425099138,0.0023114746041445,0.0402062548450666,9566.899999999803,9598.95000000006,5
54,299,298,297,535,537,543,9614.955000000007,9630.494999999884,9646.50500000016,2.23606797749979,2.23606797749979,6.082762530298219,0.1438911182444006,0.1396669567433409,0.3817234094971197,0.0624804748518037,0.064350064350588,0.0624609618977266,0.1249609497036074,0.128700128701176,0.3747657713863597,0.0092594027185052,0.0087237324635172,0.0239550304047397,2.0344439357957027,2.0344439357957027,1.7359450042095237,0.0289689227742737,0.0,0.0186445303923164,0.0003971156658757,3.4470415379173325e-05,0.0009513615203596,55.0,298.0,538.3333333333334,9630.651666666685,3.518299495099266,0.22176049482828705,0.06309716703337277,0.18801909082882598,0.0139793885289207,1.934944291933643,0.015871151055530035,0.0004609825338714911,297,299,535,543,0.1249609497036074,0.3747657713863597,0.0624609618977266,0.064350064350588,0.1396669567433409,0.3817234094971197,0.0087237324635172,0.0239550304047397,1.7359450042095237,2.0344439357957027,3.4470415379173325e-05,0.0009513615203596,2.23606797749979,6.082762530298219,0.0,0.0289689227742737,9614.955000000007,9646.50500000016,5
55,294,288,280,552,560,571,9662.44000000006,9678.48499999991,9694.53999999996,9.486832980505138,10.0,13.601470508735444,0.5912641309189381,0.622858922452077,0.8540954793472881,0.1882648258562241,0.3739482704927659,0.4982871379616616,0.5647944775686723,0.4985976939903546,0.6851448146972846,0.0368503665269242,0.0387953237278162,0.0536323691892704,1.892546881191539,2.214297435588181,2.1995926132103296,0.0098275416995923,0.0200530105577854,0.0009159029821117,0.0008092460698001,0.0001212188969093,0.0009241386148493,56.0,287.3333333333333,561.0,9678.488333333311,11.029434496413527,0.6894061775727677,0.3535000781035505,0.5818816830026453,0.043092686481336934,2.1021456433300165,0.0102654850798298,0.0006182011938529,280,294,552,571,0.4985976939903546,0.6851448146972846,0.1882648258562241,0.4982871379616616,0.5912641309189381,0.8540954793472881,0.0368503665269242,0.0536323691892704,1.892546881191539,2.214297435588181,0.0001212188969093,0.0009241386148493,9.486832980505138,13.601470508735444,0.0009159029821117,0.0200530105577854,9662.44000000006,9694.53999999996,5
56,272,268,262,580,587,594,9710.465000000111,9726.439999999911,9750.555000000077,12.041594578792296,8.06225774829855,9.219544457292889,0.7537774384315628,0.3343254301572997,0.5780278656618926,0.5023547880642768,0.2503912363098882,0.2488077959759017,0.5651491365723114,0.4381846635423044,0.2902757619718853,0.0471848161778449,0.0138637955693555,0.0362399915776043,2.297438667476622,2.08994244104142,2.279422598922567,0.0061441792317336,0.0129888091666867,0.007857356743929,0.0004048698908234,0.0020858228863167,0.0009278953351895,57.0,267.3333333333333,587.0,9729.153333333366,9.774465594794577,0.5553769114169184,0.33385127345002225,0.43060986077398394,0.032429534441601564,2.222267902480203,0.008996781714116433,0.0011395293707765332,262,272,580,594,0.2902757619718853,0.5651491365723114,0.2488077959759017,0.5023547880642768,0.3343254301572997,0.7537774384315628,0.0138637955693555,0.0471848161778449,2.08994244104142,2.297438667476622,0.0004048698908234,0.0020858228863167,8.06225774829855,12.041594578792296,0.0061441792317336,0.0129888091666867,9710.465000000111,9750.555000000077,5
57,261,260,261,596,597,597,9766.505000000052,9790.494999999735,10422.595,2.23606797749979,1.4142135623730951,1.0,0.0932083358703268,0.0115620615817542,0.0246639536318656,0.0626959247649875,0.0416840350151365,0.0024028353457062,0.125391849529975,0.0416840350151365,0.0,0.0038852995361213,9.452693113475437e-05,0.0006083106087548,2.0344439357957027,2.356194490192345,0.0,0.0153591638324291,0.0134118613756092,0.0,0.0020285073380271,0.0001580146980006,1.461670231884152e-06,58.0,260.6666666666667,596.6666666666666,9993.198333333263,1.5500938466242948,0.043144783694648865,0.0355942650419434,0.0355942650419434,0.0015293790253369515,1.4635461419960158,0.009590341736012767,0.0007293279020865281,260,261,596,597,0.0,0.125391849529975,0.0024028353457062,0.0626959247649875,0.0115620615817542,0.0932083358703268,9.452693113475437e-05,0.0038852995361213,0.0,2.356194490192345,1.461670231884152e-06,0.0020285073380271,1.0,2.23606797749979,0.0,0.0153591638324291,9766.505000000052,10422.595,5
58,261,263,263,596,596,595,10463.13999999984,10502.660000000104,10527.154999999766,1.0,2.0,1.0,0.025303643724526,0.0816493161881081,0.0421052631573787,0.0,0.050607287449052,0.0,0.0246639536318656,0.0,0.040824658094054,0.0006402743857377,0.0033333054169928,0.0017728531855521,1.5707963267948966,0.0,1.5707963267948966,0.0387420477691741,0.0397468706170122,0.0641272229767976,7.883531134062603e-07,6.814349775397148e-05,6.370492882067058e-05,59.0,262.3333333333333,595.6666666666666,10497.65166666657,1.3333333333333333,0.04968607435667093,0.016869095816350665,0.03047731518103533,0.0019154776627608667,1.0471975511965976,0.0475387137876613,4.421225989601611e-05,261,263,595,596,0.0,0.040824658094054,0.0,0.050607287449052,0.025303643724526,0.0816493161881081,0.0006402743857377,0.0033333054169928,0.0,1.5707963267948966,7.883531134062603e-07,6.814349775397148e-05,1.0,2.0,0.0387420477691741,0.0641272229767976,10463.13999999984,10527.154999999766,5
59,264,265,266,595,595,594,10550.905000000055,10583.070000000134,10599.079999999958,1.0,1.0,1.4142135623730951,0.0310896937664417,0.0624609618995007,0.0879759603342476,0.0421052631573787,0.0310896937664417,0.0624609618995007,0.0,0.0,0.0624609618995007,0.0009665690584911,0.0039013717614108,0.0054728435666714,0.0,0.0,0.7853981633974483,0.066138792706343,0.0,0.0490567247599058,3.394880534952053e-05,9.124211729870076e-05,9.81556405545203e-05,60.0,265.0,594.6666666666666,10577.685000000049,1.1380711874576983,0.06050887200006333,0.0452186396077737,0.0660389602409406,0.0034469281288577666,0.2617993877991494,0.038398505822082936,7.444885440091386e-05,264,266,594,595,0.0,0.0624609618995007,0.0310896937664417,0.0624609618995007,0.0310896937664417,0.0879759603342476,0.0009665690584911,0.0054728435666714,0.0,0.7853981633974483,3.394880534952053e-05,9.81556405545203e-05,1.0,1.4142135623730951,0.0,0.066138792706343,10550.905000000055,10599.079999999958,5
60,266,267,268,593,593,593,10615.15499999996,10630.95999999996,10638.515000000098,1.0,1.0,1.0,0.0632711167352092,0.1323626737235821,0.062597809077472,0.0,0.0632711167352092,0.1323626737235821,0.0622083981337452,0.0,0.0,0.0040032342129204,0.0175198773952554,0.0039184857012996,1.5707963267948966,0.0,0.0,0.0488583616421407,0.0993860377598777,0.0,9.14220437792174e-05,0.0008552131086576,0.0018003165709737,61.0,267.0,593.0,10628.210000000005,1.0,0.0860771998454211,0.06521126348626377,0.06521126348626377,0.0084805324364918,0.5235987755982988,0.049414799800672794,0.0009156505744701724,266,268,593,593,0.0,0.0622083981337452,0.0,0.1323626737235821,0.062597809077472,0.1323626737235821,0.0039184857012996,0.0175198773952554,0.0,1.5707963267948966,9.14220437792174e-05,0.0018003165709737,1.0,1.0,0.0,0.0993860377598777,10615.15499999996,10638.515000000098,5
61,269,272,276,592,591,589,10654.489999999896,10670.5750000001,10686.509999999998,1.4142135623730951,3.1622776601683795,4.47213595499958,0.0879212659219931,0.1984485510002092,0.2796832992517038,0.062597809077472,0.1865091700318412,0.2510197678082987,0.062597809077472,0.062169723343947,0.1255098839041493,0.0054660407784199,0.0124536272984914,0.0174911381647218,0.7853981633974483,0.3217505543966422,0.4636476090008061,0.0491642042821506,0.0288248435806626,0.0089047414248546,9.68735572544474e-05,0.0004344163207947,0.0003161287019932,62.0,272.3333333333333,590.6666666666666,10670.524999999998,3.016209059180351,0.18868437205796873,0.16670891563920398,0.20854554360725375,0.011803602080544366,0.5235987755982988,0.0289645964292226,0.00028247286001411583,269,276,589,592,0.062169723343947,0.1255098839041493,0.062597809077472,0.2510197678082987,0.0879212659219931,0.2796832992517038,0.0054660407784199,0.0174911381647218,0.3217505543966422,0.7853981633974483,9.68735572544474e-05,0.0004344163207947,1.4142135623730951,4.47213595499958,0.0089047414248546,0.0491642042821506,10654.489999999896,10686.509999999998,5
62,279,281,285,586,585,583,10702.499999999873,10718.534999999974,10734.509999999773,4.242640687119285,2.23606797749979,4.47213595499958,0.2645862604984329,0.1399729563397809,0.2790724464836626,0.1876172607894677,0.1247271593381548,0.2503912363098882,0.1876172607894677,0.0623635796690774,0.1251956181549441,0.0165005463359372,0.0087620003969669,0.0174148172528856,0.7853981633974483,0.4636476090008061,0.4636476090008061,0.0201219858911302,0.0200655163326848,0.0,6.195070849233152e-05,0.0004826034261877,0.0005416473775291,63.0,281.6666666666667,584.6666666666666,10718.514999999874,3.6502815398728843,0.22787722110729214,0.18757855214583688,0.22931042486415157,0.014225787995263231,0.5708977937996869,0.013395834074604998,0.0003620671707363772,279,285,583,586,0.0623635796690774,0.1876172607894677,0.1247271593381548,0.2503912363098882,0.1399729563397809,0.2790724464836626,0.0087620003969669,0.0174148172528856,0.4636476090008061,0.7853981633974483,6.195070849233152e-05,0.0005416473775291,2.23606797749979,4.47213595499958,0.0,0.0201219858911302,10702.499999999873,10734.509999999773,5
63,288,326,335,582,563,557,10750.535000000127,10798.4849999998,10814.5599999998,3.1622776601683795,42.485291572496,10.816653826391969,0.0659494819643362,2.6429419329700825,0.6720505639282643,0.1872074882953925,0.7924921793588926,0.5598755832037071,0.0624024960984641,0.3962460896794463,0.3732503888024714,0.0013753802286712,0.1644131840105731,0.0417552385169519,0.3217505543966422,0.4636476090008061,0.5880026035475675,0.0088547303963198,0.0029592712117858,0.0077359250106846,0.001000900906325,0.0034001627483422,0.0076303543075344,64.0,316.3333333333333,567.3333333333334,10787.859999999908,18.821407686352117,1.1269806596208944,0.5131917502859974,0.6376085465534879,0.06918126758539873,0.45780025564833854,0.006516642206263401,0.0040104726540672,288,335,557,582,0.0624024960984641,0.3962460896794463,0.1872074882953925,0.7924921793588926,0.0659494819643362,2.6429419329700825,0.0013753802286712,0.1644131840105731,0.3217505543966422,0.5880026035475675,0.001000900906325,0.0076303543075344,3.1622776601683795,42.485291572496,0.0029592712117858,0.0088547303963198,10750.535000000127,10814.5599999998,5
64,341,344,346,555,554,553,10830.654999999751,10854.489999999714,10870.499999999993,6.324555320336759,3.1622776601683795,2.23606797749979,0.2653474017347029,0.1975189044418092,0.1393188771051969,0.3727865796842841,0.1258653241034062,0.1249219237954532,0.1242621932280947,0.0419551080344687,0.0624609618977266,0.011132678906445,0.0123372207644205,0.0086803038696326,0.3217505543966422,0.3217505543966422,0.4636476090008061,0.0165425317894842,0.0,0.0088630265210303,0.0019026132097298,5.0536683783402105e-05,0.0002284145468285,65.0,343.6666666666667,554.0,10851.881666666486,3.9076336526683093,0.20072839442723633,0.2078579425277145,0.22867826316029002,0.010716734513499367,0.3690495725980301,0.008468519436838165,0.0007271881467805674,341,346,553,555,0.0419551080344687,0.1242621932280947,0.1249219237954532,0.3727865796842841,0.1393188771051969,0.2653474017347029,0.0086803038696326,0.0123372207644205,0.3217505543966422,0.4636476090008061,5.0536683783402105e-05,0.0019026132097298,2.23606797749979,6.324555320336759,0.0,0.0165425317894842,10830.654999999751,10870.499999999993,5
65,347,350,353,552,549,547,10886.549999999716,10902.509999999893,10918.395000000146,1.4142135623730951,4.242640687119285,3.605551275463989,0.0886098723281564,0.2670847143249416,0.223947284192759,0.0623052959512318,0.1879699248099408,0.188857412650438,0.0623052959512318,0.1879699248099408,0.1259049417669586,0.0055519970129806,0.0168136427019632,0.0139097692046713,0.7853981633974483,0.7853981633974483,0.5880026035475675,0.0200467635141557,0.0,0.0124265382339777,0.0001949100845299,0.000705616897798,0.0001828060117875,66.0,350.0,549.3333333333334,10902.484999999919,3.0874685083187896,0.19321395694861898,0.14637754447053686,0.18834585839285642,0.012091802973205034,0.719599643447488,0.010824433916044466,0.0003611109980384667,347,353,547,552,0.0623052959512318,0.1879699248099408,0.0623052959512318,0.188857412650438,0.0886098723281564,0.2670847143249416,0.0055519970129806,0.0168136427019632,0.5880026035475675,0.7853981633974483,0.0001828060117875,0.000705616897798,1.4142135623730951,4.242640687119285,0.0,0.0200467635141557,10886.549999999716,10918.395000000146,5
66,358,360,362,544,543,541,10934.49499999997,10942.575000000032,10966.495000000124,5.830951894845301,2.23606797749979,2.8284271247461903,0.7216524622276497,0.0934811027379369,0.3520133322717945,0.3105590062145765,0.2475247524732994,0.0836120401334674,0.1863354037287459,0.1237623762366497,0.0836120401334674,0.089313423542323,0.0039080728569225,0.0438099977945206,0.5404195002705842,0.4636476090008061,0.7853981633974483,0.0029554722532611,0.0095014716917294,0.0134511101335887,0.0046834567912097,0.0105699691441495,0.0016681406746425,67.0,360.0,542.6666666666666,10947.855000000041,3.6318156656970935,0.3890489657457937,0.2138985996071144,0.24176927965160355,0.04567716473125536,0.5964884242229461,0.008636018026193066,0.0056405222033339,358,362,541,544,0.0836120401334674,0.1863354037287459,0.0836120401334674,0.3105590062145765,0.0934811027379369,0.7216524622276497,0.0039080728569225,0.089313423542323,0.4636476090008061,0.7853981633974483,0.0016681406746425,0.0105699691441495,2.23606797749979,5.830951894845301,0.0029554722532611,0.0134511101335887,10934.49499999997,10966.495000000124,5
67,363,364,366,541,541,540,10974.52999999996,10998.505000000025,11014.940000000024,1.0,1.0,2.23606797749979,0.041710114702704,0.0608457560085135,0.1389725281223836,0.1244555071587296,0.041710114702704,0.1216915120170271,0.0,0.0,0.0608457560085135,0.0017397336685127,0.0037022060242475,0.008637198764557,0.0,0.0,0.4636476090008061,0.0977471267471642,0.0,0.0282109892911937,0.005235876058104,8.18549470585858e-05,0.0003002733641806,68.0,364.3333333333333,540.6666666666666,10995.991666666669,1.4120226591665965,0.08050946627786702,0.0959523779594869,0.11623429662899139,0.004693046152439067,0.1545492030002687,0.04198603867945263,0.0018726681231143955,363,366,540,541,0.0,0.0608457560085135,0.041710114702704,0.1244555071587296,0.041710114702704,0.1389725281223836,0.0017397336685127,0.008637198764557,0.0,0.4636476090008061,8.18549470585858e-05,0.005235876058104,1.0,2.23606797749979,0.0,0.0977471267471642,10974.52999999996,11014.940000000024,5
68,369,398,452,538,532,525,11031.0300000001,11054.76499999986,11070.964999999887,3.605551275463989,29.61418578992169,54.45181356024793,0.1519086275753265,1.8280361598687536,3.3863068134747007,0.1864512119319905,1.2218243101029138,3.333333333327944,0.1243008079546603,0.2527912365730166,0.4320987654314001,0.0064001949684794,0.1128417382633208,0.2105912197450962,0.5880026035475675,0.2040179795925485,0.1289107716839914,0.0077287131476799,0.0161779913191023,0.0046362474017552,0.000139030689625,0.0044845815587072,0.0060339186099763,69.0,406.3333333333333,531.6666666666666,11052.253333333283,29.223850208544537,1.7887505336395935,1.5805362851209495,1.724569206931416,0.10994438432563214,0.3069771182747025,0.009514317289512466,0.003552510286102833,369,452,525,538,0.1243008079546603,0.4320987654314001,0.1864512119319905,3.333333333327944,0.1519086275753265,3.3863068134747007,0.0064001949684794,0.2105912197450962,0.1289107716839914,0.5880026035475675,0.000139030689625,0.0060339186099763,3.605551275463989,54.45181356024793,0.0046362474017552,0.0161779913191023,11031.0300000001,11070.964999999887,5
69,544,641,734,513,513,513,11087.044999999762,11102.87500000004,11118.759999999838,92.7793080379456,97.0,93.0,5.860979661169608,6.106389675872307,5.754950495004212,5.721393034870554,6.127605811642142,5.85457979233118,0.7462686567222462,0.0,0.0,0.3702450828216421,0.384412318284535,0.3561231741930024,0.1297025371559121,0.0,0.0,4.923914626410775e-05,0.0081934641284669,0.0,0.0099287228282209,0.0008949611789414,0.0017808715197917,70.0,639.6666666666666,513.0,11102.893333333215,94.25976934598187,5.907439944015376,5.901192879614626,5.901192879614626,0.3702601917663932,0.043234179051970696,0.002747567758243669,0.004201518508984667,544,734,513,513,0.0,0.7462686567222462,5.721393034870554,6.127605811642142,5.754950495004212,6.106389675872307,0.3561231741930024,0.384412318284535,0.0,0.1297025371559121,0.0008949611789414,0.0099287228282209,92.7793080379456,97.0,0.0,0.0081934641284669,11087.044999999762,11118.759999999838,5
70,820,902,978,513,513,513,11134.919999999966,11151.04999999994,11167.019999999866,86.0,82.0,76.0,5.33168009920213,5.134627426448735,4.752970606666516,5.321782178175938,5.083694978309007,4.758922980611023,0.0,0.0,0.0,0.3305443334910236,0.3215170586395068,0.2972464419452088,0.0,0.0,0.0,0.0,0.0,0.0,0.0015828490533278,0.0005596574613472,0.0015197630992117,71.0,900.0,513.0,11150.996666666591,81.33333333333333,5.07309271077246,5.054800045698656,5.054800045698656,0.31643594469191305,0.0,0.0,0.0012207565379622333,820,978,513,513,0.0,0.0,4.758922980611023,5.321782178175938,4.752970606666516,5.33168009920213,0.2972464419452088,0.3305443334910236,0.0,0.0,0.0005596574613472,0.0015828490533278,76.0,86.0,0.0,0.0,11134.919999999966,11167.019999999866,5
71,1029,1071,1098,513,513,513,11183.00999999974,11198.765000000094,11214.820000000143,51.0,42.0,27.0,3.2370675975153533,2.616007474298723,1.104294478532668,3.1894934334209517,2.665820374424409,1.681719090620608,0.0,0.0,0.0,0.205462875115369,0.1629403596568282,0.0451654183451013,0.0,0.0,0.0,0.0,0.0,0.0,0.0057400604647005,0.0026989854305036,0.0073357173037278,72.0,1066.0,513.0,11198.864999999993,40.0,2.319123183448915,2.5123442994886562,2.5123442994886562,0.13785621770576617,0.0,0.0,0.005258254399643968,1029,1098,513,513,0.0,0.0,1.681719090620608,3.1894934334209517,1.104294478532668,3.2370675975153533,0.0451654183451013,0.205462875115369,0.0,0.0,0.0026989854305036,0.0073357173037278,27.0,51.0,0.0,0.0,11183.00999999974,11214.820000000143,5
72,1126,1138,1145,513,514,515,11239.270000000031,11254.99499999978,11271.020000000137,28.0,12.041594578792296,7.071067811865476,1.780604133573899,0.7514255587223736,0.4419417382520427,1.145194274033878,0.7631160572459567,0.4368174726892492,0.0,0.0635930047704963,0.0624024960984641,0.1132339671607305,0.0468908304964591,0.0276213586414058,0.0,0.0831412318884412,0.1418970546041639,0.0,0.0052872007561065,0.0036665099977799,0.0027839897266233,0.0042189594063807,0.0012024631422544,73.0,1136.3333333333333,514.0,11255.094999999981,15.704220796885926,0.9913238101827716,0.7817092679896946,0.802510100022516,0.0625820520995318,0.0750127621642017,0.0029845702512954664,0.0027351374250861333,1126,1145,513,515,0.0,0.0635930047704963,0.4368174726892492,1.145194274033878,0.4419417382520427,1.780604133573899,0.0276213586414058,0.1132339671607305,0.0,0.1418970546041639,0.0012024631422544,0.0042189594063807,7.071067811865476,28.0,0.0,0.0052872007561065,11239.270000000031,11271.020000000137,5
73,1149,1150,1150,515,515,516,11287.019999999757,11318.995000000086,11326.904999999895,4.0,1.0,1.0,0.125097732602307,0.1264222503190814,0.1269841269802552,0.2500000000059117,0.0312744331505767,0.0,0.0,0.0,0.1264222503190814,0.0039123606755595,0.0159825853757404,0.0161249685049375,0.0,0.0,1.5707963267948966,0.0088685659129699,0.0,0.198583606426358,0.0014818123729004,0.0003774894354982,1.800039560057081e-05,74.0,1149.6666666666667,515.3333333333334,11310.973333333246,2.0,0.1261680366338812,0.09375814438549614,0.1358988944918566,0.012006638185412468,0.5235987755982988,0.0691507241131093,0.0006257674013330569,1149,1150,515,516,0.0,0.1264222503190814,0.0,0.2500000000059117,0.125097732602307,0.1269841269802552,0.0039123606755595,0.0161249685049375,0.0,1.5707963267948966,1.800039560057081e-05,0.0014818123729004,1.0,4.0,0.0,0.198583606426358,11287.019999999757,11326.904999999895,5
74,1152,1153,1157,517,519,521,11334.780000000135,11351.004999999986,11367.01499999981,2.23606797749979,2.23606797749979,4.47213595499958,0.1378162081676762,0.139666956747308,0.2790724464915819,0.2539682539605105,0.0616332819728371,0.249843847598003,0.1269841269802552,0.1232665639456743,0.1249219237990015,0.0084940652184256,0.0087237324640128,0.0174148172538739,0.4636476090008061,1.1071487177940904,0.4636476090008061,0.1405903133663915,0.0396610852880898,0.0401936982386238,0.0009690035919084,1.4155146107201866e-05,0.0005428535159248,75.0,1154.0,519.0,11350.93333333331,2.9814239699997196,0.18551853713552205,0.18848179451045022,0.23012243577678404,0.011544204978770766,0.6781479785985676,0.07348169896436836,0.0005086707513134673,1152,1157,517,521,0.1232665639456743,0.1269841269802552,0.0616332819728371,0.2539682539605105,0.1378162081676762,0.2790724464915819,0.0084940652184256,0.0174148172538739,0.4636476090008061,1.1071487177940904,1.4155146107201866e-05,0.0009690035919084,2.23606797749979,4.47213595499958,0.0396610852880898,0.1405903133663915,11334.780000000135,11367.01499999981,5
75,1158,1160,1162,522,524,530,11383.03999999971,11398.75499999971,11423.150000000078,1.4142135623730951,2.8284271247461903,6.324555320336759,0.0899913180001961,0.1159429032467119,0.4064624241907894,0.0624024961002349,0.1272669424117073,0.0819840131162057,0.0624024961002349,0.1272669424117073,0.2459520393486173,0.0057264599427423,0.0047527322502547,0.0261222637657719,0.7853981633974483,0.7853981633974483,1.2490457723982544,0.0200780377159849,0.0,0.0190058458288097,0.000729382671526,6.196167308225188e-05,0.0008759799760276,76.0,1160.0,525.3333333333334,11401.648333333165,3.5223986691520146,0.2041322151458991,0.09055115054271597,0.17253516365892174,0.012200485319589635,0.939947366397717,0.0130279611815982,0.000555774773545284,1158,1162,522,530,0.0624024961002349,0.2459520393486173,0.0624024961002349,0.1272669424117073,0.0899913180001961,0.4064624241907894,0.0047527322502547,0.0261222637657719,0.7853981633974483,1.2490457723982544,6.196167308225188e-05,0.0008759799760276,1.4142135623730951,6.324555320336759,0.0,0.0200780377159849,11383.03999999971,11423.150000000078,5
76,1162,1161,1158,534,539,542,11438.7099999999,11454.784999999902,11471.079999999802,4.0,5.0990195135927845,4.242640687119285,0.2488335925349809,0.3129192705507252,0.2756751583568827,0.0,0.0622083981337452,0.184105553852004,0.2570694087432833,0.3110419906687262,0.184105553852004,0.0154795391934662,0.0192033918719021,0.0179126158776112,1.5707963267948966,1.7681918866447774,2.356194490192345,0.0206780561953921,0.0122796615769749,0.0360848483308484,0.000683979728305,0.0002316549100115,7.921300977593098e-05,77.0,1160.3333333333333,538.3333333333334,11454.8583333332,4.447220066904023,0.2791426738141963,0.0821046506619164,0.1434731686125844,0.017531848980993168,1.8983942345440064,0.023014188701071803,0.00033161588269747696,1158,1162,534,542,0.184105553852004,0.3110419906687262,0.0,0.184105553852004,0.2488335925349809,0.3129192705507252,0.0154795391934662,0.0192033918719021,1.5707963267948966,2.356194490192345,7.921300977593098e-05,0.000683979728305,4.0,5.0990195135927845,0.0122796615769749,0.0360848483308484,11438.7099999999,11471.079999999802,5
77,1153,1148,1142,547,550,553,11486.469999999828,11502.579999999853,11518.625000000156,7.071067811865476,5.830951894845301,6.708203932499369,0.4389241348140312,0.3634123960570196,0.4186086697373729,0.3248862897980452,0.3103662321534398,0.3739482704821675,0.3248862897980452,0.1862197392920639,0.1869741352410837,0.0272454459846878,0.0226495728295504,0.0261222258808109,2.356194490192345,2.601173153319209,2.677945044588987,0.0,0.0152066209265343,0.004784785993663,0.0006064217093607,0.000285280766923,0.0002164321004172,78.0,1147.6666666666667,550.0,11502.558333333282,6.536741213070049,0.4069817335361412,0.33640026414455076,0.3987249758915787,0.025339081565016366,2.545104229366847,0.006663802306732434,0.0003693781922336333,1142,1153,547,553,0.1862197392920639,0.3248862897980452,0.3103662321534398,0.3739482704821675,0.3634123960570196,0.4389241348140312,0.0226495728295504,0.0272454459846878,2.356194490192345,2.677945044588987,0.0002164321004172,0.0006064217093607,5.830951894845301,7.071067811865476,0.0,0.0152066209265343,11486.469999999828,11518.625000000156,5
78,1139,1137,1137,554,554,555,11534.650000000056,11550.655000000006,11566.62499999993,3.1622776601683795,2.0,1.0,0.1975806098205711,0.1252348152792374,0.0094451003541737,0.1872074883007049,0.1249609497036074,0.0,0.0624024961002349,0.0,0.0626174076396187,0.0123449303230982,0.0078418794790123,8.920992070041287e-05,2.819842099193151,3.141592653589793,1.5707963267948966,0.0088547303965711,0.0201031274225333,0.0983591939137317,0.0008597376323119,0.0002813527550203,0.000485452070028,79.0,1137.6666666666667,554.3333333333334,11550.643333333332,2.05409255338946,0.11075350848466074,0.10405614600143744,0.12492861521464367,0.006758673240936971,2.5107436931926137,0.0424390172442787,0.0005421808191200667,1137,1139,554,555,0.0,0.0626174076396187,0.0,0.1872074883007049,0.0094451003541737,0.1975806098205711,8.920992070041287e-05,0.0123449303230982,1.5707963267948966,3.141592653589793,0.0002813527550203,0.0008597376323119,1.0,3.1622776601683795,0.0088547303965711,0.0983591939137317,11534.650000000056,11566.62499999993,5
79,1137,1136,1135,556,556,556,11790.37500000004,12775.035000000116,12798.459999999975,1.0,1.0,1.0,0.0010155789815773,0.0426894343652479,0.0628140703524546,0.0,0.0010155789815773,0.0426894343652479,0.0626174076396187,0.0,0.0,1.0314006678216236e-06,0.0018223878064248,0.0039456074342431,1.5707963267948966,3.141592653589793,3.141592653589793,0.0983591939137317,0.0015952677338317,0.0,6.458363605676159e-08,1.849731283648008e-06,9.063904494475608e-05,80.0,1136.0,556.0,12454.623333333378,1.0,0.035506361233093274,0.014568337782275067,0.014568337782275067,0.0019230088804452405,2.6179938779914944,0.033318153882521136,3.085111995482029e-05,1135,1137,556,556,0.0,0.0626174076396187,0.0,0.0426894343652479,0.0010155789815773,0.0628140703524546,1.0314006678216236e-06,0.0039456074342431,1.5707963267948966,3.141592653589793,6.458363605676159e-08,9.063904494475608e-05,1.0,1.0,0.0,0.0983591939137317,11790.37500000004,12798.459999999975,5
80,1133,1131,1128,556,556,556,12814.3799999998,12822.400000000016,12838.259999999991,2.0,2.0,3.0,0.2493765585968035,0.1261034047921272,0.1878522229188561,0.1256281407049093,0.2493765585968035,0.1891551071881908,0.0,0.0,0.0,0.0310943339887925,0.0079510343500835,0.0117628192185185,3.141592653589793,3.141592653589793,3.141592653589793,0.0,0.0,0.0,0.001705322019777,0.0028856982092379,0.0002403395251223,81.0,1130.6666666666667,556.0,12825.013333333269,2.3333333333333335,0.18777739543592895,0.18805326882996787,0.18805326882996787,0.0169360625191315,3.141592653589793,0.0,0.0016104532513790666,1128,1133,556,556,0.0,0.0,0.1256281407049093,0.2493765585968035,0.1261034047921272,0.2493765585968035,0.0079510343500835,0.0310943339887925,3.141592653589793,3.141592653589793,0.0002403395251223,0.0028856982092379,2.0,3.0,0.0,0.0,12814.3799999998,12838.259999999991,5
81,1124,1119,1100,556,556,552,12854.229999999916,12870.23999999974,12894.199999999728,4.0,5.0,19.4164878389476,0.249843847598003,0.2086811352254783,1.205993033454132,0.2504696305584749,0.3123048094975038,0.7929883138568175,0.0,0.0,0.1669449081803826,0.0156054870456435,0.0087095632397988,0.0749063995921278,3.141592653589793,3.141592653589793,2.93409642715459,0.0,0.0,0.0086601096175001,0.0002406178977547,0.0004307260340987,0.0027628061916678,82.0,1114.3333333333333,554.6666666666666,12872.889999999796,9.472162612982533,0.5548393387592044,0.45192091797093203,0.5075692206977263,0.0330738166258567,3.0724272447780585,0.002886703205833367,0.0011447167078404,1100,1124,552,556,0.0,0.1669449081803826,0.2504696305584749,0.7929883138568175,0.2086811352254783,1.205993033454132,0.0087095632397988,0.0749063995921278,2.93409642715459,3.141592653589793,0.0002406178977547,0.0027628061916678,4.0,19.4164878389476,0.0,0.0086601096175001,12854.229999999916,12894.199999999728,5
82,1080,1058,1034,544,534,524,12910.300000000008,12926.339999999982,12942.33499999973,21.54065922853801,24.166091947189145,26.0,1.3429338671178954,1.5108528882506995,1.6290726816861545,1.2422360248232192,1.3715710723213048,1.500468896553809,0.4968944099292876,0.623441396509684,0.6251953735640872,0.0837240565536131,0.0944578235870276,0.1020722231621583,2.761086276477428,2.714965160462917,2.746801533890032,0.0107459720915632,0.0028753812976672,0.001990395337769,0.0005476805566045,0.0006691874709121,0.000476048738684,83.0,1057.3333333333333,534.0,12926.324999999908,23.902250391909053,1.4942864790182497,1.3714253312327778,1.5798237890874736,0.09341803443426633,2.7409509902767923,0.005203916242333133,0.0005643055887335334,1034,1080,524,544,0.4968944099292876,0.6251953735640872,1.2422360248232192,1.500468896553809,1.3429338671178954,1.6290726816861545,0.0837240565536131,0.1020722231621583,2.714965160462917,2.761086276477428,0.000476048738684,0.0006691874709121,21.54065922853801,26.0,0.001990395337769,0.0107459720915632,12910.300000000008,12942.33499999973,5
83,1011,991,975,514,507,501,12958.294999999907,12974.31000000006,12990.319999999883,25.079872407968907,21.18962010041709,17.08800749063506,1.5660238780974425,1.3235240537570474,1.0660017149339975,1.4411027568762134,1.2488292225919395,0.999375390392012,0.6265664160331362,0.4370902279071788,0.3747657713970045,0.0977848191122421,0.0826685854947917,0.0665004188969952,2.7314653130483024,2.804917834203066,2.782821983319221,0.0009609160928295,0.004586482744556,0.0013801281001928,0.0002686343389641,0.0009438797138499,0.0010098792378497,84.0,992.3333333333334,507.3333333333333,12974.308333333283,21.11916666634035,1.3185165489294957,1.2297691232867216,1.3546910470857234,0.08231794116800967,2.773068376856863,0.0023091756458594333,0.0007407977635545668,975,1011,501,514,0.3747657713970045,0.6265664160331362,0.999375390392012,1.4411027568762134,1.0660017149339975,1.5660238780974425,0.0665004188969952,0.0977848191122421,2.7314653130483024,2.804917834203066,0.0002686343389641,0.0010098792378497,17.08800749063506,25.079872407968907,0.0009609160928295,0.004586482744556,12958.294999999907,12990.319999999883,5
84,960,949,932,495,490,482,13006.350000000111,13022.309999999834,13038.37999999996,16.15549442140351,12.083045973594572,18.788294228055936,1.0122490239150543,0.7519008073117021,0.7815430211407239,0.9357454772168824,0.6892230576560879,1.0578718108192664,0.3742981908867529,0.3132832080254945,0.4978220286208312,0.0634241243065567,0.046789098152194,0.0325101090327651,2.761086276477428,2.714965160462917,2.701750070774057,0.0013559392914213,0.0028897942365484,0.0008223453446643,0.0001919085833059,0.0010422948718453,0.0008885494162611,85.0,947.0,489.0,13022.346666666635,15.675611541018005,0.8485642841224935,0.8942801152307456,1.0602207914376893,0.04757444383050527,2.725933835904801,0.0016893596242113333,0.0007075842904707667,932,960,482,495,0.3132832080254945,0.4978220286208312,0.6892230576560879,1.0578718108192664,0.7519008073117021,1.0122490239150543,0.0325101090327651,0.0634241243065567,2.701750070774057,2.761086276477428,0.0001919085833059,0.0010422948718453,12.083045973594572,18.788294228055936,0.0008223453446643,0.0028897942365484,13006.350000000111,13038.37999999996,5
85,900,875,850,468,458,447,13062.419999999747,13078.250000000024,13094.270000000051,34.92849839314596,26.92582403567252,27.31300056749533,2.206474945832725,1.6807630484162912,1.7054636633163465,1.3311148086640827,1.5792798483613766,1.5605493133557788,0.5823627287905362,0.6317119393445507,0.6866416978765427,0.1393856567147153,0.1049165448447923,0.1064916430439315,2.729182211992406,2.761086276477428,2.727085779005008,0.0011411040440346,0.0020154178448806,0.0021223781193736,0.0044457382563602,0.0021774549506833,9.832073652538336e-05,86.0,875.0,457.6666666666667,13078.313333333275,29.722440998771265,1.864233885855121,1.490314656793746,1.7191952227525935,0.1169312815344797,2.7391180891582807,0.0017596333360962665,0.002240504647856294,850,900,447,468,0.5823627287905362,0.6866416978765427,1.3311148086640827,1.5792798483613766,1.6807630484162912,2.206474945832725,0.1049165448447923,0.1393856567147153,2.727085779005008,2.761086276477428,9.832073652538336e-05,0.0044457382563602,26.92582403567252,34.92849839314596,0.0011411040440346,0.0021223781193736,13062.419999999747,13094.270000000051,5
86,824,799,780,436,425,420,13110.284999999749,13126.284999999823,13142.280000000028,28.231188426986208,27.31300056749533,19.6468827043885,1.764449276678213,1.7075961592465885,1.2298518124967992,1.6234779894156202,1.5624999999925393,1.1878712097379938,0.6868560724450701,0.6874999999967173,0.3125976867731562,0.1102780797918617,0.1067581218646419,0.0769860289522576,2.741351996555819,2.727085779005008,2.8842689386187046,0.0008908034686906,0.0008916385969214,0.0098270184189875,0.0002364306430222,0.0002199973704501,0.0018613374749613,87.0,801.0,427.0,13126.2833333332,25.06369056629001,1.5672990828072002,1.4579497330487177,1.5621489619731028,0.0980074102029204,2.784235571393177,0.003869820161533167,0.0007725884961445333,780,824,420,436,0.3125976867731562,0.6874999999967173,1.1878712097379938,1.6234779894156202,1.2298518124967992,1.764449276678213,0.0769860289522576,0.1102780797918617,2.727085779005008,2.8842689386187046,0.0002199973704501,0.0018613374749613,19.6468827043885,28.231188426986208,0.0008908034686906,0.0098270184189875,13110.284999999749,13142.280000000028,5
87,768,758,748,416,414,410,13158.254999999826,13174.279999999726,13190.299999999752,12.649110640673518,10.198039027185567,10.770329614269007,0.7893360774260701,0.636581712057995,0.663401885693553,0.7511737089296647,0.6240249610023499,0.6242197253423115,0.2503912363098882,0.1248049922004699,0.2496878901369246,0.0492565414933551,0.039736686145878,0.0408624506123466,2.819842099193151,2.9441970937399127,2.761086276477428,0.0040329789938257,0.007760062062249,0.0114301384058794,0.0017358051617685,0.0005940627361957,7.027243860591901e-05,88.0,758.0,413.3333333333333,13174.278333333103,11.205826427376032,0.6964398917258726,0.6664727984247754,0.7497020951370835,0.043285226083859894,2.8417084898034974,0.007741059820651368,0.0008000467788567065,748,768,410,416,0.1248049922004699,0.2503912363098882,0.6240249610023499,0.7511737089296647,0.636581712057995,0.7893360774260701,0.039736686145878,0.0492565414933551,2.761086276477428,2.9441970937399127,7.027243860591901e-05,0.0017358051617685,10.198039027185567,12.649110640673518,0.0040329789938257,0.0114301384058794,13158.254999999826,13190.299999999752,5
88,738,724,709,407,403,399,13206.534999999803,13222.55499999983,13238.965000000007,10.44030650891055,14.560219778561036,15.524174696260024,0.6517045261481692,0.8872772564535648,0.6557201561274658,0.6159531875557912,0.8739076154792362,0.9140767824398044,0.1847859562667373,0.2496878901369246,0.2437538086506145,0.0406806820316551,0.0540693026474061,0.0276967330994679,2.8501358591119264,2.8632929945846817,2.8809902618424523,0.0054850374274231,0.0008212943491094,0.0010784440741973,1.1196093667442611e-05,0.0008357441083476,0.0016071035678032,89.0,723.6666666666666,403.0,13222.684999999881,13.508233661243871,0.7315673129097333,0.8013125284916107,0.8825637980418155,0.04081557259284304,2.864806371846354,0.0024615919502432664,0.0008180145899394142,709,738,399,407,0.1847859562667373,0.2496878901369246,0.6159531875557912,0.9140767824398044,0.6517045261481692,0.8872772564535648,0.0276967330994679,0.0540693026474061,2.8501358591119264,2.8809902618424523,1.1196093667442611e-05,0.0016071035678032,10.44030650891055,15.524174696260024,0.0008212943491094,0.0054850374274231,13206.534999999803,13238.965000000007,5
89,691,682,680,392,389,387,13262.63999999992,13279.009999999744,13294.910000000073,19.313207915827967,9.486832980505138,2.8284271247461903,1.1797927865629314,0.5966561622835795,0.1755151799419043,0.76029567054137,0.5497861942636876,0.1257861635194108,0.2956705385438661,0.1832620647545625,0.1257861635194108,0.0720704206826872,0.0375255447969332,0.0108914166889851,2.770701364777131,2.819842099193151,2.356194490192345,0.0046584539415303,0.0030018774842118,0.0291602269805796,0.0018742845864153,0.0021102550938377,0.0016751023966916,90.0,684.3333333333334,389.3333333333333,13278.853333333245,10.542822673693099,0.6506547095961385,0.4786226761081562,0.5205513972812931,0.0401624607228685,2.6489126513875423,0.0122735194687739,0.0018865473589815334,680,691,387,392,0.1257861635194108,0.2956705385438661,0.1257861635194108,0.76029567054137,0.1755151799419043,1.1797927865629314,0.0108914166889851,0.0720704206826872,2.356194490192345,2.819842099193151,0.0016751023966916,0.0021102550938377,2.8284271247461903,19.313207915827967,0.0030018774842118,0.0291602269805796,13262.63999999992,13294.910000000073,5
90,678,676,673,386,379,372,13311.024999999972,13327.0050000001,13343.039999999746,2.23606797749979,7.280109889280518,7.615773105863909,0.1399291600426804,0.4540137130926597,0.4771787660262696,0.1241079739380976,0.1251564455559523,0.1870907390125381,0.0620539869690488,0.4380475594458332,0.4365450576959222,0.0087565181502859,0.0283139203681107,0.0298984189236194,2.677945044588987,1.849095985800008,1.97568811307998,0.0199659047098134,0.0518679010502126,0.0078947382153264,0.0001324789661006,0.0012238674729455,9.88150019048076e-05,91.0,675.6666666666666,379.0,13327.023333333273,5.710650324214739,0.35704054638720323,0.145451719502196,0.29096673873417006,0.022322952480672,2.167576381156325,0.026576181325117465,0.00048505381365030256,673,678,372,386,0.0620539869690488,0.4380475594458332,0.1241079739380976,0.1870907390125381,0.1399291600426804,0.4771787660262696,0.0087565181502859,0.0298984189236194,1.849095985800008,2.677945044588987,9.88150019048076e-05,0.0012238674729455,2.23606797749979,7.615773105863909,0.0078947382153264,0.0518679010502126,13311.024999999972,13343.039999999746,5
91,670,664,660,364,357,353,13358.999999999924,13375.349999999798,13391.049999999725,8.54400374531753,9.219544457292889,5.656854249492381,0.522569036414858,0.5872321310405938,0.3686447865362928,0.1879699248099408,0.366972477067029,0.2547770700649222,0.501253132826509,0.4281345565782006,0.2547770700649222,0.0319614089552818,0.0374033204486257,0.0240237723382361,1.9295669970654687,2.279422598922567,2.356194490192345,0.002889794236466,0.0213978961382126,0.0048899293802641,0.000129260027045,0.0003328386234486,0.0008522005165894,92.0,664.6666666666666,358.0,13375.13333333315,7.806800817367599,0.49281531799724815,0.26990649064729727,0.354832180668938,0.031129500580714536,2.1883946953934603,0.009725873251647567,0.00043809972236099996,660,670,353,364,0.2547770700649222,0.501253132826509,0.1879699248099408,0.366972477067029,0.3686447865362928,0.5872321310405938,0.0240237723382361,0.0374033204486257,1.9295669970654687,2.356194490192345,0.000129260027045,0.0008522005165894,5.656854249492381,9.219544457292889,0.002889794236466,0.0213978961382126,13358.999999999924,13391.049999999725,5
92,657,655,655,349,347,353,13406.394999999977,13422.590000000127,14135.060000000069,5.0,2.8284271247461903,6.0,0.3087372645849284,0.031669769619877,0.3777148253116891,0.1955034213066599,0.1234949058339713,0.0,0.2606712284088799,0.1234949058339713,0.0122783501990038,0.0190637397086768,0.0003546049671921,0.0237780815433733,2.214297435588181,2.356194490192345,1.5707963267948966,0.0092471198828173,0.0087617816982295,0.0032144645652827,0.0003232344496238,0.0011552414165673,4.865926870833436e-05,93.0,655.6666666666666,349.6666666666667,13654.681666666724,4.60947570824873,0.2393739531721648,0.10633277571354373,0.11042555911321167,0.014398808739747401,2.0470960841918076,0.007074455382109834,0.0005090450449664781,655,657,347,353,0.0122783501990038,0.2606712284088799,0.0,0.1955034213066599,0.031669769619877,0.3777148253116891,0.0003546049671921,0.0237780815433733,1.5707963267948966,2.356194490192345,4.865926870833436e-05,0.0011552414165673,2.8284271247461903,6.0,0.0032144645652827,0.0092471198828173,13406.394999999977,14135.060000000069,5
93,655,655,655,354,355,356,14150.944999999863,14174.935000000003,14215.099999999891,1.0,1.0,1.0,0.0416840350143464,0.0248972986431665,0.0140075640845929,0.0,0.0,0.0,0.0629524708852815,0.0416840350143464,0.0248972986431665,0.0017375587750772,0.000619875479727,0.0001962118515839,1.5707963267948966,1.5707963267948966,1.5707963267948966,0.0,0.0,0.0,0.0013875053678675,4.6589549618329246e-05,1.0548079874124907e-05,94.0,655.0,355.0,14180.326666666586,1.0,0.026862965914035267,0.0,0.008299099547722167,0.0008512153687960334,1.5707963267948966,0.0,0.00048154766578665137,655,655,354,356,0.0248972986431665,0.0629524708852815,0.0,0.0,0.0140075640845929,0.0416840350143464,0.0001962118515839,0.0017375587750772,1.5707963267948966,1.5707963267948966,1.0548079874124907e-05,0.0013875053678675,1.0,1.0,0.0,0.0,14150.944999999863,14215.099999999891,5
94,655,655,655,358,359,361,14286.489999999958,14318.89000000001,14342.834999999925,2.0,1.0,2.0,0.0617283950616285,0.0417623721028882,0.082236842105301,0.0,0.0,0.0,0.0280151281691859,0.0308641975308142,0.0835247442057764,0.0019051973784422,0.00174409572366,0.0033814490997261,1.5707963267948966,1.5707963267948966,1.5707963267948966,0.0,0.0,0.0,2.393872428710904e-05,4.972273295737325e-06,6.837976095518903e-05,95.0,655.0,359.3333333333333,14316.071666666632,1.6666666666666667,0.061909203089939226,0.0,0.027841581401925466,0.002343580733942767,1.5707963267948966,0.0,3.24302528460118e-05,655,655,358,361,0.0280151281691859,0.0835247442057764,0.0,0.0,0.0417623721028882,0.082236842105301,0.00174409572366,0.0033814490997261,1.5707963267948966,1.5707963267948966,4.972273295737325e-06,6.837976095518903e-05,1.0,2.0,0.0,0.0,14286.489999999958,14342.834999999925,5
95,655,655,655,362,363,364,14367.154999999912,14439.150000000154,14511.124999999993,1.0,1.0,1.0,0.0138898534619991,0.0138937130948557,0.0415886878766991,0.0,0.0,0.0,0.0411184210526505,0.0138898534619991,0.0138937130948557,0.0001929280291958,0.0001930352635621,0.0017296189593055,1.5707963267948966,1.5707963267948966,1.5707963267948966,0.0,0.0,0.0,0.0001311069519133,1.489469634790199e-09,2.134885301489107e-05,96.0,655.0,363.0,14439.143333333353,1.0,0.023124084811184636,0.0,0.004631237698285233,0.0007051940840211334,1.5707963267948966,0.0,5.0819098132608616e-05,655,655,362,364,0.0138898534619991,0.0411184210526505,0.0,0.0,0.0138898534619991,0.0415886878766991,0.0001929280291958,0.0017296189593055,1.5707963267948966,1.5707963267948966,1.489469634790199e-09,0.0001311069519133,1.0,1.0,0.0,0.0,14367.154999999912,14511.124999999993,5
96,654,654,654,365,366,368,14535.170000000107,14606.99999999997,14654.45499999987,1.4142135623730951,1.0,2.0,0.0196883413946231,0.0210725950901298,0.1259842519680997,0.0415886878766991,0.0,0.0,0.0415886878766991,0.0139217597104538,0.0421451901802596,0.0002740963579933,0.0004440542638325,0.0079360158719808,2.356194490192345,1.5707963267948966,1.5707963267948966,0.0326636790764692,0.010934124507851,0.0,6.053327516345336e-05,2.366113125985798e-06,0.0001578750733993,97.0,654.0,366.3333333333333,14598.874999999984,1.4714045207910316,0.0555817294842842,0.013862895958899701,0.0279112926856529,0.0028847221646021996,1.832595714594046,0.0145326011947734,7.359148722957973e-05,654,654,365,368,0.0139217597104538,0.0421451901802596,0.0,0.0415886878766991,0.0196883413946231,0.1259842519680997,0.0002740963579933,0.0079360158719808,1.5707963267948966,2.356194490192345,2.366113125985798e-06,0.0001578750733993,1.0,2.0,0.0,0.0326636790764692,14535.170000000107,14654.45499999987,5
97,652,651,649,369,371,372,14670.329999999922,14687.175000000025,14694.349999999758,2.23606797749979,2.23606797749979,2.23606797749979,0.1327437208362192,0.3116471048895862,0.1391022069984254,0.1259842519680997,0.0593647966752082,0.2787456446096488,0.0629921259840498,0.1187295933504165,0.1393728223048244,0.0078803039973527,0.0434351365715892,0.0086533254742406,2.677945044588987,2.0344439357957027,2.677945044588987,0.0697416515143646,0.0382013124837844,0.0896865656888038,3.509409425377967e-06,0.0021107054065906,0.0048476391775107,98.0,650.6666666666666,370.6666666666667,14683.951666666568,2.23606797749979,0.19449767757474357,0.1546982310843189,0.20115583851926036,0.019989588681060832,2.4634446749912255,0.06587650989565093,0.002320617997842226,649,652,369,372,0.0629921259840498,0.1393728223048244,0.0593647966752082,0.2787456446096488,0.1327437208362192,0.3116471048895862,0.0078803039973527,0.0434351365715892,2.0344439357957027,2.677945044588987,3.509409425377967e-06,0.0048476391775107,2.23606797749979,2.23606797749979,0.0382013124837844,0.0896865656888038,14670.329999999922,14694.349999999758,5
98,642,627,605,372,372,370,14710.42499999976,14734.460000000126,14750.4899999999,7.0,15.0,22.09072203437452,0.2912419388347422,0.935745477243428,1.3836969642532946,0.4354587869362167,0.6240898689315905,1.3724266999570278,0.0,0.0,0.124766063632457,0.0121174095623171,0.0583746398787687,0.0866706523174987,3.141592653589793,3.141592653589793,3.050932766389048,0.0288427750544811,0.0,0.0056556386276997,0.0002154951221198,0.0019245779203555,0.0017651910442376,99.0,624.6666666666666,371.3333333333333,14731.791666666593,14.696907344791507,0.870228126777155,0.8106584519416117,0.8522471398190973,0.0523875672528615,3.1113726911895445,0.011499471227393601,0.0013017546955709667,605,642,370,372,0.0,0.124766063632457,0.4354587869362167,1.3724266999570278,0.2912419388347422,1.3836969642532946,0.0121174095623171,0.0866706523174987,3.050932766389048,3.141592653589793,0.0002154951221198,0.0019245779203555,7.0,22.09072203437452,0.0,0.0288427750544811,14710.42499999976,14750.4899999999,5
99,578,546,518,364,358,356,14766.45499999995,14782.420000000002,14798.389999999928,27.65863337187866,32.55764119219941,28.0713376952364,1.7324543295828485,2.0386750903163926,1.7539105089237077,1.6911994988984416,2.004384591287042,1.7532874139093242,0.3758221108663203,0.3758221108663203,0.1252348152792374,0.1085157738538869,0.127656549175078,0.109585161445122,2.922923707715851,2.9562447035940984,3.070285188804503,0.0080181057734285,0.0020871278345218,0.0071409195498398,0.0013683132813227,0.0011989210974713,0.0011315834521002,100.0,547.3333333333334,359.3333333333333,14782.421666666627,29.42920408643816,1.8416799762743163,1.8162905013649357,1.8580354397913483,0.11525249482469563,2.983151200038151,0.005748717719263367,0.0012329392769647334,518,578,356,364,0.1252348152792374,0.3758221108663203,1.6911994988984416,2.004384591287042,1.7324543295828485,2.0386750903163926,0.1085157738538869,0.127656549175078,2.922923707715851,3.070285188804503,0.0011315834521002,0.0013683132813227,27.65863337187866,32.55764119219941,0.0020871278345218,0.0080181057734285,14766.45499999995,14798.389999999928,5
100,491,470,452,351,351,350,14814.394999999877,14830.439999999726,14846.399999999903,27.459060435491963,21.0,18.027756377319943,1.7113780265347596,1.315789473669586,1.1267347735771167,1.6869728209987005,1.308818946724681,1.1278195488596452,0.3124023742590186,0.0,0.0626566416033136,0.1066611421969993,0.0824429494771279,0.0704209233482335,2.958481836327309,3.141592653589793,3.086094148344076,0.0069855265527986,0.0114123289039704,0.0034773499527005,0.0001826941110985,0.0015093918803427,0.0007532597825038,101.0,471.0,350.6666666666667,14830.411666666501,22.162272270937304,1.3846340912604875,1.3745371055276756,1.39542265272878,0.0865083383407869,3.062056212753726,0.007291735136489833,0.0008151152579816667,452,491,350,351,0.0,0.3124023742590186,1.1278195488596452,1.6869728209987005,1.1267347735771167,1.7113780265347596,0.0704209233482335,0.1066611421969993,2.958481836327309,3.141592653589793,0.0001826941110985,0.0015093918803427,18.027756377319943,27.459060435491963,0.0034773499527005,0.0114123289039704,14814.394999999877,14846.399999999903,5
101,440,426,416,348,347,343,14862.39999999998,14879.12499999993,14903.20500000007,12.16552506059644,14.0356688476182,10.770329614269007,0.7273856538494409,0.5828766132697925,0.6814507823010951,0.7499999999964189,0.8370702541130527,0.4152823920241638,0.1249999999994031,0.0597907324366466,0.1661129568096655,0.0434909210075671,0.0242058394213622,0.0431161519962722,2.976443976175166,3.070285188804503,2.761086276477428,0.0068531357605241,0.0056108348358511,0.0128404863922457,0.0016831251462836,0.0011530691531396,0.0007853119840033,102.0,427.3333333333333,346.0,14881.57666666666,12.323841174161217,0.6639043498067762,0.6674508820445451,0.7228218676477668,0.03693763747506717,2.9359384804856994,0.008434818996206966,0.0012071687611421667,416,440,343,348,0.0597907324366466,0.1661129568096655,0.4152823920241638,0.8370702541130527,0.5828766132697925,0.7273856538494409,0.0242058394213622,0.0434909210075671,2.761086276477428,3.070285188804503,0.0007853119840033,0.0016831251462836,10.770329614269007,14.0356688476182,0.0056108348358511,0.0128404863922457,14862.39999999998,14903.20500000007,5
102,410,404,398,342,340,337,14919.010000000071,14934.43500000012,14950.414999999794,6.082762530298219,6.324555320336759,6.708203932499369,0.3943444103908215,0.395779431818931,0.4213695937425923,0.3796267004112553,0.3889789303066756,0.3754693366785419,0.0632711167352092,0.1296596434355585,0.1877346683392709,0.0255652778210397,0.0247671734560107,0.0264679393049763,2.976443976175166,2.819842099193151,2.677945044588987,0.0136259221574017,0.0101524717654136,0.0088796654948107,0.0011104634087461,5.174096369701426e-05,0.0001064309041927,103.0,404.0,339.6666666666667,14934.619999999995,6.371840594378116,0.4038311453174483,0.3813583224654909,0.4439365452452479,0.0256001301940089,2.8247437066524346,0.010886019805875334,0.0004228784255452714,398,410,337,342,0.0632711167352092,0.1877346683392709,0.3754693366785419,0.3889789303066756,0.3943444103908215,0.4213695937425923,0.0247671734560107,0.0264679393049763,2.677945044588987,2.976443976175166,5.174096369701426e-05,0.0011104634087461,6.082762530298219,6.708203932499369,0.0088796654948107,0.0136259221574017,14919.010000000071,14950.414999999794,5
103,393,391,386,335,335,334,14966.335000000072,14982.39999999987,14998.454999999922,5.385164807134504,2.0,5.0990195135927845,0.3352110057393099,0.1245717844904154,0.3191874499941856,0.3140703517533021,0.1244942421428616,0.3114294612260385,0.1256281407013208,0.0,0.0622858922452077,0.0208659200587309,0.0077590647455632,0.0199804350546611,2.761086276477428,3.141592653589793,2.9441970937399127,0.0052224391888811,0.0236854265245649,0.0122949585704921,0.0003518856310394,0.0008158640095444,0.0007612189541612,104.0,390.0,334.6666666666667,14982.396666666622,4.161394773575762,0.2596567467413036,0.2499980183740674,0.2707599824558033,0.016201806619651735,2.948958674602378,0.0137342747613127,0.0006429895315816667,386,393,334,335,0.0,0.1256281407013208,0.1244942421428616,0.3140703517533021,0.1245717844904154,0.3352110057393099,0.0077590647455632,0.0208659200587309,2.761086276477428,3.141592653589793,0.0003518856310394,0.0008158640095444,2.0,5.385164807134504,0.0052224391888811,0.0236854265245649,14966.335000000072,14998.454999999922,5
104,379,371,359,333,331,329,15014.42999999972,15030.525000000123,15046.484999999848,7.071067811865476,8.246211251235321,12.16552506059644,0.4393331973710813,0.5166799029685857,0.7634468189942395,0.4381846635423044,0.4970487728983352,0.7518796992611868,0.062597809077472,0.1242621932245838,0.1253132832101978,0.0272962533308497,0.0323734275048599,0.0479100608094795,2.999695598985629,2.896613990462929,2.976443976175166,0.0034740848354564,0.0064045733780743,0.0050018788041118,0.0004579541956983,0.0003154503991228,0.0009734732647173,105.0,369.6666666666667,331.0,15030.479999999896,9.160934707899079,0.5731533064446355,0.5623710452339421,0.6041421396373413,0.0358599138817297,2.957584521874575,0.0049601790058808335,0.0005822926198461334,359,379,329,333,0.062597809077472,0.1253132832101978,0.4381846635423044,0.7518796992611868,0.4393331973710813,0.7634468189942395,0.0272962533308497,0.0479100608094795,2.896613990462929,2.999695598985629,0.0003154503991228,0.0009734732647173,7.071067811865476,12.16552506059644,0.0034740848354564,0.0064045733780743,15014.42999999972,15046.484999999848,5
105,339,323,299,324,318,313,15062.419999999747,15078.399999999874,15103.200000000015,20.615528128088304,17.08800749063506,24.515301344262525,1.290083111885144,0.6890325601023307,1.5511104931516655,1.255098839041494,1.0012515644476188,0.9677419354783628,0.3137747097603734,0.375469336667857,0.2016129032246589,0.0807311083776533,0.02778357097171,0.0981404930814069,2.896613990462929,2.782821983319221,2.936197264400026,0.0050097261194064,0.007120901573392,0.0061844871403198,0.002059682934947,0.0033133627913343,0.0028369726656974,106.0,320.3333333333333,318.3333333333333,15081.33999999988,20.739612320995295,1.17674205504638,1.0746974463224919,1.1419017473973783,0.0688850574769234,2.871877746060725,0.006105038277706067,0.0027366727973262336,299,339,313,324,0.2016129032246589,0.375469336667857,0.9677419354783628,1.255098839041494,0.6890325601023307,1.5511104931516655,0.02778357097171,0.0981404930814069,2.782821983319221,2.936197264400026,0.002059682934947,0.0033133627913343,17.08800749063506,24.515301344262525,0.0050097261194064,0.007120901573392,15062.419999999747,15103.200000000015,5
106,290,285,283,310,309,309,15119.005000000016,15135.06499999994,15150.994999999966,9.486832980505138,5.0990195135927845,2.0,0.590711891690504,0.3200891094528901,0.1254705144308949,0.5694400506168829,0.3113325031147806,0.1255492780914479,0.1898133502056276,0.0622665006229561,0.0,0.0367815623719343,0.0200934783083724,0.0078714249957767,2.819842099193151,2.9441970937399127,3.141592653589793,0.0073619212405487,0.0077431503454136,0.0123914350188048,0.0038822480676666,0.0010391085967397,0.0007672349850957,107.0,286.0,309.3333333333333,15135.02166666664,5.528617498032641,0.345423838524763,0.33544061060770386,0.33544061060770386,0.021582155225361135,2.9685439488409524,0.009165502201589034,0.0018961972165006666,283,290,309,310,0.0,0.1898133502056276,0.1255492780914479,0.5694400506168829,0.1254705144308949,0.590711891690504,0.0078714249957767,0.0367815623719343,2.819842099193151,3.141592653589793,0.0007672349850957,0.0038822480676666,2.0,9.486832980505138,0.0073619212405487,0.0123914350188048,15119.005000000016,15150.994999999966,5
107,278,272,267,307,306,305,15166.93499999974,15182.96999999984,15199.029999999766,5.385164807134504,6.082762530298219,5.0990195135927845,0.3358381544808446,0.3787523368821083,0.3196877437994165,0.3136762860772372,0.3741814780144645,0.3113325031147806,0.1254705144308949,0.0623635796690774,0.0622665006229561,0.020944069502882,0.0235835826204158,0.0200431187335368,2.761086276477428,2.976443976175166,2.9441970937399127,0.0238711654402622,0.0134304770624491,0.0020079005252431,0.0008201157156393,0.0001646094865928,0.0002204522968179,108.0,272.3333333333333,306.0,15182.978333333114,5.522315617008502,0.3447594117207898,0.33306342240216075,0.3538189226098128,0.021523590285611533,2.8939091154641687,0.013103181009318133,0.0004017258330166667,267,278,305,307,0.0622665006229561,0.1254705144308949,0.3113325031147806,0.3741814780144645,0.3196877437994165,0.3787523368821083,0.0200431187335368,0.0235835826204158,2.761086276477428,2.976443976175166,0.0001646094865928,0.0008201157156393,5.0990195135927845,6.082762530298219,0.0020079005252431,0.0238711654402622,15166.93499999974,15199.029999999766,5
108,260,256,254,303,302,301,15214.97999999974,15230.935000000043,15246.92499999992,7.280109889280518,4.123105625617661,2.23606797749979,0.4562901842144746,0.2578552611413434,0.0305849812269928,0.4388714733549126,0.2507051081118058,0.1250781738596451,0.125391849529975,0.0626762770279514,0.0625390869298225,0.0285985699909614,0.0161260325918305,0.0004183419672694,2.8632929945846817,2.896613990462929,2.677945044588987,0.0050723573138154,0.0020884359685122,0.0136753562148631,0.000536391928366,0.0007817322092694,0.0009823446294361,109.0,256.6666666666667,302.0,15230.946666666568,4.546427830799323,0.24824347552760362,0.2715515851087878,0.29239794741872865,0.015047648183353766,2.8126173432121995,0.006945383165730234,0.0007668229223571667,254,260,301,303,0.0625390869298225,0.125391849529975,0.1250781738596451,0.4388714733549126,0.0305849812269928,0.4562901842144746,0.0004183419672694,0.0285985699909614,2.677945044588987,2.896613990462929,0.000536391928366,0.0009823446294361,2.23606797749979,7.280109889280518,0.0020884359685122,0.0136753562148631,15214.97999999974,15246.92499999992,5
109,255,256,256,301,301,302,15734.84499999995,15742.925000000014,15750.909999999749,1.0,1.0,1.0,0.1237623762366497,0.1252348152828035,0.1255492780878639,0.0033726812816197,0.1237623762366497,0.0,0.0,0.0,0.1252348152828035,0.015317125771742,0.0156837589589179,0.0157626212283838,0.0,0.0,1.5707963267948966,0.0,0.0,0.1967183878330651,5.1659783378569934e-05,4.537539445210249e-05,9.876301749343357e-06,110.0,255.66666666666666,301.3333333333333,15742.893333333239,1.0,0.12484882320243902,0.042378352506089796,0.08412329093369098,0.015587835319681234,0.5235987755982988,0.06557279594435504,3.5637159860005256e-05,255,256,301,302,0.0,0.1252348152828035,0.0,0.1237623762366497,0.1237623762366497,0.1255492780878639,0.015317125771742,0.0157626212283838,0.0,1.5707963267948966,9.876301749343357e-06,5.1659783378569934e-05,1.0,1.0,0.0,0.1967183878330651,15734.84499999995,15750.909999999749,5
110,258,259,296,302,303,320,15758.874999999987,15799.689999999828,16238.565000000108,2.0,1.4142135623730951,40.718546143004666,0.0490015925519516,0.0032223607231493,5.002278396000532,0.2510985561757279,0.0245007962759758,0.0843064653944207,0.0,0.0245007962759758,0.0387354030190581,0.0012005780363137,7.34232007552798e-06,0.6145305154858164,0.0,0.7853981633974483,0.430692511386508,0.1972123448521677,0.0192428803969264,0.0008082156696342,0.0018282540102486,2.9235225192770637e-05,0.001400223692772,111.0,271.0,308.3333333333333,15932.37666666664,14.710919901792586,1.6848341164252112,0.11996860594870813,0.13288040695506084,0.20524614528073523,0.4053635582613187,0.07242114697290944,0.0010859043094044569,258,296,302,320,0.0,0.0387354030190581,0.0245007962759758,0.2510985561757279,0.0032223607231493,5.002278396000532,7.34232007552798e-06,0.6145305154858164,0.0,0.7853981633974483,2.9235225192770637e-05,0.0018282540102486,1.4142135623730951,40.718546143004666,0.0008082156696342,0.1972123448521677,15758.874999999987,16238.565000000108,5
111,297,299,300,321,322,322,16246.70500000002,16270.654999999806,16286.575000000084,1.4142135623730951,2.23606797749979,1.0,0.0590485829806148,0.1404565312475307,0.0623830318162285,0.1228501228514493,0.0835073068900986,0.0628140703506604,0.1228501228514493,0.0417536534450493,0.0,0.0024654940701938,0.0088226464349921,0.0038916426585845,0.7853981633974483,0.4636476090008061,0.0,0.0435756329256474,0.0134342611440298,0.0291235935296921,0.0751922630739842,0.0002654343367371,0.0003097364181106,112.0,298.6666666666667,321.6666666666667,16267.978333333303,1.5500938466242948,0.087296048681458,0.08972383336406943,0.08972383336406943,0.0050599277212568,0.41634859079941816,0.0287111625331231,0.025255811276277306,297,300,321,322,0.0,0.1228501228514493,0.0628140703506604,0.1228501228514493,0.0590485829806148,0.1404565312475307,0.0024654940701938,0.0088226464349921,0.0,0.7853981633974483,0.0002654343367371,0.0751922630739842,1.0,2.23606797749979,0.0134342611440298,0.0435756329256474,16246.70500000002,16286.575000000084,5
112,301,302,304,324,324,325,16302.604999999858,16310.825000000024,16334.994999999708,2.23606797749979,1.0,2.23606797749979,0.2720277344835693,0.0413736036414156,0.140766004247036,0.0623830318162285,0.1216545012141049,0.0827472072828313,0.124766063632457,0.0,0.0413736036414156,0.0330933983550015,0.0017117750782769,0.0088615677837452,1.1071487177940904,0.0,0.4636476090008061,0.0690672936874453,0.1346896250330758,0.0191827724040894,0.0018216940546993,0.0038177157270188,0.0002958126895143,113.0,302.3333333333333,324.3333333333333,16316.141666666532,1.8240453183331933,0.151389114124007,0.08892824677105489,0.1027194479848601,0.014555580405674534,0.5235987755982988,0.07431323037487016,0.0019784074904108,301,304,324,325,0.0,0.124766063632457,0.0623830318162285,0.1216545012141049,0.0413736036414156,0.2720277344835693,0.0017117750782769,0.0330933983550015,0.0,1.1071487177940904,0.0002958126895143,0.0038177157270188,1.0,2.23606797749979,0.0191827724040894,0.1346896250330758,16302.604999999858,16334.994999999708,5
113,305,307,311,326,327,330,16350.87999999996,16358.569999999872,16390.779999999722,1.4142135623730951,2.23606797749979,5.0,0.1839029339908183,0.0694215454054705,0.3069367710246725,0.0629524708834793,0.2600780234100193,0.1241850357037762,0.0629524708834793,0.1300390117050096,0.0931387767778321,0.0239145557858176,0.0021552792736974,0.0188420362814104,0.7853981633974483,0.4636476090008061,0.6435011087932844,0.0202549924073979,0.0418401241092782,0.0055837783232945,0.0009476227889098,0.0028295548130521,0.0005180613786957,114.0,307.6666666666667,327.6666666666667,16366.743333333185,2.8834271799576285,0.18675375014032045,0.14907184333242493,0.18011810225836897,0.014970623780308468,0.6308489603971795,0.02255963161332353,0.0014317463268858667,305,311,326,330,0.0629524708834793,0.1300390117050096,0.0629524708834793,0.2600780234100193,0.0694215454054705,0.3069367710246725,0.0021552792736974,0.0239145557858176,0.4636476090008061,0.7853981633974483,0.0005180613786957,0.0028295548130521,1.4142135623730951,5.0,0.0055837783232945,0.0418401241092782,16350.87999999996,16390.779999999722,5
114,314,317,322,332,334,338,16407.06999999975,16422.915000000103,16438.990000000103,3.605551275463989,3.605551275463989,6.4031242374328485,0.2275513584969028,0.2242955692356968,0.400320364959909,0.1841620626148035,0.1893341748143241,0.3110419906687262,0.122774708409869,0.1262227832095494,0.2488335925349809,0.0143610828962965,0.0139530680706492,0.0250278440116422,0.5880026035475675,0.5880026035475675,0.6747409422235526,0.0034069063993632,0.0,0.0053958531058153,0.0002750738726277,2.5750383441978583e-05,0.0006889440709793,115.0,317.6666666666667,334.6666666666667,16422.991666666654,4.538075596120276,0.28405576423083617,0.22817940936595127,0.3111239402109449,0.017780664992862634,0.6169153831062292,0.0029342531683928335,0.0003299227756829928,314,322,332,338,0.122774708409869,0.2488335925349809,0.1841620626148035,0.3110419906687262,0.2242955692356968,0.400320364959909,0.0139530680706492,0.0250278440116422,0.5880026035475675,0.6747409422235526,2.5750383441978583e-05,0.0006889440709793,3.605551275463989,6.4031242374328485,0.0,0.0053958531058153,16407.06999999975,16438.990000000103,5
115,328,332,334,341,344,345,16454.98499999985,16470.984999999928,16486.914999999954,6.708203932499369,5.0,2.23606797749979,0.4192627457792087,0.3138731952286199,0.1392754890995114,0.3751172241384523,0.2499999999988063,0.1255492780914479,0.1875586120692261,0.1874999999991047,0.0627746390457239,0.0262039216110754,0.0197032765366046,0.0086748981064507,0.4636476090008061,0.6435011087932844,0.4636476090008061,0.0131974575321083,0.0112408437369762,0.011290238530583,7.352782741180086e-05,0.0004062903171524,0.0006923024752125,116.0,331.3333333333333,343.3333333333333,16470.96166666658,4.648090636666386,0.29080381003578,0.2502221674095688,0.2711470470914768,0.018194032084710234,0.5235987755982988,0.011909513266555835,0.0003907068732589003,328,334,341,345,0.0627746390457239,0.1875586120692261,0.1255492780914479,0.3751172241384523,0.1392754890995114,0.4192627457792087,0.0086748981064507,0.0262039216110754,0.4636476090008061,0.6435011087932844,7.352782741180086e-05,0.0006923024752125,2.23606797749979,6.708203932499369,0.0112408437369762,0.0131974575321083,16454.98499999985,16486.914999999954,5
116,334,333,323,348,358,370,16502.970000000005,16518.904999999904,16535.004999999728,3.0,10.04987562112089,15.620499351813308,0.1882648258562241,0.6242158770950808,0.9908340851070696,0.0,0.0627549419520746,0.6211180124291531,0.1868576767356231,0.6275494195207469,0.7453416149149837,0.0118145482182247,0.0387711724908017,0.0628502432667747,1.5707963267948966,1.6704649792860586,2.2655346029916,0.0689597457359425,0.0062547005015243,0.0369608461932949,0.0001955559085496,0.0016916613914494,0.0014955944581513,117.0,330.0,358.6666666666667,16518.95999999988,9.556791657644732,0.6011049293527915,0.22795765146040922,0.4764048564320705,0.0378119879919337,1.835598636357518,0.03739176414358723,0.0011276039193834333,323,334,348,370,0.1868576767356231,0.7453416149149837,0.0,0.6211180124291531,0.1882648258562241,0.9908340851070696,0.0118145482182247,0.0628502432667747,1.5707963267948966,2.2655346029916,0.0001955559085496,0.0016916613914494,3.0,15.620499351813308,0.0062547005015243,0.0689597457359425,16502.970000000005,16535.004999999728,5
117,308,288,268,380,399,416,16550.76999999983,16574.825000000146,16591.06500000007,18.027756377319943,27.586228448267445,26.248809496813376,0.7494390512193942,1.69865938721641,1.637991232260708,0.9514747859120604,0.831427977540495,1.231527093601731,0.6343165239413736,0.7898565786634703,1.0467980295614716,0.0311552297322604,0.1045972529078961,0.1022147414833679,2.5535900500422257,2.3818298987140225,2.4370985893475754,0.0182718329875531,0.0071403097620428,0.0034032444971556,0.0020104670811487,0.00305308763977,0.0001467063685061,118.0,288.0,398.3333333333333,16572.220000000016,23.954264774133588,1.3620298902321706,1.004809952351429,1.3537426288719194,0.0793224080411748,2.4575061793679414,0.0096051290822505,0.001736753696474933,268,308,380,416,0.6343165239413736,1.0467980295614716,0.831427977540495,1.231527093601731,0.7494390512193942,1.69865938721641,0.0311552297322604,0.1045972529078961,2.3818298987140225,2.5535900500422257,0.0001467063685061,0.00305308763977,18.027756377319943,27.586228448267445,0.0034032444971556,0.0182718329875531,16550.76999999983,16591.06500000007,5
118,248,219,183,433,459,496,16607.08999999997,16622.989999999845,16638.464999999997,26.248809496813376,38.948684188300895,51.62363799656123,1.6508685218252312,2.5168778150513726,3.238622208111415,1.2480499220047,1.823899371083621,2.326332794807621,1.0608424337039948,1.635220125799109,2.390953150218944,0.1038282089206478,0.1626415389354932,0.20317579724953,2.4370985893475754,2.4106859464330763,2.342496716819479,0.0,0.001661172510359,0.0044064122528549,0.0001006843954627,0.00369895157329,0.0026193381785874,119.0,216.66666666666666,462.6666666666667,16622.84833333327,38.94037722722516,2.4687895149960064,1.7994273626319808,2.5964117460382954,0.15654851503522368,2.3967604175333768,0.002022528254404633,0.0021396580491133666,183,248,433,496,1.0608424337039948,2.390953150218944,1.2480499220047,2.326332794807621,1.6508685218252312,3.238622208111415,0.1038282089206478,0.20317579724953,2.342496716819479,2.4370985893475754,0.0001006843954627,0.00369895157329,26.248809496813376,51.62363799656123,0.0,0.0044064122528549,16607.08999999997,16638.464999999997,5
119,154,133,122,530,558,582,16654.40499999977,16670.36999999982,16686.369999999897,44.68780594300866,35.0,26.40075756488817,2.799110926581001,2.187499999989555,1.6500473477976318,1.819322459247976,1.3153773880321211,0.6874999999967173,2.1329987453252133,1.7538365173761616,1.4999999999928375,0.1753279628294423,0.1367187499986943,0.1031279592368595,2.2769954192228936,2.214297435588181,2.000558605891585,0.0041092407526673,0.0039272147594432,0.0133586768559734,0.0017470410552373,0.0024183659774897,0.0020994244226046,120.0,136.33333333333334,556.6666666666666,16670.381666666493,35.36285450263228,2.212219424789396,1.2740666157589382,1.7740666157565508,0.13839155735499867,2.163950486900887,0.007131710789361301,0.0020882771517771997,122,154,530,582,1.4999999999928375,2.1329987453252133,0.6874999999967173,1.819322459247976,1.6500473477976318,2.799110926581001,0.1031279592368595,0.1753279628294423,2.000558605891585,2.2769954192228936,0.0017470410552373,0.0024183659774897,26.40075756488817,44.68780594300866,0.0039272147594432,0.0133586768559734,16654.40499999977,16686.369999999897,5
120,117,117,118,597,609,616,16702.369999999974,16718.405000000075,16734.4149999999,15.811388300841896,12.0,7.071067811865476,0.9860547739782723,0.749531542794009,0.2942600004933018,0.3124999999985078,0.0,0.0624609618995007,0.9374999999955236,0.7483629560289291,0.4372267332965053,0.0614939054550681,0.0468164611369306,0.0122455264458104,1.892546881191539,1.5707963267948966,1.4288992721907328,0.0067507327937206,0.0200655163326848,0.008863026521282,0.0026021283613495,0.0009153379680726,0.0021593338345721,121.0,117.33333333333333,607.3333333333334,16718.39666666665,11.627485370902457,0.6766154390885277,0.12498698729933616,0.2707292317315046,0.0401852976792697,1.6307474933923893,0.011893091882562467,0.0018922667213313999,117,118,597,616,0.4372267332965053,0.9374999999955236,0.0,0.3124999999985078,0.2942600004933018,0.9860547739782723,0.0122455264458104,0.0614939054550681,1.4288992721907328,1.892546881191539,0.0009153379680726,0.0026021283613495,7.071067811865476,15.811388300841896,0.0067507327937206,0.0200655163326848,16702.369999999974,16734.4149999999,5
121,132,140,146,625,630,632,16758.444999999938,16774.42999999994,16790.30499999999,16.64331697709324,9.433981132056603,6.324555320336759,1.0411834205250317,0.594266528001659,0.3912499424891071,0.5826050769861575,0.5004691898654807,0.3779527559042992,0.3745318352053869,0.3127932436659254,0.1259842519680997,0.0651350278714415,0.0374341119999844,0.0242035225789722,0.5713374798336268,0.5585993153435624,0.3217505543966422,0.0356871324326142,0.0007968823578394,0.0149196069887345,0.0022009780035599,0.00173293186559,0.0008334229556516,122.0,139.33333333333334,629.0,16774.393333333286,10.800617809828866,0.6755666303385993,0.48700900758531246,0.5290037582413457,0.04225755415013271,0.48389578319127713,0.0171345405930627,0.0015891109416005,132,146,625,632,0.1259842519680997,0.3745318352053869,0.3779527559042992,0.5826050769861575,0.3912499424891071,1.0411834205250317,0.0242035225789722,0.0651350278714415,0.3217505543966422,0.5713374798336268,0.0008334229556516,0.0022009780035599,6.324555320336759,16.64331697709324,0.0007968823578394,0.0356871324326142,16758.444999999938,16790.30499999999,5
122,154,168,183,633,633,630,16806.46999999999,16822.40499999989,16838.420000000042,8.06225774829855,14.0,15.297058540778355,0.5059465169971399,0.8741804558143577,0.957262737239812,0.4948963810701867,0.8785691873290458,0.9366219169439548,0.0618620476337733,0.0,0.1873243833887909,0.0317506443050098,0.0545851049519855,0.0599038008297529,0.1243549945467614,0.0,0.1973955598498807,0.0122112935261286,0.0078038904642325,0.0123256671775213,0.000466880403714,0.0014329752524078,0.0003321071419117,123.0,168.33333333333334,632.0,16822.431666666642,12.4531054296923,0.7791299033504365,0.7700291617810624,0.8324706229106593,0.04874651669558274,0.1072501847988807,0.010780283722627466,0.0007439875993445,154,183,630,633,0.0,0.1873243833887909,0.4948963810701867,0.9366219169439548,0.5059465169971399,0.957262737239812,0.0317506443050098,0.0599038008297529,0.0,0.1973955598498807,0.0003321071419117,0.0014329752524078,8.06225774829855,15.297058540778355,0.0078038904642325,0.0123256671775213,16806.46999999999,16838.420000000042,5
123,196,205,214,620,611,601,16854.399999999714,16870.409999999993,16886.38499999979,16.401219466856727,12.727922061357855,13.45362404707371,1.02443594419559,0.7967400351498237,0.8400639429875643,0.8135168961368408,0.5621486570795395,0.5633802816972485,0.6257822277975699,0.5621486570795395,0.6259780907747207,0.0639872544770623,0.049874180604687,0.0524548200424339,0.6556956262415362,0.7853981633974483,0.83798122500839,0.0286796036546344,0.0081013452313338,0.0032915844514306,0.0002555352720521,0.0008815161694022,0.0001615423748218,124.0,205.0,610.6666666666666,16870.398333333167,14.194255191762764,0.8870799741109927,0.6463486116378764,0.8550079752294498,0.05543875170806106,0.7596916715491249,0.013357511112466268,0.0004328646054253666,196,214,601,620,0.5621486570795395,0.6259780907747207,0.5621486570795395,0.8135168961368408,0.7967400351498237,1.02443594419559,0.049874180604687,0.0639872544770623,0.6556956262415362,0.83798122500839,0.0001615423748218,0.0008815161694022,12.727922061357855,16.401219466856727,0.0032915844514306,0.0286796036546344,16854.399999999714,16886.38499999979,5
124,219,223,226,596,590,586,16902.399999999943,16926.51500000011,16942.43000000006,7.071067811865476,7.211102550927978,5.0,0.2932227995777318,0.4531010085422972,0.3123048094975038,0.3122073056479849,0.1658718639839344,0.1885014137611961,0.3122073056479849,0.2488077959759017,0.2513352183482615,0.0121593530821365,0.0284700602289489,0.0195068588070544,0.7853981633974483,0.982793723247329,0.9272952180016122,0.0032833631976548,0.008185592363613,0.0034871822334835,0.0025161078339003,0.0006763718493344,0.0005631920466178,125.0,222.66666666666666,590.6666666666666,16923.781666666702,6.427390120931151,0.35287620587251095,0.2221935277977051,0.3059719339137923,0.020045424039379933,0.8984957015487965,0.004985379264917099,0.0012518905766175,219,226,586,596,0.2488077959759017,0.3122073056479849,0.1658718639839344,0.3122073056479849,0.2932227995777318,0.4531010085422972,0.0121593530821365,0.0284700602289489,0.7853981633974483,0.982793723247329,0.0005631920466178,0.0025161078339003,5.0,7.211102550927978,0.0032833631976548,0.008185592363613,16902.399999999943,16942.43000000006,5
125,229,233,236,584,582,582,16958.439999999882,16974.47000000011,16990.35499999991,3.605551275463989,4.47213595499958,3.0,0.2249252199259326,0.2815320085021316,0.1870907390072322,0.1873828856985022,0.2495321272578352,0.1888574126558445,0.1249219237990015,0.1247660636289176,0.0,0.0140315171505136,0.0177231355685052,0.0116676482074241,0.5880026035475675,0.4636476090008061,0.0,0.021192543064196,0.0077576415810974,0.0291877626066536,0.0003419951065959,0.0002302943492164,0.0003812078917946,126.0,232.66666666666666,582.6666666666666,16974.421666666633,3.692562410154523,0.23118265581176545,0.20859080853739398,0.20859080853739398,0.014474100308814299,0.35055007084945783,0.019379315750649,0.0003178324492023,229,236,582,584,0.0,0.1249219237990015,0.1873828856985022,0.2495321272578352,0.1870907390072322,0.2815320085021316,0.0116676482074241,0.0177231355685052,0.0,0.5880026035475675,0.0002302943492164,0.0003812078917946,3.0,4.47213595499958,0.0077576415810974,0.0291877626066536,16958.439999999882,16990.35499999991,5
126,240,245,250,582,581,579,17006.39000000001,17022.39499999996,17038.924999999836,4.0,5.0990195135927845,5.385164807134504,0.2499218994072149,0.3084706299837446,0.3367832900048059,0.2494543186763097,0.3124023742590186,0.3024803387802641,0.0,0.0624804748518037,0.1209921355121056,0.0156152389508275,0.0186612601322489,0.0210621194501222,0.0,0.1973955598498807,0.3805063771123649,0.0,0.0123333683130581,0.0110774844079774,0.0002461858898271,0.0001903168498238,0.0001452425479668,127.0,245.0,580.6666666666666,17022.569999999938,4.828061440242429,0.29839193979858847,0.2881123439051975,0.32844305574256605,0.018446206177732866,0.1926339789874152,0.007803617573678499,0.0001939150958725667,240,250,579,582,0.0,0.1209921355121056,0.2494543186763097,0.3124023742590186,0.2499218994072149,0.3367832900048059,0.0156152389508275,0.0210621194501222,0.0,0.3805063771123649,0.0001452425479668,0.0002461858898271,4.0,5.385164807134504,0.0,0.0123333683130581,17006.39000000001,17038.924999999836,5
127,251,251,251,578,579,580,17054.91499999971,17190.57500000008,17238.69999999988,1.4142135623730951,1.0,1.0,0.0145877926903883,0.0207792207793071,0.0638365783598114,0.0625390869298225,0.0,0.0,0.0625390869298225,0.0258297817382519,0.0207792207793071,0.0001504749362045,0.0004317760161951,0.0040751087366883,0.7853981633974483,1.5707963267948966,1.5707963267948966,0.0253215626196539,0.0405733262763601,0.0,0.0013077951541014,1.1152680258133736e-05,7.57056149716012e-05,128.0,251.0,579.0,17161.396666666555,1.1380711874576983,0.03306786394316893,0.020846362309940834,0.027772769236376532,0.0015524532296959665,1.3089969389957472,0.021964962965337998,0.0004648844831103783,251,251,578,580,0.0207792207793071,0.0625390869298225,0.0,0.0625390869298225,0.0145877926903883,0.0638365783598114,0.0001504749362045,0.0040751087366883,0.7853981633974483,1.5707963267948966,1.1152680258133736e-05,0.0013077951541014,1.0,1.4142135623730951,0.0,0.0405733262763601,17054.91499999971,17238.69999999988,5
128,251,252,254,581,581,581,17262.435000000096,17686.93499999972,17694.825000000037,1.0,1.0,2.0,0.0023557126030645,0.1267427122889682,0.1228501228514493,0.0,0.0023557126030645,0.2534854245779364,0.1239157372937814,0.0,0.0,5.5493818682369495e-06,0.0160637151183641,0.007546076342308,1.5707963267948966,0.0,0.0,0.1946463849731532,0.0037003447038781,0.0,6.876557457273239e-07,3.782842340756211e-05,0.001079548640775,129.0,252.33333333333334,581.0,17548.064999999955,1.3333333333333333,0.08398284924782733,0.08528037906033363,0.08528037906033363,0.007871780280846778,0.5235987755982988,0.06611557655901043,0.00037268823997609643,251,254,581,581,0.0,0.1239157372937814,0.0,0.2534854245779364,0.0023557126030645,0.1267427122889682,5.5493818682369495e-06,0.0160637151183641,0.0,1.5707963267948966,6.876557457273239e-07,0.001079548640775,1.0,2.0,0.0,0.1946463849731532,17262.435000000096,17694.825000000037,5
129,266,279,293,581,581,581,17711.10499999986,17726.714999999786,17742.885000000115,12.0,13.0,14.0,0.7687379884726638,0.8039579467987167,0.4369538077458198,0.7371007371086962,0.8327994875120525,0.8658008657832333,0.0,0.0,0.0,0.0492465079100831,0.0497191061708314,0.0136377592931122,0.0,0.0,0.0,0.0,0.0,0.0,0.0025614515705298,3.027535302694236e-05,0.002231375811811,130.0,279.3333333333333,581.0,17726.901666666585,13.0,0.6698832476724,0.811900363467994,0.811900363467994,0.037534457791342235,0.0,0.0,0.0016077009117892473,266,293,581,581,0.0,0.0,0.7371007371086962,0.8658008657832333,0.4369538077458198,0.8039579467987167,0.0136377592931122,0.0497191061708314,0.0,0.0,3.027535302694236e-05,0.0025614515705298,12.0,14.0,0.0,0.0,17711.10499999986,17742.885000000115,5
130,324,336,351,580,579,576,17774.924999999712,17790.78500000014,17807.06999999984,31.016124838541646,12.041594578792296,15.297058540778355,1.955619472742812,0.7394285894390958,0.9853177803883792,0.9675405742943152,0.7566204287310692,0.9210930304131568,0.0312109862675585,0.0630517023942557,0.1842186060826313,0.1233051369917911,0.0454055013480388,0.0634665236954818,0.0322468824352539,0.0831412318884412,0.1973955598498807,0.0010064570048582,0.0032089753752716,0.0070159243453214,0.0034228270193526,0.0049117046432308,0.001109058787091,131.0,337.0,578.3333333333334,17790.926666666564,19.451592652704097,1.2267886141900959,0.8817513444795138,0.9431575465070575,0.0773923873451039,0.10426122472452526,0.0037437855751504003,0.0031478634832248,324,351,576,580,0.0312109862675585,0.1842186060826313,0.7566204287310692,0.9675405742943152,0.7394285894390958,1.955619472742812,0.0454055013480388,0.1233051369917911,0.0322468824352539,0.1973955598498807,0.001109058787091,0.0049117046432308,12.041594578792296,31.016124838541646,0.0010064570048582,0.0070159243453214,17774.924999999712,17807.06999999984,5
131,368,382,401,571,565,558,17822.595000000092,17838.705000000118,17862.514999999803,17.72004514666935,15.231546211727816,20.248456731316587,1.0999407291521228,0.6397121466581038,1.2651331915888615,1.095008051511983,0.8690254500296315,0.7979840403297572,0.3220611916211714,0.3724394785841278,0.2939941201214895,0.0682768919398103,0.0268673728125397,0.07904612256125,0.2860514417173182,0.4048917862850834,0.3529903878269104,0.0057105237916905,0.0073768059942627,0.0021798151389693,0.000309846585781,0.0025704232853633,0.0021914636602016,132.0,383.6666666666667,564.6666666666666,17841.27166666667,17.733349363237917,1.0015953557996962,0.920672513957124,1.0186705539976204,0.05806346243786667,0.347977871943104,0.0050890483083075,0.0016905778437819666,368,401,558,571,0.2939941201214895,0.3724394785841278,0.7979840403297572,1.095008051511983,0.6397121466581038,1.2651331915888615,0.0268673728125397,0.07904612256125,0.2860514417173182,0.4048917862850834,0.000309846585781,0.0025704232853633,15.231546211727816,20.248456731316587,0.0021798151389693,0.0073768059942627,17822.595000000092,17862.514999999803,5
132,409,411,414,554,552,551,17878.519999999753,17894.534999999905,17910.55499999993,8.94427190999916,2.8284271247461903,3.1622776601683795,0.5584934068007587,0.1765560002959811,0.1977041363006129,0.4998437988144298,0.1248829222591939,0.1872659176026934,0.2499218994072149,0.1248829222591939,0.0624219725342311,0.0348731443518857,0.0110209738012294,0.0123603711346112,0.4636476090008061,0.7853981633974483,0.3217505543966422,0.006913915724726,0.0200905747357842,0.0289417983146102,0.0027599486541394,0.0014893643802953,8.360782355678336e-05,133.0,411.3333333333333,552.3333333333334,17894.536666666532,4.978325564971243,0.3109178477991175,0.2706642128921057,0.29147153707018275,0.019418163095908766,0.5235987755982988,0.018648762925040134,0.0014443069526638276,409,414,551,554,0.0624219725342311,0.2499218994072149,0.1248829222591939,0.4998437988144298,0.1765560002959811,0.5584934068007587,0.0110209738012294,0.0348731443518857,0.3217505543966422,0.7853981633974483,8.360782355678336e-05,0.0027599486541394,2.8284271247461903,8.94427190999916,0.006913915724726,0.0289417983146102,17878.519999999753,17910.55499999993,5
133,417,419,421,550,549,548,17926.550000000134,17942.529999999806,17958.384999999907,3.1622776601683795,2.23606797749979,2.23606797749979,0.1978897159094655,0.1410323543037203,0.1380288874997638,0.1875586120638937,0.1251564455595139,0.1261431724999814,0.0625195373546312,0.0625782227797569,0.0630715862499907,0.0123835867280053,0.0088951342985063,0.0085203016975025,0.3217505543966422,0.4636476090008061,0.4636476090008061,0.0,0.0088796654948107,0.0,1.4514281584108172e-06,0.0002183011532897,2.364128672352166e-05,134.0,419.0,549.0,17942.488333333284,2.54480453838932,0.1589836525709832,0.14628607670779634,0.16730993879112654,0.009933007574671367,0.41634859079941816,0.002959888498270233,8.113128939054417e-05,417,421,548,550,0.0625195373546312,0.0630715862499907,0.1251564455595139,0.1875586120638937,0.1380288874997638,0.1978897159094655,0.0085203016975025,0.0123835867280053,0.3217505543966422,0.4636476090008061,1.4514281584108172e-06,0.0002183011532897,2.23606797749979,3.1622776601683795,0.0,0.0088796654948107,17926.550000000134,17958.384999999907,5
134,422,425,429,547,545,544,17974.584999999934,17990.54500000011,18006.565000000137,1.4142135623730951,3.605551275463989,4.123105625617661,0.0886098723281564,0.2250656226877752,0.2581781857005062,0.0617283950616285,0.1879699248099408,0.2496878901369246,0.0617283950616285,0.1253132832066272,0.0624219725342311,0.0055519970129806,0.0140490401178159,0.0161664486976657,0.7853981633974483,0.5880026035475675,0.2449786631268641,0.0198611453330939,0.0123681428475994,0.0214122309875248,0.0001832286842294,0.0005323961845075,0.0001321728202151,135.0,425.3333333333333,545.3333333333334,17990.56500000006,3.047623487818248,0.19061789357214595,0.1664620700028313,0.18726939418090835,0.011922495276154068,0.5394598100239599,0.017880506389406036,0.0002825992296506666,422,429,544,547,0.0617283950616285,0.1253132832066272,0.0617283950616285,0.2496878901369246,0.0886098723281564,0.2581781857005062,0.0055519970129806,0.0161664486976657,0.2449786631268641,0.7853981633974483,0.0001321728202151,0.0005323961845075,1.4142135623730951,4.123105625617661,0.0123681428475994,0.0214122309875248,17974.584999999934,18006.565000000137,5
135,433,442,453,542,541,536,18022.53500000006,18038.594999999987,18062.62000000015,4.47213595499958,9.055385138137416,12.083045973594572,0.2784642562279258,0.3769150941966769,0.7558990286890293,0.2504696305584749,0.5603985056066052,0.4578563995806193,0.1252348152792374,0.0622665006229561,0.2081165452639178,0.0173389947838871,0.0156884534524073,0.0472880218135127,0.4636476090008061,0.1106572211738956,0.4266274931268761,0.0136924825219143,0.0219794762035218,0.0131517282809909,7.342179625716349e-05,0.0001027734328448,0.0013152785998288,136.0,442.6666666666667,539.6666666666666,18041.25000000007,8.536855688910522,0.4704261263712106,0.4229081785818998,0.49228036033653905,0.026771823349935702,0.33364410776719255,0.016274562335475667,0.0004971579429769212,433,453,536,542,0.0622665006229561,0.2081165452639178,0.2504696305584749,0.5603985056066052,0.2784642562279258,0.7558990286890293,0.0156884534524073,0.0472880218135127,0.1106572211738956,0.4636476090008061,7.342179625716349e-05,0.0013152785998288,4.47213595499958,12.083045973594572,0.0131517282809909,0.0219794762035218,18022.53500000006,18062.62000000015,5
136,456,457,458,534,533,533,18078.605000000152,18086.589999999887,18102.57999999976,3.605551275463989,1.4142135623730951,1.0,0.4515405479754092,0.088443624914585,0.0412456176530146,0.1876759461995552,0.1252348152828035,0.0625390869298225,0.1251172974663701,0.1252348152828035,0.0,0.0565485971183962,0.0055311835469218,0.0017012009755786,0.5880026035475675,0.7853981633974483,0.0,0.0100954088470869,0.0247207964754454,0.049118084015236,0.0005793290775654,0.0063891563648299,0.0002395236129689,137.0,457.0,533.3333333333334,18089.258333333266,2.006588279279028,0.19374326351433627,0.12514994947072708,0.12514994947072708,0.0212603272136322,0.45780025564833854,0.02797809644592277,0.0024026696851214,456,458,533,534,0.0,0.1252348152828035,0.0625390869298225,0.1876759461995552,0.0412456176530146,0.4515405479754092,0.0017012009755786,0.0565485971183962,0.0,0.7853981633974483,0.0002395236129689,0.0063891563648299,1.0,3.605551275463989,0.0100954088470869,0.049118084015236,18078.605000000152,18102.57999999976,5
137,459,460,461,532,532,531,18126.824999999822,18142.905000000155,18150.76999999974,1.4142135623730951,1.0,1.4142135623730951,0.0879486046233921,0.1271455816977736,0.0876216581386323,0.0412456176530146,0.0621890547250951,0.1271455816977736,0.0412456176530146,0.0,0.1271455816977736,0.0054694405859198,0.0161659989452652,0.0054288511857291,0.7853981633974483,0.0,0.7853981633974483,0.0323942323528711,0.0488431693645131,0.0998599063495316,0.000155423370193,0.0006652088531795,0.0013651808976611,138.0,460.0,531.6666666666666,18140.166666666573,1.2761423749153966,0.10090528148659933,0.0768600846919611,0.11924194525788563,0.009021430238971367,0.5235987755982988,0.060365769355638595,0.0007286043736778666,459,461,531,532,0.0,0.1271455816977736,0.0412456176530146,0.1271455816977736,0.0876216581386323,0.1271455816977736,0.0054288511857291,0.0161659989452652,0.0,0.7853981633974483,0.000155423370193,0.0013651808976611,1.0,1.4142135623730951,0.0323942323528711,0.0998599063495316,18126.824999999822,18150.76999999974,5
138,462,463,463,531,531,530,18166.90999999992,18255.13999999976,18262.834999999995,1.0,1.0,1.0,0.0113340133741564,0.1299545159153781,0.0619003404526436,0.0619578686486363,0.0113340133741564,0.0,0.0,0.0,0.1299545159153781,0.0001284598591655,0.0168881762068002,0.0038316521481531,0.0,0.0,1.5707963267948966,0.0486615962446593,0.0,0.2041320762502849,0.0003284009495975,0.0001899548492311,0.0016967542635789,139.0,462.6666666666667,530.6666666666666,18228.294999999893,1.0,0.06772962324739269,0.0244306273409309,0.0677487993127236,0.006949429404706266,0.5235987755982988,0.08426455749831474,0.0007383700208024999,462,463,530,531,0.0,0.1299545159153781,0.0,0.0619578686486363,0.0113340133741564,0.1299545159153781,0.0001284598591655,0.0168881762068002,0.0,1.5707963267948966,0.0001899548492311,0.0016967542635789,1.0,1.0,0.0,0.2041320762502849,18166.90999999992,18262.834999999995,5
139,467,481,511,530,527,527,18278.989999999794,18295.000000000076,18310.989999999947,4.0,14.317821063276352,30.0,0.2498438475909064,0.8954234561218846,1.88323917137172,0.2476013618105744,0.8744534665681727,1.8761726078946768,0.0,0.1873828856931798,0.0,0.015605487044757,0.0559989653614087,0.118219659219628,0.0,0.2110933332227465,0.0,0.0972328274103661,0.01318509264329,0.0132015843167233,0.0007288043885329,0.002523015510053,0.003891225382033,140.0,486.3333333333333,528.0,18294.993333333274,16.105940354425453,1.0095021583615036,0.9994091454244746,0.9994091454244746,0.06327470387526457,0.07036444440758217,0.04120650145679313,0.0023810150935396333,467,511,527,530,0.0,0.1873828856931798,0.2476013618105744,1.8761726078946768,0.2498438475909064,1.88323917137172,0.015605487044757,0.118219659219628,0.0,0.2110933332227465,0.0007288043885329,0.003891225382033,4.0,30.0,0.01318509264329,0.0972328274103661,18278.989999999794,18310.989999999947,5
140,592,705,830,527,527,527,18326.919999999973,18342.994999999974,18358.925,81.0,113.0,125.0,5.038880248833364,7.09353421216681,7.766387076755919,5.084745762703643,7.029548989113212,7.846829880715498,0.0,0.0,0.0,0.3134606686676912,0.4452940497272656,0.4825341458080108,0.0,0.0,0.0,0.0,0.0,0.0,0.0122561838950249,0.0082011434562717,0.0023377335894968,141.0,709.0,527.0,18342.946666666652,106.33333333333333,6.632933845918697,6.653708210844118,6.653708210844118,0.4137629547343225,0.0,0.0,0.007598353646931133,592,830,527,527,0.0,0.0,5.084745762703643,7.846829880715498,5.038880248833364,7.766387076755919,0.3134606686676912,0.4825341458080108,0.0,0.0,0.0023377335894968,0.0122561838950249,81.0,125.0,0.0,0.0,18326.919999999973,18358.925,5
141,970,1103,1198,527,530,545,18375.01999999995,18391.05500000005,18406.910000000156,140.0,133.0338302838793,96.17692030835671,8.730901153670839,8.39065470091632,3.976717813078617,8.69835352596663,8.294356095987297,5.991800693749118,0.0,0.1870907390072322,0.9460737937498608,0.5444902496797913,0.5292119016627338,0.1644291012246385,0.0,0.0225525666503043,0.1566018769820153,0.0,0.0014064587870384,0.0084547026383382,0.0038494006754875,0.0009528124737736,0.0230074298603444,142.0,1090.3333333333333,534.0,18390.99500000005,123.07025019741201,7.032757889221926,7.661503438567682,7.9768613698176365,0.4127104175223879,0.05971814787743987,0.003287053808458866,0.009269881003201834,970,1198,527,545,0.0,0.9460737937498608,5.991800693749118,8.69835352596663,3.976717813078617,8.730901153670839,0.1644291012246385,0.5444902496797913,0.0,0.1566018769820153,0.0009528124737736,0.0230074298603444,96.17692030835671,140.0,0.0,0.0084547026383382,18375.01999999995,18406.910000000156,5
142,1257,1263,1263,548,548,549,18431.094999999917,18447.02499999994,18662.71000000006,59.07622195096772,6.0,1.0,3.7084885091570743,0.0278183461993027,0.1271455816904222,2.4395286334745734,0.3766478342743439,0.0,0.124043828820741,0.0,0.0046363910332171,0.2327990275675504,0.0001289767308773,0.0161659989433958,0.0508037040582216,0.0,1.5707963267948966,0.0043745368172354,0.0031891841844406,0.0072828260045622,0.0028269558132556,0.0146057784580224,7.435390598562457e-05,143.0,1261.0,548.3333333333334,18513.60999999997,22.02540731698924,1.2878174790155998,0.9387254892496392,0.9402709529273782,0.08303133441394116,0.5405333436177061,0.0049488490020794,0.005835696059087875,1257,1263,548,549,0.0,0.124043828820741,0.0,2.4395286334745734,0.0278183461993027,3.7084885091570743,0.0001289767308773,0.2327990275675504,0.0,1.5707963267948966,7.435390598562457e-05,0.0146057784580224,1.0,59.07622195096772,0.0031891841844406,0.0072828260045622,18431.094999999917,18662.71000000006,5
143,1260,1255,1241,550,551,552,18670.5750000001,18678.585000000112,18694.614999999885,3.1622776601683795,5.0990195135927845,14.0356688476182,0.3947912184972867,0.3180922965480288,0.8939916463494171,0.3814367450712667,0.6242197253423115,0.8733624454271994,0.1271455816904222,0.1248439450684623,0.0623830318162285,0.0492872931955865,0.0198435618560528,0.0569421430798551,2.819842099193151,2.9441970937399127,3.070285188804503,0.1588106512895388,0.0155249681081848,0.0078657576460619,0.0042112262240344,0.0036758715779633,0.0023143219728213,144.0,1252.0,551.0,18681.258333333364,7.432322007126455,0.5356250537982442,0.6263396386135925,0.6471339825523353,0.04202433271049813,2.944774793912522,0.0607337923479285,0.003400473258273,1241,1260,550,552,0.0623830318162285,0.1271455816904222,0.3814367450712667,0.8733624454271994,0.3180922965480288,0.8939916463494171,0.0198435618560528,0.0569421430798551,2.819842099193151,3.070285188804503,0.0023143219728213,0.0042112262240344,3.1622776601683795,14.0356688476182,0.0078657576460619,0.1588106512895388,18670.5750000001,18694.614999999885,5
144,1226,1210,1197,553,553,553,18710.31499999981,18726.31000000001,18742.26499999986,15.033296378372908,16.0,13.0,0.9398747344909276,1.0028204324758054,0.8150470219448378,0.9554140127434584,1.0003125976741,0.8147916013865919,0.0636942675162305,0.0,0.0,0.0587605335716796,0.062853051236935,0.0511001267677806,3.0750244898139694,3.141592653589793,3.141592653589793,0.0003018663063369,0.0041618108018118,0.0,0.0001158210504352,0.0002558623110474,0.0007366295499383,145.0,1211.0,553.0,18726.29666666656,14.677765459457637,0.9192473963038569,0.9235060706013835,0.9235060706013835,0.05757123719213173,3.1194032656645185,0.0014878923693829001,0.0003694376371403,1197,1226,553,553,0.0,0.0636942675162305,0.8147916013865919,1.0003125976741,0.8150470219448378,1.0028204324758054,0.0511001267677806,0.062853051236935,3.0750244898139694,3.141592653589793,0.0001158210504352,0.0007366295499383,13.0,16.0,0.0,0.0041618108018118,18710.31499999981,18742.26499999986,5
145,1184,1174,1166,553,553,553,18758.21499999984,18774.425000000065,18798.369999999977,13.0,10.0,8.0,0.8019740900565635,0.4176237210288822,0.5001562988512697,0.8150470219448378,0.6169031461973565,0.3340989768231058,0.0,0.0,0.0,0.0494740339324656,0.0174409572366009,0.031269540410075,3.141592653589793,3.141592653589793,3.141592653589793,0.0,0.0,0.0,0.0001019493940637,0.001976130579606,0.0005775144361463,146.0,1174.6666666666667,553.0,18777.003333333294,10.333333333333334,0.5732513699789051,0.5886830483217668,0.5886830483217668,0.032728177193047166,3.141592653589793,0.0,0.0008851981366053333,1166,1184,553,553,0.0,0.0,0.3340989768231058,0.8150470219448378,0.4176237210288822,0.8019740900565635,0.0174409572366009,0.0494740339324656,3.141592653589793,3.141592653589793,0.0001019493940637,0.001976130579606,8.0,13.0,0.0,0.0,18758.21499999984,18798.369999999977,5
146,1164,1161,1158,553,553,555,18814.364999999725,18830.359999999928,18846.514999999727,2.0,3.0,3.605551275463989,0.1250390747092624,0.1857010213579308,0.2243653562809885,0.1250390747128174,0.1875586120638937,0.1857010213579308,0.0,0.0,0.1238006809052872,0.0078173851020742,0.0114949564444595,0.0139617521020046,3.141592653589793,3.141592653589793,2.5535900500422257,0.0,0.0,0.0363975613466352,0.0014662178998668,0.0002299200589145,0.0001526954910291,147.0,1161.0,553.6666666666666,18830.413333333127,2.86851709182133,0.17836848411606057,0.16609956937821393,0.20736646301330966,0.011091364549512766,2.945591785740604,0.0121325204488784,0.0006162778166034666,1158,1164,553,555,0.0,0.1238006809052872,0.1250390747128174,0.1875586120638937,0.1250390747092624,0.2243653562809885,0.0078173851020742,0.0139617521020046,2.5535900500422257,3.141592653589793,0.0001526954910291,0.0014662178998668,2.0,3.605551275463989,0.0,0.0363975613466352,18814.364999999725,18846.514999999727,5
147,1155,1151,1147,555,555,556,18862.584999999854,18878.53499999983,18894.51000000008,3.0,4.0,4.123105625617661,0.1880877742949625,0.2503912363027605,0.2564120413961356,0.1866832607328117,0.25078369905995,0.2503912363027605,0.0,0.0,0.0625978090756901,0.0117923369464109,0.0156739428043062,0.0159460224750085,3.141592653589793,3.141592653589793,2.896613990462929,0.0365900811165475,0.0,0.0153351275820332,0.0001349978317098,0.0002433608688339,1.7031591280004044e-05,148.0,1151.0,555.3333333333334,18878.54333333325,3.707701875205887,0.23163035066461954,0.22928606536517407,0.25015200172373747,0.014470767408575202,3.0599330992141716,0.017308402899526898,0.00013179676394123468,1147,1155,555,556,0.0,0.0625978090756901,0.1866832607328117,0.25078369905995,0.1880877742949625,0.2564120413961356,0.0117923369464109,0.0159460224750085,2.896613990462929,3.141592653589793,1.7031591280004044e-05,0.0002433608688339,3.0,4.123105625617661,0.0,0.0365900811165475,18862.584999999854,18894.51000000008,5
148,1140,1131,1128,556,558,558,18910.58999999996,18935.329999999794,18950.46999999977,7.0,9.219544457292889,3.0,0.2829426030738022,0.6089527382634576,0.0519435546703482,0.4353233830879769,0.3637833468091743,0.1981505944521242,0.0,0.080840743735372,0.0,0.0114366452334541,0.0402214490267176,0.0008993776239304,3.141592653589793,2.922923707715851,3.141592653589793,0.015234991488108,0.0088386801081396,0.0144431272043803,0.000280433908059,0.001163492473462,0.0025972306078503,149.0,1133.0,557.3333333333334,18932.12999999984,6.40651481909763,0.31461296533586935,0.33241910811642517,0.33241910811642517,0.0175191572947007,3.068703004965146,0.012838932933542631,0.0013470523297904333,1128,1140,556,558,0.0,0.080840743735372,0.1981505944521242,0.4353233830879769,0.0519435546703482,0.6089527382634576,0.0008993776239304,0.0402214490267176,2.922923707715851,3.141592653589793,0.000280433908059,0.0025972306078503,3.0,9.219544457292889,0.0088386801081396,0.015234991488108,18910.58999999996,18950.46999999977,5
149,1127,1126,1125,559,559,559,19527.114999999867,19542.87500000009,19558.91500000007,1.4142135623730951,1.0,1.0,0.0897343630934436,0.0623441396509684,0.062597809077472,0.0023996928393182,0.0634517766488298,0.0623441396509684,0.0023996928393182,0.0,0.0,0.0056938047647301,0.0038867917488194,0.0039184857012996,2.356194490192345,3.141592653589793,3.141592653589793,0.0056541430461556,0.049834908844296,0.0,1.366338252239898e-05,0.000114658186287,1.975932199516281e-06,150.0,1126.0,559.0,19542.96833333334,1.1380711874576983,0.07155877060729467,0.04273186971303879,0.04273186971303879,0.004499694071616367,2.8797932657906435,0.018496350630150534,4.343250033630509e-05,1125,1127,559,559,0.0,0.0023996928393182,0.0023996928393182,0.0634517766488298,0.0623441396509684,0.0897343630934436,0.0038867917488194,0.0056938047647301,2.356194490192345,3.141592653589793,1.975932199516281e-06,0.000114658186287,1.0,1.4142135623730951,0.0,0.049834908844296,19527.114999999867,19558.91500000007,5
150,1124,1123,1122,560,560,560,19574.88999999987,19591.059999999743,19646.50500000016,1.4142135623730951,1.0,1.0,0.0874590947671036,0.0180358914237976,0.0625000000014779,0.062597809077472,0.0618429189862558,0.0180358914237976,0.062597809077472,0.0,0.0,0.0054087257122932,0.000325293379451,0.0039062500001847,2.356194490192345,3.141592653589793,3.141592653589793,0.0491642042821506,0.0485713149909425,0.0,9.328575968778856e-05,0.000314374293932,6.458574480488272e-05,151.0,1123.0,560.0,19604.15166666659,1.1380711874576983,0.05599832873079303,0.0474922064958418,0.0474922064958418,0.003213423030642967,2.8797932657906435,0.03257850642436436,0.0001574152661415571,1122,1124,560,560,0.0,0.062597809077472,0.0180358914237976,0.062597809077472,0.0180358914237976,0.0874590947671036,0.000325293379451,0.0054087257122932,2.356194490192345,3.141592653589793,6.458574480488272e-05,0.000314374293932,1.0,1.4142135623730951,0.0,0.0491642042821506,19574.88999999987,19646.50500000016,5
151,1121,1120,1119,560,560,560,19662.504999999783,19670.49999999972,19686.455000000024,1.0,1.0,1.0,0.1250781738596451,0.0626762770279514,0.0600420294209527,0.0625000000014779,0.1250781738596451,0.0626762770279514,0.0,0.0,0.0,0.0156445495760636,0.0039283157020845,0.0036050452969865,3.141592653589793,3.141592653589793,3.141592653589793,0.0,0.0,0.0,0.0007336437235097,0.0014654451374698,2.026138546485799e-05,152.0,1120.0,560.0,19673.153333333175,1.0,0.0825988267695164,0.08341815029635813,0.08341815029635813,0.007725970191711533,3.141592653589793,0.0,0.0007397834154814527,1119,1121,560,560,0.0,0.0,0.0625000000014779,0.1250781738596451,0.0600420294209527,0.1250781738596451,0.0036050452969865,0.0156445495760636,3.141592653589793,3.141592653589793,2.026138546485799e-05,0.0014654451374698,1.0,1.0,0.0,0.0,19662.504999999783,19686.455000000024,5
152,1118,1117,1116,560,562,562,19703.109999999924,19719.12500000008,19734.92499999975,1.0,2.23606797749979,1.0,0.0624414611295969,0.1415232897181158,0.0622858922452077,0.0600420294209527,0.0624414611295969,0.0632911392418208,0.0,0.1248829222591939,0.0,0.0038989360679989,0.0089571702355098,0.0038795323727816,3.141592653589793,2.0344439357957027,3.141592653589793,0.0,0.0691319836268228,0.0700727036593091,1.764579831967409e-05,0.000315843532155,0.0003213694849894,153.0,1117.0,561.3333333333334,19719.05333333325,1.4120226591665965,0.0887502143643068,0.0619248765974568,0.0619248765974568,0.005578546225430099,2.7725430809917633,0.04640156242871063,0.000218286271821358,1116,1118,560,562,0.0,0.1248829222591939,0.0600420294209527,0.0632911392418208,0.0622858922452077,0.1415232897181158,0.0038795323727816,0.0089571702355098,2.0344439357957027,3.141592653589793,1.764579831967409e-05,0.0003213694849894,1.0,2.23606797749979,0.0,0.0700727036593091,19703.109999999924,19734.92499999975,5
153,1113,1110,1091,562,562,562,19750.9799999998,19766.999999999825,19814.96500000003,3.0,3.0,19.0,0.1872659176026934,0.0625456061709006,1.1841695232270923,0.1868576767356231,0.1872659176026934,0.3961221724157039,0.0,0.0,0.0,0.0116895079651929,0.0013039842837618,0.0738030241968357,3.141592653589793,3.141592653589793,3.141592653589793,0.0,0.0,0.0,0.0004864512981866,0.0006482848739959,0.0015114987993905,154.0,1104.6666666666667,562.0,19777.648333333218,8.333333333333334,0.47799368233356215,0.2567485889180068,0.2567485889180068,0.028932172148596797,3.141592653589793,0.0,0.0008820783238576666,1091,1113,562,562,0.0,0.0,0.1868576767356231,0.3961221724157039,0.0625456061709006,1.1841695232270923,0.0013039842837618,0.0738030241968357,3.141592653589793,3.141592653589793,0.0004864512981866,0.0015114987993905,3.0,19.0,0.0,0.0,19750.9799999998,19814.96500000003,5
154,1084,1079,1074,562,562,562,19831.00999999988,19847.00500000008,19862.474999999904,7.0,5.0,5.0,0.4376367614824187,0.3232062055628467,0.3120124805011749,0.4362729822415603,0.3125976867731562,0.3232062055628467,0.0,0.0,0.0,0.0273608478572599,0.0208924502628666,0.0194703575976992,3.141592653589793,3.141592653589793,3.141592653589793,0.0,0.0,0.0,0.0028944952533507,0.0004044012250272,9.192583485350292e-05,155.0,1079.0,562.0,19846.829999999954,5.666666666666667,0.3576184825154802,0.357358958192521,0.357358958192521,0.0225745519059419,3.141592653589793,0.0,0.0011302741044104676,1074,1084,562,562,0.0,0.0,0.3125976867731562,0.4362729822415603,0.3120124805011749,0.4376367614824187,0.0194703575976992,0.0273608478572599,3.141592653589793,3.141592653589793,9.192583485350292e-05,0.0028944952533507,5.0,7.0,0.0,0.0,19831.00999999988,19862.474999999904,5
155,1070,1069,1067,562,562,562,19878.499999999804,19894.455000000107,19910.62499999998,4.0,1.0,2.0,0.2507051081118058,0.0618429189862558,0.1254311696448579,0.2496099844009399,0.0626762770279514,0.1236858379725117,0.0,0.0,0.0,0.015713262808338,0.0038245466287406,0.0078664891592385,3.141592653589793,3.141592653589793,3.141592653589793,0.0,0.0,0.0,0.0002344520929413,0.0007451404687791,0.0002499655244606,156.0,1068.6666666666667,562.0,19894.526666666632,2.3333333333333335,0.14599306558097316,0.145324033133801,0.145324033133801,0.009134766198772367,3.141592653589793,0.0,0.0004098526953936667,1067,1070,562,562,0.0,0.0,0.0626762770279514,0.2496099844009399,0.0618429189862558,0.2507051081118058,0.0038245466287406,0.015713262808338,3.141592653589793,3.141592653589793,0.0002344520929413,0.0007451404687791,1.0,4.0,0.0,0.0,19878.499999999804,19910.62499999998,5
156,1066,1064,1061,562,562,562,19926.570000000083,19942.329999999856,19966.35999999989,1.0,2.0,3.0,0.0634517766506607,0.0832292967123082,0.1881467544672869,0.0627155848224289,0.1269035533013215,0.1248439450684623,0.0,0.0,0.0,0.0040261279601253,0.0034635579156127,0.0117997337388578,3.141592653589793,3.141592653589793,3.141592653589793,0.0,0.0,0.0,0.0002408504985317,3.569606881476692e-05,0.0003469070255194,157.0,1063.6666666666667,562.0,19945.086666666608,2.0,0.11160927594341859,0.10482102773073758,0.10482102773073758,0.0064298065381986,3.141592653589793,0.0,0.0002078178642886223,1061,1066,562,562,0.0,0.0,0.0627155848224289,0.1269035533013215,0.0634517766506607,0.1881467544672869,0.0034635579156127,0.0117997337388578,3.141592653589793,3.141592653589793,3.569606881476692e-05,0.0003469070255194,1.0,3.0,0.0,0.0,19926.570000000083,19966.35999999989,5
157,1055,1052,1046,561,561,560,19982.305,19998.36499999992,20014.31999999977,6.082762530298219,3.0,6.082762530298219,0.3787523368821083,0.1880288310892135,0.379342845666332,0.3762935089345738,0.1867995018688684,0.376057662178427,0.0627155848224289,0.0,0.0626762770297378,0.0235835826204158,0.0117849471069253,0.0236571777776068,2.976443976175166,3.141592653589793,2.976443976175166,0.0103573958867089,0.0102832302251182,0.0103509042567339,0.000739030974066,0.0007346597455507,0.0007441072184765,158.0,1051.0,560.6666666666666,19998.3299999999,5.055175020198813,0.3153746712125513,0.31305022432728974,0.3339423166705357,0.019675235834982634,3.031493535313375,0.010330510122853666,0.0007392659793644,1046,1055,560,561,0.0,0.0627155848224289,0.1867995018688684,0.3762935089345738,0.1880288310892135,0.379342845666332,0.0117849471069253,0.0236571777776068,2.976443976175166,3.141592653589793,0.0007346597455507,0.0007441072184765,3.0,6.082762530298219,0.0102832302251182,0.0103573958867089,19982.305,20014.31999999977,5
158,1038,1029,1010,559,558,554,20030.354999999872,20046.319999999923,20070.384999999987,8.06225774829855,9.055385138137416,19.4164878389476,0.5049957875523179,0.3762885991320702,1.219245704160891,0.4989086373526194,0.5637331662994804,0.789528360687693,0.0623635796690774,0.06263701847772,0.1662164969868827,0.0316314304760853,0.0156363432009585,0.076561739664003,3.017237659043032,3.0309354324158977,2.93409642715459,0.0025440400915252,0.0008579876838598,0.0040240600565571,0.0004973029434629,0.0010018845772048,0.002531701494406,159.0,1025.6666666666667,557.0,20049.019999999928,12.178043575127854,0.7001766969484263,0.617390054779931,0.6727955537755586,0.0412765044470156,2.9940898395378404,0.0024753626106473665,0.0013436296716912335,1010,1038,554,559,0.0623635796690774,0.1662164969868827,0.4989086373526194,0.789528360687693,0.3762885991320702,1.219245704160891,0.0156363432009585,0.076561739664003,2.93409642715459,3.0309354324158977,0.0004973029434629,0.002531701494406,8.06225774829855,19.4164878389476,0.0008579876838598,0.0040240600565571,20030.354999999872,20070.384999999987,5
159,998,984,972,552,549,547,20086.31000000014,20102.26499999999,20118.259999999736,12.16552506059644,14.317821063276352,12.16552506059644,0.7624898189101605,0.8951435488278815,0.7468093959838409,0.7535321820964153,0.8774678784163297,0.7502344482769046,0.1255886970160692,0.1880288310892135,0.1250390747128174,0.0477900231223678,0.055963960540293,0.0458446529148332,2.976443976175166,2.930499320367047,2.976443976175166,0.0026591867516591,0.0028796399754656,0.002872438625123,0.0018067011956898,0.0005123119660296,0.0006326544311109,160.0,984.6666666666666,549.3333333333334,20102.278333333288,12.882957061489742,0.8014809212406275,0.7937448362632166,0.8354245278341557,0.049866212192498004,2.961129090905793,0.0028037551174159,0.0009838891976100999,972,998,547,552,0.1250390747128174,0.1880288310892135,0.7502344482769046,0.8774678784163297,0.7468093959838409,0.8951435488278815,0.0458446529148332,0.055963960540293,2.930499320367047,2.976443976175166,0.0005123119660296,0.0018067011956898,12.16552506059644,14.317821063276352,0.0026591867516591,0.0028796399754656,20086.31000000014,20118.259999999736,5
160,960,946,927,544,542,536,20134.549999999763,20150.955000000067,20166.889999999967,12.36931687685298,14.142135623730953,19.92485884517128,0.7539967617569915,0.8874889001456034,1.2391081371471944,0.7366482504592141,0.8533983541444805,1.1923438970894191,0.1841620626148035,0.1219140505920686,0.3765296517124482,0.0459613996795488,0.0556943144117479,0.0770589637535368,2.896613990462929,2.999695598985629,2.835713782184941,0.0049005516090919,0.0062835482182741,0.0102906693945229,7.166774997880356e-06,0.0005932895295348,0.0013407373292703,161.0,944.3333333333334,540.6666666666666,20150.798333333267,15.478770448585072,0.9601979330165964,0.9274635005643713,1.0529733844685207,0.05957155928161117,2.9106744572111665,0.0071582564072963,0.0006470645446009935,927,960,536,544,0.1219140505920686,0.3765296517124482,0.7366482504592141,1.1923438970894191,0.7539967617569915,1.2391081371471944,0.0459613996795488,0.0770589637535368,2.835713782184941,2.999695598985629,7.166774997880356e-06,0.0013407373292703,12.36931687685298,19.92485884517128,0.0049005516090919,0.0102906693945229,20134.549999999763,20166.889999999967,5
161,891,850,803,522,504,478,20182.96999999984,20198.739999999816,20214.97999999974,38.62641583165593,44.77722635447622,53.71219600798314,2.4493605473504907,2.757218371593747,3.292197119643358,2.2388059701667387,2.5998731769223253,2.894088669964068,0.8706467661759539,1.1414077362098014,1.6009852216822504,0.1553177265284957,0.1697794563797072,0.2017895874705459,2.770701364777131,2.72790344031093,2.636302465490399,0.0040430607840993,0.0027138823377469,0.0056404541145907,0.0048668384810677,0.0009170405739527,0.0019710671854055,162.0,848.0,501.3333333333333,20198.896666666467,45.70527939803842,2.8329253461958657,2.577589272351044,3.111251012911794,0.17562892345958292,2.7116357568594864,0.004132465745478966,0.0025849820801419664,803,891,478,522,0.8706467661759539,1.6009852216822504,2.2388059701667387,2.894088669964068,2.4493605473504907,3.292197119643358,0.1553177265284957,0.2017895874705459,2.636302465490399,2.770701364777131,0.0009170405739527,0.0048668384810677,38.62641583165593,53.71219600798314,0.0027138823377469,0.0056404541145907,20182.96999999984,20214.97999999974,5
162,756,723,696,453,433,413,20231.29500000005,20246.93500000012,20271.04499999996,53.23532661682466,38.58756276314948,33.60059523282288,3.4037932619288105,1.6004795837167385,2.1172397752014884,2.880784554037599,2.1099744245422016,1.1198672749972078,1.5323322095944678,1.2787723785104252,0.8295313148127466,0.2176338402757232,0.0663823966705751,0.1334114540124664,2.652740299262045,2.5967287381382493,2.5040438554511004,0.0010075288857701,0.0035813018621179,0.0038442506299367,0.0009711463564132,0.0096708084146045,0.0027801351033739,163.0,725.0,433.0,20249.758333333375,41.80782820426567,2.3738375402823455,2.0368754178590027,2.3133858561299183,0.13914256365292157,2.5845042976171313,0.002811027125941567,0.004474029958130533,696,756,413,453,0.8295313148127466,1.5323322095944678,1.1198672749972078,2.880784554037599,1.6004795837167385,3.4037932619288105,0.0663823966705751,0.2176338402757232,2.5040438554511004,2.652740299262045,0.0009711463564132,0.0096708084146045,33.60059523282288,53.23532661682466,0.0010075288857701,0.0038442506299367,20231.29500000005,20271.04499999996,5
163,686,681,676,405,399,389,20286.915000000132,20303.01000000009,20318.98000000001,12.806248474865695,7.810249675906654,11.180339887498947,0.7956662612553772,0.4890575877234469,0.6952947691284992,0.6301197227402846,0.3106554830702367,0.3130870381980936,0.5040957781922276,0.3727865796842841,0.6261740763961872,0.0494356173505956,0.0306235183297276,0.0432397244486274,2.4668517113662407,2.2655346029916,2.0344439357957027,0.0023435503518868,0.0125080527104854,0.0144702985095169,0.0052914830914261,0.0011688163417785,0.0007899941214125,164.0,681.0,397.6666666666667,20302.96833333341,10.598946012757098,0.6600062060357744,0.417954081336205,0.6266787734682674,0.04109962004298354,2.2556100833845147,0.0097739671906297,0.0024167645182057,676,686,389,405,0.3727865796842841,0.6261740763961872,0.3106554830702367,0.6301197227402846,0.4890575877234469,0.7956662612553772,0.0306235183297276,0.0494356173505956,2.0344439357957027,2.4668517113662407,0.0007899941214125,0.0052914830914261,7.810249675906654,12.806248474865695,0.0023435503518868,0.0144702985095169,20286.915000000132,20318.98000000001,5
164,673,667,662,380,366,354,20335.059999999885,20350.840000000066,20366.75000000014,9.486832980505138,15.231546211727816,13.0,0.6011934715081539,0.9573567700600136,0.8349389852510384,0.1865671641805615,0.380228136877862,0.314267756126715,0.5597014925416847,0.8871989860483447,0.7542426147041161,0.0380984455957799,0.060173272787896,0.053624854545541,1.892546881191539,1.97568811307998,1.965587446494658,0.0088244436943577,0.0052687726164453,0.0006348627646306,0.0003197312719457,0.0013989117358598,0.0004115913414408,165.0,667.3333333333334,366.6666666666667,20350.883333333364,12.57279306407765,0.7978297422730686,0.2936876857283795,0.5451018906297516,0.05063219097640564,1.9446074802553923,0.0049093596918112,0.0007100781164154332,662,673,354,380,0.5597014925416847,0.8871989860483447,0.1865671641805615,0.380228136877862,0.6011934715081539,0.9573567700600136,0.0380984455957799,0.060173272787896,1.892546881191539,1.97568811307998,0.0003197312719457,0.0013989117358598,9.486832980505138,15.231546211727816,0.0006348627646306,0.0088244436943577,20335.059999999885,20366.75000000014,5
165,659,658,658,344,339,337,20382.31999999971,20398.29499999996,20414.404999999988,10.44030650891055,5.0990195135927845,2.0,0.6535403135364677,0.3165126948221315,0.01374428753048,0.1926782273656242,0.0625978090756901,0.0,0.6422607578854141,0.3129890453784507,0.1241464928613759,0.0409101917700224,0.0196469705041353,9.445271986025502e-05,1.862253121272764,1.7681918866447774,1.5707963267948966,0.0066367582032591,0.0058880272066663,0.0122529832308852,0.0008166128950462,0.0013310310651361,0.0012136882547637,166.0,658.3333333333334,340.0,20398.339999999884,5.846442007501111,0.3279324319630264,0.08509201214710477,0.12647417643423006,0.020217204998005982,1.7337471115708125,0.008259256213603532,0.0011204440716486668,658,659,337,344,0.1241464928613759,0.6422607578854141,0.0,0.1926782273656242,0.01374428753048,0.6535403135364677,9.445271986025502e-05,0.0409101917700224,1.5707963267948966,1.862253121272764,0.0008166128950462,0.0013310310651361,2.0,10.44030650891055,0.0058880272066663,0.0122529832308852,20382.31999999971,20414.404999999988,5
166,659,660,660,354,357,360,20966.44999999989,20982.42500000015,21006.475000000137,17.029386365926403,3.1622776601683795,3.0,1.0660022764104218,0.1314876365975014,0.1871490954486856,0.0035713647970562,0.0625978090756901,0.0,0.0607132015499563,0.1877934272270704,0.1247401247401851,0.0667294069729906,0.0054672613969881,0.0116749279757537,1.512040504079174,1.2490457723982544,1.5707963267948966,0.0054000482279915,0.0164628940016745,0.0133784014302202,0.0002383150549917,0.0038348760923337,0.0002581150344602,167.0,659.6666666666666,357.0,20985.116666666727,7.730554675364927,0.4615463361522029,0.022056391290915436,0.06363643287097713,0.0279571987819108,1.4439608677574416,0.011747114553295399,0.0014437687272618666,659,660,354,360,0.0607132015499563,0.1877934272270704,0.0,0.0625978090756901,0.1314876365975014,1.0660022764104218,0.0054672613969881,0.0667294069729906,1.2490457723982544,1.5707963267948966,0.0002383150549917,0.0038348760923337,3.0,17.029386365926403,0.0054000482279915,0.0164628940016745,20966.44999999989,21006.475000000137,5
167,660,660,661,361,363,363,21022.50499999991,21038.39999999991,21046.4649999999,1.0,2.0,1.0,0.06291286568103,0.2479851208931223,0.0312012480496747,0.0,0.0,0.1239925604465611,0.0623830318162285,0.12582573136206,0.0,0.0039580286681993,0.0307483100921882,0.0009735178798573,1.5707963267948966,1.5707963267948966,0.0,0.0,0.0,0.1947670584993524,0.0004814035750257,0.0016854533767844,0.0036918527231712,168.0,660.3333333333334,362.3333333333333,21035.789999999906,1.3333333333333333,0.11403307820794234,0.041330853482187034,0.041330853482187034,0.011893285546748266,1.0471975511965976,0.06492235283311747,0.0019529032249937666,660,661,361,363,0.0,0.12582573136206,0.0,0.1239925604465611,0.0312012480496747,0.2479851208931223,0.0009735178798573,0.0307483100921882,0.0,1.5707963267948966,0.0004814035750257,0.0036918527231712,1.0,2.0,0.0,0.1947670584993524,21022.50499999991,21046.4649999999,5
168,661,662,662,364,364,366,21078.515000000152,21094.430000000106,21102.42500000004,1.0,1.0,2.0,0.0628338045870653,0.1250781738596451,0.0493705257963278,0.0,0.0628338045870653,0.0,0.0312012480496747,0.0,0.2501563477192903,0.0039480869988855,0.0156445495760636,0.0012187244087029,1.5707963267948966,0.0,1.5707963267948966,0.0490108058278455,0.0986991094439106,0.196472336060944,9.281026892370096e-05,0.0007349332439343,0.0018043558683519,169.0,661.6666666666666,364.6666666666667,21091.7900000001,1.3333333333333333,0.07909416808101273,0.020944601529021768,0.10433005076878521,0.006937120327883999,1.0471975511965976,0.11472741711090002,0.0008773664604033003,661,662,364,366,0.0,0.2501563477192903,0.0,0.0628338045870653,0.0493705257963278,0.1250781738596451,0.0012187244087029,0.0156445495760636,0.0,1.5707963267948966,9.281026892370096e-05,0.0018043558683519,1.0,2.0,0.0490108058278455,0.196472336060944,21078.515000000152,21102.42500000004,5
169,663,664,664,367,368,369,21142.93499999985,21175.11000000013,21462.930000000146,1.4142135623730951,1.4142135623730951,1.0,0.0439538014719755,0.0049135347174381,0.1261034047957429,0.0246852628981639,0.0310800310797611,0.0,0.0246852628981639,0.0310800310797611,0.003474393718296,0.0013660855158226,1.7071554156896497e-05,0.015902068701079,0.7853981633974483,0.7853981633974483,1.5707963267948966,0.019387760143201,0.0,0.0027287824452693,3.637647670214784e-06,4.1927395855603526e-05,5.519073430241652e-05,170.0,663.6666666666666,368.0,21260.325000000044,1.2761423749153968,0.0583235803283855,0.018588431325975,0.019746562565406998,0.005761741923686166,1.0471975511965976,0.007372180862823433,3.358525927607827e-05,663,664,367,369,0.003474393718296,0.0310800310797611,0.0,0.0310800310797611,0.0049135347174381,0.1261034047957429,1.7071554156896497e-05,0.015902068701079,0.7853981633974483,1.5707963267948966,3.637647670214784e-06,5.519073430241652e-05,1.0,1.4142135623730951,0.0,0.019387760143201,21142.93499999985,21462.930000000146,5
170,665,665,665,370,371,372,21470.859999999902,21518.904999999904,21567.12000000016,1.4142135623730951,1.0,1.0,0.0294351870615681,0.02074043347495,0.0249656722007623,0.1261034047957429,0.0,0.0,0.1261034047957429,0.0208138203767293,0.02074043347495,0.0006126586962549,0.0004301655807288,0.0006232847884359,0.7853981633974483,1.5707963267948966,1.5707963267948966,0.0990413825247414,0.0163471362971676,0.0,0.0019280466589264,3.7983789265495087e-06,4.0053760801839885e-06,171.0,665.0,371.0,21518.961666666655,1.1380711874576983,0.02504709757909347,0.04203446826524763,0.04894794609023096,0.0005553696884732,1.3089969389957472,0.038462839607303005,0.0006452834713110445,665,665,370,372,0.02074043347495,0.1261034047957429,0.0,0.1261034047957429,0.02074043347495,0.0294351870615681,0.0004301655807288,0.0006232847884359,0.7853981633974483,1.5707963267948966,3.7983789265495087e-06,0.0019280466589264,1.0,1.4142135623730951,0.0,0.0990413825247414,21470.859999999902,21567.12000000016,5
171,665,665,664,373,374,375,21607.175000000097,21638.454999999794,21695.09999999991,1.0,1.0,1.4142135623730951,0.0319693094632254,0.0176538088092141,0.182126666117581,0.0,0.0,0.0176538088092141,0.0249656722007623,0.0319693094632254,0.0176538088092141,0.0010220367475554,0.0003116569654722,0.0234548185603907,1.5707963267948966,1.5707963267948966,2.356194490192345,0.0,0.0,0.0138652690157265,9.95511070079058e-06,2.271035108983596e-05,0.0004085649500374,172.0,664.6666666666666,374.0,21646.909999999934,1.1380711874576983,0.07724992813000682,0.0058846029364046995,0.011769205872809399,0.008262837424472766,1.832595714594046,0.0046217563385754995,0.0001470768039426755,664,665,373,375,0.0176538088092141,0.0319693094632254,0.0,0.0176538088092141,0.0176538088092141,0.182126666117581,0.0003116569654722,0.0234548185603907,1.5707963267948966,2.356194490192345,9.95511070079058e-06,0.0004085649500374,1.0,1.4142135623730951,0.0,0.0138652690157265,21607.175000000097,21695.09999999991,5
172,664,657,647,376,378,378,21702.864999999747,21727.06500000004,21742.879999999783,1.0,7.280109889280518,10.0,0.0413223140490885,0.460329427087997,0.6213109661404735,0.0,0.28925619834362,0.632311097069842,0.1287830006466397,0.0826446280981771,0.0,0.0017075336383715,0.0291071405055543,0.0386027316646408,1.5707963267948966,2.8632929945846817,3.141592653589793,0.1011459321846832,0.05340895321381,0.0175971962699684,0.002800680608175,0.0011322151597872,0.0006004167663128,173.0,656.0,377.3333333333333,21724.26999999986,6.093369963093505,0.374320902425853,0.307189098471154,0.307189098471154,0.0231391352695222,2.5252273249897903,0.05738402722282052,0.0015111041780916667,647,664,376,378,0.0,0.1287830006466397,0.0,0.632311097069842,0.0413223140490885,0.6213109661404735,0.0017075336383715,0.0386027316646408,1.5707963267948966,3.141592653589793,0.0006004167663128,0.002800680608175,1.0,10.0,0.0175971962699684,0.1011459321846832,21702.864999999747,21742.879999999783,5
173,629,609,585,378,377,369,21758.974999999737,21774.914999999964,21790.989999999965,18.0,20.024984394500787,25.29822128134704,1.1292346298458389,1.2457222018351404,1.5821276598840497,1.1183597390528524,1.254705144273154,1.493001555209886,0.0,0.0627352572136576,0.4976671850699619,0.0708428249579482,0.0774943826958061,0.0989448192555653,3.141592653589793,3.0916342578678506,2.819842099193151,0.0,0.0031341528055977,0.0169077548164657,0.0020031123512523,0.000417287185556,0.0013343972976521,174.0,607.6666666666666,374.6666666666667,21774.95999999989,21.10773522528261,1.3190281638550096,1.2886888128452976,1.4545778745352849,0.08242734230310654,3.0176896702169316,0.006680635874021134,0.0012515989448201332,585,629,369,378,0.0,0.4976671850699619,1.1183597390528524,1.493001555209886,1.1292346298458389,1.5821276598840497,0.0708428249579482,0.0989448192555653,2.819842099193151,3.141592653589793,0.000417287185556,0.0020031123512523,18.0,25.29822128134704,0.0,0.0169077548164657,21758.974999999737,21790.989999999965,5
174,548,496,437,356,333,308,21806.97999999984,21822.850000000017,21838.854999999967,39.21734310225516,56.859475903318,64.07807737440318,2.471162136220363,3.552607054264,3.9775342876660194,2.3139462164034352,3.27662255824948,3.68634801625642,0.8130081300876935,1.4492753623026544,1.562011871295093,0.1557128000121464,0.2219685757122823,0.2468984660248037,2.8037144653495147,2.725154036398201,2.740799205014558,0.0010086074949195,0.0049502475709159,0.0009775175642865,0.0035502176833663,0.0041749071014112,0.0015576313847297,175.0,493.6666666666667,332.3333333333333,21822.894999999942,53.38496545999211,3.333767826050128,3.0923055969697786,3.6129762207348097,0.20819328058307748,2.756555902254091,0.0023121242100406334,0.0030942520565024,437,548,308,356,0.8130081300876935,1.562011871295093,2.3139462164034352,3.68634801625642,2.471162136220363,3.9775342876660194,0.1557128000121464,0.2468984660248037,2.725154036398201,2.8037144653495147,0.0015576313847297,0.0041749071014112,39.21734310225516,64.07807737440318,0.0009775175642865,0.0049502475709159,21806.97999999984,21838.854999999967,5
175,389,358,338,290,280,274,21854.964999999997,21870.879999999943,21886.94499999974,51.26402247190519,32.57299494980466,20.8806130178211,3.2211135703466183,2.027575160299596,0.8731178347327172,2.9795158286730223,1.9478479421990265,1.2449424214286169,1.117318435752383,0.6283380458706537,0.373482726428585,0.2023948206319038,0.1262107164845947,0.0365092132437737,2.782821983319221,2.82955053202726,2.8501358591119264,0.0026084902734074,0.002936132498158,0.0012813773473342,0.0027624857475374,0.0047869371126326,0.0055836603325207,176.0,361.6666666666667,281.3333333333333,21870.929999999895,34.90587681317698,2.0406021884596437,2.057435397433555,2.1819296395764165,0.12170491678675742,2.820836124819469,0.002275333372966533,0.004377694397563567,338,389,274,290,0.373482726428585,1.117318435752383,1.2449424214286169,2.9795158286730223,0.8731178347327172,3.2211135703466183,0.0365092132437737,0.2023948206319038,2.782821983319221,2.8501358591119264,0.0027624857475374,0.0055836603325207,20.8806130178211,51.26402247190519,0.0012813773473342,0.002936132498158,21854.964999999997,21886.94499999974,5
176,320,316,314,270,270,269,21910.85999999996,21926.64000000013,21942.52999999981,18.43908891458577,4.0,2.23606797749979,1.168510070619698,0.2517306482116153,0.1399291600426804,0.7526656909821363,0.2534854245852413,0.1258653241058076,0.1672590424404747,0.0,0.0629326620529038,0.0740500678457911,0.01584207981226,0.0087565181502859,2.922923707715851,3.141592653589793,2.677945044588987,0.0030436064646986,0.0138573476471158,0.0291785782888846,0.0015697618482826,0.003688719140233,0.000445913257528,177.0,316.6666666666667,269.6666666666667,21926.676666666634,8.225052297361854,0.5200566262913312,0.3773388132243951,0.39831636724202973,0.032882888602779,2.914153801964877,0.015359844133566334,0.0019014647486812,314,320,269,270,0.0,0.1672590424404747,0.1258653241058076,0.7526656909821363,0.1399291600426804,1.168510070619698,0.0087565181502859,0.0740500678457911,2.677945044588987,3.141592653589793,0.000445913257528,0.003688719140233,2.23606797749979,18.43908891458577,0.0030436064646986,0.0291785782888846,21910.85999999996,21942.52999999981,5
177,313,311,306,269,269,269,21958.509999999933,21974.624999999836,21990.699999999837,1.0,2.0,5.0,0.0620539869690488,0.1244167962674904,0.3178639542260556,0.0625782227779761,0.1241079739380976,0.3110419906687262,0.0,0.0,0.0,0.0038506972987548,0.0077397695967331,0.0202074986792447,3.141592653589793,3.141592653589793,3.141592653589793,0.0290142433665284,0.0,0.0,0.0003069975501559,0.0002413324417004,0.0007755974545885,178.0,310.0,269.0,21974.611666666537,2.6666666666666665,0.16811157915419828,0.16590939579493327,0.16590939579493327,0.0105993218582442,3.141592653589793,0.009671414455509467,0.0004413091488149333,306,313,269,269,0.0,0.0,0.0625782227779761,0.3110419906687262,0.0620539869690488,0.3178639542260556,0.0038506972987548,0.0202074986792447,3.141592653589793,3.141592653589793,0.0002413324417004,0.0007755974545885,1.0,5.0,0.0,0.0290142433665284,21958.509999999933,21990.699999999837,5
178,301,293,281,269,269,269,22006.42999999991,22022.559999999885,22038.70999999981,5.0,8.0,12.0,0.3099814011164029,0.4953560371540014,0.7523510971798503,0.3178639542260556,0.4959702417862446,0.7430340557310021,0.0,0.0,0.0,0.0192176938076176,0.0306722004431145,0.0471693477856437,3.141592653589793,3.141592653589793,3.141592653589793,0.0,0.0,0.0,6.292465808152358e-05,0.0007101368031936,0.0010214951914926,179.0,291.6666666666667,269.0,22022.566666666535,8.333333333333334,0.5192295118167515,0.5189560839144342,0.5189560839144342,0.03235308067879194,3.141592653589793,0.0,0.0005981855509225746,281,301,269,269,0.0,0.0,0.3178639542260556,0.7430340557310021,0.3099814011164029,0.7523510971798503,0.0192176938076176,0.0471693477856437,3.141592653589793,3.141592653589793,6.292465808152358e-05,0.0010214951914926,5.0,12.0,0.0,0.0,22006.42999999991,22038.70999999981,5
179,266,255,249,270,271,272,22054.659999999785,22070.57499999973,22086.54999999999,15.033296378372908,11.04536101718726,6.082762530298219,0.9445992069381208,0.6914154001259588,0.0941167032386223,0.9404388714748128,0.6911718504577191,0.3755868544541408,0.0626959247649875,0.0628338045870653,0.0625978090756901,0.0593527619818468,0.0432810892090766,0.0014562386390041,3.0750244898139694,3.050932766389048,2.976443976175166,0.0041735525878324,0.0015137746418471,0.0046628350680877,0.0007638504198258,0.0010098443463914,0.0026181440106046,180.0,256.6666666666667,271.0,22070.594999999837,10.720473308619463,0.5767104367675674,0.6690658587955576,0.689931795154121,0.03469669660997583,3.0341337441260614,0.003450054099255733,0.0014639462589406,249,266,270,272,0.0625978090756901,0.0628338045870653,0.3755868544541408,0.9404388714748128,0.0941167032386223,0.9445992069381208,0.0014562386390041,0.0593527619818468,2.976443976175166,3.0750244898139694,0.0007638504198258,0.0026181440106046,6.082762530298219,15.033296378372908,0.0015137746418471,0.0046628350680877,22054.659999999785,22086.54999999999,5
180,248,248,248,272,273,274,22151.17999999984,22183.00999999974,22206.63999999988,1.0,1.0,1.0,0.0314169022935326,0.0597014925364965,0.0083503820299661,0.0154726907009483,0.0,0.0,0.0,0.0314169022935326,0.1453488372112022,0.0009870217497213,0.0035642682110853,6.972888004638129e-05,3.141592653589793,1.5707963267948966,1.5707963267948966,0.0025552944053072,0.0493495547219553,0.2283134195952658,7.2600477995334014e-06,8.096910026302475e-05,1.013501163478092e-05,181.0,248.0,273.0,22180.276666666487,1.0,0.033156258953331734,0.005157563566982767,0.05360717597071684,0.0015403396136176603,2.0943951023931953,0.09340608957417611,3.2788053232446356e-05,248,248,272,274,0.0,0.1453488372112022,0.0,0.0154726907009483,0.0083503820299661,0.0597014925364965,6.972888004638129e-05,0.0035642682110853,1.5707963267948966,3.141592653589793,7.2600477995334014e-06,8.096910026302475e-05,1.0,1.0,0.0025552944053072,0.2283134195952658,22151.17999999984,22206.63999999988,5
