,x0,x1,x2,y0,y1,y2,t0,t1,t2,d0,d1,d2,TV0,TV1,TV2,HV0,HV1,HV2,VV0,VV1,VV2,A0,A1,A2,AM0,AM1,AM2,AV0,AV1,AV2,J0,J1,J2,Seg_id,avg_x,avg_y,avg_t,avg_d,avg_tv,avg_hv,avg_vv,avg_a,avg_am,avg_av,avg_j,min_x,max_x,min_y,max_y,min_vv,max_vv,min_hv,max_hv,min_tv,max_tv,min_a,max_a,min_am,max_am,min_j,max_j,min_d,max_d,min_av,max_av,min_t,max_t,label
0,660,655,653,305,303,302,230.745,254.73,270.81,0,5.385164807,2.236067977,0,0.334898309,0.139623352,0,0.208463623,0.12437811,0,0.083385449,0.062189055,0,0.020827009,0.008718286,0,2.761086276,2.677945045,0,0.11511721,0.005170475,0,0.000868335,0.00075303,1,656,303.3333333,252.095,2.540410928,0.158173887,0.110947244,0.131676929,0.009848432,1.81301044,0.040095895,0.000540455,653,660,302,305,0,0.083385449,0,0.208463623,0,0.334898309,0,0.020827009,0,2.761086276,0,0.000868335,0,5.385164807,0,0.11511721,230.745,270.81,8
1,650,647,644,302,302,301,286.825,302.66,318.77,3,3,3.16227766,0.189453741,0.18621974,0.006687768,0.187324383,0.189453741,0.18621974,0,0,0.062073247,0.01196424,0.011559264,1.41E-05,3.141592654,3.141592654,2.819842099,0.028950834,0,0.019972101,0.000202682,2.56E-05,0.000716643,2,647,301.6666667,302.7516666,3.054092553,0.12745375,0.187665955,0.208357037,0.007845883,3.034342469,0.016307645,0.000314967,644,650,301,302,0,0.062073247,0.18621974,0.189453741,0.006687768,0.189453741,1.41E-05,0.01196424,2.819842099,3.141592654,2.56E-05,0.000716643,3,3.16227766,0,0.028950834,286.825,318.77,8
2,643,641,643,300,300,299,791.615,823.635,935.61,1.414213562,2,2.236067977,0.04416657,0.01786113,0.278290974,0.002114858,0.062460962,0.01786113,0.002114858,0,0.008930565,0.001379343,0.00015951,0.034634844,2.35619449,3.141592654,0.463647609,0.000980549,0.024528362,0.023915562,2.89E-06,3.81E-05,0.000307884,3,642.3333333,299.6666667,850.2866667,1.88342718,0.113439558,0.027478983,0.030455838,0.012057899,1.987144918,0.016474824,0.000116289,641,643,299,300,0,0.008930565,0.002114858,0.062460962,0.01786113,0.278290974,0.00015951,0.034634844,0.463647609,3.141592654,2.89E-06,0.000307884,1.414213562,2.236067977,0.000980549,0.024528362,791.615,935.61,8
3,647,651,666,299,299,299,943.645,951.605,967.53,4,4,15,0.502512565,0.251177394,0.916590285,0.497822028,0.502512565,0.941915227,0,0,0,0.06312972,0.015772521,0.056009183,0,0,0,0.057703498,0,0,0.003546344,0.005949397,0.002526635,4,654.6666667,299,954.26,7.666666667,0.556760081,0.647416607,0.647416607,0.044970475,0,0.019234499,0.004007459,647,666,299,299,0,0,0.497822028,0.941915227,0.251177394,0.916590285,0.015772521,0.06312972,0,0,0.002526635,0.005949397,4,15,0,0.057703498,943.645,967.53,8
4,682,730,798,299,299,299,983.895,1007.665,1023.595,16,48,68,0.673117374,3.013182675,4.2380804,0.977696304,2.019352122,4.268675457,0,0,0,0.028317937,0.189151455,0.264137139,0,0,0,0,0,0,0.001692102,0.00676624,0.004707199,5,736.6666667,299,1005.051667,44,2.64146015,2.421907961,2.421907961,0.160535511,0,0,0.004388514,682,798,299,299,0,0,0.977696304,4.268675457,0.673117374,4.2380804,0.028317937,0.264137139,0,0,0.001692102,0.00676624,16,68,0,0,983.895,1023.595,8
5,896,1001,1115,299,299,299,1039.64,1055.665,1071.625,98,105,114,6.115444611,6.578947373,7.263459696,6.107821753,6.552262083,7.142857147,0,0,0,0.381619008,0.412214748,0.462788129,0,0,0,0,0,0,0.007322024,0.001909251,0.003168758,6,1004,299,1055.643333,105.6666667,6.652617227,6.600980328,6.600980328,0.418873962,0,0,0.004133344,896,1115,299,299,0,0,6.107821753,7.142857147,6.115444611,7.263459696,0.381619008,0.462788129,0,0,0.001909251,0.007322024,98,114,0,0,1039.64,1071.625,8
6,1229,1321,1365,299,299,299,1087.32,1102.995,1118.845,114,92,44,7.272727285,5.804416395,0.775193798,7.263459696,5.869218511,2.776025232,0,0,0,0.463969844,0.366209236,0.013657396,0,0,0,0,0,0,7.53E-05,0.006236721,0.022243018,7,1305,299,1103.053333,83.33333333,4.617445826,5.302901146,5.302901146,0.281278825,0,0,0.009518344,1229,1365,299,299,0,0,2.776025232,7.263459696,0.775193798,7.272727285,0.013657396,0.463969844,0,0,7.53E-05,0.022243018,44,114,0,0,1087.32,1118.845,8
7,1365,1364,1361,298,298,299,1175.605,1407.605,1423.57,1,1,3.16227766,0.004310345,0.062637018,0.197518904,0,0.004310345,0.187911055,0.017618041,0,0.062637018,1.86E-05,0.003923396,0.012337221,1.570796327,3.141592654,2.819842099,0.027674354,0.006770674,0.020153495,0.000240289,1.68E-05,0.000527017,8,1363.333333,298.3333333,1335.593333,1.72075922,0.088155422,0.0640738,0.084952806,0.005426399,2.510743693,0.018199508,0.000261379,1361,1365,298,299,0,0.062637018,0,0.187911055,0.004310345,0.197518904,1.86E-05,0.012337221,1.570796327,3.141592654,1.68E-05,0.000527017,1,3.16227766,0.006770674,0.027674354,1175.605,1423.57,8
8,1357,1352,1351,300,300,300,1439.58,1455.595,1479.615,4.123105626,5,1,0.25745274,0.208159867,0.062421972,0.249843847,0.312207306,0.041631973,0.062460962,0,0,0.016075725,0.008666106,0.003896503,2.89661399,3.141592654,3.141592654,0.004795246,0.015296826,0,0.000233511,0.000462667,0.000198568,9,1353.333333,300,1458.263333,3.374368542,0.176011526,0.201227709,0.201227709,0.009546111,3.059933099,0.006697357,0.000298249,1351,1357,300,300,0,0.062460962,0.041631973,0.312207306,0.062421972,0.25745274,0.003896503,0.016075725,2.89661399,3.141592654,0.000198568,0.000462667,1,5,0,0.015296826,1439.58,1479.615,8
9,1351,1348,1344,301,302,303,1495.635,1503.61,1519.62,1,3.16227766,4.123105626,0.12539185,0.197518904,0.258097379,0,0.376175551,0.249843847,0.062421972,0.12539185,0.062460962,0.015723116,0.012337221,0.01615633,1.570796327,2.819842099,2.89661399,0.098052205,0.15662016,0.004795246,0.000738241,0.000424564,0.000238545,10,1347.666667,302,1506.288333,2.761794429,0.193669378,0.208673133,0.229493453,0.014738889,2.429084139,0.086489204,0.000467116,1344,1351,301,303,0.062421972,0.12539185,0,0.376175551,0.12539185,0.258097379,0.012337221,0.01615633,1.570796327,2.89661399,0.000238545,0.000738241,1,4.123105626,0.004795246,0.15662016,1495.635,1519.62,8
10,1331,1319,1316,304,304,304,1535.595,1559.515,1575.715,13.03840481,12,3,0.545083813,0.74074074,0.062571697,0.813771519,0.501672241,0.185185185,0.062597809,0,0,0.022787785,0.045724737,0.001305072,3.064820762,3.141592654,3.141592654,0.010529375,0.003209527,0,0.000415115,0.000958903,0.002741955,11,1322,304,1556.941667,9.346134937,0.449465417,0.500209648,0.500209648,0.023272531,3.116002023,0.004579634,0.001371991,1316,1331,304,304,0,0.062597809,0.185185185,0.813771519,0.062571697,0.74074074,0.001305072,0.045724737,3.064820762,3.141592654,0.000415115,0.002741955,3,13.03840481,0,0.010529375,1535.595,1575.715,8
11,1315,1308,1294,304,304,304,1623.66,1639.64,1655.615,1,7,14,0.062578223,0.438184662,0.876643707,0.020857232,0.43804756,0.876369325,0,0,0,0.003916034,0.0274294,0.054893156,3.141592654,3.141592654,3.141592654,0,0,0,5.45E-05,0.001471425,0.001719171,12,1305.666667,304,1639.638333,7.333333333,0.459135531,0.445091372,0.445091372,0.028746197,3.141592654,0,0.001081684,1294,1315,304,304,0,0,0.020857232,0.876369325,0.062578223,0.876643707,0.003916034,0.054893156,3.141592654,3.141592654,5.45E-05,0.001719171,1,14,0,0,1623.66,1655.615,8
12,1278,1260,1243,304,304,304,1671.585,1687.59,1703.57,16,18,17,0.999687599,1.126408012,1.06216807,1.001878522,1.124648549,1.063829789,0,0,0,0.062460956,0.070488612,0.066364765,3.141592654,3.141592654,3.141592654,0,0,0,0.000473876,0.000501572,0.000258063,13,1260.333333,304,1687.581667,17,1.06275456,1.063452287,1.063452287,0.066438111,3.141592654,0,0.00041117,1243,1278,304,304,0,0,1.001878522,1.124648549,0.999687599,1.126408012,0.062460956,0.070488612,3.141592654,3.141592654,0.000258063,0.000501572,16,18,0,0,1671.585,1703.57,8
13,1228,1214,1210,304,304,304,1719.575,1743.52,1759.675,15,14,4,0.626435582,0.866604765,0.250705108,0.93720712,0.58467321,0.247601362,0,0,0,0.026161436,0.05364313,0.015713263,3.141592654,3.141592654,3.141592654,0,0,0,0.002511923,0.001147701,0.002347872,14,1217.333333,304,1740.923333,11,0.581248485,0.589827231,0.589827231,0.031839276,3.141592654,0,0.002002499,1210,1228,304,304,0,0,0.247601362,0.93720712,0.250705108,0.866604765,0.015713263,0.05364313,3.141592654,3.141592654,0.001147701,0.002511923,4,15,0,0,1719.575,1759.675,8
14,1207,1204,1198,304,304,303,1775.63,1791.63,1807.555,3,3,6.08276253,0.1875,0.188383045,0.378281253,0.188028831,0.1875,0.376766091,0,0,0.062794348,0.01171875,0.011829391,0.023524954,3.141592654,3.141592654,2.976443976,0,0,0.010370404,0.000250361,6.92E-06,0.000734415,15,1203,303.6666667,1791.605,4.02758751,0.251388099,0.250764974,0.271696423,0.015691031,3.086543094,0.003456801,0.000330564,1198,1207,303,304,0,0.062794348,0.1875,0.376766091,0.1875,0.378281253,0.01171875,0.023524954,2.976443976,3.141592654,6.92E-06,0.000734415,3,6.08276253,0,0.010370404,1775.63,1807.555,8
15,1189,1178,1168,302,301,298,1823.635,1839.63,1855.675,9.055385138,11.04536102,10.44030651,0.566138489,0.688398942,0.657657104,0.559701494,0.68771491,0.623247118,0.062189055,0.062519537,0.186974135,0.035394716,0.042904266,0.041427219,3.030935432,3.050932766,2.850135859,0.003388772,0.001250224,0.012514609,0.000738169,0.000469494,9.21E-05,16,1178.333333,300.3333333,1839.646667,10.18035089,0.637398178,0.623554507,0.685879219,0.039908734,2.977334686,0.005717869,0.00043324,1168,1189,298,302,0.062189055,0.186974135,0.559701494,0.68771491,0.566138489,0.688398942,0.035394716,0.042904266,2.850135859,3.050932766,9.21E-05,0.000738169,9.055385138,11.04536102,0.001250224,0.012514609,1823.635,1855.675,8
16,1163,1162,1161,298,297,297,1871.55,1879.645,1903.62,5,1.414213562,1,0.617665226,0.05898701,0.041858518,0.31496063,0.123533045,0.041710115,0,0.123533045,0,0.076302066,0.002460355,0.001752136,3.141592654,2.35619449,3.141592654,0.018359483,0.097022627,0.032759047,0.002196841,0.009121891,2.95E-05,17,1162,297.3333333,1884.938333,2.471404521,0.239503585,0.16006793,0.16006793,0.026838186,2.879793266,0.049380386,0.003782757,1161,1163,297,298,0,0.123533045,0.041710115,0.31496063,0.041858518,0.617665226,0.001752136,0.076302066,2.35619449,3.141592654,2.95E-05,0.009121891,1,5,0.018359483,0.097022627,1871.55,1903.62,8
17,1157,1150,1148,295,294,294,1927.51,1943.675,1959.625,4.472135955,7.071067812,2,0.276655487,0.443327136,0.248911014,0.167434073,0.433034332,0.12539185,0.083717037,0.061862047,0,0.017114475,0.027794805,0.030978346,2.677945045,2.999695599,3.141592654,0.019407602,0.019904148,0.008896367,0.000643045,0.000660707,0.000199595,18,1151.666667,294.3333333,1943.603333,4.514401256,0.322964546,0.241953418,0.241953418,0.025295875,2.939744432,0.016069372,0.000501116,1148,1157,294,295,0,0.083717037,0.12539185,0.433034332,0.248911014,0.443327136,0.017114475,0.030978346,2.677945045,3.141592654,0.000199595,0.000660707,2,7.071067812,0.008896367,0.019904148,1927.51,1959.625,8
18,1148,1154,1178,293,291,287,1967.66,1991.63,2007.55,1,6.32455532,24.33105012,0.041718815,0.397271063,1.516898385,0,0.250312891,1.507537691,0.124455507,0.08343763,0.251256282,0.00174046,0.024954213,0.094569725,1.570796327,0.321750554,0.165148677,0.195494253,0.05210871,0.009836801,0.003638816,0.00096845,0.004372834,19,1160,290.3333333,1988.946667,10.55186848,0.651962755,0.585950194,0.669702288,0.040421466,0.68589852,0.085813255,0.002993367,1148,1178,287,293,0.08343763,0.251256282,0,1.507537691,0.041718815,1.516898385,0.00174046,0.094569725,0.165148677,1.570796327,0.00096845,0.004372834,1,24.33105012,0.009836801,0.195494253,1967.66,2007.55,8
19,1239,1276,1287,283,280,278,2023.59,2039.7,2055.525,61.13100686,37.12142239,11.18033989,3.794600061,2.345745489,0.694862641,3.802992515,2.296710123,0.695102685,0.249376558,0.18621974,0.126382306,0.235543145,0.148230363,0.043185994,0.065480025,0.080904099,0.1798535,0.006213756,0.000957422,0.006252727,0.008788867,0.005419788,0.006637875,20,1267.333333,280.3333333,2039.605,36.47758971,2.27840273,2.264935107,2.307062543,0.142319834,0.108745875,0.004474635,0.006948843,1239,1287,278,283,0.126382306,0.249376558,0.695102685,3.802992515,0.694862641,3.794600061,0.043185994,0.235543145,0.065480025,0.1798535,0.005419788,0.008788867,11.18033989,61.13100686,0.000957422,0.006252727,2023.59,2055.525,8
20,1290,1314,1325,277,269,265,2071.615,2095.515,2103.655,3.16227766,25.29822128,11.70469991,0.132312873,3.107889596,0.488306213,0.186451212,1.004184099,1.351351353,0.062150404,0.334728033,0.491400492,0.005536103,0.381804619,0.020371557,0.321750554,0.321750554,0.348771004,0.008818959,0,0.003319466,0.002339956,0.015743453,0.044402096,21,1309.666667,270.3333333,2090.261667,13.38839962,1.242836227,0.847328888,1.011129052,0.135904093,0.330757371,0.004046142,0.020828502,1290,1325,265,277,0.062150404,0.491400492,0.186451212,1.351351353,0.132312873,3.107889596,0.005536103,0.381804619,0.321750554,0.348771004,0.002339956,0.044402096,3.16227766,25.29822128,0,0.008818959,2071.615,2103.655,8
21,1365,1365,1365,252,244,239,2127.625,2143.6,2160.62,42.05948169,8,5,2.632831407,0.470035252,5.714285538,1.668752609,0,0,0.542344598,0.500782473,0.293772032,0.164809478,0.027616642,6.530611842,0.314231899,1.570796327,1.570796327,0.001440931,0.07865818,0,0.006025779,0.008587971,0.382079623,22,1365,245,2143.948333,18.35316056,2.939050732,0.55625087,0.65417488,2.241012654,1.151941518,0.026699704,0.132231124,1365,1365,239,252,0.293772032,0.542344598,0,1.668752609,0.470035252,5.714285538,0.027616642,6.530611842,0.314231899,1.570796327,0.006025779,0.382079623,5,42.05948169,0,0.07865818,2127.625,2160.62,8
22,1365,1362,1356,234,238,242,2175.17,2247.345,2254.885,5,5,7.211102551,0.069276065,0.663129972,34.33858861,0,0.041565639,0.795755966,0.365630713,0.055420852,0.530503977,0.000959835,0.087948272,163.5171126,1.570796327,2.214297436,2.55359005,0.114866276,0.008915845,0.04499902,7.02E-05,0.001205243,21.67495542,23,1361,238,2225.8,5.737034184,11.69033155,0.279107202,0.455941861,54.53534022,2.112894604,0.056260381,7.225410283,1356,1365,234,242,0.055420852,0.530503977,0,0.795755966,0.069276065,34.33858861,0.000959835,163.5171126,1.570796327,2.55359005,7.02E-05,21.67495542,5,7.211102551,0.008915845,0.114866276,2175.17,2254.885,8
23,1335,1311,1307,254,268,270,2270.715,2294.76,2310.72,24.18677324,27.78488798,4.472135955,1.005896165,1.740907769,0.278724583,1.344430216,0.99812851,0.250626567,0.768245838,0.582241631,0.125313283,0.041833902,0.109079434,0.017371429,2.622446539,2.613518205,2.677945045,0.167890303,0.000371318,0.004036769,0.002678227,0.002796653,0.005746116,24,1317.666667,264,2292.065,18.81459906,1.008509506,0.864395098,0.906166192,0.056094922,2.63796993,0.057432797,0.003740332,1307,1335,254,270,0.125313283,0.768245838,0.250626567,1.344430216,0.278724583,1.740907769,0.017371429,0.109079434,2.613518205,2.677945045,0.002678227,0.005746116,4.472135955,27.78488798,0.000371318,0.167890303,2270.715,2310.72,8
24,1305,1299,1282,272,273,273,2326.765,2342.72,2359.135,2.828427125,6.08276253,17,0.177275283,0.370561226,1.063164479,0.124649423,0.376057663,1.035638135,0.124649423,0.062676277,0,0.011110955,0.022574549,0.066489336,2.35619449,2.976443976,3.141592654,0.02005301,0.038874929,0.010060839,0.000390182,0.000718495,0.002675284,25,1295.333333,272.6666667,2342.873333,8.637063218,0.537000329,0.512115074,0.512115074,0.033391613,2.824743707,0.02299626,0.001261321,1282,1305,272,273,0,0.124649423,0.124649423,1.035638135,0.177275283,1.063164479,0.011110955,0.066489336,2.35619449,3.141592654,0.000390182,0.002675284,2.828427125,17,0.010060839,0.038874929,2326.765,2359.135,8
25,1253,1198,1141,273,273,273,2375.125,2391.13,2407.145,29,55,57,1.811933766,3.434280362,3.540372682,1.813633523,3.436426108,3.559163284,0,0,0,0.113210482,0.214441484,0.219898925,3.141592654,3.141592654,3.141592654,0,0,0,0.002921898,0.006324961,0.000340771,26,1197.333333,273,2391.133333,47,2.92886227,2.936407638,2.936407638,0.182516964,3.141592654,0,0.003195876,1141,1253,273,273,0,0,1.813633523,3.559163284,1.811933766,3.540372682,0.113210482,0.219898925,3.141592654,3.141592654,0.000340771,0.006324961,29,57,0,0,2375.125,2407.145,8
26,1116,1111,1110,273,273,272,2423.245,2439.155,2591.655,25,5,1.414213562,1.571338779,0.032786885,0.03533767,1.552795036,0.314267756,0.006557377,0,0,0.006557377,0.098764222,0.000214996,0.000883,3.141592654,3.141592654,2.35619449,0,0,0.005150152,0.007523895,0.006194169,4.38E-06,27,1112.333333,272.6666667,2484.685,10.47140452,0.546487778,0.624540056,0.626725849,0.033287406,2.879793266,0.001716717,0.004574148,1110,1116,272,273,0,0.006557377,0.006557377,1.552795036,0.032786885,1.571338779,0.000214996,0.098764222,2.35619449,3.141592654,4.38E-06,0.007523895,1.414213562,25,0,0.005150152,2423.245,2591.655,8
27,1111,1112,1115,272,272,272,2631.675,2639.625,2663.55,1,1,3,0.125786164,0.041797283,0.124533001,0.024987506,0.125786164,0.125391849,0,0,0,0.015822159,0.001747013,0.005169489,0,0,0,0.058875425,0,0,0.000373292,0.001770459,0.00014305,28,1112.666667,272,2644.95,1.666666667,0.097372149,0.092055173,0.092055173,0.007579554,0,0.019625142,0.000762267,1111,1115,272,272,0,0,0.024987506,0.125786164,0.041797283,0.125786164,0.001747013,0.015822159,0,0,0.00014305,0.001770459,1,3,0,0.058875425,2631.675,2663.55,8
28,1116,1116,1116,273,274,275,2687.64,2695.61,2711.625,1.414213562,1,1,0.177442102,0.062441461,0.008843688,0.041511,0,0,0.041511,0.125470514,0.062441461,0.022263752,0.003898936,7.82E-05,0.785398163,1.570796327,1.570796327,0.032602664,0.098544311,0,0.0007096,0.002304243,0.000238572,29,1116,274,2698.291667,1.138071187,0.082909084,0.013837,0.034650821,0.008746966,1.308996939,0.043715658,0.001084138,1116,1116,273,275,0.041511,0.125470514,0,0.041511,0.008843688,0.177442102,7.82E-05,0.022263752,0.785398163,1.570796327,0.000238572,0.002304243,1,1.414213562,0,0.098544311,2687.64,2711.625,8
29,1066,1049,1028,276,276,276,3279.615,3287.785,3296.605,50.009999,17,21,6.121174918,1.927437644,1.399533489,0.188864546,2.080783357,2.380952384,0.003777291,0,0,0.749225817,0.218530345,0.093271142,3.12159532,3.141592654,3.141592654,0.011791174,0.002447654,0,0.002830044,0.064956606,0.014201724,30,1047.666667,276,3288.001667,29.33666633,3.149382017,1.550200096,1.550200096,0.353675768,3.134926876,0.004746276,0.027329458,1028,1066,276,276,0,0.003777291,0.188864546,2.380952384,1.399533489,6.121174918,0.093271142,0.749225817,3.12159532,3.141592654,0.002830044,0.064956606,17,50.009999,0,0.011791174,3279.615,3296.605,8
30,976,894,799,276,276,264,3311.61,3327.54,3343.555,52,82,95.75489544,3.264281232,5.120199812,5.975344482,3.465511498,5.147520404,5.931938807,0,0,0.749297534,0.204914076,0.319712758,0.37287641,3.141592654,3.141592654,3.015942323,0,0,0.00784579,0.007440382,0.007206446,0.003319616,31,889.6666667,272,3327.568333,76.58496515,4.786608509,4.848323569,5.098089414,0.299167748,3.09970921,0.002615263,0.005988815,799,976,264,276,0,0.749297534,3.465511498,5.931938807,3.264281232,5.975344482,0.204914076,0.37287641,3.015942323,3.141592654,0.003319616,0.007440382,52,95.75489544,0,0.00784579,3311.61,3343.555,8
31,707,650,607,251,234,223,3359.58,3376.005,3391.605,92.91393867,59.48108943,44.38468204,5.656860809,3.812890352,1.855934852,5.741029634,3.470319639,2.756410259,0.811232448,1.035007612,0.705128206,0.344405529,0.244416048,0.077605471,3.001217668,2.851746164,2.891149564,0.000918855,0.009100244,0.002525859,0.001776654,0.00608764,0.010692986,32,654.6666667,236,3375.73,65.59323672,3.775228671,3.989253178,4.224295913,0.22214235,2.914704465,0.004181653,0.00618576,607,707,223,251,0.705128206,1.035007612,2.756410259,5.741029634,1.855934852,5.656860809,0.077605471,0.344405529,2.851746164,3.001217668,0.001776654,0.010692986,44.38468204,92.91393867,0.000918855,0.009100244,3359.58,3391.605,8
32,574,551,510,220,220,220,3415.52,3431.59,3447.595,33.13608305,23,41,2.061984009,1.437050923,2.571338979,1.379887099,1.431238331,2.561699472,0.125444282,0,0,0.128312633,0.089787624,0.161263028,3.050932766,3.141592654,3.141592654,0.006681296,0.005641561,0,0.002120308,0.002397325,0.004465817,33,545,220,3431.568333,32.37869435,2.02345797,1.790941634,1.790941634,0.126454428,3.111372691,0.004107619,0.002994483,510,574,220,220,0,0.125444282,1.379887099,2.561699472,1.437050923,2.571338979,0.089787624,0.161263028,3.050932766,3.141592654,0.002120308,0.004465817,23,41,0,0.006681296,3415.52,3447.595,8
33,453,399,382,220,214,207,3463.54,3479.55,3495.635,57,54.33231083,18.38477631,3.560274824,3.377824731,1.150846718,3.574788337,3.372891938,1.056885296,0,0.374765771,0.435188063,0.22237819,0.209998429,0.072040483,3.141592654,3.030935432,2.75098561,0,0.006911756,0.017404403,0.003832873,0.000773252,0.008576807,34,411.3333333,213.6666667,3479.575,43.23902905,2.696315424,2.668188524,2.813251211,0.168139034,2.974504565,0.008105386,0.004394311,382,453,207,220,0,0.435188063,1.056885296,3.574788337,1.150846718,3.560274824,0.072040483,0.22237819,2.75098561,3.141592654,0.000773252,0.008576807,18.38477631,57,0,0.017404403,3463.54,3495.635,8
34,366,330,292,199,197,197,3511.61,3527.545,3543.615,17.88854382,36.05551275,38,1.122594531,2.243653561,4.928664051,1.001564946,2.259177914,2.364654634,0.500782473,0.125509884,0,0.070448355,0.139617521,0.639256035,2.677945045,3.086094148,3.141592654,0.004572179,0.025613373,0.003453547,9.97E-05,0.004340707,0.031091382,35,329.3333333,197.6666667,3527.59,30.64801886,2.764970714,1.875132498,1.875132498,0.283107303,2.968543949,0.011213033,0.011843918,292,366,197,199,0,0.500782473,1.001564946,2.364654634,1.122594531,4.928664051,0.070448355,0.639256035,2.677945045,3.141592654,9.97E-05,0.031091382,17.88854382,38,0.003453547,0.025613373,3511.61,3543.615,8
35,283,285,332,197,197,197,3551.325,3575.63,3599.54,9,2,47,0.370294179,0.08364701,2.922885567,1.16731517,0.082287595,1.965704727,0,0,0,0.015235309,0.003498411,0.18177149,3.141592654,0,0,0,0.129257052,0,0.08093654,0.000482901,0.007456005,36,300,197,3575.498333,19.33333333,1.125608918,1.071769164,1.071769164,0.06683507,1.047197551,0.043085684,0.029625149,283,332,197,197,0,0,0.082287595,1.965704727,0.08364701,2.922885567,0.003498411,0.18177149,0,3.141592654,0.000482901,0.08093654,2,47,0,0.129257052,3551.325,3599.54,8
36,386,423,443,197,197,197,3615.62,3631.62,3647.515,54,37,20,3.374999999,2.327776036,1.24262193,3.358208949,2.3125,1.258257317,0,0,0,0.2109375,0.146447061,0.077205463,0,0,0,0,0,0,0.001813807,0.004030652,0.004356187,37,417.3333333,197,3631.585,37,2.315132655,2.309655422,2.309655422,0.144863341,0,0,0.003400215,386,443,197,197,0,0,1.258257317,3.358208949,1.24262193,3.374999999,0.077205463,0.2109375,0,0,0.001813807,0.004356187,20,54,0,0,3615.62,3647.515,8
37,462,529,680,191,180,180,3663.61,3679.485,3695.6,19.92485885,67.89698079,151,1.25510922,4.213278359,9.461152888,1.180490834,4.220472446,9.370152029,0.372786579,0.692913387,0,0.079061998,0.26145072,0.592804066,0.305878871,0.162727375,0,0.01900459,0.009017417,0.010097882,0.000115349,0.011489053,0.020561796,38,557,183.6666667,3679.565,79.60727988,4.976513489,4.923705103,4.923705103,0.311105595,0.156202082,0.01270663,0.010722066,462,680,180,191,0,0.692913387,1.180490834,9.370152029,1.25510922,9.461152888,0.079061998,0.592804066,0,0.305878871,0.000115349,0.020561796,19.92485885,151,0.009017417,0.01900459,3663.61,3695.6,8
38,890,986,1093,209,220,247,3711.56,3719.59,3728.58,211.9929244,96.62815325,110.3539759,26.40011503,10.74840414,7.356931749,13.15789475,11.95516808,11.90211346,1.817042608,1.369863009,3.00333704,3.287685547,1.195595566,0.490462118,0.137227309,0.114085779,0.247176462,0.008598202,0.002881884,0.014804303,0.168852223,0.260534243,0.078435311,39,989.6666667,225.3333333,3719.91,139.6583512,14.83515031,12.33839209,13.33950444,1.657914411,0.166163183,0.008761463,0.169273926,890,1093,209,247,1.369863009,3.00333704,11.90211346,13.15789475,7.356931749,26.40011503,0.490462118,3.287685547,0.114085779,0.247176462,0.078435311,0.260534243,96.62815325,211.9929244,0.002881884,0.014804303,3711.56,3728.58,8
39,1308,1365,1365,300,337,340,3743.58,3759.59,3768.06,221.4362211,67.95586803,3,13.83111935,8.023124915,0.127253446,14.33333338,3.560274824,0,3.533333344,2.311055587,0.354191263,0.863905018,0.94724025,0.005397813,0.241692804,0.575758318,1.570796327,0.000365577,0.020866053,0.117477923,0.024896193,0.005205199,0.111197454,40,1346,325.6666667,3757.076667,97.4640297,7.327165903,5.964536066,6.082599821,0.60551436,0.796082483,0.046236518,0.047099615,1308,1365,300,340,0.354191263,3.533333344,0,14.33333338,0.127253446,13.83111935,0.005397813,0.94724025,0.241692804,1.570796327,0.005205199,0.111197454,3,221.4362211,0.000365577,0.117477923,3743.58,3768.06,8
40,1365,1365,1365,341,340,339,3791.635,3903.625,3911.63,1,1,1,0.008929369,0.124921924,0.062617408,0,0,0,0.042417815,0.008929369,0.124921924,7.97E-05,0.015605487,0.00392094,1.570796327,1.570796327,1.570796327,0,0,0,0.000225581,0.000138635,0.001459656,41,1365,340,3868.963333,1,0.065489567,0,0.041640641,0.006535387,1.570796327,0,0.000607958,1365,1365,339,341,0.008929369,0.124921924,0,0,0.008929369,0.124921924,7.97E-05,0.015605487,1.570796327,1.570796327,0.000138635,0.001459656,1,1,0,0,3791.635,3911.63,8
41,1365,1365,1365,335,333,336,3927.6,3935.535,3999.61,4,2,3,0.504095778,0.031213422,0.187734669,0,0,0,0.25046963,0.252047889,0.046820133,0.063528138,0.000487139,0.011748102,1.570796327,1.570796327,1.570796327,0,0,0,0.003732448,0.007944675,0.000175747,42,1365,334.6666667,3954.248333,3,0.241014623,0,0.015606711,0.02525446,1.570796327,0,0.003950957,1365,1365,333,336,0.046820133,0.252047889,0,0,0.031213422,0.504095778,0.000487139,0.063528138,1.570796327,1.570796327,0.000175747,0.007944675,2,4,0,0,3927.6,3999.61,8
42,1365,1365,1365,338,340,345,4015.59,4031.56,4047.56,2,2,5,0.125234815,0.125,0.620732466,0,0,0,0.125156446,0.125234815,0.3125,0.007841879,0.0078125,0.077061759,1.570796327,1.570796327,1.570796327,0,0,0,0.000244444,1.84E-06,0.004328079,43,1365,341,4031.57,3,0.290322427,0,0.104166667,0.030905379,1.570796327,0,0.001524788,1365,1365,338,345,0.125156446,0.3125,0,0,0.125,0.620732466,0.0078125,0.077061759,1.570796327,1.570796327,1.84E-06,0.004328079,2,5,0,0,4015.59,4047.56,8
43,1365,1365,1365,346,348,349,4055.615,4079.58,4087.62,1,2,1,0.041727519,0.248756218,0.041545492,0,0,0,0.124146493,0.083455039,0.124378109,0.001741186,0.030939828,0.001726028,1.570796327,1.570796327,1.570796327,0,0,0,0.009350785,0.001218387,0.003633557,44,1365,347.6666667,4074.271667,1.333333333,0.11067641,0,0.04145937,0.011469014,1.570796327,0,0.004734243,1365,1365,346,349,0.083455039,0.124378109,0,0,0.041545492,0.248756218,0.001726028,0.030939828,1.570796327,1.570796327,0.001218387,0.009350785,1,2,0,0,4055.615,4087.62,8
44,1365,1365,1365,352,355,358,4111.69,4127.67,4151.475,3,3,3,0.187734669,0.126023945,0.186277553,0,0,0,0.124636477,0.187734669,0.126023945,0.011748102,0.005294012,0.011566442,1.570796327,1.570796327,1.570796327,0,0,0,0.000416372,0.000403886,0.000263492,45,1365,355,4130.278333,3,0.166678722,0,0.042007982,0.009536185,1.570796327,0,0.00036125,1365,1365,352,358,0.124636477,0.187734669,0,0,0.126023945,0.187734669,0.005294012,0.011748102,1.570796327,1.570796327,0.000263492,0.000416372,3,3,0,0,4111.69,4151.475,8
45,1365,1365,1365,363,370,376,4167.58,4183.55,4199.555,5,7,6,0.313087039,0.437363323,0.068100562,0,0,0,0.310462588,0.438321855,0.374882848,0.019604699,0.027326668,0.000772948,1.570796327,1.570796327,1.570796327,0,0,0,0.000499116,0.00048353,0.001659089,46,1365,369.6666667,4183.561667,6,0.272850308,0,0.124960949,0.015901438,1.570796327,0,0.000880578,1365,1365,363,376,0.310462588,0.438321855,0,0,0.068100562,0.437363323,0.000772948,0.027326668,1.570796327,1.570796327,0.00048353,0.001659089,5,7,0,0,4167.58,4199.555,8
46,1365,1361,1356,377,377,377,4287.66,4415.65,4423.645,1,4,5,0.00781311,0.500312696,0.626959246,0,0.031252442,0.62539087,0.011350094,0,0,6.10E-05,0.062578198,0.078615579,1.570796327,3.141592654,3.141592654,0,0.012272805,0,8.08E-06,0.000488453,0.002005926,47,1360.666667,377,4375.651667,3.333333333,0.378361684,0.218881104,0.218881104,0.047084941,2.617993878,0.004090935,0.000834153,1356,1365,377,377,0,0.011350094,0,0.62539087,0.00781311,0.626959246,6.10E-05,0.078615579,1.570796327,3.141592654,8.08E-06,0.002005926,1,5,0,0.012272805,4287.66,4423.645,8
47,1352,1344,1335,375,373,372,4431.62,4447.59,4463.58,4.472135955,8.246211251,9.055385138,0.28003356,0.515710523,0.564550195,0.501567397,0.500939261,0.562851783,0.250783699,0.125234815,0.062539087,0.017534976,0.032252065,0.035196396,2.677945045,2.89661399,3.030935432,0.058137631,0.013692483,0.00840034,0.00765901,0.000921546,0.000184136,48,1343.666667,373.3333333,4447.596667,7.257910781,0.453431426,0.521786147,0.542632509,0.028327812,2.868498156,0.026743485,0.002921564,1335,1352,372,375,0.062539087,0.250783699,0.500939261,0.562851783,0.28003356,0.564550195,0.017534976,0.035196396,2.677945045,3.030935432,0.000184136,0.00765901,4.472135955,9.055385138,0.00840034,0.058137631,4431.62,4463.58,8
48,1312,1274,1189,370,363,347,4479.62,4495.57,4519.685,23.08679276,38.63935817,86.49277426,1.447447825,1.602295588,5.443220539,1.43391521,2.382445145,3.524777104,0.124688279,0.438871474,0.663487455,0.09074908,0.066443939,0.342556359,3.054854315,2.959424343,2.955534476,0.001491202,0.00598307,0.000161305,0.003463384,0.001523833,0.01144982,49,1258.333333,360,4498.291667,49.4063084,2.830987984,2.44704582,2.668208305,0.166583126,2.989937711,0.002545192,0.005479013,1189,1312,347,370,0.124688279,0.663487455,1.43391521,3.524777104,1.447447825,5.443220539,0.066443939,0.342556359,2.955534476,3.054854315,0.001523833,0.01144982,23.08679276,86.49277426,0.000161305,0.00598307,4479.62,4519.685,8
49,1141,1107,1098,343,340,340,4535.575,4551.62,4567.545,48.16637832,34.13209633,9,3.001955645,2.14330275,1.110425669,3.020767782,2.1190402,0.565149136,0.251730649,0.186974135,0,0.18709602,0.1345873,0.137005018,3.058451422,3.05358528,3.141592654,0.006476837,0.000303281,0.005526366,0.009783533,0.003272591,0.000151819,50,1115.333333,341,4551.58,30.43282488,2.085228022,1.901652373,1.901652373,0.152896113,3.084543118,0.004102161,0.004402648,1098,1141,340,343,0,0.251730649,0.565149136,3.020767782,1.110425669,3.001955645,0.1345873,0.18709602,3.05358528,3.141592654,0.000151819,0.009783533,9,48.16637832,0.000303281,0.006476837,4535.575,4567.545,8
50,1096,1094,1089,340,341,342,4575.65,4615.69,4623.645,2,2.236067977,5.099019514,0.04995005,0.281089627,0.644222304,0.24676126,0.04995005,0.628535514,0,0.024975025,0.125707103,0.001247504,0.035334963,0.081392585,3.141592654,2.677945045,2.944197094,0,0.011579611,0.033469774,0.016749848,0.000851335,0.00578977,51,1093,341,4604.995,3.11169583,0.325087327,0.308415608,0.350317975,0.039325017,2.921244931,0.015016461,0.007796984,1089,1096,340,342,0,0.125707103,0.04995005,0.628535514,0.04995005,0.644222304,0.001247504,0.081392585,2.677945045,3.141592654,0.000851335,0.016749848,2,5.099019514,0,0.033469774,4575.65,4623.645,8
51,1084,1071,1063,344,349,358,4631.56,4647.645,4663.6,5.385164807,13.92838828,12.04159458,0.334794206,0.872979522,0.753305885,0.631711942,0.808206403,0.501410216,0.252684777,0.310848617,0.564086493,0.020814063,0.054715106,0.047125798,2.761086276,2.77441882,2.297438667,0.023134658,0.000828881,0.02989534,0.007653635,0.002107618,0.00047567,52,1072.666667,350.3333333,4647.601667,10.45171589,0.653693204,0.64710952,0.835138351,0.040884989,2.610981255,0.01795296,0.003412308,1063,1084,344,358,0.252684777,0.564086493,0.501410216,0.808206403,0.334794206,0.872979522,0.020814063,0.054715106,2.297438667,2.77441882,0.00047567,0.007653635,5.385164807,13.92838828,0.000828881,0.02989534,4631.56,4663.6,8
52,1059,1054,1045,362,362,345,4679.585,4735.595,4751.605,5.656854249,5,19.23538406,0.100997219,0.312304809,2.405926714,0.250234595,0.089269773,0.562148656,0.250234595,0,1.061836351,0.0018032,0.019506859,0.30092892,2.35619449,3.141592654,2.057695559,0.003675685,0.014022463,0.067701255,0.002835321,0.00031608,0.017577893,53,1052.666667,356.3333333,4722.261667,9.964079437,0.939742914,0.300551008,0.654496458,0.107412993,2.518494234,0.028466468,0.006909764,1045,1059,345,362,0,1.061836351,0.089269773,0.562148656,0.100997219,2.405926714,0.0018032,0.30092892,2.057695559,3.141592654,0.00031608,0.017577893,5,19.23538406,0.003675685,0.067701255,4679.585,4751.605,8
53,1037,1025,976,330,311,257,4759.6,4768.5,4783.58,17,22.47220505,72.9177619,1.910112356,1.490199276,4.557360118,1.000625392,1.348314604,3.249336874,1.87617261,2.134831457,3.580901861,0.214619366,0.098819581,0.284835007,2.060753653,2.134112588,2.307688878,0.000382501,0.008242577,0.011510364,0.010795441,0.013011212,0.012335241,54,1012.666667,299.3333333,4770.56,37.46332232,2.65255725,1.86609229,3.059726244,0.199424651,2.167518373,0.006711814,0.012047298,976,1037,257,330,1.87617261,3.580901861,1.000625392,3.249336874,1.490199276,4.557360118,0.098819581,0.284835007,2.060753653,2.307688878,0.010795441,0.013011212,17,72.9177619,0.000382501,0.011510364,4759.6,4783.58,8
54,873,742,571,187,112,19,4799.58,4815.725,4831.615,124.5351356,150.950323,194.6535384,7.713542,9.499705673,1.060262206,6.437499999,8.113967172,10.76148522,4.374999999,4.645401053,5.852737578,0.477766615,0.597841767,0.005775163,2.5446816,2.621624847,2.643475944,0.014812045,0.004765763,0.001375148,0.012058225,0.007437297,0.037260328,55,728.6666667,106,4815.64,156.712999,6.09116996,8.437650798,10.38856332,0.360461182,2.603260797,0.006984319,0.018918617,571,873,19,187,4.374999999,5.852737578,6.437499999,10.76148522,1.060262206,9.499705673,0.005775163,0.597841767,2.5446816,2.643475944,0.007437297,0.037260328,124.5351356,194.6535384,0.001375148,0.014812045,4799.58,4831.615,8
55,0,0,12,11,47,88,5015.205,5023.21,5031.24,571.0560393,36,42.72001873,71.33741945,4.48318803,1.797980585,3.110191186,0,1.49439601,0.043575358,4.497189283,5.105853034,8.911607729,0.558304859,0.075672584,3.127583062,1.570796327,1.286065888,0.002636893,0.194476795,0.035458336,0.048509355,1.043510671,0.060103646,56,4,48.66666667,5023.218333,216.5920193,25.87286269,1.534862399,3.23681341,3.181861724,1.994815092,0.077524008,0.384041224,0,12,11,88,0.043575358,5.105853034,0,3.110191186,1.797980585,71.33741945,0.075672584,8.911607729,1.286065888,3.127583062,0.048509355,1.043510671,36,571.0560393,0.002636893,0.194476795,5015.205,5031.24,8
56,52,75,88,188,240,274,5055,5071.005,5086.99,107.7032961,56.8594759,36.40054945,6.729353093,3.557051979,2.277169186,1.683501683,1.437050923,0.813262433,4.208754207,3.248984696,2.126994056,0.420453177,0.222524365,0.142456627,1.19028995,1.15435771,1.205594877,0.004030974,0.002245063,0.003205328,0.014510968,0.012366686,0.005008929,57,71.66666667,234,5070.998333,66.98777383,4.187858086,1.31127168,2.020269698,0.26181139,1.183414179,0.003160455,0.010628861,52,88,188,274,2.126994056,4.208754207,0.813262433,1.683501683,2.277169186,6.729353093,0.142456627,0.420453177,1.15435771,1.205594877,0.005008929,0.014510968,36.40054945,107.7032961,0.002245063,0.004030974,5055,5086.99,8
57,96,97,97,295,303,308,5102.975,5118.925,5134.925,22.47220505,8.062257748,5,1.40891568,0.503891109,0.3125,0.50046919,0.062695925,0,1.313731623,0.501567399,0.3125,0.088333272,0.031493194,0.01953125,1.20681737,1.446441332,1.570796327,7.65E-05,0.015023446,0.007772187,0.003385884,0.003563641,0.000747622,58,96.66666667,302,5118.941667,11.84482093,0.74176893,0.187721705,0.291888372,0.046452572,1.408018343,0.007624037,0.002565716,96,97,295,308,0.3125,1.313731623,0,0.50046919,0.3125,1.40891568,0.01953125,0.088333272,1.20681737,1.570796327,0.000747622,0.003563641,5,22.47220505,7.65E-05,0.015023446,5102.975,5134.925,8
58,101,101,101,317,321,323,5150.925,5167.585,5175.625,9.848857802,4,2,0.591167934,0.497512439,0.083402836,0.25,0,0,0.5625,0.240096038,0.248756219,0.03548427,0.061879657,0.003478017,1.152571997,1.570796327,1.570796327,0.026139021,0.025103501,0,0.000997064,0.001584357,0.007263886,59,101,320.3333333,5164.711667,5.282952601,0.390694403,0.083333333,0.166252073,0.033613981,1.431388217,0.017080841,0.003281769,101,101,317,323,0.240096038,0.5625,0,0.25,0.083402836,0.591167934,0.003478017,0.061879657,1.152571997,1.570796327,0.000997064,0.007263886,2,9.848857802,0,0.026139021,5150.925,5175.625,8
59,102,105,111,324,327,332,5199.605,5215.835,5231.62,1.414213562,4.242640687,7.810249676,0.087135771,0.26877673,0.326515455,0.041701418,0.184842883,0.380107697,0.041701418,0.184842883,0.316756414,0.005368809,0.017027351,0.013650312,0.785398163,0.785398163,0.694738276,0.032752217,0,0.00574342,7.88E-05,0.000718333,0.00021394,60,106,327.6666667,5215.686667,4.489034642,0.227475985,0.202217333,0.307802804,0.01201549,0.755178201,0.012831879,0.00033704,102,111,324,332,0.041701418,0.316756414,0.041701418,0.380107697,0.087135771,0.326515455,0.005368809,0.017027351,0.694738276,0.785398163,7.88E-05,0.000718333,1.414213562,7.810249676,0,0.032752217,5199.605,5231.62,8
60,119,122,126,337,338,338,5255.54,5271.7,5287.595,9.433981132,3.16227766,4,0.583785961,0.198947949,0.258648561,0.33444816,0.185643564,0.251651462,0.2090301,0.061881188,0,0.036125369,0.012516386,0.01672477,0.558599315,0.321750554,0,0.005691428,0.014656483,0.020242249,0.000939593,0.001460952,0.000264761,61,122.3333333,337.6666667,5271.611667,5.532086264,0.347127491,0.257247729,0.257247729,0.021788841,0.293449957,0.013530053,0.000888435,119,126,337,338,0,0.2090301,0.185643564,0.33444816,0.198947949,0.583785961,0.012516386,0.036125369,0,0.558599315,0.000264761,0.001460952,3.16227766,9.433981132,0.005691428,0.020242249,5255.54,5287.595,8
61,137,153,173,337,333,331,5303.06,5319.06,5335.06,11.04536102,16.4924225,20.09975124,0.690335066,1.030776406,1.256234452,0.711283543,1.000000003,1.25,0.06466214,0.250000001,0.125,0.043145942,0.064423525,0.078514653,0.090659887,0.244978663,0.099668652,0.005862262,0.009644924,0.009081876,0.00170845,0.001329849,0.000880695,62,154.3333333,333.6666667,5319.06,15.87917825,0.992448642,0.987094515,1.028761182,0.06202804,0.145102401,0.008196354,0.001306331,137,173,331,337,0.06466214,0.250000001,0.711283543,1.25,0.690335066,1.256234452,0.043145942,0.078514653,0.090659887,0.244978663,0.000880695,0.00170845,11.04536102,20.09975124,0.005862262,0.009644924,5303.06,5335.06,8
62,185,191,194,324,323,322,5351.06,5367.05,5383.05,13.89244399,6.08276253,3.16227766,0.86882076,0.380172658,0.191074179,0.75,0.375234521,0.1875,0.4375,0.062539087,0.0625,0.054335257,0.023760791,0.011545268,0.528074448,0.165148677,0.321750554,0.026775362,0.022697046,0.009787617,0.001511212,0.001912099,0.00076347,63,190,323,5367.053333,7.712494727,0.480022532,0.437578173,0.458411507,0.029880439,0.33832456,0.019753342,0.001395594,185,194,322,324,0.0625,0.4375,0.1875,0.75,0.191074179,0.86882076,0.011545268,0.054335257,0.165148677,0.528074448,0.00076347,0.001912099,3.16227766,13.89244399,0.009787617,0.026775362,5351.06,5383.05,8
63,200,207,218,320,320,318,5399.6,5415.505,5439.51,6.32455532,7,11.18033989,0.39764573,0.291605915,0.69789887,0.362537764,0.440113173,0.458237867,0.120845921,0,0.083315976,0.025001303,0.012147716,0.043564224,0.321750554,0,0.1798535,0,0.020229522,0.007492335,0.000813054,0.000808148,0.001308749,64,208.3333333,319.3333333,5418.205,8.168298403,0.462383505,0.420296268,0.44806826,0.026904414,0.167201351,0.009240619,0.00097665,200,218,318,320,0,0.120845921,0.362537764,0.458237867,0.291605915,0.69789887,0.012147716,0.043564224,0,0.321750554,0.000808148,0.001308749,6.32455532,11.18033989,0,0.020229522,5399.6,5439.51,8
64,232,236,237,313,311,311,5455.53,5471.55,5479.11,14.86606875,4.472135955,1,0.927969336,0.591552375,0.007327349,0.873907617,0.24968789,0.132275132,0.312109863,0.124843945,0,0.057925676,0.078247669,5.37E-05,0.34302394,0.463647609,0,0.010185421,0.007529567,0.061329049,0.00089647,0.001268539,0.010343119,65,235,311.6666667,5468.73,6.779401567,0.508949687,0.418623546,0.418623546,0.045409012,0.268890516,0.026348012,0.004169376,232,237,311,313,0,0.312109863,0.132275132,0.873907617,0.007327349,0.927969336,5.37E-05,0.078247669,0,0.463647609,0.00089647,0.010343119,1,14.86606875,0.007529567,0.061329049,5455.53,5479.11,8
65,241,245,258,311,309,304,5615.585,5623.58,5639.88,4,4.472135955,13.92838828,0.500312696,0.274364169,0.884903956,0.029309397,0.500312696,0.797546011,0,0.250156348,0.306748466,0.062578198,0.016832158,0.056220073,0,0.463647609,0.367173834,0,0.057992196,0.005918637,0.000458139,0.005721831,0.002416437,66,248,308,5626.348333,7.466841411,0.553193607,0.442389368,0.544638857,0.045210143,0.276940481,0.021303611,0.002865469,241,258,304,311,0,0.306748466,0.029309397,0.797546011,0.274364169,0.884903956,0.016832158,0.062578198,0,0.463647609,0.000458139,0.005721831,4,13.92838828,0,0.057992196,5615.585,5639.88,8
66,264,265,266,300,298,298,5655.62,5663.615,5719.64,7.211102551,2.236067977,1,0.901951539,0.039911967,0.008267879,0.381194409,0.125078174,0.017849174,0.254129606,0.250156348,0,0.112814452,0.000712396,6.84E-05,0.588002604,1.107148718,0,0.014029782,0.064933848,0.019761691,0.003595577,0.01402152,1.15E-05,67,265,298.6666667,5679.625,3.482390176,0.316710462,0.174707253,0.174707253,0.037865068,0.56505044,0.03290844,0.005876198,264,266,298,300,0,0.254129606,0.017849174,0.381194409,0.008267879,0.901951539,6.84E-05,0.112814452,0,1.107148718,1.15E-05,0.01402152,1,7.211102551,0.014029782,0.064933848,5655.62,5719.64,8
67,266,261,256,299,312,333,7463.7,7479.92,7495.52,1,13.92838828,21.58703314,0.061652281,0.8928454,1.343730668,0,0.308261406,0.32051282,0.000671664,0.801479655,1.346153842,0.003801004,0.057233679,0.083643366,1.570796327,1.937970161,1.804539508,0.001055047,0.022637104,0.008553247,2.55E-06,0.003294246,0.001692929,68,261,314.6666667,7479.713333,12.17180714,0.766076116,0.209591408,0.658309356,0.048226016,1.771101998,0.010748466,0.001663243,256,266,299,333,0.000671664,1.346153842,0,0.32051282,0.061652281,1.343730668,0.003801004,0.083643366,1.570796327,1.937970161,2.55E-06,0.003294246,1,21.58703314,0.001055047,0.022637104,7463.7,7495.52,8
68,246,235,231,357,384,402,7511.585,7527.535,7543.53,26,29.15475947,18.43908891,1.630094041,1.822742078,1.149927588,0.622471212,0.689655171,0.25007815,1.493930908,1.692789965,1.125351675,0.102200253,0.113956992,0.071713601,1.965587446,1.957672045,1.789465273,0.010024771,0.000496263,0.01051621,0.001155113,0.0007371,0.002641037,69,237.3333333,381,7527.55,24.5312828,1.534254569,0.520734844,0.895852069,0.095956948,1.904241588,0.007012415,0.001511083,231,246,357,402,1.125351675,1.692789965,0.25007815,0.689655171,1.149927588,1.822742078,0.071713601,0.113956992,1.789465273,1.965587446,0.0007371,0.002641037,18.43908891,29.15475947,0.000496263,0.01051621,7511.585,7543.53,8
69,229,229,229,417,427,433,7559.565,7575.515,7591.59,15.13274595,10,6,0.948761503,0.622083982,0.375117224,0.124727159,0,0,0.935453693,0.626959249,0.373250389,0.05948348,0.038698848,0.023452155,1.703347859,1.570796327,1.570796327,0.00537059,0.008310441,0,0.000762714,0.001303112,0.000948472,70,229,425.6666667,7575.556667,10.37758198,0.648654236,0.04157572,0.165992516,0.040544828,1.614980171,0.004560344,0.001004766,229,229,417,433,0.373250389,0.935453693,0,0.124727159,0.375117224,0.948761503,0.023452155,0.05948348,1.570796327,1.703347859,0.000762714,0.001303112,6,15.13274595,0,0.008310441,7559.565,7591.59,8
70,229,228,224,442,454,483,7607.585,7623.575,7647.49,9,12.04159458,29.27456234,0.562851783,0.503516394,1.809864751,0,0.062539087,0.167259042,0.562675835,0.750469044,1.212628056,0.035200237,0.021054417,0.11189272,1.570796327,1.653937559,1.707862501,0,0.005199577,0.002254859,0.000734485,0.000884667,0.003798382,71,227,459.6666667,7626.216667,16.77205231,0.958744309,0.076599376,0.480808729,0.056049125,1.644198796,0.002484812,0.001805844,224,229,442,483,0.562675835,1.212628056,0,0.167259042,0.503516394,1.809864751,0.021054417,0.11189272,1.570796327,1.707862501,0.000734485,0.003798382,9,29.27456234,0,0.005199577,7607.585,7647.49,8
71,223,223,223,494,498,501,7663.665,7679.525,7695.61,11.04536102,4,3,0.696428816,0.248678893,0.188205772,0.061823802,0,0,0.680061824,0.25220681,0.18650917,0.043911023,0.015460298,0.011807137,1.661456214,1.570796327,1.570796327,0.002869013,0.00571626,0,0.004202887,0.001793867,0.000227116,72,223,497.6666667,7679.6,6.015120339,0.37777116,0.020607934,0.082777657,0.023726153,1.601016289,0.002861758,0.002074623,223,223,494,501,0.18650917,0.680061824,0,0.061823802,0.188205772,0.696428816,0.011807137,0.043911023,1.570796327,1.661456214,0.000227116,0.004202887,3,11.04536102,0,0.00571626,7663.665,7695.61,8
72,223,225,226,506,509,512,7711.55,7727.585,7735.6,5,3.605551275,3.16227766,0.311817899,0.449850442,0.09883662,0,0.12472716,0.124766064,0.313676286,0.187090739,0.374298192,0.01944608,0.056126069,0.003089127,1.570796327,0.982793723,1.249045772,0,0.036669947,0.03321922,0.000479231,0.002287495,0.006617211,73,224.6666667,509,7724.911667,3.922609645,0.286834987,0.083164408,0.207930472,0.026220425,1.267545274,0.023296389,0.003127979,223,226,506,512,0.187090739,0.374298192,0,0.124766064,0.09883662,0.449850442,0.003089127,0.056126069,0.982793723,1.570796327,0.000479231,0.006617211,3.16227766,5,0,0.036669947,7711.55,7735.6,8
73,226,227,227,513,515,521,7767.595,7775.595,7791.585,1,2.236067977,6,0.125,0.139841649,0.375351892,0,0.125,0,0.031254884,0.250000001,0.375234521,0.015625,0.008745569,0.023481507,1.570796327,1.107148718,1.570796327,0.010056276,0.057955951,0.028996098,0.000391807,0.000859929,0.000921572,74,226.6666667,516.3333333,7778.258333,3.078689326,0.213397847,0.041666667,0.16674484,0.015950692,1.416247124,0.032336108,0.000724436,226,227,513,521,0.031254884,0.375234521,0,0.125,0.125,0.375351892,0.008745569,0.023481507,1.107148718,1.570796327,0.000391807,0.000921572,1,6,0.010056276,0.057955951,7767.595,7791.585,8
74,227,228,228,533,557,575,7807.57,7831.5,7847.875,12,24.0208243,18,0.5014626,1.466920567,1.144310236,0,0.04178855,0,0.750703785,1.0029252,1.099236641,0.020955395,0.089582935,0.072746995,1.570796327,1.529153748,1.570796327,0,0.001740183,0.002543058,0.00015803,0.002867845,0.001028149,75,227.6666667,555,7828.981667,18.00694143,1.037564468,0.013929517,0.38034173,0.061095109,1.556915467,0.001427747,0.001351342,227,228,533,575,0.750703785,1.099236641,0,0.04178855,0.5014626,1.466920567,0.020955395,0.089582935,1.529153748,1.570796327,0.00015803,0.002867845,12,24.0208243,0,0.002543058,7807.57,7847.875,8
75,226,221,221,594,615,639,7863.605,7879.625,7895.595,19.10497317,21.58703314,24,1.192570108,1.351724058,1.499531393,0.127145582,0.312109862,0,1.207883027,1.31086142,1.502817788,0.074442578,0.084641457,0.093691433,1.675673266,1.804539508,1.570796327,0.00666732,0.008044085,0.014636392,0.000107793,0.000636634,0.000566686,76,222.6666667,616,7879.608333,21.56400211,1.347941853,0.146418481,0.647357744,0.084258489,1.6836697,0.009782599,0.000437038,221,226,594,639,1.207883027,1.502817788,0,0.312109862,1.192570108,1.499531393,0.074442578,0.093691433,1.570796327,1.804539508,0.000107793,0.000636634,19.10497317,24,0.00666732,0.014636392,7863.605,7895.595,8
76,221,226,228,654,654,651,7911.6,8056.015,8063.605,15,5,3.605551275,0.103867327,0.658761529,0.225911734,0,0.034622442,0.263504612,0.93720712,0,0.395256917,0.000719228,0.08679335,0.014154871,1.570796327,0,0.982793723,0,0.010876961,0.129485339,0.005808948,0.000596019,0.009570287,77,225,653,8010.406667,7.868517092,0.32951353,0.099375685,0.23112799,0.03388915,0.851196683,0.046787433,0.005325085,221,228,651,654,0,0.93720712,0,0.263504612,0.103867327,0.658761529,0.000719228,0.08679335,0,1.570796327,0.000596019,0.009570287,3.605551275,15,0,0.129485339,7911.6,8063.605,8
77,235,239,248,642,635,626,8079.565,8095.62,8111.525,11.40175425,8.062257748,12.72792206,0.710168436,0.506900834,0.79375878,0.438596492,0.249143569,0.565859793,0.563909775,0.436001245,0.565859793,0.044233475,0.031870533,0.049501639,0.909753158,1.051650213,0.785398163,0.004576477,0.008838185,0.016740148,0.001884624,0.000770037,0.001108526,78,240.6666667,634.3333333,8095.57,10.73064469,0.670276016,0.417866618,0.606486549,0.041868549,0.915600511,0.010051603,0.001254396,235,248,626,642,0.436001245,0.565859793,0.249143569,0.565859793,0.506900834,0.79375878,0.031870533,0.049501639,0.785398163,1.051650213,0.000770037,0.001884624,8.062257748,12.72792206,0.004576477,0.016740148,8079.565,8111.525,8
78,256,261,263,621,617,616,8127.56,8143.6,8151.58,9.433981132,6.403124237,2.236067977,0.588153439,0.802396516,0.14010451,0.498908636,0.311720699,0.250626565,0.311817898,0.249376559,0.125313282,0.03666792,0.100550941,0.008778478,0.558599315,0.674740942,0.463647609,0.014143988,0.00724075,0.026452798,0.000800357,0.003982732,0.011500309,79,260,618,8140.913333,6.024391116,0.510218155,0.353751967,0.395523061,0.04866578,0.565662622,0.015945845,0.005427799,256,263,616,621,0.125313282,0.311817898,0.250626565,0.498908636,0.14010451,0.802396516,0.008778478,0.100550941,0.463647609,0.674740942,0.000800357,0.011500309,2.236067977,9.433981132,0.00724075,0.026452798,8127.56,8151.58,8
79,264,264,265,614,610,609,8167.54,8327.68,8335.625,2.236067977,4,1.414213562,0.013963207,0.503461295,0.17611626,0.062656642,0,0.125865324,0.125313283,0.024978144,0.125865324,8.72E-05,0.063368319,0.021932287,1.107148718,1.570796327,0.785398163,0.040319618,0.002895264,0.098854394,0.000544567,0.000395161,0.00521536,80,264.3333333,611,8276.948333,2.550093847,0.231180254,0.062840655,0.104795763,0.0284626,1.154447736,0.047356426,0.002051696,264,265,609,614,0.024978144,0.125865324,0,0.125865324,0.013963207,0.503461295,8.72E-05,0.063368319,0.785398163,1.570796327,0.000395161,0.00521536,1.414213562,4,0.002895264,0.098854394,8167.54,8335.625,8
80,267,268,271,605,599,593,8343.655,8359.68,8375.615,4.472135955,6.08276253,6.708203932,0.279072446,0.38172341,0.279625007,0.249066003,0.062402496,0.188264826,0.498132007,0.374414976,0.376529652,0.017414817,0.02395503,0.011655899,1.107148718,1.405647649,1.107148718,0.040068562,0.018627078,0.018732283,0.000562574,0.000408126,0.000771831,81,268.6666667,599,8359.65,5.754367473,0.313473621,0.166577775,0.292087659,0.017675249,1.206648362,0.025809308,0.000580844,267,271,593,605,0.374414976,0.498132007,0.062402496,0.249066003,0.279072446,0.38172341,0.011655899,0.02395503,1.107148718,1.405647649,0.000408126,0.000771831,4.472135955,6.708203932,0.018627078,0.040068562,8343.655,8375.615,8
81,271,273,275,587,584,579,8399.605,8415.5,8431.535,6,3.605551275,5.385164807,0.377477194,0.224855085,0.337416342,0,0.125825731,0.12472716,0.25010421,0.188738597,0.311817899,0.023748172,0.014022768,0.021141375,1.570796327,0.982793723,1.19028995,0.019326703,0.036992929,0.012940207,0.000504055,0.000611853,0.000443942,82,273,583.3333333,8415.546667,4.996905361,0.31324954,0.08351763,0.18745693,0.019637438,1.24796,0.023086613,0.00051995,271,275,579,587,0.188738597,0.311817899,0,0.125825731,0.224855085,0.377477194,0.014022768,0.023748172,0.982793723,1.570796327,0.000443942,0.000611853,3.605551275,6,0.012940207,0.036992929,8399.605,8431.535,8
82,278,280,280,574,572,571,8447.495,8455.595,8471.605,5.830951895,2.828427125,1,0.719870601,0.176666279,0.041701418,0.187969925,0.246913579,0,0.313283208,0.246913579,0.062460962,0.088872913,0.011034746,0.001739008,1.030376827,0.785398163,1.570796327,0.010019619,0.030244279,0.049056725,0.004243831,0.00960965,0.000580621,83,279.3333333,572.3333333,8458.231667,3.219793007,0.312746099,0.144961168,0.165781489,0.033882222,1.128857106,0.029773541,0.004811367,278,280,571,574,0.062460962,0.313283208,0,0.246913579,0.041701418,0.719870601,0.001739008,0.088872913,0.785398163,1.570796327,0.000580621,0.00960965,1,5.830951895,0.010019619,0.049056725,8447.495,8471.605,8
83,282,282,282,569,570,571,8495.585,9767.575,9775.61,2.828427125,1,1,0.031660907,0.124455508,0.041753653,0.083402836,0,0,0.083402836,0.00102383,0.124455508,0.000354407,0.015489173,0.001743368,0.785398163,1.570796327,1.570796327,0.032752217,0.001608228,0,5.77E-05,1.59E-05,0.001710741,84,282,570,9346.256667,1.609475708,0.065956689,0.027800945,0.069286115,0.005862316,1.308996939,0.011453482,0.00059478,282,282,569,571,0.00102383,0.124455508,0,0.083402836,0.031660907,0.124455508,0.000354407,0.015489173,0.785398163,1.570796327,1.59E-05,0.001710741,1,2.828427125,0,0.032752217,8495.585,9775.61,8
84,282,282,283,572,573,573,9799.56,9815.665,10015.7,1,1,1,0.062092518,0.004999125,0.126742712,0,0,0.004999125,0.041753653,0.062092518,0,0.003855481,2.50E-05,0.016063715,1.570796327,1.570796327,0,0,0,0.007852607,8.82E-05,0.000237845,8.02E-05,85,282.3333333,572.6666667,9876.975,1,0.064611452,0.001666375,0.001666375,0.006648062,1.047197551,0.002617536,0.000135404,282,283,572,573,0,0.062092518,0,0.004999125,0.004999125,0.126742712,2.50E-05,0.016063715,0,1.570796327,8.02E-05,0.000237845,1,1,0,0.007852607,9799.56,10015.7,8
85,290,330,440,577,590,614,10023.59,10040.035,10055.61,8.062257748,42.05948169,112.5877436,0.490255869,2.700448258,7.072094455,0.887198985,2.432350265,7.062600309,0.506970849,0.790513836,1.540930976,0.02981185,0.173383515,0.444227039,0.519146114,0.314231899,0.2148154,0.065797987,0.012460579,0.006383082,0.001742476,0.008730414,0.017389632,86,353.3333333,593.6666667,10039.745,54.23649433,3.420932861,3.46071652,3.974360178,0.215807468,0.349397805,0.028213882,0.009287508,290,440,577,614,0.506970849,1.540930976,0.887198985,7.062600309,0.490255869,7.072094455,0.02981185,0.444227039,0.2148154,0.519146114,0.001742476,0.017389632,8.062257748,112.5877436,0.006383082,0.065797987,10023.59,10055.61,8
86,613,727,1365,638,654,650,10071.53,10079.6,10487.865,174.6568063,115.1173314,638.0125391,21.64272682,0.281967182,40.63774137,10.86683419,14.12639398,1.562710494,1.507537691,1.982651787,0.009797558,2.681874438,0.000690647,2.588391172,0.137848494,0.139440057,0.00626951,0.004834605,0.00019722,0.000326187,0.140555741,0.332240865,0.006338286,87,901.6666667,647.3333333,10212.99833,309.2622256,20.85414513,8.851979555,8.855245407,1.756985419,0.094519354,0.001786004,0.159711631,613,1365,638,654,0.009797558,1.982651787,1.562710494,14.12639398,0.281967182,40.63774137,0.000690647,2.681874438,0.00626951,0.139440057,0.006338286,0.332240865,115.1173314,638.0125391,0.00019722,0.004834605,10071.53,10487.865,8
87,1365,1365,1365,644,643,641,10503.565,10511.625,10535.805,6,1,2,0.744416871,0.041356493,0.127469726,0,0,0,0.382165605,0.124069479,0.082712986,0.092359413,0.00171036,0.008124266,1.570796327,1.570796327,1.570796327,0.09965139,0,0,0.158982915,0.011246781,0.000265257,88,1365,642.6666667,10516.99833,3,0.304414364,0,0.027570995,0.034064679,1.570796327,0.03321713,0.056831651,1365,1365,641,644,0.082712986,0.382165605,0,0,0.041356493,0.744416871,0.00171036,0.092359413,1.570796327,1.570796327,0.000265257,0.158982915,1,6,0,0.09965139,10503.565,10535.805,8
88,1365,1365,1365,639,637,633,10551.495,10567.62,10583.59,2,2,4,0.124031008,0.125234815,0.164439877,0,0,0,0.127469726,0.124031008,0.25046963,0.007691845,0.007841879,0.006760118,1.570796327,1.570796327,1.570796327,0,0,0,2.76E-05,9.30E-06,6.77E-05,89,1365,636.3333333,10567.56833,2.666666667,0.1379019,0,0.083489877,0.007431281,1.570796327,0,3.49E-05,1365,1365,633,639,0.124031008,0.25046963,0,0,0.124031008,0.164439877,0.006760118,0.007841879,1.570796327,1.570796327,9.30E-06,6.77E-05,2,4,0,0,10551.495,10583.59,8
89,1365,1365,1365,630,628,624,10607.915,10623.58,10639.59,3,2,4,0.191509736,0.124921924,0.251019768,0,0,0,0.123329907,0.127673157,0.249843847,0.012225326,0.007802744,0.015752731,1.570796327,1.570796327,1.570796327,0,0,0,0.000224675,0.000282323,0.000496564,90,1365,627.3333333,10623.695,3,0.189150476,0,0.083281282,0.011926934,1.570796327,0,0.00033452,1365,1365,624,630,0.123329907,0.249843847,0,0,0.124921924,0.251019768,0.007802744,0.015752731,1.570796327,1.570796327,0.000224675,0.000496564,2,4,0,0,10607.915,10639.59,8
90,1365,1365,1365,621,616,599,10655.525,10671.575,10687.88,3,5,17,0.186915887,0.306654401,1.083147499,0,0,0,0.188264826,0.311526479,1.042624962,0.01164585,0.018807384,0.069012265,1.570796327,1.570796327,1.570796327,0,0,0,0.000257727,0.000446202,0.00307911,91,1365,612,10671.66,8.333333333,0.525572596,0,0.347541654,0.033155166,1.570796327,0,0.001261013,1365,1365,599,621,0.188264826,1.042624962,0,0,0.186915887,1.083147499,0.01164585,0.069012265,1.570796327,1.570796327,0.000257727,0.00307911,3,17,0,0,10655.525,10687.88,8
91,1365,1365,1365,587,576,557,10703.575,10719.595,10735.57,12,11,19,0.749063671,0.6885759,1.186017475,0,0,0,0.764574705,0.686641699,1.189358373,0.046758032,0.043103343,0.07403355,1.570796327,1.570796327,1.570796327,0,0,0,0.001417919,0.000228133,0.001936163,92,1365,573.3333333,10719.58,14,0.874552349,0,0.396452791,0.054631642,1.570796327,0,0.001194072,1365,1365,557,587,0.686641699,1.189358373,0,0,0.6885759,1.186017475,0.043103343,0.07403355,1.570796327,1.570796327,0.000228133,0.001936163,11,19,0,0,10703.575,10735.57,8
92,1365,1365,1365,540,525,519,10751.59,10767.545,10783.59,17,15,6,1.065496713,0.934870673,0.250836121,0,0,0,1.06117353,0.940144158,0.373948269,0.066781367,0.058265545,0.01048646,1.570796327,1.570796327,1.570796327,0,0,0,0.000452696,0.00053374,0.002977818,93,1365,528,10767.575,12.66666667,0.750401169,0,0.124649423,0.045177791,1.570796327,0,0.001321418,1365,1365,519,540,0.373948269,1.06117353,0,0,0.250836121,1.065496713,0.01048646,0.066781367,1.570796327,1.570796327,0.000452696,0.002977818,6,17,0,0,10751.59,10783.59,8
93,1365,1365,1361,517,516,516,10807.51,10823.595,10839.535,2,1,4,0.124339447,0.062735257,0.249143569,0,0,0.250941029,0.08361204,0.062169723,0,0.007730149,0.003935712,0.015518129,1.570796327,1.570796327,3.141592654,0,0,0.098544312,0.00011523,0.000235899,0.000726626,94,1363.666667,516.3333333,10823.54667,2.333333333,0.145406091,0.08364701,0.08364701,0.00906133,2.094395102,0.032848104,0.000359252,1361,1365,516,517,0,0.08361204,0,0.250941029,0.062735257,0.249143569,0.003935712,0.015518129,1.570796327,3.141592654,0.00011523,0.000726626,1,4,0,0.098544312,10807.51,10839.535,8
94,1348,1332,1311,516,516,511,10855.59,10871.505,10887.57,13,16,21.58703314,0.81683946,0.995953939,1.348346853,0.809716598,1.005340874,1.307189545,0,0,0.311235606,0.051325131,0.061995266,0.084219041,3.141592654,3.141592654,2.907849473,0,0,0.01454984,0.002230271,0.000670445,0.001383366,95,1330.333333,514.3333333,10871.555,16.86234438,1.053713417,1.040749006,1.144494207,0.065846479,3.06367826,0.004849947,0.001428027,1311,1348,511,516,0,0.311235606,0.809716598,1.307189545,0.81683946,1.348346853,0.051325131,0.084219041,2.907849473,3.141592654,0.000670445,0.002230271,13,21.58703314,0,0.01454984,10855.59,10887.57,8
95,1292,1273,1256,506,500,495,10903.58,10919.58,10935.6,19.6468827,19.92485885,17.72004515,1.227930169,1.243748993,1.110974615,1.186758275,1.1875,1.061173534,0.312304809,0.375,0.312109863,0.076745636,0.077637266,0.069653581,2.884268939,2.835713782,2.855541212,0.001472863,0.003034697,0.001237667,0.000466796,5.57E-05,0.000498357,96,1273.666667,500.3333333,10919.58667,19.09726223,1.194217926,1.145143936,1.249180557,0.074678827,2.858507978,0.001915076,0.000340293,1256,1292,495,506,0.312109863,0.375,1.061173534,1.1875,1.110974615,1.243748993,0.069653581,0.077637266,2.835713782,2.884268939,5.57E-05,0.000498357,17.72004515,19.92485885,0.001237667,0.003034697,10903.58,10935.6,8
96,1245,1231,1222,494,492,492,10951.55,10975.48,10991.55,11.04536102,14.14213562,9,0.461569621,0.88003333,0.563909775,0.689655171,0.5850397,0.560049782,0.062695925,0.0835771,0,0.019288325,0.054762497,0.035332693,3.050932766,2.999695599,3.141592654,0.012250254,0.002141127,0.008829935,0.003157696,0.001482414,0.001209073,97,1232.666667,492.6666667,10972.86,11.39583221,0.635170909,0.611581551,0.611581551,0.036461172,3.064073673,0.007740439,0.001949728,1222,1245,492,494,0,0.0835771,0.560049782,0.689655171,0.461569621,0.88003333,0.019288325,0.054762497,2.999695599,3.141592654,0.001209073,0.003157696,9,14.14213562,0.002141127,0.012250254,10951.55,10991.55,8
97,1212,1196,1180,492,492,492,11007.51,11023.565,11039.52,10,16,16,0.622858922,1.002820432,0.995644056,0.626566416,0.996574275,1.002820432,0,0,0,0.038795324,0.062853051,0.061956693,3.141592654,3.141592654,3.141592654,0,0,0,0.000216957,0.001498457,5.62E-05,98,1196,492,11023.53167,14,0.87377447,0.875320374,0.875320374,0.054535023,3.141592654,0,0.000590531,1180,1212,492,492,0,0,0.626566416,1.002820432,0.622858922,1.002820432,0.038795324,0.062853051,3.141592654,3.141592654,5.62E-05,0.001498457,10,16,0,0,11007.51,11039.52,8
98,1169,1165,1164,489,489,489,11055.59,11071.58,11135.59,11.40175425,4,1,0.713055301,0.062490236,0.120481927,0.684505289,0.250156348,0.015622559,0.186683261,0,0,0.044593827,0.000976257,0.014515895,2.875340604,3.141592654,3.141592654,0.016568267,0.01665116,0,0.001080452,0.002727803,0.000211524,99,1166,489,11087.58667,5.467251417,0.298675821,0.316761399,0.316761399,0.02002866,3.052841971,0.011073142,0.001339926,1164,1169,489,489,0,0.186683261,0.015622559,0.684505289,0.062490236,0.713055301,0.000976257,0.044593827,2.875340604,3.141592654,0.000211524,0.002727803,1,11.40175425,0,0.01665116,11055.59,11135.59,8
99,1161,1153,1149,490,504,512,11143.89,11159.61,11175.48,3.16227766,16.1245155,8.94427191,0.201162701,1.016037523,0.555717421,0.361445781,0.508905853,0.252047889,0.120481927,0.890585244,0.504095778,0.01279661,0.064022528,0.034527333,2.819842099,2.089942441,2.034443936,0.038765127,0.046431276,0.00349707,0.000207143,0.003258646,0.00185855,100,1154.333333,502,11159.66,9.410355022,0.590972549,0.374133175,0.542165101,0.03711549,2.314742825,0.029564491,0.00177478,1149,1161,490,512,0.120481927,0.890585244,0.252047889,0.508905853,0.201162701,1.016037523,0.01279661,0.064022528,2.034443936,2.819842099,0.000207143,0.003258646,3.16227766,16.1245155,0.00349707,0.046431276,11143.89,11175.48,8
100,1146,1145,1144,517,521,523,11191.575,11207.53,11223.59,5.830951895,4.123105626,2.236067977,0.365462357,0.256731359,0.140412432,0.18639329,0.062676277,0.062266501,0.310655483,0.250705109,0.124533001,0.02290582,0.015985763,0.008817107,2.111215827,1.81577499,2.034443936,0.004769922,0.018517132,0.01361575,0.000722057,0.000433723,0.000446367,101,1145,520.3333333,11207.565,4.063375166,0.254202049,0.103778689,0.14528969,0.015902897,1.987144918,0.012300935,0.000534049,1144,1146,517,523,0.124533001,0.310655483,0.062266501,0.18639329,0.140412432,0.365462357,0.008817107,0.02290582,1.81577499,2.111215827,0.000433723,0.000722057,2.236067977,5.830951895,0.004769922,0.018517132,11191.575,11223.59,8
101,1140,1138,1134,529,532,536,11239.515,11255.625,11271.53,7.211102551,3.605551275,5.656854249,0.447616545,0.226692944,0.3537745,0.251177394,0.124146493,0.251493241,0.376766091,0.186219739,0.251493241,0.027785012,0.014252936,0.022124734,2.15879893,2.15879893,2.35619449,0.007808791,0,0.012410912,0.001191077,0.00083998,0.000494926,102,1137.333333,532.3333333,11255.55667,5.491169359,0.342694663,0.208939043,0.292770123,0.021387561,2.22459745,0.006739901,0.000841994,1134,1140,529,536,0.186219739,0.376766091,0.124146493,0.251493241,0.226692944,0.447616545,0.014252936,0.027785012,2.15879893,2.35619449,0.000494926,0.001191077,3.605551275,7.211102551,0,0.012410912,11239.515,11271.53,8
102,1128,1120,1114,543,554,561,11287.52,11303.58,11319.565,9.219544457,13.60147051,9.219544457,0.574068769,0.850889619,0.575681827,0.375234522,0.498132003,0.375351894,0.437773609,0.684931505,0.437910543,0.035745253,0.053230505,0.035946414,2.279422599,2.199592613,2.279422599,0.004801244,0.004970734,0.004994056,0.000851815,0.001088745,0.001081269,103,1120.666667,552.6666667,11303.555,10.68018647,0.666880071,0.416239473,0.562209654,0.041640724,2.252812604,0.004922011,0.001007277,1114,1128,543,561,0.437773609,0.684931505,0.375234522,0.498132003,0.574068769,0.850889619,0.035745253,0.053230505,2.199592613,2.279422599,0.000851815,0.001088745,9.219544457,13.60147051,0.004801244,0.004994056,11287.52,11319.565,8
103,1113,1112,1111,563,563,563,11335.58,11351.6,12815.715,2.236067977,1,1,0.139579774,0.00591506,0.126984127,0.062441461,0.062421972,0.000885857,0.124882922,0,0,0.008712845,3.50E-05,0.016124968,2.034443936,3.141592654,3.141592654,0.015296826,0.069110407,0.002783003,0.001700504,0.000541689,1.43E-05,104,1112,563,11834.29833,1.412022659,0.09082632,0.04191643,0.04191643,0.008290934,2.772543081,0.029063412,0.000752159,1111,1113,563,563,0,0.124882922,0.000885857,0.062441461,0.00591506,0.139579774,3.50E-05,0.016124968,2.034443936,3.141592654,1.43E-05,0.001700504,1,2.236067977,0.002783003,0.069110407,11335.58,12815.715,8
104,1111,1101,1092,562,548,534,12823.59,12847.56,12863.54,1,17.20465053,16.64331698,0.041718815,1.076636452,1.038908676,0,0.417188152,0.563204004,0.126984127,0.584063413,0.876095117,0.00174046,0.067373996,0.064850729,1.570796327,2.191045813,2.142133807,0.1994662,0.025876074,0.003060826,0.001826604,0.002738153,0.000157902,105,1101.333333,548,12844.89667,11.61598917,0.719087981,0.326797385,0.618829091,0.044655061,1.967991982,0.076134367,0.00157422,1092,1111,534,562,0.126984127,0.876095117,0,0.563204004,0.041718815,1.076636452,0.00174046,0.067373996,1.570796327,2.191045813,0.000157902,0.002738153,1,17.20465053,0.003060826,0.1994662,12823.59,12863.54,8
105,1070,1044,1007,504,474,435,12879.56,12895.55,12911.505,37.20215048,39.69886648,53.75872022,2.326588525,2.488177152,3.348409852,1.373283397,1.626016262,2.319022249,1.872659178,1.87617261,2.444374803,0.145502722,0.15594968,0.208558695,2.203545162,2.284887025,2.329884773,0.003833418,0.005087046,0.002820291,0.005034457,0.000653343,0.003297337,106,1040.333333,471,12895.53833,43.55324573,2.72105851,1.772773969,2.58756557,0.170003699,2.27277232,0.003913585,0.002995046,1007,1070,435,504,1.872659178,2.444374803,1.373283397,2.319022249,2.326588525,3.348409852,0.145502722,0.208558695,2.203545162,2.329884773,0.000653343,0.005034457,37.20215048,53.75872022,0.002820291,0.005087046,12879.56,12911.505,8
106,962,919,885,391,352,323,12927.56,12943.55,12959.58,62.93647591,58.05170109,44.68780594,3.935989742,3.621441117,2.755954728,2.802865148,2.68918074,2.121023082,2.740579256,2.439024392,1.809107923,0.246153205,0.225916476,0.169963289,2.367429972,2.404936342,2.435393561,0.002338536,0.002345614,0.001900014,0.002341608,0.001265587,0.003490529,107,922,355.3333333,12943.56333,55.22532765,3.437795195,2.537689657,3.140725631,0.21401099,2.402586625,0.002194721,0.002365908,885,962,323,391,1.809107923,2.740579256,2.121023082,2.802865148,2.755954728,3.935989742,0.169963289,0.246153205,2.367429972,2.435393561,0.001265587,0.003490529,44.68780594,62.93647591,0.001900014,0.002345614,12927.56,12959.58,8
107,862,840,830,303,284,278,12975.795,12999.49,13015.545,30.47950131,29.06888371,11.66190379,1.286326285,1.810581357,0.729781212,1.418439715,0.928465922,0.622858922,1.233425839,0.801856932,0.373715353,0.054286824,0.112773675,0.045668411,2.425849064,2.429235055,2.601173153,0.000588621,0.000142899,0.010709318,0.007133917,0.00246832,0.004179711,108,844,288.3333333,12996.94333,23.73676294,1.275562951,0.98992152,1.114493304,0.070909637,2.485419091,0.003813613,0.004593983,830,862,278,303,0.373715353,1.233425839,0.622858922,1.418439715,0.729781212,1.810581357,0.045668411,0.112773675,2.425849064,2.601173153,0.00246832,0.007133917,11.66190379,30.47950131,0.000142899,0.010709318,12975.795,13015.545,8
108,822,807,784,273,267,259,13031.525,13047.57,13063.565,9.433981132,16.15549442,24.35159132,0.587970155,1.010034039,1.522450221,0.500625781,0.934870676,1.437949362,0.312891113,0.373948271,0.5001563,0.03664507,0.063146861,0.095182883,2.582993338,2.761086276,2.806855816,0.001137661,0.011099591,0.00286149,0.000564665,0.001651716,0.002002877,109,804.3333333,266.3333333,13047.55333,16.64702229,1.040151472,0.957815273,1.12453404,0.064991605,2.716978477,0.005032914,0.001406419,784,822,259,273,0.312891113,0.5001563,0.500625781,1.437949362,0.587970155,1.522450221,0.03664507,0.095182883,2.582993338,2.806855816,0.000564665,0.002002877,9.433981132,24.35159132,0.001137661,0.011099591,13031.525,13063.565,8
109,758,733,706,252,246,239,13079.56,13095.565,13111.56,26.92582404,25.70992026,27.89265136,1.682338273,1.607372318,1.751500869,1.625507969,1.562011873,1.688027506,0.437636761,0.37488285,0.437636761,0.105113294,0.100492174,0.109984356,2.878597922,2.906047673,2.887918557,0.004485283,0.001715073,0.001133424,0.000620845,0.00028873,0.000593447,110,732.3333333,245.6666667,13095.56167,26.84279855,1.68040382,1.625182449,1.77106137,0.105196608,2.890854717,0.002444594,0.000501007,706,758,239,252,0.37488285,0.437636761,1.562011873,1.688027506,1.607372318,1.751500869,0.100492174,0.109984356,2.878597922,2.906047673,0.00028873,0.000620845,25.70992026,27.89265136,0.001133424,0.004485283,13079.56,13111.56,8
110,689,678,677,236,235,235,13127.485,13143.5,13151.115,17.2626765,11.04536102,1,1.077906744,1.450474207,0.015521925,1.067503924,0.686856072,0.131319764,0.188383045,0.062441461,0,0.067306072,0.190475931,0.00024093,2.966920455,3.050932766,3.141592654,0.004960873,0.005245852,0.011905435,0.002679955,0.007690906,0.024981616,111,681.3333333,235.3333333,13140.7,9.76934584,0.847967625,0.62855992,0.62855992,0.086007644,3.053148625,0.00737072,0.011784159,677,689,235,236,0,0.188383045,0.131319764,1.067503924,0.015521925,1.450474207,0.00024093,0.190475931,2.966920455,3.141592654,0.002679955,0.024981616,1,17.2626765,0.004960873,0.011905435,13127.485,13151.115,8
111,674,669,660,235,235,242,13215.54,13231.56,13247.525,3,5,11.40175425,0.187265918,0.313185093,0.715516425,0.046565774,0.312109863,0.563733167,0,0,0.43845913,0.011689508,0.01961698,0.044902192,3.141592654,3.141592654,2.480549485,0,0,0.041405773,0.000177704,0.000494848,0.00158379,112,667.6666667,237.3333333,13231.54167,6.467251417,0.405322479,0.307469602,0.453622645,0.025402893,2.921244931,0.013801924,0.000752114,660,674,235,242,0,0.43845913,0.046565774,0.563733167,0.187265918,0.715516425,0.011689508,0.044902192,2.480549485,3.141592654,0.000177704,0.00158379,3,11.40175425,0,0.041405773,13215.54,13247.525,8
112,651,642,636,248,257,265,13263.46,13279.59,13295.55,10.81665383,12.72792206,10,0.670592302,0.797488851,0.623635798,0.564794476,0.557966522,0.37593985,0.376529651,0.557966522,0.501253133,0.041574228,0.049967973,0.038892161,2.55359005,2.35619449,2.214297436,0.004583656,0.01223779,0.008890793,0.000208846,0.000520381,0.000693973,113,643,256.6666667,13279.53333,11.1815253,0.697238984,0.499566949,0.666651327,0.043478121,2.374693992,0.008570747,0.0004744,636,651,248,265,0.376529651,0.557966522,0.37593985,0.564794476,0.623635798,0.797488851,0.038892161,0.049967973,2.214297436,2.55359005,0.000208846,0.000693973,10,12.72792206,0.004583656,0.01223779,13263.46,13295.55,8
113,632,627,623,273,281,288,13311.585,13327.55,13343.9,8.94427191,9.433981132,8.062257748,0.560242524,0.577001904,0.341621091,0.249454319,0.313185092,0.244648318,0.498908638,0.501096147,0.428134557,0.035091921,0.035290636,0.01447547,2.034443936,2.129395642,2.089942441,0.011216308,0.005947492,0.00241304,0.000236997,1.24E-05,0.001273099,114,627.3333333,280.6666667,13327.67833,8.813503597,0.492955173,0.26909591,0.411807429,0.028286009,2.084594006,0.006525613,0.000507514,623,632,273,288,0.428134557,0.501096147,0.244648318,0.313185092,0.341621091,0.577001904,0.01447547,0.035290636,2.034443936,2.129395642,1.24E-05,0.001273099,8.062257748,9.433981132,0.00241304,0.011216308,13311.585,13343.9,8
114,619,617,617,299,303,307,13367.5,13383.7,13399.585,11.70469991,4.472135955,4,0.72251234,0.281532008,0.250312892,0.169491525,0.12345679,0,0.466101695,0.24691358,0.251809884,0.044599527,0.017723136,0.015664136,1.91956733,2.034443936,1.570796327,0.007219284,0.007091148,0.029187763,0.001276443,0.001659037,0.000129619,115,617.6666667,303,13383.595,6.725611955,0.41811908,0.097649438,0.181586066,0.0259956,1.841602531,0.014499398,0.0010217,617,619,299,307,0.24691358,0.466101695,0,0.169491525,0.250312892,0.72251234,0.015664136,0.044599527,1.570796327,2.034443936,0.000129619,0.001659037,4,11.70469991,0.007091148,0.029187763,13367.5,13399.585,8
115,617,616,616,310,313,314,13415.565,13431.555,13463.58,3,3.16227766,1,0.187617261,0.098744033,0.125,0,0.062539087,0,0.187734669,0.187617261,0.031225605,0.011733412,0.003083342,0.015625,1.570796327,1.892546881,1.570796327,0,0.020121986,0.010046856,0.000245978,0.000540967,0.000391621,116,616.3333333,312.3333333,13436.9,2.387425887,0.137120431,0.020846362,0.031254897,0.010147251,1.678046512,0.010056281,0.000392855,616,617,310,314,0.031225605,0.187734669,0,0.062539087,0.098744033,0.187617261,0.003083342,0.015625,1.570796327,1.892546881,0.000245978,0.000540967,1,3.16227766,0,0.020121986,13415.565,13463.58,8
116,616,616,616,316,317,318,13471.58,13487.505,13495.56,2,1,1,0.125588697,0.124146493,0.062208398,0,0,0,0.250000001,0.062794348,0.124146493,0.00788626,0.015412352,0.003869885,1.570796327,1.570796327,1.570796327,0,0,0,0.000967342,0.000472596,0.001432957,117,616,317,13484.88167,1.333333333,0.103981196,0,0.041382164,0.009056166,1.570796327,0,0.000957632,616,616,316,318,0.062794348,0.250000001,0,0,0.062208398,0.125588697,0.003869885,0.015412352,1.570796327,1.570796327,0.000472596,0.001432957,1,2,0,0,13471.58,13495.56,8
117,616,616,616,319,320,327,13511.635,13527.585,13551.47,1,1,7,0.062695925,0.041867281,0.436681223,0,0,0,0.062208398,0.062695925,0.293070965,0.003930779,0.001752869,0.027241499,1.570796327,1.570796327,1.570796327,0,0,0,3.79E-06,0.000136546,0.00106714,118,616,322,13530.23,3,0.180414809,0,0.097690322,0.010975049,1.570796327,0,0.000402491,616,616,319,327,0.062208398,0.293070965,0,0,0.041867281,0.436681223,0.001752869,0.027241499,1.570796327,1.570796327,3.79E-06,0.00106714,1,7,0,0,13511.635,13551.47,8
118,617,623,635,339,355,375,13567.5,13583.745,13615.575,12.04159458,17.08800749,23.32380758,0.741249284,0.536852261,1.520952564,0.062383032,0.369344415,0.377002827,0.748596382,0.98491844,0.628338045,0.045629381,0.016866235,0.099181778,1.487655095,1.212025657,1.030376827,0.005186602,0.016967032,0.005706844,0.001147092,0.001770585,0.002586099,119,625,356.3333333,13588.94,17.48446988,0.933018036,0.269576758,0.479022773,0.053892464,1.243352526,0.009286826,0.001834592,617,635,339,375,0.628338045,0.98491844,0.062383032,0.377002827,0.536852261,1.520952564,0.016866235,0.099181778,1.030376827,1.487655095,0.001147092,0.002586099,12.04159458,23.32380758,0.005186602,0.016967032,13567.5,13615.575,8
119,638,639,644,380,383,381,13630.91,13646.905,13799.545,5.830951895,3.16227766,5.385164807,0.364548416,0.020717228,0.224288414,0.19563091,0.062519537,0.032756813,0.326051516,0.187558612,0.013102725,0.022791398,0.000135726,0.009341458,1.030376827,1.249045772,0.380506377,0,0.013671081,0.005690117,0.00498144,0.001416422,6.03E-05,120,640.3333333,381.3333333,13692.45333,4.792798121,0.203184686,0.096969087,0.101336662,0.010756194,0.886642992,0.006453733,0.002152724,638,644,380,383,0.013102725,0.326051516,0.032756813,0.19563091,0.020717228,0.364548416,0.000135726,0.022791398,0.380506377,1.249045772,6.03E-05,0.00498144,3.16227766,5.830951895,0,0.013671081,13630.91,13799.545,8
120,654,656,661,374,372,368,13823.555,13831.565,13847.585,12.20655562,2.828427125,6.403124237,1.52391455,0.176556001,0.400696134,0.416493128,0.249687889,0.312109863,0.29154519,0.249687889,0.24968789,0.190251503,0.011020974,0.025074852,0.610725964,0.785398163,0.674740942,0.009588488,0.021806766,0.006907442,0.007534779,0.022375846,0.000877271,121,657,371.3333333,13834.235,7.146035659,0.700388895,0.32609696,0.409326257,0.07544911,0.690288357,0.012767565,0.010262632,654,661,368,374,0.249687889,0.29154519,0.249687889,0.416493128,0.176556001,1.52391455,0.011020974,0.190251503,0.610725964,0.785398163,0.000877271,0.022375846,2.828427125,12.20655562,0.006907442,0.021806766,13823.555,13847.585,8
121,664,665,665,366,365,363,13863.565,15647.705,15727.54,3.605551275,1.414213562,2,0.029759822,0.017714205,0.247985121,0.187734668,0.000668061,0,0.125156445,0.000668061,0.025051669,0.000245634,0.000221885,0.03074831,0.588002604,0.785398163,1.570796327,0.005427931,0.000524694,0.009837767,0.001553768,1.48E-07,0.000382369,122,664.6666667,364.6666667,15079.60333,2.339921613,0.098486383,0.06280091,0.071151466,0.010405277,0.981399031,0.005263464,0.000645428,664,665,363,366,0.000668061,0.125156445,0,0.187734668,0.017714205,0.247985121,0.000221885,0.03074831,0.588002604,1.570796327,1.48E-07,0.001553768,1.414213562,3.605551275,0.000524694,0.009837767,13863.565,15727.54,8
122,665,665,660,360,353,338,15735.605,15751.535,15775.605,3,7,15.8113883,0.188323917,0.290818446,0.991931511,0,0,0.207727462,0.371977681,0.439422473,0.623182385,0.011821966,0.012082196,0.062229078,1.570796327,1.570796327,1.892546881,0,0,0.013367285,0.002346726,1.63E-05,0.002083377,123,663.3333333,350.3333333,15754.24833,8.6037961,0.490357958,0.069242487,0.276969949,0.02871108,1.678046512,0.004455762,0.001482146,660,665,338,360,0.371977681,0.623182385,0,0.207727462,0.188323917,0.991931511,0.011821966,0.062229078,1.570796327,1.892546881,1.63E-05,0.002346726,3,15.8113883,0,0.013367285,15735.605,15775.605,8
123,651,636,609,325,310,293,15791.545,15807.56,15823.51,15.8113883,21.21320344,31.90611227,0.987286188,1.329981409,1.99350904,0.564617315,0.936621917,1.692789972,0.815558343,0.936621917,1.065830723,0.061647592,0.083384415,0.124555391,2.17634099,2.35619449,2.579671091,0.017803896,0.011230315,0.014011072,3.65E-05,0.001357279,0.002581252,124,632,309.3333333,15807.53833,22.97690133,1.436925546,1.064676401,1.419953309,0.089862466,2.370735524,0.014348428,0.001325004,609,651,293,325,0.815558343,1.065830723,0.564617315,1.692789972,0.987286188,1.99350904,0.061647592,0.124555391,2.17634099,2.579671091,3.65E-05,0.002581252,15.8113883,31.90611227,0.011230315,0.017803896,15791.545,15823.51,8
124,558,483,396,263,234,208,15839.515,15855.485,15871.505,59.16924877,80.41144197,90.80198236,3.705024968,5.019440828,5.64688946,3.186504209,4.696305571,5.430711617,1.874414241,1.815904821,1.622971288,0.231999059,0.313323398,0.351174718,2.609868586,2.772633107,2.851190711,0.001886754,0.010191892,0.004903721,0.006713131,0.005092319,0.002362754,125,479,235,15855.50167,76.79422437,4.790451752,4.437840466,4.978830895,0.298832392,2.744564135,0.005660789,0.004722735,396,558,208,263,1.622971288,1.874414241,3.186504209,5.430711617,3.705024968,5.64688946,0.231999059,0.351174718,2.609868586,2.851190711,0.002362754,0.006713131,59.16924877,90.80198236,0.001886754,0.010191892,15839.515,15871.505,8
125,310,244,194,185,172,164,15887.585,15903.55,15919.56,89.02246907,67.26812024,50.6359556,5.576102031,4.201631505,3.16277049,5.348258716,4.134043212,3.123048102,1.430348261,0.814281239,0.499687696,0.349270405,0.262437946,0.197549687,2.880266673,2.947112537,2.982937391,0.001808207,0.004187026,0.002237655,0.000118427,0.005438926,0.004052983,126,249.3333333,173.6666667,15903.565,68.97551497,4.313501342,4.201783343,4.368345909,0.269752679,2.936772201,0.002744296,0.003203446,194,310,164,185,0.499687696,1.430348261,3.123048102,5.348258716,3.16277049,5.576102031,0.197549687,0.349270405,2.880266673,2.982937391,0.000118427,0.005438926,50.6359556,89.02246907,0.001808207,0.004187026,15887.585,15919.56,8
126,171,162,162,162,162,168,15935.57,15959.64,16119.585,23.08679276,9,6,0.959152172,0.056269343,0.714711137,1.436602122,0.373909431,0,0.124921924,0,0.037512895,0.039848449,0.000351804,0.085135335,3.054854315,3.141592654,1.570796327,0.004492,0.003603587,0.009820853,0.009850171,0.001640908,0.000530079,127,165,164,16004.93167,12.69559759,0.576710884,0.603503851,0.616008149,0.041778529,2.589081098,0.005972147,0.004007053,162,171,162,168,0,0.124921924,0,1.436602122,0.056269343,0.959152172,0.000351804,0.085135335,1.570796327,3.141592654,0.000530079,0.009850171,6,23.08679276,0.003603587,0.009820853,15935.57,16119.585,8
127,162,164,169,172,182,192,16127.98,16143.605,16159.53,4,10.19803903,11.18033989,0.256,0.640379216,0.698771243,0,0.128,0.313971742,0.476474091,0.64,0.627943485,0.016384,0.040212196,0.043673203,1.570796327,1.373400767,1.107148718,0,0.012633316,0.016719124,0.008189557,0.001525005,0.000217332,128,165,182,16143.705,8.459459638,0.53171682,0.147323914,0.356638409,0.033423133,1.350448604,0.009784147,0.003310631,162,169,172,192,0.476474091,0.64,0,0.313971742,0.256,0.698771243,0.016384,0.043673203,1.107148718,1.570796327,0.000217332,0.008189557,4,11.18033989,0,0.016719124,16127.98,16159.53,8
128,171,174,176,200,206,211,16175.53,16191.49,16207.56,8.246211251,6.708203932,5.385164807,0.516679903,0.417436462,0.337839699,0.125,0.187969925,0.124455508,0.5,0.37593985,0.311138769,0.032373428,0.025976133,0.02119446,1.325817664,1.107148718,1.19028995,0.013666809,0.013701062,0.005173692,0.000706236,0.000400833,0.000297553,129,173.6666667,205.6666667,16191.52667,6.779859997,0.423985355,0.145808477,0.2495214,0.026514674,1.20775211,0.010847188,0.000468207,171,176,200,211,0.311138769,0.5,0.124455508,0.187969925,0.337839699,0.516679903,0.02119446,0.032373428,1.107148718,1.325817664,0.000297553,0.000706236,5.385164807,8.246211251,0.005173692,0.013701062,16175.53,16207.56,8
129,177,179,188,214,222,239,16223.5,16239.49,16255.545,3.16227766,8.246211251,19.23538406,0.197765957,0.513622627,1.20598019,0.062735257,0.125078174,0.560573032,0.188205772,0.500312694,1.058860171,0.012368102,0.031991444,0.075610043,1.249045772,1.325817664,1.083897095,0.003686062,0.004801244,0.015068239,0.000553724,0.001227226,0.002716823,130,181.3333333,225,16239.51167,10.21462432,0.639122924,0.249462154,0.602415544,0.039989863,1.219586844,0.007851848,0.001499258,177,188,214,239,0.188205772,1.058860171,0.062735257,0.560573032,0.197765957,1.20598019,0.012368102,0.075610043,1.083897095,1.325817664,0.000553724,0.002716823,3.16227766,19.23538406,0.003686062,0.015068239,16223.5,16255.545,8
130,198,207,213,253,267,274,16271.495,16287.535,16303.56,17.20465053,16.64331698,9.219544457,1.072609138,1.038584522,0.576041516,0.626959246,0.561097258,0.374414976,0.877742945,0.872817957,0.436817472,0.066870894,0.064810266,0.035991348,0.950546841,0.999458847,0.862170055,0.008360517,0.003049377,0.008567163,0.000547909,0.000128468,0.001798372,131,206,264.6666667,16287.53,14.35583732,0.895745059,0.520823827,0.666429651,0.055890836,0.937391914,0.006659019,0.000824917,198,213,253,274,0.436817472,0.877742945,0.374414976,0.626959246,0.576041516,1.072609138,0.035991348,0.066870894,0.862170055,0.999458847,0.000128468,0.001798372,9.219544457,17.20465053,0.003049377,0.008567163,16271.495,16303.56,8
131,216,216,217,279,280,282,16319.565,16351.6,16359.545,5.830951895,1,2.236067977,0.182018164,0.125865325,0.139579774,0.187441425,0,0.125865325,0.312402375,0.031215858,0.251730649,0.005681853,0.01584208,0.008712845,1.030376827,1.570796327,1.107148718,0.010509639,0.016869658,0.058357157,0.001893752,0.00031716,0.000897324,132,216.3333333,280.3333333,16343.57,3.022339957,0.149154421,0.104435583,0.1883458,0.010078926,1.23610729,0.028578818,0.001036078,216,217,279,282,0.031215858,0.312402375,0,0.187441425,0.125865325,0.182018164,0.005681853,0.01584208,1.030376827,1.570796327,0.00031716,0.001893752,1,5.830951895,0.010509639,0.058357157,16319.565,16359.545,8
132,221,227,233,289,299,305,16375.565,16391.59,16407.5,8.062257748,11.66190379,8.485281374,0.503105009,0.732992066,0.530495865,0.24968789,0.374414978,0.377121307,0.436953807,0.624024963,0.377121307,0.031395008,0.046071154,0.033166356,1.051650213,1.030376827,0.785398163,0.003464326,0.001327512,0.015397779,0.001415865,0.000915828,0.000811112,133,227,297.6666667,16391.55167,9.403147637,0.588864313,0.333741391,0.459448494,0.036877506,0.955808401,0.006729872,0.001047602,221,233,289,305,0.377121307,0.624024963,0.24968789,0.377121307,0.503105009,0.732992066,0.031395008,0.046071154,0.785398163,1.051650213,0.000811112,0.001415865,8.062257748,11.66190379,0.001327512,0.015397779,16375.565,16407.5,8
133,235,236,241,308,308,308,16423.495,16543.635,16559.495,3.605551275,1,5,0.030011248,0.063051702,0.311429462,0.125039075,0.008323622,0.315258511,0.187558612,0,0,0.000249802,0.003975517,0.019397662,0.982793723,0,0,0.012341079,0.008180404,0,0.002057928,3.10E-05,0.000972392,134,237.3333333,308,16508.875,3.201850425,0.134830804,0.149540403,0.149540403,0.007874327,0.327597908,0.006840494,0.001020444,235,241,308,308,0,0.187558612,0.008323622,0.315258511,0.030011248,0.311429462,0.000249802,0.019397662,0,0.982793723,3.10E-05,0.002057928,1,5,0,0.012341079,16423.495,16559.495,8
134,247,251,254,308,307,304,16575.55,16591.565,16607.55,6,4.123105626,4.242640687,0.374648767,0.257935916,0.265082204,0.373715354,0.249765845,0.187675946,0,0.062441461,0.187675946,0.023393616,0.016136122,0.016562462,0,0.244978663,0.785398163,0,0.015296826,0.033807914,0.000248892,0.000453169,2.67E-05,135,250.6666667,306.3333333,16591.555,4.788582104,0.299222296,0.270385715,0.332944364,0.0186974,0.343458942,0.016368246,0.00024291,247,254,304,308,0,0.187675946,0.187675946,0.373715354,0.257935916,0.374648767,0.016136122,0.023393616,0,0.785398163,2.67E-05,0.000453169,4.123105626,6,0,0.033807914,16575.55,16607.55,8
135,257,260,260,301,299,297,16623.555,16639.55,16647.335,4.242640687,3.605551275,2,0.265247934,0.463140818,0.022355111,0.187441424,0.187558612,0,0.187441424,0.125039075,0.256904302,0.016583178,0.059491434,0.000249875,0.785398163,0.588002604,1.570796327,0,0.012341079,0.126241968,1.29E-06,0.002682604,0.007609706,136,259,299,16636.81333,3.282730654,0.250247954,0.125000012,0.21063478,0.025441496,0.981399031,0.046194349,0.003431201,257,260,297,301,0.125039075,0.256904302,0,0.187558612,0.022355111,0.463140818,0.000249875,0.059491434,0.588002604,1.570796327,1.29E-06,0.007609706,2,4.242640687,0,0.126241968,16623.555,16647.335,8
136,261,261,252,297,297,315,16751.23,16896.475,18239.485,1,0,20.1246118,0.007374903,0,1.219303956,0.069300069,0,0.006701365,0,0,0.01340273,5.44E-05,0,0.073874823,0,0,2.034443936,0,0,0.001514839,3.77E-06,0,5.50E-05,137,258,303,17295.73,7.041537266,0.408892953,0.025333811,0.029801388,0.024643071,0.678147979,0.000504946,1.96E-05,252,261,297,315,0,0.01340273,0,0.069300069,0,1.219303956,0,0.073874823,0,2.034443936,0,5.50E-05,0,20.1246118,0,0.001514839,16751.23,18239.485,8
137,247,246,241,332,345,373,18255.99,18263.115,18279.49,17.72004515,13.03840481,28.44292531,2.487023879,0.796238461,1.771041427,0.302938503,0.140350877,0.305343511,1.029990911,1.824561403,1.709923663,0.349055983,0.04862525,0.110276552,1.856847769,1.647568218,1.747505183,0.010760143,0.029372568,0.006103021,0.016672594,0.042165717,0.003764965,138,244.6666667,350,18266.19833,19.73379175,1.684767922,0.249544297,0.819518852,0.169319262,1.75064039,0.015411911,0.020867759,241,247,332,373,1.029990911,1.824561403,0.140350877,0.305343511,0.796238461,2.487023879,0.04862525,0.349055983,1.647568218,1.856847769,0.003764965,0.042165717,13.03840481,28.44292531,0.006103021,0.029372568,18255.99,18279.49,8
138,240,239,236,404,434,460,18295.55,18311.525,18327.515,31.01612484,30.01666204,26.17250466,1.941541462,1.877214638,1.093025877,0.062266501,0.062597809,0.187617261,1.93026152,1.877934274,1.626016262,0.121536242,0.11739929,0.045647353,1.603043209,1.604117323,1.685672932,0.008995142,6.72E-05,0.005100413,0.000701101,0.000258964,0.004487301,139,238.3333333,432.6666667,18311.53,29.06843051,1.637260659,0.104160524,0.646165944,0.094860962,1.630944488,0.004720931,0.001815789,236,240,404,460,1.626016262,1.93026152,0.062266501,0.187617261,1.093025877,1.941541462,0.045647353,0.121536242,1.603043209,1.685672932,0.000258964,0.004487301,26.17250466,31.01612484,6.72E-05,0.008995142,18295.55,18327.515,8
139,230,228,225,493,510,520,18351.46,18367.595,18383.545,33.54101966,17.11724277,10.44030651,2.078774075,1.073181363,0.652723134,0.250574232,0.123954137,0.188087774,1.378158278,1.053610165,0.626959246,0.128836323,0.067284098,0.040807948,1.750649827,1.687905071,1.862253121,0.002713589,0.003888736,0.010930912,0.003474169,0.003814826,0.001659947,140,227.6666667,507.6666667,18367.53333,20.36618965,1.268226191,0.187538714,0.39652513,0.078976123,1.766936006,0.005844412,0.002982981,225,230,493,520,0.626959246,1.378158278,0.123954137,0.250574232,0.652723134,2.078774075,0.040807948,0.128836323,1.687905071,1.862253121,0.001659947,0.003814826,10.44030651,33.54101966,0.002713589,0.010930912,18351.46,18383.545,8
140,225,225,225,526,533,535,18399.54,18415.54,18431.475,6,7,2,0.375,0.439284593,0.082953131,0,0,0,0.375117225,0.4375,0.125509884,0.0234375,0.027567279,0.003440611,1.570796327,1.570796327,1.570796327,0.018221744,0,0,0.001085992,0.000258111,0.001514068,141,225,531.3333333,18415.51833,5,0.299079241,0,0.041836628,0.018148463,1.570796327,0.006073915,0.000952724,225,225,526,535,0.125509884,0.4375,0,0,0.082953131,0.439284593,0.003440611,0.027567279,1.570796327,1.570796327,0.000258111,0.001514068,2,7,0,0.018221744,18399.54,18431.475,8
141,224,224,225,535,536,539,18455.585,18559.59,18567.555,1,1,3.16227766,0.009614922,0.125549278,0.198075644,0.041476566,0,0.125549278,0,0.009614922,0.376647834,9.24E-05,0.015762621,0.012406868,3.141592654,1.570796327,1.249045772,0.065151237,0.015103085,0.04039555,0.00013887,0.000150668,0.000421312,142,224.3333333,536.6666667,18527.57667,1.72075922,0.111079948,0.055675281,0.181224559,0.009420645,1.987144918,0.040216624,0.00023695,224,225,535,539,0,0.376647834,0,0.125549278,0.009614922,0.198075644,9.24E-05,0.015762621,1.249045772,3.141592654,0.00013887,0.000421312,1,3.16227766,0.015103085,0.065151237,18455.585,18567.555,8
142,229,231,232,543,545,547,18583.52,18599.555,18647.58,5.656854249,2.828427125,2.236067977,0.352781681,0.058894891,0.14010451,0.250548073,0.12472716,0.020822488,0.250548073,0.12472716,0.041644977,0.022000729,0.001226338,0.008778478,0.785398163,0.785398163,1.107148718,0.029041504,0,0.006699647,0.000600931,0.001295565,0.000157254,143,230.6666667,545,18610.21833,3.573783117,0.183927027,0.132032574,0.145914233,0.010668515,0.892648348,0.011913717,0.000684584,229,232,543,547,0.041644977,0.250548073,0.020822488,0.250548073,0.058894891,0.352781681,0.001226338,0.022000729,0.785398163,1.107148718,0.000157254,0.001295565,2.236067977,5.656854249,0,0.029041504,18583.52,18647.58,8
143,238,248,259,554,570,587,18663.54,18679.605,18695.56,9.219544457,18.86796226,20.24845673,0.573890101,1.182573629,0.847215762,0.37593985,0.622471212,0.689439047,0.438596492,0.995953939,1.065496709,0.035723007,0.074119312,0.035448358,0.862170055,1.012197011,0.996491497,0.01534954,0.009338746,0.000984363,0.001688254,0.002390059,0.002423751,144,248.3333333,570.3333333,18679.56833,16.11198782,0.867893164,0.562616703,0.917782272,0.048430226,0.956952854,0.00855755,0.002167355,238,259,554,587,0.438596492,1.065496709,0.37593985,0.689439047,0.573890101,1.182573629,0.035448358,0.074119312,0.862170055,1.012197011,0.001688254,0.002423751,9.219544457,20.24845673,0.000984363,0.01534954,18663.54,18695.56,8
144,266,267,268,596,596,597,18719.46,18727.57,18952.765,11.40175425,1,1.414213562,1.405888318,0.004440596,1.473139165,0.292887029,0.123304562,0.004440596,0.376569037,0,0.004440596,0.173352444,1.97E-05,1.534520002,0.909753158,0,0.785398163,0.003629219,0.112176715,0.003487636,0.005770045,0.021372716,0.006814096,145,267,596.3333333,18799.93167,4.605322604,0.961156026,0.140210729,0.141690928,0.569297388,0.56505044,0.039764523,0.011318952,266,268,596,597,0,0.376569037,0.004440596,0.292887029,0.004440596,1.473139165,1.97E-05,1.534520002,0,0.909753158,0.005770045,0.021372716,1,11.40175425,0.003487636,0.112176715,18719.46,18952.765,8
145,269,269,271,597,596,596,19007.325,20295.63,20303.555,1,1,2,0.009666038,0.126182966,0.125078174,0.018656716,0,0.252365931,0,0.000843989,0,9.34E-05,0.015922141,0.007822275,0,1.570796327,0,0,0.001325734,0.198207739,1.74E-06,1.34E-05,0.001022065,146,269.6666667,596.3333333,19868.83667,1.333333333,0.086975726,0.090340883,0.090340883,0.007945949,0.523598776,0.066511158,0.000345749,269,271,596,597,0,0.000843989,0,0.252365931,0.009666038,0.126182966,9.34E-05,0.015922141,0,1.570796327,1.74E-06,0.001022065,1,2,0,0.198207739,19007.325,20303.555,8
146,287,318,400,596,600,613,20319.545,20335.51,20351.515,16,31.25699922,83.02409289,1.002192294,1.952952156,5.184145669,1.000625392,1.941747569,5.123398943,0,0.250548073,0.812246174,0.062774337,0.122021378,0.32370563,0,0.128323228,0.157228051,0,0.008037784,0.001805987,0.003436652,0.003711058,0.012601328,147,335,603,20335.52333,43.4270307,2.713096706,2.688590635,2.959339359,0.169500449,0.09518376,0.003281257,0.006583013,287,400,596,613,0,0.812246174,1.000625392,5.123398943,1.002192294,5.184145669,0.062774337,0.32370563,0,0.157228051,0.003436652,0.012601328,16,83.02409289,0,0.008037784,20319.545,20351.515,8
147,513,1274,1267,641,650,634,20367.53,21128.13,21143.03,116.4173527,761.0532176,17.4642492,0.15305989,51.07739712,1.091174584,7.055885107,1.000525901,0.469798657,1.748360912,0.011832764,1.073825503,0.000201236,3.428013228,0.068177106,0.242895333,0.011825993,1.983206768,0.00534919,0.000303799,0.132307435,0.020200087,0.004506721,0.225492357,148,1018,641.6666667,20879.56333,298.3116065,17.44054387,2.842069888,3.200011723,1.165463856,0.745976031,0.045986808,0.083399722,513,1274,634,650,0.011832764,1.748360912,0.469798657,7.055885107,0.15305989,51.07739712,0.000201236,3.428013228,0.011825993,1.983206768,0.004506721,0.225492357,17.4642492,761.0532176,0.000303799,0.132307435,20367.53,21143.03,8
148,1260,1256,1252,620,609,600,21159.035,21175.08,21191.04,15.65247584,11.70469991,9.848857802,0.975536045,0.733377185,0.614977072,0.437363324,0.249298847,0.250626566,0.874726649,0.685571829,0.563909773,0.060800003,0.045950951,0.038400067,2.034443936,1.91956733,1.989020656,0.003201323,0.007159651,0.004351712,0.000460925,0.000925463,0.000473113,149,1256,609.6666667,21175.05167,12.40201119,0.774630101,0.312429579,0.500399503,0.048383674,1.981010641,0.004904229,0.000619834,1252,1260,600,620,0.563909773,0.874726649,0.249298847,0.437363324,0.614977072,0.975536045,0.038400067,0.060800003,1.91956733,2.034443936,0.000460925,0.000925463,9.848857802,15.65247584,0.003201323,0.007159651,21159.035,21191.04,8
149,1251,1245,1242,594,588,584,21207.055,21223.03,21239.055,6.08276253,8.485281374,5,0.380767608,0.529502739,0.311623559,0.062441461,0.375586855,0.187207489,0.374648767,0.375586855,0.249609985,0.023835218,0.033042293,0.019421848,1.735945004,2.35619449,2.214297436,0.015802413,0.038826259,0.00885473,0.00090945,0.000576343,0.00084995,150,1246,588.6666667,21223.04667,6.522681302,0.407297969,0.208411935,0.291615263,0.02543312,2.102145643,0.021161134,0.000778581,1242,1251,584,594,0.249609985,0.375586855,0.062441461,0.375586855,0.311623559,0.529502739,0.019421848,0.033042293,1.735945004,2.35619449,0.000576343,0.00090945,5,8.485281374,0.00885473,0.038826259,21207.055,21239.055,8
150,1239,1235,1232,580,578,575,21255.1,21271.065,21295.03,5,4.472135955,4.242640687,0.313185092,0.186611139,0.264999418,0.186974135,0.250548073,0.125182558,0.249298847,0.125274037,0.125182558,0.01961698,0.00778682,0.016552119,2.214297436,2.677945045,2.35619449,0,0.029041504,0.013425852,1.22E-05,0.000741006,0.000365754,151,1235.333333,577.6666667,21273.73167,4.571592214,0.254931883,0.187568256,0.229295775,0.014651973,2.416145657,0.014155785,0.000372974,1232,1239,575,580,0.125182558,0.249298847,0.125182558,0.250548073,0.186611139,0.313185092,0.00778682,0.01961698,2.214297436,2.677945045,1.22E-05,0.000741006,4.242640687,5,0,0.029041504,21255.1,21295.03,8
151,1229,1226,1224,574,572,572,21311.04,21327.505,21343.545,3.16227766,3.605551275,2,0.192060593,0.224784993,0.125588697,0.187382885,0.182204677,0.12468828,0.062460962,0.121469784,0,0.011664779,0.014014027,0.00788626,2.819842099,2.55359005,3.141592654,0.028959876,0.01617079,0.036658517,0.000305268,0.000142681,0.00038203,152,1226.333333,572.6666667,21327.36333,2.922609645,0.180811428,0.164758614,0.164758614,0.011188356,2.838341601,0.027263061,0.00027666,1224,1229,572,574,0,0.121469784,0.12468828,0.187382885,0.125588697,0.224784993,0.00788626,0.014014027,2.55359005,3.141592654,0.000142681,0.00038203,2,3.605551275,0.01617079,0.036658517,21311.04,21343.545,8
152,1220,1217,1213,571,570,568,21359.47,21375.485,21391.535,4.123105626,3.16227766,4.472135955,0.25745274,0.197026645,0.557970801,0.251177394,0.187324383,0.249221183,0.062794348,0.062441461,0.124610592,0.016075725,0.012275803,0.069615821,2.89661399,2.819842099,2.677945045,0.015383276,0.004793749,0.008840938,0.000514252,0.000237273,0.003572587,153,1216.666667,569.6666667,21375.49667,3.91917308,0.337483395,0.229240987,0.270777851,0.032655783,2.798133711,0.009672654,0.001441371,1213,1220,568,571,0.062441461,0.124610592,0.187324383,0.251177394,0.197026645,0.557970801,0.012275803,0.069615821,2.677945045,2.89661399,0.000237273,0.003572587,3.16227766,4.472135955,0.004793749,0.015383276,21359.47,21391.535,8
153,1212,1211,1210,568,568,567,21399.55,21415.555,21495.515,1,1,1.414213562,0.062480475,0.012506253,0.088305561,0.124766064,0.062480475,0.012506253,0,0,0.012506253,0.00390381,0.000156406,0.005513928,3.141592654,3.141592654,2.35619449,0.057847487,0,0.009822388,0.008198629,0.00023414,6.70E-05,154,1211,567.6666667,21436.87333,1.138071187,0.054430763,0.066584264,0.070753015,0.003191381,2.879793266,0.022556625,0.002833257,1210,1212,567,568,0,0.012506253,0.012506253,0.124766064,0.012506253,0.088305561,0.000156406,0.005513928,2.35619449,3.141592654,6.70E-05,0.008198629,1,1.414213562,0,0.057847487,21399.55,21495.515,8
154,1207,1201,1191,565,561,551,21511.53,21527.555,21543.545,3.605551275,7.211102551,14.14213562,0.224995399,0.45097577,0.884159775,0.187324383,0.374414976,0.62539087,0.124882922,0.249609984,0.62539087,0.014040275,0.028203613,0.05527726,2.55359005,2.55359005,2.35619449,0.012325667,0,0.012344938,0.000532398,0.000883828,0.001693161,155,1199.666667,559,21527.54333,8.319596483,0.520043648,0.395710076,0.6041737,0.032507049,2.48779153,0.008223535,0.001036462,1191,1207,551,565,0.124882922,0.62539087,0.187324383,0.62539087,0.224995399,0.884159775,0.014040275,0.05527726,2.35619449,2.55359005,0.000532398,0.001693161,3.605551275,14.14213562,0,0.012344938,21511.53,21543.545,8
155,1182,1176,1170,543,539,535,21559.54,21567.495,21591.47,12.04159458,7.211102551,7.211102551,1.513713967,0.300775914,0.448730712,0.562675835,0.754242617,0.250260688,0.500156298,0.502828411,0.166840459,0.190284597,0.012545398,0.027923504,2.414950313,2.55359005,2.55359005,0.003673387,0.017428,0,0.008440596,0.02234308,0.000641423,156,1176,539,21572.835,8.82126656,0.754406865,0.522393047,0.578006533,0.076917833,2.507376804,0.007033796,0.010475033,1170,1182,535,543,0.166840459,0.502828411,0.250260688,0.754242617,0.300775914,1.513713967,0.012545398,0.190284597,2.414950313,2.55359005,0.000641423,0.02234308,7.211102551,12.04159458,0,0.017428,21559.54,21591.47,8
156,1165,1159,1150,532,529,527,21607.54,21623.54,21639.885,5.830951895,6.708203932,9.219544457,0.364434493,0.410413212,0.589673454,0.311138768,0.375,0.550627105,0.186683261,0.1875,0.122361579,0.022777156,0.025109404,0.037714963,2.601173153,2.677945045,2.922923708,0.00296099,0.004798243,0.014987988,0.000320246,0.000145766,0.000771218,157,1158,529.3333333,21623.655,7.252900095,0.454840386,0.412255291,0.453042484,0.028533841,2.734013969,0.007582407,0.00041241,1150,1165,527,532,0.122361579,0.1875,0.311138768,0.550627105,0.364434493,0.589673454,0.022777156,0.037714963,2.601173153,2.922923708,0.000145766,0.000771218,5.830951895,9.219544457,0.00296099,0.014987988,21607.54,21639.885,8
157,1144,1143,1142,526,526,526,21655.52,21703.57,21783.605,6.08276253,1,1,0.126592352,0.012494534,0.125786164,0.383754397,0.020811655,0.012494534,0.063959066,0,0,0.002634596,0.000156113,0.015822159,2.976443976,3.141592654,3.141592654,0.003423106,0.003437017,0,0.002243708,5.16E-05,0.00019574,158,1143,526,21714.23167,2.694254177,0.088291017,0.139020195,0.139020195,0.00620429,3.086543094,0.002286708,0.000830343,1142,1144,526,526,0,0.063959066,0.012494534,0.383754397,0.012494534,0.126592352,0.000156113,0.015822159,2.976443976,3.141592654,5.16E-05,0.002243708,1,6.08276253,0,0.003437017,21655.52,21783.605,8
158,1142,1142,1142,527,528,530,21791.555,21799.565,21823.535,1,1,2,0.124843945,0.041718815,0.080160321,0,0,0,0.125786164,0.124843945,0.08343763,0.015586011,0.00174046,0.003212839,1.570796327,1.570796327,1.570796327,0.197584444,0,0,2.97E-05,0.001728533,6.14E-05,159,1142,528.3333333,21804.885,1.333333333,0.082241027,0,0.027812543,0.006846436,1.570796327,0.065861481,0.000606554,1142,1142,527,530,0.08343763,0.125786164,0,0,0.041718815,0.124843945,0.00174046,0.015586011,1.570796327,1.570796327,2.97E-05,0.001728533,1,2,0,0.197584444,21791.555,21823.535,8
159,1141,1137,1121,527,521,506,23158.765,23166.72,23182.71,3.16227766,7.211102551,21.9317122,0.397520763,0.45097577,1.37244757,0.000868082,0.502828411,1.000625392,0.002604246,0.754242617,0.938086305,0.049971183,0.028203613,0.08588533,1.892546881,2.15879893,2.388441373,0.001642886,0.033469774,0.014361629,4.34E-05,0.002736338,0.003607362,160,1133,518,23169.39833,10.76836414,0.740314701,0.501440628,0.814136063,0.054686709,2.146595728,0.016491429,0.002129026,1121,1141,506,527,0.002604246,0.938086305,0.000868082,1.000625392,0.397520763,1.37244757,0.028203613,0.08588533,1.892546881,2.388441373,4.34E-05,0.003607362,3.16227766,21.9317122,0.001642886,0.033469774,23158.765,23182.71,8
160,1105,1089,1074,493,479,469,23198.69,23214.725,23230.715,20.61552813,21.26029163,18.02775638,1.285658133,1.329599227,1.126031003,1.001251563,0.997817276,0.938086305,0.813516895,0.873090117,0.62539087,0.080178243,0.083151922,0.070332979,2.459276099,2.422762654,2.55359005,0.004432711,0.002277109,0.008181826,0.000357139,0.000185449,0.000801685,161,1089.333333,480.3333333,23214.71,19.96785871,1.247096121,0.979051715,1.187515338,0.077887715,2.478542934,0.004963882,0.000448091,1074,1105,469,493,0.62539087,0.873090117,0.938086305,1.001251563,1.126031003,1.329599227,0.070332979,0.083151922,2.422762654,2.55359005,0.000185449,0.000801685,18.02775638,21.26029163,0.002277109,0.008181826,23198.69,23230.715,8
161,1060,1043,1036,462,456,454,23246.725,23262.765,23270.725,15.65247584,18.02775638,7.280109889,0.975840139,2.264793526,0.896013519,0.874453465,1.059850373,0.879396989,0.437226733,0.374064838,0.251256283,0.060837914,0.284521801,0.110278586,2.677945045,2.802300039,2.863292995,0.007767333,0.007752805,0.007662432,0.000593071,0.01394538,0.021889851,162,1046.333333,457.3333333,23260.07167,13.65344737,1.378882395,0.937900276,1.02165237,0.151879434,2.781179359,0.007727523,0.012142767,1036,1060,454,462,0.251256283,0.437226733,0.874453465,1.059850373,0.896013519,2.264793526,0.060837914,0.284521801,2.677945045,2.863292995,0.000593071,0.021889851,7.280109889,18.02775638,0.007662432,0.007767333,23246.725,23270.725,8
162,1026,1007,987,452,446,440,23278.85,23294.705,23310.705,10.19803903,19.92485885,20.88061302,0.643206498,1.245303682,0.869844324,1.230769223,1.198360138,1.250000004,0.246153845,0.378429517,0.375000001,0.040568054,0.07783148,0.036235964,2.944197094,2.835713782,2.850135859,0.009957428,0.006842215,0.00090138,0.008579758,0.002350263,0.00259972,163,1006.666667,446,23294.75333,17.0011703,0.919451501,1.226376455,1.351376456,0.051545166,2.876682245,0.005900341,0.004509914,987,1026,440,452,0.246153845,0.378429517,1.198360138,1.250000004,0.643206498,1.245303682,0.036235964,0.07783148,2.835713782,2.944197094,0.002350263,0.008579758,10.19803903,20.88061302,0.00090138,0.009957428,23278.85,23310.705,8
163,962,949,937,435,432,431,23334.71,23350.715,23366.715,25.49509757,13.34166406,12.04159458,1.592945798,0.833854007,0.760441715,1.041449697,0.812246171,0.750000003,0.208289939,0.187441424,0.0625,0.09952801,0.052115876,0.048022843,2.944197094,2.914793806,3.058451422,0.003918402,0.001837131,0.008978601,0.002636619,0.002962333,0.000255815,164,949.3333333,432.6666667,23350.71333,16.95945207,1.06241384,0.867898624,0.888731957,0.066555576,2.972480774,0.004911378,0.001951589,937,962,431,435,0.0625,0.208289939,0.750000003,1.041449697,0.760441715,1.592945798,0.048022843,0.09952801,2.914793806,3.058451422,0.000255815,0.002962333,12.04159458,25.49509757,0.001837131,0.008978601,23334.71,23366.715,8
164,924,911,891,428,426,420,23382.55,23398.545,23414.545,13.34166406,13.15294644,20.88061302,0.834114664,0.822059152,1.264342299,0.820966213,0.812753984,1.25,0.189453741,0.125039075,0.375,0.052148463,0.051378697,0.076557209,2.914793806,2.988943325,2.850135859,0.009072158,0.004635794,0.008675467,0.000260538,4.81E-05,0.001573657,165,908.6666667,424.6666667,23398.54667,15.79174117,0.973505371,0.961240066,1.086240066,0.060028123,2.917957663,0.007461139,0.00062744,891,924,420,428,0.125039075,0.375,0.812753984,1.25,0.822059152,1.264342299,0.051378697,0.076557209,2.850135859,2.988943325,4.81E-05,0.001573657,13.15294644,20.88061302,0.004635794,0.009072158,23382.55,23414.545,8
165,864,841,820,412,404,395,23431.06,23447.18,23463.21,28.16025568,24.35159132,22.84731932,1.746914126,1.519126096,1.433332453,1.634877388,1.426799009,1.310043668,0.484408115,0.496277916,0.561447286,0.108369363,0.094767692,0.08992048,2.853537207,2.806855816,2.736700867,0.000205955,0.002895868,0.004376478,0.001926258,0.000843776,0.000302384,166,841.6666667,403.6666667,23447.15,25.11972211,1.566457558,1.457240021,1.644389117,0.097685845,2.799031297,0.002492767,0.001024139,820,864,395,412,0.484408115,0.561447286,1.310043668,1.634877388,1.433332453,1.746914126,0.08992048,0.108369363,2.736700867,2.853537207,0.000302384,0.001926258,22.84731932,28.16025568,0.000205955,0.004376478,23431.06,23463.21,8
166,809,801,791,389,385,381,23479.15,23495.36,23519.28,12.52996409,8.94427191,10.77032961,0.772977425,0.373924411,0.678873598,0.690087829,0.493522516,0.418060201,0.376411543,0.246761258,0.16722408,0.04768522,0.015632291,0.042790646,2.642245932,2.677945045,2.761086276,0.005925655,0.002202289,0.003475804,0.00264964,0.001977355,0.001135383,167,800.3333333,385,23497.93,10.74818854,0.608591811,0.533890182,0.589631542,0.035369386,2.693759084,0.003867916,0.001920793,791,809,381,389,0.16722408,0.376411543,0.418060201,0.690087829,0.373924411,0.772977425,0.015632291,0.04768522,2.642245932,2.761086276,0.001135383,0.00264964,8.94427191,12.52996409,0.002202289,0.005925655,23479.15,23519.28,8
167,784,775,764,377,375,370,23535.145,23551.17,23567.135,8.062257748,9.219544457,12.08304597,0.503105007,0.577484778,0.754012228,0.441222819,0.561622464,0.689007205,0.252127325,0.124804992,0.313185093,0.031395008,0.036171925,0.047052245,2.622446539,2.922923708,2.71496516,0.008738717,0.018750525,0.013025903,0.000718288,0.000298092,0.000681511,168,774.3333333,374,23551.15,9.788282726,0.611534004,0.563950829,0.66834586,0.038206393,2.753445136,0.013505048,0.000565963,764,784,370,377,0.124804992,0.313185093,0.441222819,0.689007205,0.503105007,0.754012228,0.031395008,0.047052245,2.622446539,2.922923708,0.000298092,0.000718288,8.062257748,12.08304597,0.008738717,0.018750525,23535.145,23567.135,8
168,748,731,720,362,357,354,23583.16,23599.165,23615.495,17.88854382,17.72004515,11.40175425,1.117684713,1.085122176,0.713948293,0.998439936,1.062168074,0.673606858,0.499219968,0.312402375,0.183710961,0.069833472,0.066449613,0.044705591,2.677945045,2.855541212,2.875340604,0.002310148,0.011096293,0.001212455,0.001421605,0.000211425,0.001331538,169,733,357.6666667,23599.27333,15.67011441,0.972251728,0.911404956,0.972641943,0.060329559,2.802942287,0.004872965,0.00098819,720,748,354,362,0.183710961,0.499219968,0.673606858,1.062168074,0.713948293,1.117684713,0.044705591,0.069833472,2.677945045,2.875340604,0.000211425,0.001421605,11.40175425,17.88854382,0.001212455,0.011096293,23583.16,23615.495,8
169,714,713,711,352,352,352,23631.465,23639.52,24423.62,6.32455532,1,2,0.785171364,0.004014613,0.252525252,0.375704446,0.124146493,0.006082448,0.125234815,0,0,0.097476271,1.61E-05,0.031884502,2.819842099,3.141592654,3.141592654,0.003475173,0.039944203,0.009554286,0.003304363,0.012099336,9.70E-05,170,712.6666667,352,23898.20167,3.108185107,0.347237076,0.168644462,0.168644462,0.04312563,3.034342469,0.017657887,0.005166889,711,714,352,352,0,0.125234815,0.006082448,0.375704446,0.004014613,0.785171364,1.61E-05,0.097476271,2.819842099,3.141592654,9.70E-05,0.012099336,1,6.32455532,0.003475173,0.039944203,23631.465,24423.62,8
170,704,682,679,352,352,352,24431.54,24455.695,24471.45,7,22,3,0.289795074,1.396382101,0.014935776,0.883838383,0.910784517,0.190415741,0,0,0,0.011997312,0.088631044,7.44E-05,3.141592654,3.141592654,3.141592654,0,0,0,0.002511009,0.003172583,0.005620862,171,688.3333333,352,24452.895,10.66666667,0.56703765,0.661679547,0.661679547,0.033567572,3.141592654,0,0.003768151,679,704,352,352,0,0,0.190415741,0.910784517,0.014935776,1.396382101,7.44E-05,0.088631044,3.141592654,3.141592654,0.002511009,0.005620862,3,22,0,0,24431.54,24471.45,8
171,673,661,618,347,335,297,26031.595,26039.535,26055.495,7.810249676,16.97056275,57.38466694,0.983658652,1.063318469,3.594404437,0.005064124,1.511335016,2.694235591,0.004220104,1.511335016,2.380952382,0.12388648,0.066623964,0.225142777,2.446854377,2.35619449,2.417844661,0.002065196,0.011418122,0.003862793,0.000104563,0.007211904,0.009932256,172,650.6666667,326.3333333,26042.20833,27.38849312,1.880460519,1.40354491,2.197195705,0.138551074,2.406964509,0.005782037,0.005749574,618,673,297,347,0.004220104,2.380952382,0.005064124,2.694235591,0.983658652,3.594404437,0.066623964,0.225142777,2.35619449,2.446854377,0.000104563,0.009932256,7.810249676,57.38466694,0.002065196,0.011418122,26031.595,26055.495,8
172,565,502,403,260,225,183,26071.46,26087.545,26111.925,64.63745044,72.06941099,107.54069,4.018492424,2.956087405,6.895844177,3.319761974,3.916692582,4.060705493,2.31756968,2.175940324,1.722723543,0.249828563,0.121250509,0.442183019,2.532134116,2.634494149,2.740363855,0.007158751,0.006363695,0.004342482,0.001546244,0.007993662,0.013163762,173,490,222.6666667,26090.31,81.41585047,4.623474669,3.765720016,4.339961197,0.271087363,2.63566404,0.005954976,0.007567889,403,565,183,260,1.722723543,2.31756968,3.319761974,4.060705493,2.956087405,6.895844177,0.121250509,0.442183019,2.532134116,2.740363855,0.001546244,0.013163762,64.63745044,107.54069,0.004342482,0.007158751,26071.46,26111.925,8
173,348,317,301,165,154,147,26127.52,26143.475,26159.445,57.87054518,32.89376841,17.4642492,3.62711032,2.059722504,1.089472813,3.5267714,1.942964587,1.001878522,1.154216095,0.689439047,0.438321853,0.227333771,0.128974484,0.067964617,2.825306526,2.8006137,2.729182212,0.005446789,0.001547654,0.004472855,0.013776803,0.006164794,0.00382028,174,322,155.3333333,26143.48,36.0761876,2.258768546,2.157204836,2.303312121,0.141424291,2.785034146,0.003822433,0.007920626,301,348,147,165,0.438321853,1.154216095,1.001878522,3.5267714,1.089472813,3.62711032,0.067964617,0.227333771,2.729182212,2.825306526,0.00382028,0.013776803,17.4642492,57.87054518,0.001547654,0.005446789,26127.52,26159.445,8
174,291,280,266,143,139,137,26175.475,26191.51,26207.42,10.77032961,11.70469991,14.14213562,0.67167631,0.735681955,0.881954203,0.623830318,0.685999377,0.879949716,0.249532127,0.249454319,0.125707102,0.041888139,0.046240223,0.055001821,2.761086276,2.79282165,2.999695599,0.001990272,0.001979131,0.013002762,0.00162673,0.000271412,0.000550698,175,279,139.6666667,26191.46833,12.20572172,0.763104156,0.729926471,0.771828838,0.047710061,2.851201175,0.005657389,0.00081628,266,291,137,143,0.125707102,0.249532127,0.623830318,0.879949716,0.67167631,0.881954203,0.041888139,0.055001821,2.761086276,2.999695599,0.000271412,0.00162673,10.77032961,14.14213562,0.001979131,0.013002762,26175.475,26207.42,8
175,252,245,239,135,133,133,26223.455,26239.445,26256.015,14.14213562,7.280109889,6,0.88443625,0.439354851,0.25635548,0.873090117,0.437773609,0.36210018,0.12472716,0.125078174,0,0.055311836,0.026515078,0.010953022,2.999695599,2.863292995,3.141592654,0,0.008530494,0.016795393,1.93E-05,0.001800923,0.000939171,176,245.3333333,133.6666667,26239.63833,9.140748504,0.526715527,0.557654635,0.557654635,0.030926645,3.001527082,0.008441962,0.000919809,239,252,133,135,0,0.125078174,0.36210018,0.873090117,0.25635548,0.88443625,0.010953022,0.055311836,2.863292995,3.141592654,1.93E-05,0.001800923,6,14.14213562,0,0.016795393,26223.455,26256.015,8
176,234,229,225,133,137,146,26279.42,26295.475,26311.52,5,6.403124237,9.848857802,0.311429461,0.399072872,0.618646848,0.213629566,0.311429461,0.249298847,0,0.249143569,0.560922406,0.019397662,0.024872102,0.038859727,3.141592654,2.466851711,1.989020656,0,0.042026842,0.029780683,0.000360805,0.00034098,0.000871775,177,229.3333333,138.6666667,26295.47167,7.083994013,0.443049727,0.258119291,0.445093427,0.02770983,2.53248834,0.023935841,0.00052452,225,234,133,146,0,0.560922406,0.213629566,0.311429461,0.311429461,0.618646848,0.019397662,0.038859727,1.989020656,3.141592654,0.00034098,0.000871775,5,9.848857802,0,0.042026842,26279.42,26311.52,8
177,224,224,224,154,162,171,26327.44,26343.45,26359.43,8.062257748,8,9,0.503576373,0.500625783,0.559353634,0.06281407,0,0,0.502512564,0.499687695,0.563204006,0.031453865,0.031328272,0.034764054,1.695151321,1.570796327,1.570796327,0.018459129,0.007767333,0,0.000465192,7.84E-06,0.000215005,178,224,162.3333333,26343.44,8.354085916,0.521185264,0.020938023,0.208672692,0.032515397,1.612247992,0.008742154,0.000229347,224,224,154,171,0.499687695,0.563204006,0,0.06281407,0.500625783,0.559353634,0.031328272,0.034764054,1.570796327,1.695151321,7.84E-06,0.000465192,8,9,0,0.018459129,26327.44,26359.43,8
178,224,227,233,179,192,206,26375.52,26391.44,26407.485,8,13.34166406,15.23154621,0.502512564,0.831515367,0.953461422,0,0.188442211,0.373948271,0.49720323,0.816582916,0.872545965,0.03156486,0.051823956,0.059684596,1.570796327,1.343997479,1.165904541,0,0.014246159,0.011099591,0.000198831,0.001272556,0.000489912,179,228,192.3333333,26391.48167,12.19107009,0.762496451,0.187463494,0.478312149,0.047691137,1.360232782,0.008448583,0.000653767,224,233,179,206,0.49720323,0.872545965,0,0.373948271,0.502512564,0.953461422,0.03156486,0.059684596,1.165904541,1.570796327,0.000198831,0.001272556,8,15.23154621,0,0.014246159,26375.52,26407.485,8
179,239,245,260,219,231,253,26423.46,26439.885,26463.635,14.31782106,13.41640786,26.62705391,0.871709043,0.564901384,1.743178651,0.375586855,0.365296803,0.631578948,0.813771519,0.730593606,0.92631579,0.053072088,0.023785321,0.114119715,1.138388551,1.107148718,0.972377433,0.001722441,0.001901969,0.00567458,0.000413929,0.00178306,0.003803553,180,248,234.3333333,26442.32667,18.12042761,1.059929693,0.457487535,0.766259465,0.063659041,1.072638234,0.003099663,0.002000181,239,260,219,253,0.730593606,0.92631579,0.365296803,0.631578948,0.564901384,1.743178651,0.023785321,0.114119715,0.972377433,1.138388551,0.000413929,0.003803553,13.41640786,26.62705391,0.001722441,0.00567458,26423.46,26463.635,8
180,266,268,268,260,261,263,26478.91,26486.955,26911.61,9.219544457,2.236067977,2,1.14599683,0.005265611,0.127591706,0.39279869,0.248601617,0,0.458265139,0.124300808,0.004709706,0.142448332,1.24E-05,0.008139822,0.862170055,0.463647609,1.570796327,0.007214886,0.049536662,0.002607172,0.001854574,0.017704902,1.91E-05,181,267.3333333,261.3333333,26625.825,4.485204145,0.426284716,0.213800102,0.215370004,0.050200185,0.965537997,0.01978624,0.006526205,266,268,260,263,0.004709706,0.458265139,0,0.39279869,0.005265611,1.14599683,1.24E-05,0.142448332,0.463647609,1.570796327,1.91E-05,0.017704902,2,9.219544457,0.002607172,0.049536662,26478.91,26911.61,8
181,268,268,268,267,272,274,26927.285,26943.31,26951.26,4,5,2,0.249609984,0.628930818,0.127591707,0,0,0,0.255183413,0.31201248,0.251572327,0.015576286,0.079110795,0.008139822,1.570796327,1.570796327,1.570796327,0,0,0,0.000474416,0.003964712,0.008927166,182,268,271,26940.61833,3.666666667,0.335377503,0,0.083857442,0.034275634,1.570796327,0,0.004455431,268,268,267,274,0.251572327,0.31201248,0,0,0.127591707,0.628930818,0.008139822,0.079110795,1.570796327,1.570796327,0.000474416,0.008927166,2,5,0,0,26927.285,26951.26,8
182,268,268,268,275,279,280,26966.935,27087.485,27095.245,1,4,1,0.008295313,0.515463917,0.017349063,0,0,0,0.063795853,0.033181253,0.128865979,6.88E-05,0.066425762,0.00030099,1.570796327,1.570796327,1.570796327,0,0,0,0.000514897,0.000550452,0.008521234,183,268,278,27049.88833,2,0.180369431,0,0.042955326,0.022265188,1.570796327,0,0.003195527,268,268,275,280,0.033181253,0.128865979,0,0,0.008295313,0.515463917,6.88E-05,0.066425762,1.570796327,1.570796327,0.000514897,0.008521234,1,4,0,0,26966.935,27095.245,8
183,269,270,0,280,280,0,27158.96,27199.15,0,1,1,0,0.024881811,0.006963788,0,0.164609054,0.024881811,0,0,0,0,0.000619105,4.85E-05,0,0,0,0,0,0,0,0.00010191,1.42E-05,0,184,179.6666667,186.6666667,18119.37,0.666666667,0.0106152,0.063163622,0.063163622,0.000222533,0,0,3.87E-05,0,270,0,280,0,0,0,0.164609054,0,0.024881811,0,0.000619105,0,0,0,0.00010191,0,1,0,0,0,27199.15,8
