,x0,x1,x2,y0,y1,y2,t0,t1,t2,d0,d1,d2,TV0,TV1,TV2,HV0,HV1,HV2,VV0,VV1,VV2,A0,A1,A2,AM0,AM1,AM2,AV0,AV1,AV2,J0,J1,J2,Seg_id,avg_x,avg_y,avg_t,avg_d,avg_tv,avg_hv,avg_vv,avg_a,avg_am,avg_av,avg_j,min_x,max_x,min_y,max_y,min_vv,max_vv,min_hv,max_hv,min_tv,max_tv,min_a,max_a,min_am,max_am,min_j,max_j,min_d,max_d,min_av,max_av,min_t,max_t,label
0,742,741,740.0,288,288,288.0,631.0,638.5999999940395,663.0,0.0,1.0,1.0,0.0,0.0409836065473655,0.1298701300711912,0.0,0.1315789474716147,0.0409836065473655,0.0,0.0,0.0,0.0,0.0016796560056292,0.0168662506847081,0.0,3.141592653589793,3.141592653589793,0.0,0.413367454743902,0.0,0.0,0.000221007369335,0.0006224014211216,1.0,741.0,288.0,644.1999999980131,0.6666666666666666,0.05695124553951889,0.05752085133966006,0.05752085133966006,0.006181968896779099,2.0943951023931953,0.13778915158130067,0.00028113626348553333,740.0,742.0,288.0,288.0,0.0,0.0,0.0,0.1315789474716147,0.0,0.1298701300711912,0.0,0.0168662506847081,0.0,3.141592653589793,0.0,0.0006224014211216,0.0,1.0,0.0,0.413367454743902,631.0,663.0,2
1,738,736,734.0,288,288,289.0,670.6999999880791,694.6999999880791,710.6999999880791,2.0,2.0,2.23606797749979,0.0833333333333333,0.125,0.0559016994374947,0.2597402601423825,0.0833333333333333,0.125,0.0,0.0,0.0625,0.0034722222222222,0.0078125,0.0013975424859373,3.141592653589793,3.141592653589793,2.677945044588987,0.0,0.0,0.0289779755625503,0.0017394842186002,0.0001808449074074,0.0004009348446289,2.0,736.0,288.3333333333333,692.0333333214124,2.0786893258332633,0.08807834425694266,0.15602453115857193,0.1768578644919053,0.0042274215693865,2.9870434505895247,0.009659325187516768,0.0007737546568788333,734.0,738.0,288.0,289.0,0.0,0.0625,0.0833333333333333,0.2597402601423825,0.0559016994374947,0.125,0.0013975424859373,0.0078125,2.677945044588987,3.141592653589793,0.0001808449074074,0.0017394842186002,2.0,2.23606797749979,0.0,0.0289779755625503,670.6999999880791,710.6999999880791,2
2,734,734,734.0,290,291,295.0,750.6999999880791,766.3999999910593,790.3999999910593,1.0,1.0,4.0,0.0636942675038328,0.0416666666666666,0.2547770700153315,0.0,0.0,0.0,0.025,0.0636942675038328,0.1666666666666666,0.0040569597128498,0.0017361111111111,0.0162278388513992,1.5707963267948966,1.5707963267948966,1.5707963267948966,0.0276787179448522,0.0,0.0,6.648543067281134e-05,0.000147824751675,0.0006038219891786,3.0,734.0,292.0,769.1666666567326,2.0,0.12004600139527698,0.0,0.05555555555555553,0.007340303225120033,1.5707963267948966,0.009226239314950733,0.0002727107238421371,734.0,734.0,290.0,295.0,0.025,0.1666666666666666,0.0,0.0,0.0416666666666666,0.2547770700153315,0.0017361111111111,0.0162278388513992,1.5707963267948966,1.5707963267948966,6.648543067281134e-05,0.0006038219891786,1.0,4.0,0.0,0.0276787179448522,750.6999999880791,790.3999999910593,2
3,734,734,734.0,297,299,302.0,806.0999999940395,814.1999999880791,846.2999999970198,2.0,2.0,3.0,0.2469135804286073,0.062305295932802,0.1875,0.0,0.0,0.0,0.1273885350076657,0.2469135804286073,0.0934579438992031,0.0304831581000371,0.001940974950637,0.01171875,1.5707963267948966,1.5707963267948966,1.5707963267948966,0.0,0.0,0.0,0.0009079821175752,0.0035237263173337,0.0003046035840074,4.0,734.0,299.3333333333333,822.1999999930462,2.3333333333333335,0.16557295878713643,0.0,0.031152647966401034,0.0147142943502247,1.5707963267948966,0.0,0.0015787706729721,734.0,734.0,297.0,302.0,0.0934579438992031,0.2469135804286073,0.0,0.0,0.062305295932802,0.2469135804286073,0.001940974950637,0.0304831581000371,1.5707963267948966,1.5707963267948966,0.0003046035840074,0.0035237263173337,2.0,3.0,0.0,0.0,806.0999999940395,846.2999999970198,2
4,734,734,737.0,307,311,319.0,862.2999999970198,878.1999999880791,894.2999999970198,5.0,4.0,8.54400374531753,0.3144654089818579,0.2484472048309757,0.5373587264227605,0.0,0.0,0.1863354036232317,0.3125,0.2515723271854863,0.4968944096619514,0.0197776986892254,0.0154315033970812,0.0337961463349007,1.5707963267948966,1.5707963267948966,1.2120256565243244,0.0,0.0,0.0222838925510148,0.0005036842930765,0.0002733456160118,0.001140661051405,5.0,735.0,312.3333333333333,878.2666666607062,5.848001248439178,0.36675711341186473,0.0621118012077439,0.227743271095061,0.023001782807069094,1.4512061033713726,0.0074279641836716,0.0006392303201644333,734.0,737.0,307.0,319.0,0.2515723271854863,0.4968944096619514,0.0,0.1863354036232317,0.2484472048309757,0.5373587264227605,0.0154315033970812,0.0337961463349007,1.2120256565243244,1.5707963267948966,0.0002733456160118,0.001140661051405,4.0,8.54400374531753,0.0,0.0222838925510148,862.2999999970198,894.2999999970198,2
5,738,740,747.0,323,328,337.0,910.1999999880792,926.5999999940396,942.5,4.123105625617661,5.385164807134504,11.40175425099138,0.2514088795194601,0.3386896103846387,0.7126096406869612,0.0628930817963715,0.1219512194678728,0.440251572162006,0.2515723271854863,0.304878048669682,0.5660377356368649,0.0153298097212248,0.0213012333495392,0.044538102542935,1.3258176636680326,1.1902899496825317,0.9097531579442096,0.0071567300130625,0.0082638849961124,0.0176438233731545,0.0011614048191232,0.0003641111967161,0.0014614383135022,6.0,741.6666666666666,329.3333333333333,926.4333333273729,6.970008227914515,0.4342360435303534,0.20836529114208344,0.39704453635437176,0.027056381871233003,1.1419535904315912,0.011021479460776466,0.0009956514431138333,738.0,747.0,323.0,337.0,0.2515723271854863,0.5660377356368649,0.0628930817963715,0.440251572162006,0.2514088795194601,0.7126096406869612,0.0153298097212248,0.044538102542935,0.9097531579442096,1.3258176636680326,0.0003641111967161,0.0014614383135022,4.123105625617661,11.40175425099138,0.0071567300130625,0.0176438233731545,910.1999999880792,942.5,2
6,754,775,808.0,343,355,367.0,958.5,974.5,990.6999999880792,9.219544457292889,24.186773244895647,35.11409973215888,0.5762215285808054,1.4930106952280076,2.2084339445909174,0.4375,1.3125,2.0370370385360106,0.375,0.75,0.7407407412858221,0.0360138455363003,0.0921611540942379,0.1388952165888702,0.7086262721276703,0.5191461142465229,0.348771003583907,0.0125704303635337,0.0118425098675717,0.0105169821474066,0.0005327660629146,0.003509206784871,0.0028848186746309,7.0,779.0,355.0,974.566666662693,22.840139144782473,1.42588872279991,1.2623456795120036,1.5092592599406107,0.08902340540646947,0.5255144633193667,0.011643307459504001,0.002308930507472167,754.0,808.0,343.0,367.0,0.375,0.75,0.4375,2.0370370385360106,0.5762215285808054,2.2084339445909174,0.0360138455363003,0.1388952165888702,0.348771003583907,0.7086262721276703,0.0005327660629146,0.003509206784871,9.219544457292889,35.11409973215888,0.0105169821474066,0.0125704303635337,958.5,990.6999999880792,2
7,851,899,928.0,373,377,377.0,1006.5999999940396,1030.3999999910593,1046.5999999940395,43.41658669218482,48.16637831516918,29.0,1.8242263318328336,2.9732332287844603,1.8125,2.7044025147094657,2.01680672294162,1.7901234564608035,0.3773584904245766,0.1680672269118016,0.0,0.0766481652126581,0.1835329153233018,0.11328125,0.138639737134158,0.0831412318884412,0.0,0.0132158029164136,0.0023318699685994,0.0051321748069843,0.003914908890118,0.0044909558875641,0.0043365225500233,8.0,892.6666666666666,375.6666666666667,1027.8666666597128,40.194321669118004,2.203319853539098,2.1704442313706296,2.1704442313706296,0.12448744351198664,0.07392698967419974,0.006893282563999101,0.004247462442568467,851.0,928.0,373.0,377.0,0.0,0.3773584904245766,1.7901234564608035,2.7044025147094657,1.8125,2.9732332287844603,0.0766481652126581,0.1835329153233018,0.0,0.138639737134158,0.003914908890118,0.0044909558875641,29.0,48.16637831516918,0.0023318699685994,0.0132158029164136,1006.5999999940396,1046.5999999940395,2
8,947,965,983.0,377,377,373.0,1062.5999999940395,1078.5,1094.5,19.0,18.0,18.43908891458577,1.1949685530111591,1.125,1.1452850261746712,1.1875,1.1320754712737298,1.125,0.0,0.0,0.25,0.0751552548781886,0.0703125,0.0711357159378057,0.0,0.0,0.2186689458739419,0.0,0.0,0.0136668091171213,0.0023828746951132,0.0003045757783882,5.1450996112861226e-05,9.0,965.0,375.6666666666667,1078.5333333313465,18.47969630486192,1.1550845263952767,1.1481918237579098,1.2315251570912433,0.07220115693866476,0.0728896486246473,0.004555603039040433,0.0009129671565380871,947.0,983.0,373.0,377.0,0.0,0.25,1.125,1.1875,1.125,1.1949685530111591,0.0703125,0.0751552548781886,0.0,0.2186689458739419,5.1450996112861226e-05,0.0023828746951132,18.0,19.0,0.0,0.0136668091171213,1062.5999999940395,1094.5,2
9,1003,1024,1038.0,367,355,350.0,1110.5999999940395,1126.5,1142.5,20.8806130178211,24.186773244895647,14.866068747318506,1.3132461012574557,1.511673327805978,0.923358307628705,1.2422360253046152,1.320754716486018,0.875,0.3726708075913845,0.7547169808491532,0.3125,0.0825940943877456,0.0944795829878736,0.0573514477000339,0.2914567944778671,0.5191461142465229,0.3430239404207034,0.0045209843870107,0.0143200829989497,0.0110076358641137,0.0007117005251044,0.0007475150060171,0.0023205084554899,10.0,1021.6666666666666,357.3333333333333,1126.5333333313465,19.97781833667842,1.249425912230713,1.145996913930211,1.2501635805968778,0.07814170835855103,0.38454228304836446,0.0099495677500247,0.0012599079955371332,1003.0,1038.0,350.0,367.0,0.3125,0.7547169808491532,0.875,1.320754716486018,0.923358307628705,1.511673327805978,0.0573514477000339,0.0944795829878736,0.2914567944778671,0.5191461142465229,0.0007117005251044,0.0023205084554899,14.866068747318506,24.186773244895647,0.0045209843870107,0.0143200829989497,1110.5999999940395,1142.5,2
10,1050,1057,1065.0,343,336,329.0,1158.5999999940395,1174.5999999940395,1190.5,13.892443989449804,9.899494936611664,10.63014581273465,0.8682777493406127,0.6226097442075863,0.442922742197277,0.7453416151827691,0.4375,0.5031446538994355,0.4347826088566153,0.4375,0.440251572162006,0.0542673593337883,0.0391578455329677,0.0184551142582198,0.5280744484263596,0.7853981633974483,0.7188299996216245,0.0114938203772773,0.016082732185693,0.0041866769654634,0.0001915582836886,0.0009443446125512,0.0013020585702507,11.0,1057.3333333333333,336.0,1174.566666662693,11.474028246265371,0.6446034119151587,0.5619954230274015,0.7087459470814035,0.037293439708325264,0.6774342038151442,0.010587743176144566,0.0008126538221635,1050.0,1065.0,329.0,343.0,0.4347826088566153,0.440251572162006,0.4375,0.7453416151827691,0.442922742197277,0.8682777493406127,0.0184551142582198,0.0542673593337883,0.5280744484263596,0.7853981633974483,0.0001915582836886,0.0013020585702507,9.899494936611664,13.892443989449804,0.0041866769654634,0.016082732185693,1158.5999999940395,1190.5,2
11,1069,1070,1070.0,325,324,323.0,1214.5,1222.5999999940395,1270.5999999940395,5.656854249492381,1.4142135623730951,1.0,0.6983770683524732,0.0294627825494394,0.0418410041736656,0.1666666666666666,0.1234567902143036,0.0,0.1666666666666666,0.1234567902143036,0.0208333333333333,0.0862193912180717,0.0006138079697799,0.0017506696302607,0.7853981633974483,0.7853981633974483,1.5707963267948966,0.0027736734906593,0.0,0.0163624617374468,0.0028235115399938,0.0105685905322574,2.3684617926681542e-05,12.0,1069.6666666666667,324.0,1235.8999999960263,2.690355937288492,0.2565602850251927,0.09670781896032339,0.10365226340476784,0.029527956272704103,1.0471975511965976,0.006378711742702033,0.004471928896725961,1069.0,1070.0,323.0,325.0,0.0208333333333333,0.1666666666666666,0.0,0.1666666666666666,0.0294627825494394,0.6983770683524732,0.0006138079697799,0.0862193912180717,0.7853981633974483,1.5707963267948966,2.3684617926681542e-05,0.0105685905322574,1.0,5.656854249492381,0.0,0.0163624617374468,1214.5,1270.5999999940395,2
12,1070,1059,1027.0,321,315,311.0,1294.5,1310.5,1326.5,2.0,12.529964086141668,32.2490309931942,0.125,0.7831227553838542,2.003045404045545,0.0,0.6875,2.0,0.0836820083473312,0.375,0.25,0.0078125,0.0489451722114908,0.1244127580613107,1.5707963267948966,2.642245931909663,3.017237659043032,0.0,0.0669656003196729,0.0234369829458355,0.0002536330698003,0.0025707920132181,0.0047167241156137,13.0,1052.0,315.6666666666667,1310.5,15.59299835977862,0.9703893864764664,0.8958333333333334,0.9791666666666666,0.06039014342426716,2.4100933059158636,0.030134194421836135,0.0025137163995440337,1027.0,1070.0,311.0,321.0,0.0836820083473312,0.375,0.0,2.0,0.125,2.003045404045545,0.0078125,0.1244127580613107,1.5707963267948966,3.017237659043032,0.0002536330698003,0.0047167241156137,2.0,32.2490309931942,0.0,0.0669656003196729,1294.5,1326.5,2
13,979,897,787.0,305,298,289.0,1342.5999999940395,1358.5,1374.5999999940395,48.373546489791295,82.29823813423954,110.3675676999362,3.0423614133117867,5.111691811472522,4.617889860770353,2.9813664607310764,5.157232702469214,6.832298139175383,0.3726708075913845,0.440251572162006,0.5590062113870768,0.1913434850422195,0.3174963859232886,0.1932171489380204,3.017237659043032,3.0564332609700866,3.059956311460723,0.0,0.002465132195746,0.0002188230119217,0.0041571880127756,0.0079341447065269,0.0077192072690234,14.0,887.6666666666666,297.3333333333333,1358.566666662693,80.34645077465568,4.257314361851553,4.990299100791891,5.176634504587583,0.2340190066345095,3.0445424104912804,0.0008946517358892333,0.006603513329441966,787.0,979.0,289.0,305.0,0.3726708075913845,0.5590062113870768,2.9813664607310764,6.832298139175383,3.0423614133117867,5.111691811472522,0.1913434850422195,0.3174963859232886,3.017237659043032,3.059956311460723,0.0041571880127756,0.0079341447065269,48.373546489791295,110.3675676999362,0.0,0.002465132195746,1342.5999999940395,1374.5999999940395,2
14,602,509,435.0,289,289,289.0,1398.5,1414.699999988079,1430.5999999940395,185.0,93.0,74.0,11.41975309482309,5.849056601580937,4.625,7.740585772128139,5.740740744965121,4.654088048569778,0.0,0.0,0.0,0.7049230310633597,0.3678651949300811,0.2890625,3.141592653589793,3.141592653589793,3.141592653589793,0.0034157465317452,0.0,0.0,0.0214102879496955,0.0208060392827966,0.0049561443333673,15.0,515.3333333333334,289.0,1414.5999999940395,117.33333333333333,7.297936565468009,6.045138188554346,6.045138188554346,0.45395024199781364,3.141592653589793,0.0011385821772484,0.0157241571886198,435.0,602.0,289.0,289.0,0.0,0.0,4.654088048569778,7.740585772128139,4.625,11.41975309482309,0.2890625,0.7049230310633597,3.141592653589793,3.141592653589793,0.0049561443333673,0.0214102879496955,74.0,185.0,0.0,0.0034157465317452,1398.5,1430.5999999940395,2
15,382,337,308.0,289,289,289.0,1446.5999999940395,1462.5,1478.5,53.0,45.0,29.0,3.33333333208376,2.8125,1.801242236691692,3.3125,2.8301886781843244,1.8125,0.0,0.0,0.0,0.2096436057128419,0.17578125,0.1118783998359341,3.141592653589793,3.141592653589793,3.141592653589793,0.0,0.0,0.0,0.0049636808929473,0.0021297079056696,0.0039939281352541,16.0,342.3333333333333,289.0,1462.5333333313465,42.333333333333336,2.6490251895918173,2.651729559394775,2.651729559394775,0.165767751849592,3.141592653589793,0.0,0.0036957723112903337,308.0,382.0,289.0,289.0,0.0,0.0,1.8125,3.3125,1.801242236691692,3.33333333208376,0.1118783998359341,0.2096436057128419,3.141592653589793,3.141592653589793,0.0021297079056696,0.0049636808929473,29.0,53.0,0.0,0.0,1446.5999999940395,1478.5,2
16,284,269,253.0,289,286,283.0,1494.5999999940395,1510.5,1526.5,24.0,15.297058540778355,16.278820596099706,1.5094339616983063,0.9560661587986472,1.0174262872562316,1.4906832303655382,0.9433962260614416,1.0,0.0,0.1886792452122883,0.1875,0.0949329535303435,0.0597541349249154,0.0635891429535144,3.141592653589793,2.9441970937399127,2.9562447035940984,0.0,0.0124148150802441,0.0007529756158866,0.0010525121932834,0.0022125043139773,0.0002396880017874,17.0,268.6666666666667,286.0,1510.5333333313465,18.525293045626018,1.1609754692510617,1.1446931521423267,1.2071931521423267,0.07275874380292444,3.014011483641268,0.0043892635653769,0.0011682348363493667,253.0,284.0,283.0,289.0,0.0,0.1886792452122883,0.9433962260614416,1.4906832303655382,0.9560661587986472,1.5094339616983063,0.0597541349249154,0.0949329535303435,2.9441970937399127,3.141592653589793,0.0002396880017874,0.0022125043139773,15.297058540778355,24.0,0.0,0.0124148150802441,1494.5999999940395,1526.5,2
17,245,241,239.0,281,280,278.0,1542.5,1558.5999999940395,1582.3999999910593,8.246211251235321,4.123105625617661,2.8284271247461903,0.5121870344278381,0.1732397321905023,0.1756787033028261,0.5,0.248447205060923,0.0840336134559008,0.125,0.0621118012652307,0.0840336134559008,0.0318128592930097,0.0072789803450502,0.0109117206959793,2.896613990462929,2.896613990462929,2.356194490192345,0.003726919570698,0.0,0.0227067016948846,0.0019860177287815,0.0015238434134808,0.0001526361492178,18.0,241.66666666666666,279.6666666666667,1561.1666666616995,5.065914667199723,0.2870351566403888,0.2774936061722746,0.30550481065757484,0.016667853444679734,2.7164741570394013,0.008811207088527534,0.0012208324304933667,239.0,245.0,278.0,281.0,0.0621118012652307,0.125,0.0840336134559008,0.5,0.1732397321905023,0.5121870344278381,0.0072789803450502,0.0318128592930097,2.356194490192345,2.896613990462929,0.0001526361492178,0.0019860177287815,2.8284271247461903,8.246211251235321,0.0,0.0227067016948846,1542.5,1582.3999999910593,2
18,237,236,234.0,276,275,275.0,1598.5,1606.5,1630.699999988079,2.8284271247461903,1.4142135623730951,2.0,0.3535533905932738,0.0584385769863527,0.1257861634748588,0.1242236024154878,0.125,0.0826446281398843,0.1242236024154878,0.125,0.0,0.0441941738241592,0.0024148172320305,0.0079110794608619,2.356194490192345,2.356194490192345,3.141592653589793,0.0,0.0,0.0324544695778651,0.0020672331124035,0.005222419574016,0.0002271182740305,19.0,235.66666666666666,275.3333333333333,1611.8999999960263,2.080880229039762,0.17925937701816175,0.11062274351845736,0.11062274351845736,0.0181733568390172,2.6179938779914944,0.010818156525955034,0.00250559032015,234.0,237.0,275.0,276.0,0.0,0.125,0.0826446281398843,0.125,0.0584385769863527,0.3535533905932738,0.0024148172320305,0.0441941738241592,2.356194490192345,3.141592653589793,0.0002271182740305,0.005222419574016,1.4142135623730951,2.8284271247461903,0.0,0.0324544695778651,1598.5,1630.699999988079,2
19,231,227,223.0,274,271,266.0,1646.5999999940395,1662.5,1678.5,3.1622776601683795,5.0,6.4031242374328485,0.198885387357417,0.3125,0.400195264839553,0.1886792452122883,0.2515723269497177,0.25,0.0628930817374294,0.1886792452122883,0.3125,0.0125085149234503,0.01953125,0.025012204052472,2.819842099193151,2.498091544796509,2.2455372690184494,0.0202358839167312,0.0202358839167312,0.0157846422361287,0.0002891468843311,0.0004416814511897,0.0003425596282795,20.0,227.0,270.3333333333333,1662.5333333313465,4.8551339658670765,0.30386021739899,0.2300838573873353,0.33425052405400196,0.0190173229919741,2.521156971002703,0.0187521366898637,0.0003577959879334333,223.0,231.0,266.0,274.0,0.0628930817374294,0.3125,0.1886792452122883,0.2515723269497177,0.198885387357417,0.400195264839553,0.0125085149234503,0.025012204052472,2.2455372690184494,2.819842099193151,0.0002891468843311,0.0004416814511897,3.1622776601683795,6.4031242374328485,0.0157846422361287,0.0202358839167312,1646.5999999940395,1678.5,2
20,211,192,178.0,257,247,241.0,1694.5,1710.8999999910593,1726.5999999940395,15.0,21.470910553583888,15.231546211727816,0.9146341468400894,1.3675739203508408,0.9460587712650166,0.75,1.1585365859974466,0.8917197450536604,0.5625,0.6097560978933929,0.3821656050229973,0.0557703748377265,0.0871066191140919,0.0587614143860411,2.498091544796509,2.65711472455277,2.7367008673047097,0.0157846422361287,0.0096965353562777,0.0050691810660402,0.0019223856740784,0.001910746603259,0.0018054270523993,21.0,193.66666666666666,248.33333333333334,1710.6666666616995,17.234152255103904,1.0760889461519823,0.9334187770170357,1.0608073120247015,0.0672128027792865,2.630635712217996,0.010183452886148867,0.0018795197765789,178.0,211.0,241.0,257.0,0.3821656050229973,0.6097560978933929,0.75,1.1585365859974466,0.9146341468400894,1.3675739203508408,0.0557703748377265,0.0871066191140919,2.498091544796509,2.7367008673047097,0.0018054270523993,0.0019223856740784,15.0,21.470910553583888,0.0050691810660402,0.0157846422361287,1694.5,1726.5999999940395,2
21,162,152,142.0,236,232,231.0,1742.699999988079,1766.5,1782.5999999940395,16.76305461424021,10.770329614269007,10.04987562112089,0.7043300254556278,0.6689645725625061,0.6281172263200556,0.993788820243692,0.4201680670164372,0.6211180126523076,0.3105590063261538,0.1680672268065749,0.0621118012652307,0.0295936985337329,0.0415505945844824,0.0392573266450034,2.838707785214822,2.761086276477428,3.0419240010986317,0.0063358334129115,0.003261407928509,0.0174433369394517,0.0018116593703792,0.0005023905901159,0.0001424390025048,22.0,152.0,233.0,1763.9333333273728,12.527753283210037,0.6671372747793965,0.6783582999708123,0.6990622337258893,0.0368005399210729,2.880572687596961,0.009013526093624068,0.0008188296543333,142.0,162.0,231.0,236.0,0.0621118012652307,0.3105590063261538,0.4201680670164372,0.993788820243692,0.6281172263200556,0.7043300254556278,0.0295936985337329,0.0415505945844824,2.761086276477428,3.0419240010986317,0.0001424390025048,0.0018116593703792,10.04987562112089,16.76305461424021,0.003261407928509,0.0174433369394517,1742.699999988079,1782.5999999940395,2
22,134,126,123.0,227,225,224.0,1798.5999999940395,1814.3999999910595,1830.5999999940395,8.94427190999916,8.246211251235321,3.1622776601683795,0.566093158967484,0.5090253857850807,0.016478778843513,0.5,0.5063291140195556,0.1851851851511176,0.25,0.1265822785048889,0.0617283950503725,0.0358286809540672,0.0314213201044097,8.587169798333109e-05,2.677945044588987,2.896613990462929,2.819842099193151,0.0227486847818527,0.0138398067034928,0.004739005633065,0.0002142903556835,0.0002789468892714,0.0019342869383124,23.0,127.66666666666667,225.33333333333334,1814.5333333263795,6.7842536071342865,0.3638657745320259,0.3971714330568911,0.4177475647403486,0.022445290918820072,2.7981337114150224,0.0137758323728035,0.0008091747277557667,123.0,134.0,224.0,227.0,0.0617283950503725,0.25,0.1851851851511176,0.5063291140195556,0.016478778843513,0.566093158967484,8.587169798333109e-05,0.0358286809540672,2.677945044588987,2.896613990462929,0.0002142903556835,0.0019342869383124,3.1622776601683795,8.94427190999916,0.004739005633065,0.0227486847818527,1798.5999999940395,1830.5999999940395,2
23,127,129,140.0,224,224,225.0,2022.5,2030.5,2046.699999988079,4.0,2.0,11.04536101718726,0.5,0.1234567902143036,0.6990734815730162,0.0208441896814786,0.25,0.6790123461786702,0.0,0.0,0.0617283951071518,0.0625,0.0076207895250092,0.0442451570282008,0.0,0.0,0.0906598872007451,0.0146943308968502,0.0,0.0055962893374974,0.0003252429822828,0.0068599013093738,0.0022607634277865,24.0,132.0,224.33333333333334,2033.2333333293598,5.681787005729087,0.4408434239291066,0.3166188452867163,0.3371949769891002,0.03812198218440333,0.030219962400248365,0.006763540078115866,0.0031486359064810334,127.0,140.0,224.0,225.0,0.0,0.0617283951071518,0.0208441896814786,0.6790123461786702,0.1234567902143036,0.6990734815730162,0.0076207895250092,0.0625,0.0,0.0906598872007451,0.0003252429822828,0.0068599013093738,2.0,11.04536101718726,0.0,0.0146943308968502,2022.5,2046.699999988079,2
24,159,176,196.0,225,225,225.0,2062.5,2078.5999999940395,2094.79999999702,19.0,17.0,20.0,1.1801242240393843,1.0493827158563331,1.265822785048889,1.202531644662323,1.0559006215089228,1.2345679010074506,0.0,0.0,0.0,0.0732996412718189,0.0647767108434125,0.0801153661574462,0.0,0.0,0.0,0.0057379675400217,0.0,0.0,0.0018388914064365,0.0005293745609665,0.0009468305747661,25.0,177.0,225.0,2078.6333333303533,18.666666666666668,1.1651099083148688,1.1643333890595655,1.1643333890595655,0.07273057275755919,0.0,0.0019126558466739001,0.0011050321807230335,159.0,196.0,225.0,225.0,0.0,0.0,1.0559006215089228,1.2345679010074506,1.0493827158563331,1.265822785048889,0.0647767108434125,0.0801153661574462,0.0,0.0,0.0005293745609665,0.0018388914064365,17.0,20.0,0.0,0.0057379675400217,2062.5,2094.79999999702,2
25,207,217,219.0,228,228,228.0,2110.5999999940395,2134.3999999910598,2150.5999999940395,11.40175425099138,10.0,2.0,0.4790653047234918,0.6172839505037253,0.125,0.696202531776889,0.4201680672795041,0.123456790100745,0.1898734177573333,0.0,0.0,0.0201287943186336,0.0381039475549485,0.0078125,0.2662520491509254,0.0,0.0,0.0168513955190599,0.0111870608900951,0.0,0.003796618471527,0.0007552585394355,0.0018698424413195,26.0,214.33333333333334,228.0,2131.866666659713,7.800584750330461,0.40711641840907237,0.4132757963857127,0.4132757963857127,0.022015080624527367,0.08875068305030846,0.009346152136385,0.0021405731507606668,207.0,219.0,228.0,228.0,0.0,0.1898734177573333,0.123456790100745,0.696202531776889,0.125,0.6172839505037253,0.0078125,0.0381039475549485,0.0,0.2662520491509254,0.0007552585394355,0.003796618471527,2.0,11.40175425099138,0.0,0.0168513955190599,2110.5999999940395,2150.5999999940395,2
26,224,228,234.0,228,228,228.0,2166.5999999940395,2182.5,2198.5,5.0,4.0,6.0,0.3144654086871472,0.25,0.3726708075913845,0.3125,0.2515723269497177,0.375,0.0,0.0,0.0,0.0197776986521549,0.015625,0.0231472551384691,0.0,0.0,0.0,0.0,0.0,0.0,0.0007478249157596,0.0002611760157608,0.0004701409461543,27.0,228.66666666666666,228.0,2182.5333333313465,5.0,0.31237873875951055,0.31302410898323924,0.31302410898323924,0.019516651263541334,0.0,0.0,0.0004930472925582333,224.0,234.0,228.0,228.0,0.0,0.0,0.2515723269497177,0.375,0.25,0.3726708075913845,0.015625,0.0231472551384691,0.0,0.0,0.0002611760157608,0.0007478249157596,4.0,6.0,0.0,0.0,2166.5999999940395,2198.5,2
27,241,256,269.0,228,227,227.0,2214.5999999940395,2230.5999999940395,2246.5,7.0,15.033296378372908,13.0,0.4375,0.9454903379080092,0.8125,0.4347826088566153,0.9375,0.8176100625865826,0.0,0.0625,0.0,0.02734375,0.0594648011039982,0.05078125,0.0,0.0665681637758238,0.0,0.0,0.0041605102359889,0.0041866769654634,0.0002606518548499,0.0020075656939998,0.0005461352893549,28.0,255.33333333333334,227.33333333333334,2230.566666662693,11.677765459457637,0.7318301126360031,0.7299642238143993,0.7299642238143993,0.04586326703466607,0.022189387925274598,0.0027823957338174335,0.0009381176127348667,241.0,269.0,227.0,228.0,0.0,0.0625,0.4347826088566153,0.9375,0.4375,0.9454903379080092,0.02734375,0.0594648011039982,0.0,0.0665681637758238,0.0002606518548499,0.0020075656939998,7.0,15.033296378372908,0.0,0.0041866769654634,2214.5999999940395,2246.5,2
28,275,281,283.0,227,227,227.0,2262.5,2278.699999988079,2294.5999999940395,6.0,6.0,2.0,0.370370370642911,0.3773584904245766,0.0836820083473312,0.375,0.370370370642911,0.1257861634748588,0.0,0.0,0.0,0.0228623685750278,0.0237332383825858,0.0035013392605214,0.0,0.0,0.0,0.0,0.0,0.0,0.0017449300890607,5.375739556782905e-05,0.0012724464851874,29.0,279.6666666666667,227.0,2278.5999999940395,4.666666666666667,0.27713695647160624,0.29038551137258994,0.29038551137258994,0.016698982072711668,0.0,0.0,0.0010237113232719763,275.0,283.0,227.0,227.0,0.0,0.0,0.1257861634748588,0.375,0.0836820083473312,0.3773584904245766,0.0035013392605214,0.0237332383825858,0.0,0.0,5.375739556782905e-05,0.0017449300890607,2.0,6.0,0.0,0.0,2262.5,2294.5999999940395,2
29,286,288,295.0,227,227,227.0,2318.5,2335.0999999940395,2351.0,3.0,2.0,7.0,0.1807228916311561,0.1257861634748588,0.4347826088566153,0.1255230125209968,0.1204819277541041,0.440251572162006,0.0,0.0,0.0,0.0108869211865088,0.0079110794608619,0.0270051309948806,0.0,0.0,0.0,0.0,0.0,0.0,0.0003090201641901,0.0001792675738985,0.0012008837438277,30.0,289.6666666666667,227.0,2334.86666666468,4.0,0.24709722132087672,0.22875217081236898,0.22875217081236898,0.015267710547417102,0.0,0.0,0.0005630571606387667,286.0,295.0,227.0,227.0,0.0,0.0,0.1204819277541041,0.440251572162006,0.1257861634748588,0.4347826088566153,0.0079110794608619,0.0270051309948806,0.0,0.0,0.0001792675738985,0.0012008837438277,2.0,7.0,0.0,0.0,2318.5,2351.0,2
30,307,318,329.0,227,227,227.0,2367.0999999940395,2382.5999999940395,2398.5,12.0,11.0,11.0,0.7741935483870968,0.6918238991117238,0.6875,0.7453416151827691,0.7096774193548387,0.6918238991117238,0.0,0.0,0.0,0.0499479708636836,0.0435109370347407,0.04296875,0.0,0.0,0.0,0.0,0.0,0.0,0.0014250211103911,0.000415292505093,3.409981349292632e-05,31.0,318.0,227.0,2382.7333333293595,11.333333333333334,0.7178391491662736,0.7156143112164438,0.7156143112164438,0.04547588596614144,0.0,0.0,0.0006248044763256755,307.0,329.0,227.0,227.0,0.0,0.0,0.6918238991117238,0.7453416151827691,0.6875,0.7741935483870968,0.04296875,0.0499479708636836,0.0,0.0,3.409981349292632e-05,0.0014250211103911,11.0,12.0,0.0,0.0,2367.0999999940395,2398.5,2
31,340,349,360.0,227,227,227.0,2414.5,2430.5,2446.5,11.0,9.0,11.0,0.6875,0.5625,0.6832298139175383,0.6875,0.5625,0.6875,0.0,0.0,0.0,0.04296875,0.03515625,0.0424366344205267,0.0,0.0,0.0,0.0,0.0,0.0,0.0,0.00048828125,0.0004550240262829,32.0,349.6666666666667,227.0,2430.5,10.333333333333334,0.6444099379725128,0.6458333333333334,0.6458333333333334,0.0401872114735089,0.0,0.0,0.00031443509209429997,340.0,360.0,227.0,227.0,0.0,0.0,0.5625,0.6875,0.5625,0.6875,0.03515625,0.04296875,0.0,0.0,0.0,0.00048828125,9.0,11.0,0.0,0.0,2414.5,2446.5,2
32,369,382,398.0,226,224,220.0,2462.5999999940395,2478.699999988079,2502.3999999910598,9.055385138137416,13.152946437965904,16.492422502470642,0.5624462820801154,0.5549766428823606,1.0243740679075792,0.5590062113870768,0.8074534164479998,0.6751054851471742,0.0621118012652307,0.1242236025304615,0.1687763712867935,0.034934551694928,0.0234167359836528,0.0636257184682435,0.1106572211738956,0.1526493283952651,0.2449786631268641,0.0068731193301156,0.0026082054184419,0.0038957525198307,0.0004659678713277,0.0007153922804682,0.0016965815392208,33.0,383.0,223.33333333333334,2481.233333324393,12.900251359524654,0.713932330956685,0.680521704327417,0.7367804947563482,0.040659002048941434,0.16942840423200825,0.0044590257561294,0.0009593138970055666,369.0,398.0,220.0,226.0,0.0621118012652307,0.1687763712867935,0.5590062113870768,0.8074534164479998,0.5549766428823606,1.0243740679075792,0.0234167359836528,0.0636257184682435,0.1106572211738956,0.2449786631268641,0.0004659678713277,0.0016965815392208,9.055385138137416,16.492422502470642,0.0026082054184419,0.0068731193301156,2462.5999999940395,2502.3999999910598,2
33,403,406,407.0,220,220,220.0,2518.5,2534.5,2542.5999999940395,5.0,3.0,1.0,0.3125,0.370370370642911,0.0621118012652307,0.3105590060387196,0.1875,0.1234567902143036,0.0,0.0,0.0,0.01953125,0.0457247371500557,0.0038578758564115,0.0,0.0,0.0,0.0152160660242746,0.0,0.0,0.0027387868598606,0.0016370929468784,0.0051687483116607,34.0,405.3333333333333,220.0,2531.86666666468,3.0,0.24832739063604725,0.20717193208434106,0.20717193208434106,0.023037954335489066,0.0,0.005072022008091533,0.003181542706133233,403.0,407.0,220.0,220.0,0.0,0.0,0.1234567902143036,0.3105590060387196,0.0621118012652307,0.370370370642911,0.0038578758564115,0.0457247371500557,0.0,0.0,0.0016370929468784,0.0051687483116607,1.0,5.0,0.0,0.0152160660242746,2518.5,2542.5999999940395,2
34,408,411,413.0,220,219,219.0,2558.699999988079,2582.5,2598.5999999940395,1.0,3.1622776601683795,2.0,0.0420168067016437,0.1964147615738573,0.1265822785048889,0.0621118012652307,0.1260504201049311,0.1242236025304615,0.0,0.0420168067016437,0.0,0.0017654120454032,0.0121996746364331,0.0080115366157446,0.0,0.3217505543966422,0.0,0.0,0.0135189308502304,0.019984506491662,0.000129966696384,0.0004384143943614,0.0002601327964123,35.0,410.6666666666667,219.33333333333334,2579.933333327373,2.05409255338946,0.12167128226012996,0.10412860796687444,0.10412860796687444,0.007325541099193633,0.10725018479888072,0.011167812447297467,0.0002761712957192333,408.0,413.0,219.0,220.0,0.0,0.0420168067016437,0.0621118012652307,0.1260504201049311,0.0420168067016437,0.1964147615738573,0.0017654120454032,0.0121996746364331,0.0,0.3217505543966422,0.000129966696384,0.0004384143943614,1.0,3.1622776601683795,0.0,0.019984506491662,2558.699999988079,2598.5999999940395,2
35,418,419,420.0,219,218,218.0,2614.3999999910598,2622.5999999940395,2638.29999999702,5.0,1.4142135623730951,1.0,0.6097560973393641,0.0900772969493403,0.0588235294117647,0.3164556962622222,0.1219512194678728,0.0636942675038328,0.0,0.1219512194678728,0.0,0.0743604996485064,0.0057374074479134,0.0034602076124567,0.0,0.7853981633974483,0.0,0.0,0.0957802637941464,0.0500253607164561,0.0041993014585618,0.0083686697775185,0.0001450445754792,36.0,419.0,218.33333333333334,2625.0999999940395,2.471404520791032,0.2528856412334897,0.16736706107797594,0.16736706107797594,0.027852704902958835,0.2617993877991494,0.0486018748368675,0.0042376719371864996,418.0,420.0,218.0,219.0,0.0,0.1219512194678728,0.0636942675038328,0.3164556962622222,0.0588235294117647,0.6097560973393641,0.0034602076124567,0.0743604996485064,0.0,0.7853981633974483,0.0001450445754792,0.0083686697775185,1.0,5.0,0.0,0.0957802637941464,2614.3999999910598,2638.29999999702,2
36,422,423,424.0,218,218,218.0,2655.29999999702,2694.8999999910598,2718.8999999910598,2.0,1.0,1.0,0.0505050505126523,0.0416666666666666,0.0632911392524444,0.1176470588235294,0.0252525252563261,0.0416666666666666,0.0,0.0,0.0,0.0012753800636427,0.0017361111111111,0.0040057683078723,0.0,0.0,0.0,0.0,0.0,0.0,0.0001285192675772,1.1634622412567562e-05,9.456904986505014e-05,37.0,423.0,218.0,2689.6999999930467,1.3333333333333333,0.0518209521439211,0.061522083582174036,0.061522083582174036,0.0023390864942087,0.0,0.0,7.82409799516059e-05,422.0,424.0,218.0,218.0,0.0,0.0,0.0252525252563261,0.1176470588235294,0.0416666666666666,0.0632911392524444,0.0012753800636427,0.0040057683078723,0.0,0.0,1.1634622412567562e-05,0.0001285192675772,1.0,2.0,0.0,0.0,2655.29999999702,2718.8999999910598,2
37,425,427,428.0,218,218,218.0,2734.699999988079,2750.699999988079,2766.5999999940395,1.0,2.0,1.0,0.0625,0.1257861634748588,0.1234567902143036,0.0632911392524444,0.125,0.0628930817374294,0.0,0.0,0.0,0.00390625,0.0079110794608619,0.0152415790500185,0.0,0.0,0.0,0.0,0.0,0.0,6.298627081714281e-06,0.0002503018413038,0.000461037709837,38.0,426.6666666666667,218.0,2750.6666666567326,1.3333333333333333,0.10391431789638746,0.08372807366329127,0.08372807366329127,0.009019636170293466,0.0,0.0,0.00023921272607417142,425.0,428.0,218.0,218.0,0.0,0.0,0.0628930817374294,0.125,0.0625,0.1257861634748588,0.00390625,0.0152415790500185,0.0,0.0,6.298627081714281e-06,0.000461037709837,1.0,2.0,0.0,0.0,2734.699999988079,2766.5999999940395,2
38,429,432,433.0,218,216,215.0,2774.699999988079,2782.699999988079,2799.0999999940395,1.0,3.605551275463989,1.4142135623730951,0.125,0.2198506874483888,0.0222011548242846,0.1234567902143036,0.375,0.0609756097339364,0.0,0.25,0.0609756097339364,0.015625,0.0134055297175905,0.0003485267633162,0.0,0.5880026035475675,0.7853981633974483,0.0,0.0735003254434459,0.0120363146206182,4.733591978562397e-05,0.0002774337853011,0.0007961587164346,39.0,431.3333333333333,216.33333333333334,2785.499999990066,2.006588279279028,0.12235061409089111,0.18647746664941334,0.20680266989405882,0.0097930188269689,0.45780025564833854,0.028512213354688034,0.00037364280717377464,429.0,433.0,215.0,218.0,0.0,0.25,0.0609756097339364,0.375,0.0222011548242846,0.2198506874483888,0.0003485267633162,0.015625,0.0,0.7853981633974483,4.733591978562397e-05,0.0007961587164346,1.0,3.605551275463989,0.0,0.0735003254434459,2774.699999988079,2799.0999999940395,2
39,434,435,436.0,215,215,215.0,2862.79999999702,2878.699999988079,2886.5,1.0,1.0,1.0,0.0628930817963715,0.1282051280091892,0.0617283951071518,0.015698587126424,0.0628930817963715,0.1282051280091892,0.0,0.0,0.0,0.003955539737845,0.0164365548478525,0.0038103947625046,0.0,0.0,0.0,0.0123296414970283,0.0,0.0,5.662500744678283e-05,0.0007849695042154,0.0016187384700065,40.0,435.0,215.0,2875.999999995033,1.0,0.08427553497090416,0.0689322656439949,0.0689322656439949,0.0080674964494007,0.0,0.004109880499009433,0.000820110993889561,434.0,436.0,215.0,215.0,0.0,0.0,0.015698587126424,0.1282051280091892,0.0617283951071518,0.1282051280091892,0.0038103947625046,0.0164365548478525,0.0,0.0,5.662500744678283e-05,0.0016187384700065,1.0,1.0,0.0,0.0123296414970283,2862.79999999702,2886.5,2
40,439,443,451.0,215,215,215.0,2902.699999988079,2918.5,2934.5999999940395,3.0,4.0,8.0,0.1898734175782615,0.248447205060923,0.5031446538994355,0.1851851853214555,0.2531645567710154,0.496894410121846,0.0,0.0,0.0,0.0120173049009496,0.015431503425646,0.0316443178434478,0.0,0.0,0.0,0.0,0.0,0.0,0.0005065993916348,0.0002160885140582,0.0010070071070685,41.0,444.3333333333333,215.0,2918.5999999940395,5.0,0.31382175884620667,0.31174805073810563,0.31174805073810563,0.019697708723347803,0.0,0.0,0.0005765650042538333,439.0,451.0,215.0,215.0,0.0,0.0,0.1851851853214555,0.496894410121846,0.1898734175782615,0.5031446538994355,0.0120173049009496,0.0316443178434478,0.0,0.0,0.0002160885140582,0.0010070071070685,3.0,8.0,0.0,0.0,2902.699999988079,2934.5999999940395,2
41,460,475,489.0,215,215,215.0,2950.5,2966.5,2982.5,9.0,15.0,14.0,0.5625,0.9375,0.8695652177132306,0.5660377356368649,0.9375,0.875,0.0,0.0,0.0,0.03515625,0.05859375,0.0540102619897612,0.0,0.0,0.0,0.0,0.0,0.0,0.0002208762361783,0.00146484375,0.0002864680006399,42.0,474.6666666666667,215.0,2966.5,12.666666666666666,0.7898550725710769,0.7928459118789549,0.7928459118789549,0.04925342066325373,0.0,0.0,0.0006573959956060666,460.0,489.0,215.0,215.0,0.0,0.0,0.5660377356368649,0.9375,0.5625,0.9375,0.03515625,0.05859375,0.0,0.0,0.0002208762361783,0.00146484375,9.0,15.0,0.0,0.0,2950.5,2982.5,2
42,504,515,522.0,215,215,215.0,2998.5999999940395,3014.5999999940395,3030.5999999940395,15.0,11.0,7.0,0.9375,0.6875,0.2953586497518887,0.9316770189784612,0.6875,0.4375,0.0,0.0,0.0,0.05859375,0.04296875,0.0124623902833226,0.0,0.0,0.0,0.0,0.0,0.0,0.0002846886963935,0.0009765625,0.0019066474822923,43.0,513.6666666666666,215.0,3014.5999999940395,11.0,0.6401195499172962,0.6855590063261537,0.6855590063261537,0.038008296761107535,0.0,0.0,0.0010559662262286,504.0,522.0,215.0,215.0,0.0,0.0,0.4375,0.9316770189784612,0.2953586497518887,0.9375,0.0124623902833226,0.05859375,0.0,0.0,0.0002846886963935,0.0019066474822923,7.0,15.0,0.0,0.0,2998.5999999940395,3030.5999999940395,2
43,526,528,531.0,215,215,215.0,3054.29999999702,3070.5999999940395,3086.5,4.0,2.0,3.0,0.2453987730510027,0.1257861634748588,0.1863354037956922,0.1687763712867935,0.1226993865255013,0.1886792452122883,0.0,0.0,0.0,0.0150551394537343,0.0079110794608619,0.0115736275692345,0.0,0.0,0.0,0.0,0.0,0.0,0.0001093986991597,0.0004382858892134,0.0002303489375471,44.0,528.3333333333334,215.0,3070.4666666636863,3.0,0.18584011344051787,0.16005166767486104,0.16005166767486104,0.0115132821612769,0.0,0.0,0.00025934450864006665,526.0,531.0,215.0,215.0,0.0,0.0,0.1226993865255013,0.1886792452122883,0.1257861634748588,0.2453987730510027,0.0079110794608619,0.0150551394537343,0.0,0.0,0.0001093986991597,0.0004382858892134,2.0,4.0,0.0,0.0,3054.29999999702,3086.5,2
44,533,539,542.0,215,215,215.0,3102.5999999940395,3118.5,3134.5,2.0,6.0,3.0,0.1257861634748588,0.375,0.370370370642911,0.1242236025304615,0.3773584904245766,0.1875,0.0,0.0,0.0,0.0079110794608619,0.0234375,0.0457247371500557,0.0,0.0,0.0,0.0,0.0,0.0,0.0002274874602315,0.0009765044360577,0.0013929523218784,45.0,538.0,215.0,3118.5333333313465,3.6666666666666665,0.29038551137258994,0.2296940309850127,0.2296940309850127,0.02569110553697253,0.0,0.0,0.0008656480727225334,533.0,542.0,215.0,215.0,0.0,0.0,0.1242236025304615,0.3773584904245766,0.1257861634748588,0.375,0.0079110794608619,0.0457247371500557,0.0,0.0,0.0002274874602315,0.0013929523218784,2.0,6.0,0.0,0.0,3102.5999999940395,3134.5,2
45,543,545,547.0,215,215,215.0,3142.5999999940395,3166.79999999702,3174.5,1.0,2.0,2.0,0.0413223140444979,0.2597402596397291,0.0833333333333333,0.1234567902143036,0.0826446280889958,0.2597402596397291,0.0,0.0,0.0,0.0017075336379921,0.0337325012388569,0.0034722222222222,0.0,0.0,0.0,0.0,0.0,0.0,0.0054342226598091,0.0013233457684678,0.0039299063642756,46.0,545.0,215.0,3161.2999999970198,1.6666666666666667,0.1281319690058534,0.15528055931434281,0.15528055931434281,0.012970752366357067,0.0,0.0,0.0035624915975175,543.0,547.0,215.0,215.0,0.0,0.0,0.0826446280889958,0.2597402596397291,0.0413223140444979,0.2597402596397291,0.0017075336379921,0.0337325012388569,0.0,0.0,0.0013233457684678,0.0054342226598091,1.0,2.0,0.0,0.0,3142.5999999940395,3174.5,2
46,549,554,560.0,215,215,215.0,3198.5,3214.5,3230.5,2.0,5.0,6.0,0.125,0.3125,0.25,0.0833333333333333,0.3125,0.375,0.0,0.0,0.0,0.0078125,0.01953125,0.0104166666666666,0.0,0.0,0.0,0.0,0.0,0.0,0.0001808449074074,0.000732421875,0.0005696614583333,47.0,554.3333333333334,215.0,3214.5,4.333333333333333,0.22916666666666666,0.2569444444444444,0.2569444444444444,0.012586805555555533,0.0,0.0,0.0004943094135802334,549.0,560.0,215.0,215.0,0.0,0.0,0.0833333333333333,0.375,0.125,0.3125,0.0078125,0.01953125,0.0,0.0,0.0001808449074074,0.000732421875,2.0,6.0,0.0,0.0,3198.5,3230.5,2
47,572,581,593.0,215,215,215.0,3254.5,3270.5,3286.5,12.0,9.0,12.0,0.75,0.5625,0.7453416151827691,0.5,0.5625,0.75,0.0,0.0,0.0,0.046875,0.03515625,0.0462945102769382,0.0,0.0,0.0,0.0,0.0,0.0,0.0015190972222222,0.000732421875,0.0006961412673086,48.0,582.0,215.0,3270.5,11.0,0.685947205060923,0.6041666666666666,0.6041666666666666,0.042775253425646066,0.0,0.0,0.0009825534548436,572.0,593.0,215.0,215.0,0.0,0.0,0.5,0.75,0.5625,0.75,0.03515625,0.046875,0.0,0.0,0.0006961412673086,0.0015190972222222,9.0,12.0,0.0,0.0,3254.5,3286.5,2
48,606,617,627.0,215,215,215.0,3302.5999999940395,3318.5,3334.5,13.0,11.0,10.0,0.8176100625865826,0.6875,0.6289308179637157,0.8074534164479998,0.6918238991117238,0.625,0.0,0.0,0.0,0.0514220164956027,0.04296875,0.0395553973784508,0.0,0.0,0.0,0.0,0.0,0.0,0.0003184786472399,0.0005316519806562,0.0002133345388468,49.0,616.6666666666666,215.0,3318.5333333313465,11.333333333333334,0.7113469601834329,0.7080924385199078,0.7080924385199078,0.04464872129135117,0.0,0.0,0.00035448838891429993,606.0,627.0,215.0,215.0,0.0,0.0,0.625,0.8074534164479998,0.6289308179637157,0.8176100625865826,0.0395553973784508,0.0514220164956027,0.0,0.0,0.0002133345388468,0.0005316519806562,10.0,13.0,0.0,0.0,3302.5999999940395,3334.5,2
49,632,634,637.0,215,215,215.0,3350.3999999910598,3366.5,3422.5999999940395,5.0,2.0,3.0,0.3105590060387196,0.0356506238897057,0.1886792452122883,0.3144654089818579,0.1242236024154878,0.0534759358345586,0.0,0.0,0.0,0.0192893792463514,0.0006354834918626,0.0118666191912929,0.0,0.0,0.0,0.0,0.0,0.0,0.0012745923360688,0.0011586270648527,0.0002001984973373,50.0,634.3333333333334,215.0,3379.8333333283663,3.3333333333333335,0.1782962917135712,0.16405498241063476,0.16405498241063476,0.010597160643168966,0.0,0.0,0.0008778059660862666,632.0,637.0,215.0,215.0,0.0,0.0,0.0534759358345586,0.3144654089818579,0.0356506238897057,0.3105590060387196,0.0006354834918626,0.0192893792463514,0.0,0.0,0.0002001984973373,0.0012745923360688,2.0,5.0,0.0,0.0,3350.3999999910598,3422.5999999940395,2
50,641,649,655.0,215,215,215.0,3438.5,3454.5,3470.5,4.0,8.0,6.0,0.25,0.5,0.3773584907782294,0.2515723269497177,0.5,0.375,0.0,0.0,0.0,0.015625,0.03125,0.0237332384270705,0.0,0.0,0.0,0.0,0.0,0.0,0.0002363761514023,0.0009765625,0.000469797598308,51.0,648.3333333333334,215.0,3454.5,6.0,0.37578616359274314,0.37552410898323924,0.37552410898323924,0.02353607947569017,0.0,0.0,0.0005609120832367667,641.0,655.0,215.0,215.0,0.0,0.0,0.2515723269497177,0.5,0.25,0.5,0.015625,0.03125,0.0,0.0,0.0002363761514023,0.0009765625,4.0,8.0,0.0,0.0,3438.5,3470.5,2
51,663,672,683.0,215,215,215.0,3486.3999999910598,3502.5,3518.5999999940395,8.0,9.0,11.0,0.4968944096619514,0.5590062113870768,0.6918238991117238,0.5031446543709726,0.5590062108696954,0.6832298139175383,0.0,0.0,0.0,0.0308630067941624,0.0347208827077036,0.0435109370347407,0.0,0.0,0.0,0.0,0.0,0.0,0.0004484131051006,0.000239619621826,0.0005459661074715,52.0,672.6666666666666,215.0,3502.499999995033,9.333333333333334,0.5825748400535841,0.581793559719402,0.581793559719402,0.0363649421788689,0.0,0.0,0.00041133294479936666,663.0,683.0,215.0,215.0,0.0,0.0,0.5031446543709726,0.6832298139175383,0.4968944096619514,0.6918238991117238,0.0308630067941624,0.0435109370347407,0.0,0.0,0.000239619621826,0.0005459661074715,8.0,11.0,0.0,0.0,3486.3999999910598,3518.5999999940395,2
52,692,701,709.0,215,215,215.0,3534.5,3550.5999999940395,3566.5999999940395,9.0,9.0,8.0,0.5590062113870768,0.5625,0.5,0.5660377356368649,0.5590062113870768,0.5,0.0,0.0,0.0,0.0347208827077036,0.03515625,0.03125,0.0,0.0,0.0,0.0,0.0,0.0,0.0005528336052667,2.7041446736490107e-05,0.000244140625,53.0,700.6666666666666,215.0,3550.566666662693,8.666666666666666,0.540502070462359,0.5416813156746473,0.5416813156746473,0.0337090442359012,0.0,0.0,0.00027467189233439674,692.0,709.0,215.0,215.0,0.0,0.0,0.5,0.5660377356368649,0.5,0.5625,0.03125,0.03515625,0.0,0.0,2.7041446736490107e-05,0.0005528336052667,8.0,9.0,0.0,0.0,3534.5,3566.5999999940395,2
53,714,717,719.0,215,215,214.0,3582.5999999940395,3598.5999999940395,3614.59999999404,5.0,3.0,2.23606797749979,0.3125,0.1875,0.0400012160511871,0.3125,0.1875,0.125,0.0,0.0,0.0625,0.01953125,0.01171875,0.0007155852602311,0.0,0.0,0.4636476090008061,0.0,0.0,0.0289779755625503,0.000732421875,0.00048828125,0.0006876977962355,54.0,716.6666666666666,214.66666666666666,3598.5999999940395,3.4120226591665967,0.18000040535039571,0.20833333333333334,0.22916666666666666,0.0106551950867437,0.1545492030002687,0.009659325187516768,0.0006361336404118334,714.0,719.0,214.0,215.0,0.0,0.0625,0.125,0.3125,0.0400012160511871,0.3125,0.0007155852602311,0.01953125,0.0,0.4636476090008061,0.00048828125,0.000732421875,2.23606797749979,5.0,0.0,0.0289779755625503,3582.5999999940395,3614.59999999404,2
54,721,727,735.0,214,214,214.0,3670.5,3686.5,3702.699999988079,2.0,6.0,8.0,0.125,0.370370370642911,0.5031446538994355,0.0357781753092441,0.375,0.4938271608572147,0.0,0.0,0.0,0.0078125,0.0228623685750278,0.0316443178434478,0.0,0.0,0.0,0.0082942327182713,0.0,0.0,0.0001269573298571,0.0009406167859392,0.0005420956342519,55.0,727.6666666666666,214.0,3686.566666662693,5.333333333333333,0.3328383415141155,0.3015351120554863,0.3015351120554863,0.020773062139491868,0.0,0.002764744239423767,0.0005365565833494,721.0,735.0,214.0,214.0,0.0,0.0,0.0357781753092441,0.4938271608572147,0.125,0.5031446538994355,0.0078125,0.0316443178434478,0.0,0.0,0.0001269573298571,0.0009406167859392,2.0,8.0,0.0,0.0082942327182713,3670.5,3702.699999988079,2
55,747,760,769.0,214,213,213.0,3718.59999999404,3734.5,3750.5,12.0,13.038404810405298,9.0,0.7547169808491532,0.8149003006503311,0.5625,0.7547169808491532,0.8176100625865826,0.5625,0.0,0.0628930817374294,0.0,0.0474664767651717,0.0509312687906456,0.03515625,0.0,0.076771891269778,0.0,0.0,0.0048284208327671,0.0047982432043611,0.0009951043343265,0.0002179114480613,0.0009859386744153,56.0,758.6666666666666,213.33333333333334,3734.5333333313465,11.346134936801766,0.710705760499828,0.7116090144785786,0.7116090144785786,0.044517998518605766,0.025590630423259333,0.0032088880123760668,0.0007329848189343667,747.0,769.0,213.0,214.0,0.0,0.0628930817374294,0.5625,0.8176100625865826,0.5625,0.8149003006503311,0.03515625,0.0509312687906456,0.0,0.076771891269778,0.0002179114480613,0.0009951043343265,9.0,13.038404810405298,0.0,0.0048284208327671,3718.59999999404,3750.5,2
56,774,778,780.0,211,211,211.0,3766.5,3782.59999999404,3798.59999999404,5.385164807134504,4.0,2.0,0.334482286281253,0.25,0.03125,0.3125,0.248447205060923,0.125,0.125,0.0,0.0,0.0207752972922412,0.015625,0.00048828125,0.3805063771123649,0.0,0.0,0.0237816485695228,0.0236339364753561,0.0,0.0008988095442349,0.0003198942418725,0.000946044921875,57.0,777.3333333333334,211.0,3782.566666662693,3.7950549357115015,0.20524409542708433,0.228649068353641,0.228649068353641,0.012296192847413734,0.12683545903745497,0.015805195014959635,0.0007215829026608,774.0,780.0,211.0,211.0,0.0,0.125,0.125,0.3125,0.03125,0.334482286281253,0.00048828125,0.0207752972922412,0.0,0.3805063771123649,0.0003198942418725,0.000946044921875,2.0,5.385164807134504,0.0,0.0237816485695228,3766.5,3798.59999999404,2
57,783,784,786.0,211,211,211.0,3862.59999999404,3927.0,3934.5,3.0,1.0,2.0,0.0465838509273655,0.1333333333333333,0.0829875518877445,0.046875,0.0155279503091218,0.2666666666666666,0.0,0.0,0.0,0.0007233517224076,0.0177777777777777,0.0034434668841605,0.0,0.0,0.0,0.0,0.0,0.0,3.6729761313698554e-06,0.0002648202803383,0.0019112414524822,58.0,784.3333333333334,211.0,3908.0333333313465,2.0,0.0876349120494811,0.1096898723252628,0.1096898723252628,0.007314865461448601,0.0,0.0,0.0007265782363172899,783.0,786.0,211.0,211.0,0.0,0.0,0.0155279503091218,0.2666666666666666,0.0465838509273655,0.1333333333333333,0.0007233517224076,0.0177777777777777,0.0,0.0,3.6729761313698554e-06,0.0019112414524822,1.0,3.0,0.0,0.0,3862.59999999404,3934.5,2
58,794,795,801.0,211,211,211.0,3958.59999999404,3966.699999988079,3982.8999999910593,8.0,1.0,6.0,0.9876543217144296,0.0617283950503725,0.2542372880392772,0.3319502075509783,0.1234567902143036,0.3703703703022352,0.0,0.0,0.0,0.1219326324001487,0.0038103947554948,0.010772766438261,0.0,0.0,0.0,0.0,0.0,0.0,0.0049165628856968,0.0145829923125401,0.0004297760297213,59.0,796.6666666666666,211.0,3969.3999999910593,5.0,0.4345400016013597,0.27525912268917235,0.27525912268917235,0.0455052645313015,0.0,0.0,0.006643110409319401,794.0,801.0,211.0,211.0,0.0,0.0,0.1234567902143036,0.3703703703022352,0.0617283950503725,0.9876543217144296,0.0038103947554948,0.1219326324001487,0.0,0.0,0.0004297760297213,0.0145829923125401,1.0,8.0,0.0,0.0,3958.59999999404,3982.8999999910593,2
59,809,812,818.0,214,214,216.0,4006.5,4022.5,4038.5,8.54400374531753,3.0,6.324555320336759,0.5340002340823456,0.1875,0.3952847075210474,0.3389830507190362,0.1875,0.375,0.1271186440196386,0.0,0.125,0.0333750146301466,0.01171875,0.0247052942200654,0.3587706702705722,0.0,0.3217505543966422,0.015202147039604,0.0224231668919107,0.0201094096497901,0.0009577223806492,0.0013535165393841,0.000811659013754,60.0,813.0,214.66666666666666,4022.5,5.9561863552180965,0.37226164720113103,0.30049435023967874,0.3421610169063454,0.02326635295007067,0.22684040822240478,0.019244907860434934,0.0010409659779291,809.0,818.0,214.0,216.0,0.0,0.1271186440196386,0.1875,0.375,0.1875,0.5340002340823456,0.01171875,0.0333750146301466,0.0,0.3587706702705722,0.000811659013754,0.0013535165393841,3.0,8.54400374531753,0.015202147039604,0.0224231668919107,4006.5,4038.5,2
60,821,826,832.0,216,216,217.0,4054.5,4070.5,4086.5,3.0,5.0,6.082762530298219,0.1875,0.3125,0.3801726581436387,0.1875,0.3125,0.375,0.0,0.0,0.0625,0.01171875,0.01953125,0.0237607911339774,0.0,0.0,0.1651486774146268,0.0201094096497901,0.0,0.0103217923384141,0.000811659013754,0.00048828125,0.0002643463208735,61.0,826.3333333333334,216.33333333333334,4070.5,4.694254176766073,0.29339088604787955,0.2916666666666667,0.3125,0.01833693037799247,0.055049559138208935,0.010143733996068065,0.0005214288615425,821.0,832.0,216.0,217.0,0.0,0.0625,0.1875,0.375,0.1875,0.3801726581436387,0.01171875,0.0237607911339774,0.0,0.1651486774146268,0.0002643463208735,0.000811659013754,3.0,6.082762530298219,0.0,0.0201094096497901,4054.5,4086.5,2
61,843,853,859.0,217,220,221.0,4102.5,4118.59999999404,4134.59999999404,11.0,10.44030650891055,6.082762530298219,0.6832298139175383,0.6525191568069094,0.3778113374254752,0.6875,0.6211180126523076,0.375,0.0,0.1863354037956922,0.0625,0.0424366344205267,0.0407824473004318,0.0234665427059221,0.0,0.2914567944778671,0.1651486774146268,0.0103217923384141,0.0181029064960104,0.0078942573164525,0.0011672402054093,0.0001027445416588,0.0010822440371568,62.0,851.6666666666666,219.33333333333334,4118.566666662693,9.174356346402924,0.5711867693833076,0.5612060042174359,0.5820393375507692,0.0355618748089602,0.15220182396416462,0.012106318716958999,0.0007840762614082999,843.0,859.0,217.0,221.0,0.0,0.1863354037956922,0.375,0.6875,0.3778113374254752,0.6832298139175383,0.0234665427059221,0.0424366344205267,0.0,0.2914567944778671,0.0001027445416588,0.0011672402054093,6.082762530298219,11.0,0.0078942573164525,0.0181029064960104,4102.5,4134.59999999404,2
62,867,875,880.0,222,222,223.0,4150.699999988079,4174.399999991059,4190.5,8.06225774829855,8.0,5.0990195135927845,0.340179651784166,0.4968944096619514,0.3167092866758086,0.496894410121846,0.3375527425735871,0.3105590060387196,0.0621118012652307,0.0,0.0621118012077439,0.0143535718034341,0.0308630067941624,0.0196713842728608,0.1243549945467614,0.0,0.1973955598498807,0.0025337691231657,0.0052470461827478,0.0122605937726871,0.0005660230376311,0.0006966006324325,0.0006951318332351,63.0,874.0,222.33333333333334,4171.866666659713,7.053759087297112,0.3845944493739753,0.3816687195780509,0.40237265331396554,0.0216293209568191,0.1072501847988807,0.006680469692866867,0.0006525851677662334,867.0,880.0,222.0,223.0,0.0,0.0621118012652307,0.3105590060387196,0.496894410121846,0.3167092866758086,0.4968944096619514,0.0143535718034341,0.0308630067941624,0.0,0.1973955598498807,0.0005660230376311,0.0006966006324325,5.0990195135927845,8.06225774829855,0.0025337691231657,0.0122605937726871,4150.699999988079,4190.5,2
63,883,887,893.0,223,224,224.0,4206.59999999404,4222.5,4238.699999988079,3.0,4.123105625617661,6.0,0.1886792452122883,0.2545126931266474,0.3797468351565231,0.1863354037956922,0.2515723269497177,0.370370370642911,0.0,0.0628930817374294,0.0,0.0118666191912929,0.0157106600811069,0.0240346098018992,0.0,0.2449786631268641,0.0,0.0122605937840347,0.015407463083964,0.0151221397103169,0.0004847680176681,0.000241763577885,0.0005138240572171,64.0,887.6666666666666,223.66666666666666,4222.5999999940395,4.3743685418725535,0.27431292449848627,0.26942603379610697,0.26942603379610697,0.017203963024766334,0.08165955437562136,0.014263398859438533,0.00041345188425673333,883.0,893.0,223.0,224.0,0.0,0.0628930817374294,0.1863354037956922,0.370370370642911,0.1886792452122883,0.3797468351565231,0.0118666191912929,0.0240346098018992,0.0,0.2449786631268641,0.000241763577885,0.0005138240572171,3.0,6.0,0.0122605937840347,0.015407463083964,4206.59999999404,4238.699999988079,2
64,900,907,915.0,227,227,228.0,4254.5,4270.5,4286.5,7.615773105863909,7.0,8.06225774829855,0.4759858191164943,0.4375,0.5038911092686593,0.4430379743492769,0.4375,0.5,0.1898734175782615,0.0,0.0625,0.0297491136947808,0.02734375,0.0314931943292912,0.4048917862850834,0.0,0.1243549945467614,0.0256260624037719,0.0253057366428177,0.0077721871591725,0.0003616774613019,0.0001503352309238,0.0002593402705807,65.0,907.3333333333334,227.33333333333334,4270.5,7.559343618054153,0.47245897612838456,0.4601793247830923,0.48101265811642563,0.029528686008023997,0.1764155936106149,0.0195679954019207,0.0002571176542688,900.0,915.0,227.0,228.0,0.0,0.1898734175782615,0.4375,0.5,0.4375,0.5038911092686593,0.02734375,0.0314931943292912,0.0,0.4048917862850834,0.0001503352309238,0.0003616774613019,7.0,8.06225774829855,0.0077721871591725,0.0256260624037719,4254.5,4286.5,2
65,921,926,929.0,230,230,230.0,4302.5,4318.79999999702,4342.5,6.324555320336759,5.0,3.0,0.3880095289259581,0.2109704641084919,0.3658536590684531,0.375,0.3067484663137534,0.1265822784650951,0.125,0.0,0.0,0.0238042655826319,0.0089017073452304,0.0446162999512586,0.3217505543966422,0.0,0.0,0.0123372224906175,0.0197392978193539,0.0,0.0004805580466662,0.0009142673766948,0.0015069448355078,66.0,925.3333333333334,230.0,4321.266666665673,4.774851773445587,0.32161121736763437,0.2694435815929495,0.2694435815929495,0.025774090959706966,0.10725018479888072,0.010692173436657133,0.0009672567529562668,921.0,929.0,230.0,230.0,0.0,0.125,0.1265822784650951,0.375,0.2109704641084919,0.3880095289259581,0.0089017073452304,0.0446162999512586,0.0,0.3217505543966422,0.0004805580466662,0.0015069448355078,3.0,6.324555320336759,0.0,0.0197392978193539,4302.5,4342.5,2
66,930,931,932.0,230,231,231.0,4350.699999988079,4366.59999999404,4382.59999999404,1.0,1.4142135623730951,1.0,0.0628930817374294,0.0883883476483184,0.0411522633795326,0.1219512196894843,0.0628930817374294,0.0625,0.0,0.0628930817374294,0.0,0.0039555397304309,0.0055242717280199,0.0016935087812584,0.0,0.7853981633974483,0.0,0.0,0.0493961108869826,0.0490873852123405,0.0049586293024316,9.866238974848105e-05,0.0002394226841725,67.0,931.0,230.66666666666666,4366.633333325386,1.1380711874576983,0.06414456425509346,0.0824481004756379,0.0824481004756379,0.0037244400799030662,0.2617993877991494,0.0328278320331077,0.0017655714587841936,930.0,932.0,230.0,231.0,0.0,0.0628930817374294,0.0625,0.1219512196894843,0.0411522633795326,0.0883883476483184,0.0016935087812584,0.0055242717280199,0.0,0.7853981633974483,9.866238974848105e-05,0.0049586293024316,1.0,1.4142135623730951,0.0,0.0493961108869826,4350.699999988079,4382.59999999404,2
67,935,936,938.0,231,231,231.0,4406.899999991059,4422.59999999404,4438.5,3.0,1.0,2.0,0.1910828025114986,0.0628930817374294,0.125,0.1234567901385979,0.0636942675038328,0.1257861634748588,0.0,0.0,0.0,0.0121708791385494,0.0039555397304309,0.0078125,0.0,0.0,0.0,0.0,0.0,0.0,0.0004311675044681,0.0005232700258954,0.000242576117492,68.0,936.3333333333334,231.0,4422.666666661699,2.0,0.12632529474964266,0.1043124070390965,0.1043124070390965,0.007979639622993433,0.0,0.0,0.00039900454928516667,935.0,938.0,231.0,231.0,0.0,0.0,0.0636942675038328,0.1257861634748588,0.0628930817374294,0.1910828025114986,0.0039555397304309,0.0121708791385494,0.0,0.0,0.000242576117492,0.0005232700258954,1.0,3.0,0.0,0.0,4406.899999991059,4438.5,2
68,942,948,956.0,231,231,231.0,4454.5,4470.5,4486.5,4.0,6.0,8.0,0.25,0.375,0.5,0.25,0.375,0.5,0.0,0.0,0.0,0.015625,0.0234375,0.03125,0.0,0.0,0.0,0.0,0.0,0.0,0.00048828125,0.00048828125,0.00048828125,69.0,948.6666666666666,231.0,4470.5,6.0,0.375,0.375,0.375,0.0234375,0.0,0.0,0.00048828125,942.0,956.0,231.0,231.0,0.0,0.0,0.25,0.5,0.25,0.5,0.015625,0.03125,0.0,0.0,0.00048828125,0.00048828125,4.0,8.0,0.0,0.0,4454.5,4486.5,2
69,967,976,991.0,231,231,231.0,4502.5,4518.59999999404,4542.5,11.0,9.0,15.0,0.6832298139175383,0.3765690375629905,0.9375,0.6875,0.5590062113870768,0.6276150626049842,0.0,0.0,0.0,0.0424366344205267,0.0157560266723463,0.05859375,0.0,0.0,0.0,0.0,0.0,0.0,0.0006991646512829,0.0016571806060905,0.0017923733605426,70.0,978.0,231.0,4521.1999999980135,11.666666666666666,0.6657662838268429,0.624707091330687,0.624707091330687,0.03892880369762433,0.0,0.0,0.0013829062059719998,967.0,991.0,231.0,231.0,0.0,0.0,0.5590062113870768,0.6875,0.3765690375629905,0.9375,0.0157560266723463,0.05859375,0.0,0.0,0.0006991646512829,0.0017923733605426,9.0,15.0,0.0,0.0,4502.5,4542.5,2
70,1000,1006,1008.0,231,231,231.0,4558.5,4574.5,4590.5,9.0,6.0,2.0,0.5625,0.375,0.0277777777777777,0.5625,0.375,0.125,0.0,0.0,0.0,0.03515625,0.0234375,0.0003858024691358,0.0,0.0,0.0,0.0,0.0,0.0,0.00146484375,0.000732421875,0.001440731095679,71.0,1004.6666666666666,231.0,4574.5,5.666666666666667,0.32175925925925924,0.3541666666666667,0.3541666666666667,0.019659850823045267,0.0,0.0,0.0012126655735596667,1000.0,1008.0,231.0,231.0,0.0,0.0,0.125,0.5625,0.0277777777777777,0.5625,0.0003858024691358,0.03515625,0.0,0.0,0.000732421875,0.00146484375,2.0,9.0,0.0,0.0,4558.5,4590.5,2
71,1010,1011,1017.0,231,231,231.0,4662.5,4670.59999999404,4686.59999999404,2.0,1.0,6.0,0.2469135804286073,0.0625,0.25,0.0277777777777777,0.1234567902143036,0.375,0.0,0.0,0.0,0.0304831581000371,0.00390625,0.0104166666666666,0.0,0.0,0.0,0.0,0.0,0.0,0.0004180188282069,0.0032810997678511,0.0004069010416666,72.0,1012.6666666666666,231.0,4673.23333332936,3.0,0.18647119347620245,0.17541152266402707,0.17541152266402707,0.014935358255567901,0.0,0.0,0.0013686732125748667,1010.0,1017.0,231.0,231.0,0.0,0.0,0.0277777777777777,0.375,0.0625,0.25,0.00390625,0.0304831581000371,0.0,0.0,0.0004069010416666,0.0032810997678511,1.0,6.0,0.0,0.0,4662.5,4686.59999999404,2
72,1033,1039,1064.0,230,227,227.0,4710.59999999404,4718.59999999404,4742.5,16.0312195418814,6.708203932499369,25.0,2.003902442735175,0.2806779887375062,1.5625,0.6666666666666666,0.75,1.0460251043416404,0.0416666666666666,0.375,0.0,0.2504878053418968,0.011743848898222,0.09765625,0.0624188099959573,0.4636476090008061,0.0,0.0026007837498315,0.050153599875606,0.0193994815433128,0.0100029641114679,0.0298429945554593,0.0035946611330691,73.0,1045.3333333333333,228.0,4723.899999996027,15.913141158126924,1.2823601438242271,0.8208972570027689,0.8208972570027689,0.11996263474670626,0.17535547299892115,0.024051288389583435,0.014480206599998768,1033.0,1064.0,227.0,230.0,0.0,0.375,0.6666666666666666,1.0460251043416404,0.2806779887375062,2.003902442735175,0.011743848898222,0.2504878053418968,0.0,0.4636476090008061,0.0035946611330691,0.0298429945554593,6.708203932499369,25.0,0.0026007837498315,0.050153599875606,4710.59999999404,4742.5,2
73,1086,1105,1114.0,227,227,227.0,4758.5,4774.5,4790.699999988079,22.0,19.0,9.0,1.375,1.172839507035885,0.5660377356368649,1.375,1.1875,0.5555555559643666,0.0,0.0,0.0,0.0859375,0.0723975004875883,0.0355998575738788,0.0,0.0,0.0,0.0,0.0,0.0,0.000732421875,0.0008462499695257,0.0022714594407893,74.0,1101.6666666666667,227.0,4774.566666662693,16.666666666666668,1.0379590808909167,1.0393518519881222,1.0393518519881222,0.0646449526871557,0.0,0.0,0.001283377095105,1086.0,1114.0,227.0,227.0,0.0,0.0,0.5555555559643666,1.375,0.5660377356368649,1.375,0.0355998575738788,0.0859375,0.0,0.0,0.000732421875,0.0022714594407893,9.0,22.0,0.0,0.0,4758.5,4790.699999988079,2
74,1118,1120,1121.0,227,227,227.0,4806.59999999404,4814.699999988079,4862.59999999404,4.0,2.0,1.0,0.4938271608572147,0.0417536534394807,0.0413223140444979,0.2515723269497177,0.2469135804286073,0.0208768267197403,0.0,0.0,0.0,0.0609663162000743,0.0008716837877721,0.0017075336379921,0.0,0.0,0.0,0.0,0.0,0.0,0.0015953747557664,0.0074190904267312,1.7449892486763453e-05,75.0,1119.6666666666667,227.0,4827.966666658719,2.3333333333333335,0.19230104278039775,0.17312091136602178,0.17312091136602178,0.021181844541946163,0.0,0.0,0.0030106383583281215,1118.0,1121.0,227.0,227.0,0.0,0.0,0.0208768267197403,0.2515723269497177,0.0413223140444979,0.4938271608572147,0.0008716837877721,0.0609663162000743,0.0,0.0,1.7449892486763453e-05,0.0074190904267312,1.0,4.0,0.0,0.0,4806.59999999404,4862.59999999404,2
75,1124,1132,1137.0,226,226,225.0,4886.79999999702,4910.5,4926.5,3.1622776601683795,8.0,5.0990195135927845,0.1334294371211278,0.5,0.3167092866758086,0.1239669421334938,0.3375527425735871,0.3125,0.0413223140444979,0.0,0.0625,0.0056299340550358,0.03125,0.0196713842728608,0.3217505543966422,0.0,0.1973955598498807,0.0132954774527693,0.0135759727576448,0.0123372224906175,0.0001620826618413,0.0010810154405798,0.0007236634829461,76.0,1131.0,225.66666666666666,4907.93333333234,5.420432391253722,0.3167129079323121,0.25800656156902696,0.2788398949023603,0.018850439442632202,0.17304870474884096,0.013069557567010533,0.0006555871951224,1124.0,1137.0,225.0,226.0,0.0,0.0625,0.1239669421334938,0.3375527425735871,0.1334294371211278,0.5,0.0056299340550358,0.03125,0.0,0.3217505543966422,0.0001620826618413,0.0010810154405798,3.1622776601683795,8.0,0.0123372224906175,0.0135759727576448,4886.79999999702,4926.5,2
76,1140,1146,1152.0,225,224,224.0,4942.59999999404,4958.5,4974.699999988079,3.0,6.082762530298219,6.0,0.1886792452122883,0.3754791688132271,0.3797468351565231,0.1863354037956922,0.3773584904245766,0.370370370642911,0.0,0.0628930817374294,0.0,0.0118666191912929,0.0231777264870078,0.0240346098018992,0.0,0.1651486774146268,0.0,0.0122605937840347,0.0103867092674664,0.0101943628108736,0.0004847680176681,0.0007113903956902,5.289403182234258e-05,77.0,1146.0,224.33333333333334,4958.5999999940395,5.027587510099406,0.3146350830606795,0.31135475495439324,0.31135475495439324,0.019692985160066633,0.055049559138208935,0.010947221954124902,0.0004163508150602142,1140.0,1152.0,224.0,225.0,0.0,0.0628930817374294,0.1863354037956922,0.3773584904245766,0.1886792452122883,0.3797468351565231,0.0118666191912929,0.0240346098018992,0.0,0.1651486774146268,5.289403182234258e-05,0.0007113903956902,3.0,6.082762530298219,0.0101943628108736,0.0122605937840347,4942.59999999404,4974.699999988079,2
77,1165,1182,1195.0,224,224,224.0,4990.5,5007.0,5022.59999999404,13.0,17.0,13.0,0.7878787878787878,1.08974359015996,0.8074534164479998,0.8227848095058,1.0303030303030305,0.8333333336517342,0.0,0.0,0.0,0.0477502295684113,0.0698553583702775,0.0501523861333497,0.0,0.0,0.0,0.0,0.0,0.0,0.0015009885916847,0.0013397047758706,0.0012630110413112,78.0,1180.6666666666667,224.0,5006.6999999980135,14.333333333333334,0.895025264828916,0.8954737244868549,0.8954737244868549,0.055919324690679506,0.0,0.0,0.0013679014696221664,1165.0,1195.0,224.0,224.0,0.0,0.0,0.8227848095058,1.0303030303030305,0.7878787878787878,1.08974359015996,0.0477502295684113,0.0698553583702775,0.0,0.0,0.0012630110413112,0.0015009885916847,13.0,17.0,0.0,0.0,4990.5,5022.59999999404,2
78,1202,1207,1213.0,224,224,224.0,5038.699999988079,5055.0,5070.59999999404,7.0,5.0,6.0,0.4294478524466615,0.3205128206352824,0.25,0.4347826088566153,0.3067484660333296,0.3846153847623388,0.0,0.0,0.0,0.0263464939958642,0.0205456936383169,0.0104166666666666,0.0,0.0,0.0,0.0,0.0,0.0,0.001478626841385,0.0003558773222886,0.0006492966009948,79.0,1207.3333333333333,224.0,5054.7666666607065,6.0,0.33332022436064795,0.3753821532174279,0.3753821532174279,0.0191029514336159,0.0,0.0,0.0008279335882227999,1202.0,1213.0,224.0,224.0,0.0,0.0,0.3067484660333296,0.4347826088566153,0.25,0.4294478524466615,0.0104166666666666,0.0263464939958642,0.0,0.0,0.0003558773222886,0.001478626841385,5.0,7.0,0.0,0.0,5038.699999988079,5070.59999999404,2
79,1231,1249,1264.0,221,219,219.0,5094.59999999404,5110.5,5126.59999999404,18.24828759089466,18.110770276274835,15.0,1.147691043022257,1.1248925641602308,0.9433962260614416,0.75,1.1320754712737298,0.9316770189784612,0.125,0.1257861634748588,0.0,0.0721818265781144,0.0698691033898561,0.0593330959564647,0.1651486774146268,0.1106572211738956,0.0,0.0068811948922761,0.0034271356113398,0.0068731193301156,0.0025735483296436,0.0001454542885151,0.0006544103998318,80.0,1248.0,219.66666666666666,5110.566666662693,17.119685955723167,1.0719932777479764,0.9379174967507303,0.9379174967507303,0.06712800864147839,0.09193529952950746,0.005727149944577167,0.0011244710059968332,1231.0,1264.0,219.0,221.0,0.0,0.1257861634748588,0.75,1.1320754712737298,0.9433962260614416,1.147691043022257,0.0593330959564647,0.0721818265781144,0.0,0.1651486774146268,0.0001454542885151,0.0025735483296436,15.0,18.24828759089466,0.0034271356113398,0.0068811948922761,5094.59999999404,5126.59999999404,2
80,1273,1275,1273.0,219,219,219.0,5142.5,5150.5,5358.79999999702,9.0,2.0,2.0,1.125,0.0096015362459367,0.2531645572485402,0.5660377356368649,0.25,0.0096015362459367,0.0,0.0,0.0,0.140625,4.609474914101812e-05,0.0320461465234246,0.0,0.0,3.141592653589793,0.0,0.0,0.0150820578667054,0.0051126983656013,0.0175723631563573,0.0001536248284913,81.0,1273.6666666666667,219.0,5217.266666665673,4.333333333333333,0.4625886978314923,0.2752130906276005,0.2752130906276005,0.057572413757521874,1.0471975511965976,0.005027352622235133,0.007612895450149967,1273.0,1275.0,219.0,219.0,0.0,0.0,0.0096015362459367,0.5660377356368649,0.0096015362459367,1.125,4.609474914101812e-05,0.140625,0.0,3.141592653589793,0.0001536248284913,0.0175723631563573,2.0,9.0,0.0,0.0150820578667054,5142.5,5358.79999999702,2
81,1270,1266,1255.0,219,220,221.0,5366.699999988079,5374.699999988079,5390.5,3.0,4.123105625617661,11.04536101718726,0.375,0.2609560520573938,0.6903350635742038,0.3797468358728103,0.5,0.6962025311202924,0.0,0.125,0.0632911391927538,0.046875,0.016516205813956,0.0431459414733877,3.141592653589793,2.896613990462929,3.050932766389048,0.0,0.030622332890858,0.0097670111271954,0.0018770700624503,0.0037948492732554,0.0016854263062873,82.0,1263.6666666666667,220.0,5377.299999992053,6.05615554760164,0.44209703854386584,0.5253164556643676,0.5464135020619522,0.035512382429114565,3.0297131368139234,0.013463114672684467,0.002452448547331,1255.0,1270.0,219.0,221.0,0.0,0.125,0.3797468358728103,0.6962025311202924,0.2609560520573938,0.6903350635742038,0.016516205813956,0.046875,2.896613990462929,3.141592653589793,0.0016854263062873,0.0037948492732554,3.0,11.04536101718726,0.0,0.030622332890858,5366.699999988079,5390.5,2
82,1240,1212,1150.0,223,232,244.0,5406.5,5422.5,5446.5,15.132745950421556,29.410882339705484,63.150613615387776,0.9457966219013472,1.2254534308210618,3.946913350961736,0.9375,1.75,2.583333333333333,0.125,0.5625,0.5,0.0591122888688342,0.0510605596175442,0.2466820844351085,3.0090411212931194,2.8305943729842524,2.950408193992778,0.0026182278184955,0.0111529217693041,0.0049922425420219,0.0009978967122154,0.0005032330782056,0.0081508968673985,83.0,1200.6666666666667,233.0,5425.166666666667,35.8980806351716,2.0393878012280484,1.7569444444444444,1.923611111111111,0.1189516443071623,2.930014562756717,0.006254464043273833,0.0032173422192731667,1150.0,1240.0,223.0,244.0,0.125,0.5625,0.9375,2.583333333333333,0.9457966219013472,3.946913350961736,0.0510605596175442,0.2466820844351085,2.8305943729842524,3.0090411212931194,0.0005032330782056,0.0081508968673985,15.132745950421556,63.150613615387776,0.0026182278184955,0.0111529217693041,5406.5,5446.5,2
83,1093,1014,910.0,256,266,287.0,5462.5,5478.399999991059,5494.59999999404,58.2494635168428,79.63039620647382,106.0990103629624,3.663488273559556,4.915456555050902,6.672893731018166,3.5625,4.968553461913354,6.419753085238743,0.75,0.6289308179637157,1.2962962960578233,0.2304080676490291,0.3034232440831253,0.419678850850106,2.93409642715459,3.015680027903995,2.942348667009587,0.0010194854273867,0.0051310440751747,0.0045266272148714,0.0010171260491299,0.0045921494638461,0.0071762720213329,84.0,1005.6666666666666,269.6666666666667,5478.499999995033,81.32629002875967,5.083946186542875,4.983602182384033,5.41570094773664,0.3178367208607535,2.9640417073560577,0.003559052239144267,0.004261849178102967,910.0,1093.0,256.0,287.0,0.6289308179637157,1.2962962960578233,3.5625,6.419753085238743,3.663488273559556,6.672893731018166,0.2304080676490291,0.419678850850106,2.93409642715459,3.015680027903995,0.0010171260491299,0.0071762720213329,58.2494635168428,106.0990103629624,0.0010194854273867,0.0051310440751747,5462.5,5494.59999999404,2
84,770,645,509.0,303,312,312.0,5510.5,5526.59999999404,5542.5,140.91131963046828,125.32358118087753,136.0,8.752255880909056,7.881986234836304,8.447204972071383,8.805031443240122,7.763975158153845,8.553459116290403,1.006289307798871,0.5590062113870768,0.0,0.5436183778974705,0.4957224045208533,0.5246711164719668,3.027800646446085,3.0697166840334584,3.141592653589793,0.0053743383273248,0.0026034805964528,0.0045205012282635,0.0077949388050882,0.0029749051797732,0.0018206737069346,85.0,641.3333333333334,309.0,5526.5333333313465,134.0783002704486,8.36048236260558,8.374155239228124,8.374155239228124,0.5213372996300969,3.0797033280231125,0.0041661067173470335,0.004196839230598667,509.0,770.0,303.0,312.0,0.0,1.006289307798871,7.763975158153845,8.805031443240122,7.881986234836304,8.752255880909056,0.4957224045208533,0.5436183778974705,3.027800646446085,3.141592653589793,0.0018206737069346,0.0077949388050882,125.32358118087753,140.91131963046828,0.0026034805964528,0.0053743383273248,5510.5,5542.5,2
85,412,353,331.0,312,312,311.0,5558.59999999404,5574.5,5590.399999991059,97.0,59.0,22.02271554554524,6.100628928530655,3.7106918259859225,1.359426885277397,6.024844722727384,3.7106918225083367,1.3836477995201746,0.0,0.0,0.0628930817963715,0.3836873538518051,0.23337684453286,0.0839152398165006,3.141592653589793,3.141592653589793,3.096169374168216,0.0,0.0,0.0028568100281206,0.0087567554454879,0.009453491148591,0.0094001009308429,86.0,365.3333333333333,311.6666666666667,5574.499999995033,59.340905181848406,3.7235825465979917,3.7063947815852987,3.727359142184089,0.2336598127337219,3.1264515604492673,0.0009522700093735334,0.009203449174973934,331.0,412.0,311.0,312.0,0.0,0.0628930817963715,1.3836477995201746,6.024844722727384,1.359426885277397,6.100628928530655,0.0839152398165006,0.3836873538518051,3.096169374168216,3.141592653589793,0.0087567554454879,0.009453491148591,22.02271554554524,97.0,0.0,0.0028568100281206,5558.59999999404,5590.399999991059,2
86,322,318,317.0,306,305,304.0,5606.59999999404,5614.699999988079,5631.0,10.295630140987,4.123105625617661,1.4142135623730951,1.271065450439894,0.2529512651903218,0.0444721246070953,0.5555555554533528,0.4938271608572147,0.0613496932066659,0.3086419752518626,0.1234567902143036,0.0613496932066659,0.1569216606636074,0.0155184825156642,0.0013984944846309,2.6344941491974563,2.896613990462929,2.356194490192345,0.0284984706719646,0.032360474254118,0.0331545705445,0.0045065691872639,0.0174571825002464,0.0008662569337856,87.0,319.0,305.0,5617.433333327373,5.277649776325919,0.522829613412437,0.37024413650574445,0.3906940342412997,0.05794621255463417,2.6291008766175765,0.0313378384901942,0.007610002873765301,317.0,322.0,304.0,306.0,0.0613496932066659,0.3086419752518626,0.0613496932066659,0.5555555554533528,0.0444721246070953,1.271065450439894,0.0013984944846309,0.1569216606636074,2.356194490192345,2.896613990462929,0.0008662569337856,0.0174571825002464,1.4142135623730951,10.295630140987,0.0284984706719646,0.0331545705445,5606.59999999404,5631.0,2
87,314,312,309.0,299,298,296.0,5662.79999999702,5678.899999991059,5734.699999988079,5.830951894845301,2.23606797749979,3.605551275463989,0.362170925279752,0.0400729028247171,0.0281903930828456,0.0943396226503507,0.1242236025304615,0.0537634408630865,0.1572327044172512,0.0621118012652307,0.0358422939087243,0.0224950885350206,0.0007181523804096,0.0002204096409814,2.1112158270654806,2.677945044588987,2.5535900500422257,0.0077037315455919,0.0352005725300197,0.0022285841317814,0.0006634149073071,0.0013526047306008,8.920120778758601e-06,88.0,311.6666666666667,297.6666666666667,5692.133333325386,3.8908570492696932,0.1434780737291049,0.09077555534796623,0.10272298665087433,0.0078112168521372,2.4475836405655644,0.015044296069131,0.0006749799195622195,309.0,314.0,296.0,299.0,0.0358422939087243,0.1572327044172512,0.0537634408630865,0.1242236025304615,0.0281903930828456,0.362170925279752,0.0002204096409814,0.0224950885350206,2.1112158270654806,2.677945044588987,8.920120778758601e-06,0.0013526047306008,2.23606797749979,5.830951894845301,0.0022285841317814,0.0352005725300197,5662.79999999702,5734.699999988079,2
88,312,318,325.0,296,296,296.0,5862.59999999404,5870.5,5878.59999999404,3.0,6.0,7.0,0.3797468351565231,0.7407407412858221,0.440251572162006,0.0234558248620812,0.7594936703130462,0.8641975315001258,0.0,0.0,0.0,0.0480692196037985,0.0914494743001115,0.0276887781130168,0.0,0.0,0.0,0.0199655203277812,0.0,0.0,0.0003741111021156,0.0054911714764029,0.0078716908930881,89.0,318.3333333333333,296.0,5870.566666662693,5.333333333333333,0.5202463828681171,0.549049008891751,0.549049008891751,0.055735824005642275,0.0,0.006655173442593733,0.0045789911572022,312.0,325.0,296.0,296.0,0.0,0.0,0.0234558248620812,0.8641975315001258,0.3797468351565231,0.7407407412858221,0.0276887781130168,0.0914494743001115,0.0,0.0,0.0003741111021156,0.0078716908930881,3.0,7.0,0.0,0.0199655203277812,5862.59999999404,5878.59999999404,2
89,336,348,356.0,291,287,286.0,5894.5,5910.5,5926.5,12.083045973594572,12.649110640673518,8.06225774829855,0.7551903733496608,0.7905694150420949,0.5038911092686593,0.6918238991117238,0.75,0.5,0.3144654086871472,0.25,0.0625,0.0471993983343538,0.0494105884401309,0.0314931943292912,0.4266274931268761,0.3217505543966422,0.1243549945467614,0.0268319177966632,0.0065548086706396,0.0123372224906175,0.0012270830323284,0.000138199381611,0.0011198371319274,90.0,346.6666666666667,288.0,5910.5,10.93147145418888,0.683216965886805,0.6472746330372413,0.6681079663705747,0.04270106036792531,0.2909110140234265,0.015241316319306766,0.0008283731819556001,336.0,356.0,286.0,291.0,0.0625,0.3144654086871472,0.5,0.75,0.5038911092686593,0.7905694150420949,0.0314931943292912,0.0494105884401309,0.1243549945467614,0.4266274931268761,0.000138199381611,0.0012270830323284,8.06225774829855,12.649110640673518,0.0065548086706396,0.0268319177966632,5894.5,5926.5,2
90,362,367,373.0,284,283,282.0,5942.5,5958.5,5974.79999999702,6.324555320336759,5.0990195135927845,6.082762530298219,0.3952847075210474,0.3128232830996976,0.3874371037671061,0.375,0.3125,0.3680981595765041,0.125,0.0625,0.0613496932627506,0.0247052942200654,0.019191612463613,0.0246775225282523,0.3217505543966422,0.1973955598498807,0.1651486774146268,0.0123372224906175,0.0077721871591725,0.0019783363460828,0.0004242437568266,0.0003446051097782,0.0003365588997326,91.0,367.3333333333333,283.0,5958.599999999006,5.83544578807592,0.3651816981292837,0.351866053192168,0.37231595094641823,0.02285814307064357,0.2280982638870499,0.007362581998624267,0.00036846925544579994,362.0,373.0,282.0,284.0,0.0613496932627506,0.125,0.3125,0.375,0.3128232830996976,0.3952847075210474,0.019191612463613,0.0247052942200654,0.1651486774146268,0.3217505543966422,0.0003365588997326,0.0004242437568266,5.0990195135927845,6.324555320336759,0.0019783363460828,0.0123372224906175,5942.5,5974.79999999702,2
91,386,408,419.0,281,281,281.0,5990.5,6014.59999999404,6030.5,13.038404810405298,22.0,11.0,0.5410126478684641,1.3836477982234476,0.6875,0.8280254775498275,0.9128630707651904,0.6918238991117238,0.0636942675038328,0.0,0.0,0.0224486575934551,0.0870218740694815,0.04296875,0.076771891269778,0.0,0.0,0.005629094657839,0.0031855556551354,0.0,0.0001419659193868,0.0026793865764314,0.002770636732891,92.0,404.3333333333333,281.0,6011.8666666646795,15.346134936801766,0.8707201486973039,0.8109041491422472,0.8109041491422472,0.05081309388764554,0.025590630423259333,0.002938216770991467,0.0018639964095697335,386.0,419.0,281.0,281.0,0.0,0.0636942675038328,0.6918238991117238,0.9128630707651904,0.5410126478684641,1.3836477982234476,0.0224486575934551,0.0870218740694815,0.0,0.076771891269778,0.0001419659193868,0.002770636732891,11.0,22.0,0.0,0.005629094657839,5990.5,6030.5,2
92,432,444,459.0,281,281,279.0,6046.5,6062.5,6078.5,13.0,12.0,15.132745950421556,0.8125,0.75,0.9517450288635736,0.8125,0.75,0.9375,0.0,0.0,0.125,0.05078125,0.046875,0.0598581779496067,0.0,0.0,0.132551532296674,0.0,0.0,0.0082844707685421,0.00048828125,0.000244140625,0.0008114486218504,93.0,445.0,280.3333333333333,6062.5,13.377581983473853,0.8380816762878579,0.8333333333333334,0.875,0.05250480931653556,0.04418384409889133,0.0027614902561807,0.0005146234989501333,432.0,459.0,279.0,281.0,0.0,0.125,0.75,0.9375,0.75,0.9517450288635736,0.046875,0.0598581779496067,0.0,0.132551532296674,0.000244140625,0.0008114486218504,12.0,15.132745950421556,0.0,0.0082844707685421,6046.5,6078.5,2
93,472,483,492.0,279,279,279.0,6094.399999991059,6110.399999991059,6126.5,13.0,11.0,9.0,0.8125,0.6832298132851832,0.5625,0.8176100633528304,0.6875,0.5590062108696954,0.0,0.0,0.0,0.05078125,0.0424366343419733,0.03515625,0.0,0.0,0.0,0.0083365743629691,0.0,0.0,0.0005708759719943,0.0005215384786266,0.0004521977849646,94.0,482.3333333333333,279.0,6110.433333327373,11.0,0.6860766044283944,0.6880387580741752,0.6880387580741752,0.042791378113991106,0.0,0.0027788581209897,0.0005148707451951667,472.0,492.0,279.0,279.0,0.0,0.0,0.5590062108696954,0.8176100633528304,0.5625,0.8125,0.03515625,0.05078125,0.0,0.0,0.0004521977849646,0.0005708759719943,9.0,13.0,0.0,0.0083365743629691,6094.399999991059,6126.5,2
94,495,497,498.0,279,279,279.0,6142.5,6158.59999999404,6166.59999999404,3.0,2.0,1.0,0.1863354037956922,0.25,0.0313479623765878,0.1875,0.1242236025304615,0.125,0.0,0.0,0.0,0.0115736275692345,0.03125,0.0009826947451639,0.0,0.0,0.0,0.0,0.0,0.0,0.0014739139019228,0.0012221349340403,0.0037834131568545,95.0,496.6666666666667,279.0,6155.899999996026,2.0,0.15589445539076,0.1455745341768205,0.1455745341768205,0.014602107438132799,0.0,0.0,0.002159820664272533,495.0,498.0,279.0,279.0,0.0,0.0,0.1242236025304615,0.1875,0.0313479623765878,0.25,0.0009826947451639,0.03125,0.0,0.0,0.0012221349340403,0.0037834131568545,1.0,3.0,0.0,0.0,6142.5,6166.59999999404,2
95,503,505,508.0,279,279,279.0,6198.5,6214.5,6230.5,5.0,2.0,3.0,0.3125,0.125,0.1875,0.1567398118829391,0.125,0.1875,0.0,0.0,0.0,0.01953125,0.0078125,0.01171875,0.0,0.0,0.0,0.0,0.0,0.0,0.0005814594122686,0.000732421875,0.000244140625,96.0,505.3333333333333,279.0,6214.5,3.3333333333333335,0.20833333333333334,0.15641327062764634,0.15641327062764634,0.013020833333333334,0.0,0.0,0.0005193406374228666,503.0,508.0,279.0,279.0,0.0,0.0,0.125,0.1875,0.125,0.3125,0.0078125,0.01953125,0.0,0.0,0.000244140625,0.000732421875,2.0,5.0,0.0,0.0,6198.5,6230.5,2
96,514,523,536.0,279,279,279.0,6246.5,6262.5,6278.5,6.0,9.0,13.0,0.375,0.5625,0.8176100633528304,0.375,0.5625,0.8125,0.0,0.0,0.0,0.0234375,0.03515625,0.0514220165919861,0.0,0.0,0.0,0.0,0.0,0.0,0.000732421875,0.000732421875,0.0010166104119991,97.0,524.3333333333334,279.0,6262.5,9.333333333333334,0.5850366877842768,0.5833333333333334,0.5833333333333334,0.0366719221973287,0.0,0.0,0.0008271513873330333,514.0,536.0,279.0,279.0,0.0,0.0,0.375,0.8125,0.375,0.8176100633528304,0.0234375,0.0514220165919861,0.0,0.0,0.000732421875,0.0010166104119991,6.0,13.0,0.0,0.0,6246.5,6278.5,2
97,550,565,578.0,279,279,279.0,6294.399999991059,6310.399999991059,6326.5,14.0,15.0,13.0,0.875,0.9316770181161588,0.8125,0.880503145149202,0.9375,0.8074534157006711,0.0,0.0,0.0,0.0546875,0.0578681377390545,0.05078125,0.0,0.0,0.0,0.0,0.0,0.0,0.0002053763150849,0.0001987898586909,0.0004401793624297,98.0,564.3333333333334,279.0,6310.433333327373,14.0,0.8730590060387197,0.8751521869499577,0.8751521869499577,0.0544456292463515,0.0,0.0,0.00028144851206849997,550.0,578.0,279.0,279.0,0.0,0.0,0.8074534157006711,0.9375,0.8125,0.9316770181161588,0.05078125,0.0578681377390545,0.0,0.0,0.0001987898586909,0.0004401793624297,13.0,15.0,0.0,0.0,6294.399999991059,6326.5,2
98,587,596,601.0,279,279,279.0,6342.5,6358.59999999404,6374.59999999404,9.0,9.0,5.0,0.5590062113870768,0.5625,0.2118644068331699,0.5625,0.5590062113870768,0.3125,0.0,0.0,0.0,0.0347208827077036,0.03515625,0.0089773053765541,0.0,0.0,0.0,0.0,0.0,0.0,0.0010037729557685,2.7041446736490107e-05,0.0016361840389653,99.0,594.6666666666666,279.0,6358.566666662693,7.666666666666667,0.4444568727400822,0.47800207046235893,0.47800207046235893,0.026284812694752566,0.0,0.0,0.0008889994804900966,587.0,601.0,279.0,279.0,0.0,0.0,0.3125,0.5625,0.2118644068331699,0.5625,0.0089773053765541,0.03515625,0.0,0.0,2.7041446736490107e-05,0.0016361840389653,5.0,9.0,0.0,0.0,6342.5,6374.59999999404,2
99,606,611,617.0,279,278,278.0,6398.199999988079,6414.5,6430.399999991059,5.0,5.0990195135927845,6.0,0.3067484660333296,0.3206930513496858,0.3726708072464635,0.2118644068331699,0.3067484660333296,0.3773584907782294,0.0,0.0613496932066659,0.0,0.0188189242827601,0.0201693743100637,0.0231472550956218,0.0,0.1973955598498807,0.0,0.0,0.0121101570371482,0.0124148150918791,0.0004170177503682,8.284969486601055e-05,0.0001872880998259,100.0,611.3333333333334,278.3333333333333,6414.366666659713,5.366339837864262,0.33337077487649297,0.2986571212149096,0.2986571212149096,0.020711851229481867,0.06579851994996024,0.008174990709675768,0.0002290518483533702,606.0,617.0,278.0,279.0,0.0,0.0613496932066659,0.2118644068331699,0.3773584907782294,0.3067484660333296,0.3726708072464635,0.0188189242827601,0.0231472550956218,0.0,0.1973955598498807,8.284969486601055e-05,0.0004170177503682,5.0,6.0,0.0,0.0124148150918791,6398.199999988079,6430.399999991059,2
100,629,647,668.0,278,278,278.0,6446.5,6462.5,6478.5,12.0,18.0,21.0,0.75,1.125,1.3125,0.7453416144929271,1.125,1.3125,0.0,0.0,0.0,0.046875,0.0703125,0.08203125,0.0,0.0,0.0,0.0,0.0,0.0,0.0014737729746087,0.00146484375,0.000732421875,101.0,648.0,278.0,6462.5,17.0,1.0625,1.0609472048309756,1.0609472048309756,0.06640625,0.0,0.0,0.0012236795332029,629.0,668.0,278.0,278.0,0.0,0.0,0.7453416144929271,1.3125,0.75,1.3125,0.046875,0.08203125,0.0,0.0,0.000732421875,0.0014737729746087,12.0,21.0,0.0,0.0,6446.5,6478.5,2
101,690,714,729.0,278,278,278.0,6494.5,6510.5,6526.59999999404,22.0,24.0,15.0,1.375,1.4906832303655382,0.9316770189784612,1.375,1.5,0.9316770189784612,0.0,0.0,0.0,0.0859375,0.0925890205538765,0.0578681378461728,0.0,0.0,0.0,0.0,0.0,0.0,0.000244140625,0.0004157200346172,0.0021565765664942,102.0,711.0,278.0,6510.5333333313465,20.333333333333332,1.265786749781333,1.2688923396594871,1.2688923396594871,0.0787982194666831,0.0,0.0,0.0009388124087038001,690.0,729.0,278.0,278.0,0.0,0.0,0.9316770189784612,1.5,0.9316770189784612,1.4906832303655382,0.0578681378461728,0.0925890205538765,0.0,0.0,0.000244140625,0.0021565765664942,15.0,24.0,0.0,0.0,6494.5,6526.59999999404,2
102,741,746,747.0,278,278,278.0,6542.699999988079,6558.59999999404,6590.59999999404,12.0,5.0,1.0,0.7547169808491532,0.15625,0.125,0.7453416151827691,0.3144654086871472,0.03125,0.0,0.0,0.0,0.0474664767651717,0.0048828125,0.015625,0.0,0.0,0.0,0.0,0.0,0.0,0.0006460659058914,0.0026782178773087,0.000335693359375,103.0,744.6666666666666,278.0,6563.966666658719,6.0,0.3453223269497177,0.3636856746233054,0.3636856746233054,0.022658096421723898,0.0,0.0,0.0012199923808583668,741.0,747.0,278.0,278.0,0.0,0.0,0.03125,0.7453416151827691,0.125,0.7547169808491532,0.0048828125,0.0474664767651717,0.0,0.0,0.000335693359375,0.0026782178773087,1.0,12.0,0.0,0.0,6542.699999988079,6590.59999999404,2
103,748,751,758.0,278,278,275.0,6598.59999999404,6614.5,6630.399999991059,1.0,3.0,7.615773105863909,0.0628930817374294,0.1886792453891147,0.4730293851947016,0.125,0.1886792452122883,0.440251572574601,0.0,0.0,0.1886792453891147,0.0039555397304309,0.0118666192135352,0.0293807071386346,0.0,0.0,0.4048917862850834,0.0,0.0,0.0254648922335067,0.0014586825336961,0.0004975521685621,0.0011015149644621,104.0,752.3333333333334,277.0,6614.499999995033,3.8719243686213027,0.2415339041070819,0.25131027259562977,0.31420335439200137,0.015067622027533567,0.13496392876169447,0.0084882974111689,0.0010192498889067668,748.0,758.0,275.0,278.0,0.0,0.1886792453891147,0.125,0.440251572574601,0.0628930817374294,0.4730293851947016,0.0039555397304309,0.0293807071386346,0.0,0.4048917862850834,0.0004975521685621,0.0014586825336961,1.0,7.615773105863909,0.0,0.0254648922335067,6598.59999999404,6630.399999991059,2
104,761,766,770.0,273,273,272.0,6646.5,6662.5,6679.0,3.605551275463989,5.0,4.123105625617661,0.2253469547164993,0.303030303030303,0.2677341316890513,0.1863354036232317,0.3125,0.2424242424242424,0.1242236024154878,0.0,0.0606060606060606,0.0140841846697812,0.0183654729109274,0.017385333236655,0.5880026035475675,0.0,0.2449786631268641,0.0113733426807949,0.0367501627217229,0.0148471917046584,0.0009500945627552,0.0002675805150716,5.940240450135588e-05,105.0,765.6666666666666,272.6666666666667,6662.666666666667,4.242885633693883,0.2653704631452845,0.24708654868249136,0.2672885688845115,0.016611663605787867,0.2776604222248105,0.020990232369058736,0.0004256924941093853,761.0,770.0,272.0,273.0,0.0,0.1242236024154878,0.1863354036232317,0.3125,0.2253469547164993,0.303030303030303,0.0140841846697812,0.0183654729109274,0.0,0.5880026035475675,5.940240450135588e-05,0.0009500945627552,3.605551275463989,5.0,0.0113733426807949,0.0367501627217229,6646.5,6679.0,2
105,773,770,772.0,272,268,267.0,6694.399999991059,6774.5,6798.79999999702,3.0,5.0,2.23606797749979,0.0374531835164187,0.2057613168976632,0.0927829036536439,0.1948051949182918,0.0374531835164187,0.0823045267590652,0.0,0.0499375780218916,0.0411522633795326,0.0004675803185048,0.0084675439062921,0.0038499130156261,0.0,2.214297435588181,0.4636476090008061,0.0159077054070837,0.0276441627383398,0.0720432027490567,0.0010985553849332,9.987470145935482e-05,0.0001900259626021,106.0,771.6666666666666,269.0,6755.899999996026,3.4120226591665967,0.11199913468924193,0.10485430173125855,0.11857172285776942,0.004261679080141,0.892648348196329,0.038531690298160066,0.0004628186829982183,770.0,773.0,267.0,272.0,0.0,0.0499375780218916,0.0374531835164187,0.1948051949182918,0.0374531835164187,0.2057613168976632,0.0004675803185048,0.0084675439062921,0.0,2.214297435588181,9.987470145935482e-05,0.0010985553849332,2.23606797749979,5.0,0.0159077054070837,0.0720432027490567,6694.399999991059,6798.79999999702,2
106,772,773,774.0,266,266,266.0,6822.899999991059,6846.79999999702,6878.899999991059,1.0,1.0,1.0,0.0418410041736656,0.0311526479808624,0.02506265663786,0.0,0.0418410041736656,0.0311526479808624,0.0414937759438722,0.0,0.0,0.0017506696302607,0.0009704874762195,0.0006281367577472,1.5707963267948966,0.0,0.0,0.0459397808326934,0.0657236956654038,0.0,8.710553468401149e-05,3.264360476345606e-05,1.0665131418561763e-05,107.0,773.0,266.0,6849.53333332638,1.0,0.032685436264129335,0.024331217384842663,0.024331217384842663,0.0011164312880758002,0.5235987755982988,0.03722115883269907,4.347142362200977e-05,772.0,774.0,266.0,266.0,0.0,0.0414937759438722,0.0,0.0418410041736656,0.02506265663786,0.0418410041736656,0.0006281367577472,0.0017506696302607,0.0,1.5707963267948966,1.0665131418561763e-05,8.710553468401149e-05,1.0,1.0,0.0,0.0657236956654038,6822.899999991059,6878.899999991059,2
107,775,776,777.0,266,266,266.0,6918.79999999702,6942.59999999404,7015.0,1.0,1.0,1.0,0.0420168067279504,0.0138121546949954,0.0125628140712924,0.02506265663786,0.0420168067279504,0.0138121546949954,0.0,0.0,0.0,0.0017654120476139,0.0001907756173184,0.0001578242973898,0.0,0.0,0.0,0.0,0.0,0.0,2.850314009265108e-05,6.616119455851382e-05,4.551287282584126e-07,108.0,776.0,266.0,6958.79999999702,1.0,0.022797258498079398,0.02696387268693527,0.02696387268693527,0.0007046706541073666,0.0,0.0,3.17064877931411e-05,775.0,777.0,266.0,266.0,0.0,0.0,0.0138121546949954,0.0420168067279504,0.0125628140712924,0.0420168067279504,0.0001578242973898,0.0017654120476139,0.0,0.0,4.551287282584126e-07,6.616119455851382e-05,1.0,1.0,0.0,0.0,6918.79999999702,7015.0,2
108,778,778,775.0,266,268,274.0,7094.59999999404,7102.79999999702,7110.5,1.0,2.0,6.708203932499369,0.1219512194678728,0.2597402596397291,0.2795084971874737,0.0125628140712924,0.0,0.3896103894595936,0.0,0.2439024389357456,0.7792207789191872,0.0148720999297012,0.0337325012388569,0.0116461873828114,0.0,1.5707963267948966,2.0344439357957027,0.0,0.1915605275882929,0.0602139751716044,0.0001848527089624,0.0023000489393049,0.0028683524477269,109.0,777.0,269.3333333333333,7102.633333330353,3.23606797749979,0.2203999920983585,0.13405773451029532,0.3937979941500244,0.02008359618378983,1.2017467541968665,0.08392483425329911,0.0017844180319980668,775.0,778.0,266.0,274.0,0.0,0.7792207789191872,0.0,0.3896103894595936,0.1219512194678728,0.2795084971874737,0.0116461873828114,0.0337325012388569,0.0,2.0344439357957027,0.0001848527089624,0.0028683524477269,1.0,6.708203932499369,0.0,0.1915605275882929,7094.59999999404,7110.5,2
109,752,705,677.0,302,330,349.0,7134.5,7150.5,7166.5,36.23534186398688,54.70831746635972,33.83784863137726,2.26470886649918,3.4192698416474827,2.114865539461079,0.9583333333333334,2.9375,1.75,1.1666666666666667,1.75,1.1875,0.1415443041561987,0.2137043651029676,0.1321790962163174,2.2584675828336263,2.6043079392890216,2.5453935122923133,0.0093343186265801,0.0216150222784622,0.0036821516872942,0.0054124215322244,0.004510003809173,0.0050953293054156,110.0,711.3333333333334,327.0,7150.5,41.593835987241285,2.5996147492025803,1.8819444444444446,2.277777777777778,0.16247592182516124,2.4693896781383207,0.011543830864112167,0.005005918215604333,677.0,752.0,302.0,349.0,1.1666666666666667,1.75,0.9583333333333334,2.9375,2.114865539461079,3.4192698416474827,0.1321790962163174,0.2137043651029676,2.2584675828336263,2.6043079392890216,0.004510003809173,0.0054124215322244,33.83784863137726,54.70831746635972,0.0036821516872942,0.0216150222784622,7134.5,7166.5,2
110,670,657,648.0,354,354,342.0,7182.5,7342.5,7350.79999999702,8.602325267042627,13.0,15.0,0.0537645329190164,1.5662650608033537,0.9493670887866668,0.4375,0.08125,1.084337349786937,0.3125,0.0,1.4457831330492494,0.0003360283307438,0.1887066338994871,0.0600865246180847,2.521343167606972,3.141592653589793,2.214297435588181,0.0015031465428338,0.0038765592873926,0.1117223154619964,0.0082401917428483,0.0011773162848046,0.0154963987141668,111.0,658.3333333333334,350.0,7291.93333333234,12.20077508901421,0.8564655608363457,0.5343624499289791,1.0162901609453956,0.08304306228277188,2.6257444189283152,0.0390340070974076,0.008304635580606566,648.0,670.0,342.0,354.0,0.0,1.4457831330492494,0.08125,1.084337349786937,0.0537645329190164,1.5662650608033537,0.0003360283307438,0.1887066338994871,2.214297435588181,3.141592653589793,0.0011773162848046,0.0154963987141668,8.602325267042627,15.0,0.0015031465428338,0.1117223154619964,7182.5,7350.79999999702,2
111,630,618,609.0,298,265,242.0,7366.599999994039,7382.5,7398.5,47.53945729601885,35.11409973215888,24.698178070456937,2.98990297347155,2.19463123325993,1.5436361294035583,1.139240506544,0.7547169808491532,0.5625,2.784810127107556,2.0754716973351712,1.4375,0.1880442120975295,0.1371644520787456,0.0964772580877224,1.9591150449673629,1.919567330378804,1.9437840485949576,0.0161507842195538,0.0024872776461467,0.0015135448885096,0.0080985878166823,0.0031999849056421,0.0025429496244389,112.0,619.0,268.3333333333333,7382.5333333313465,35.78391169954489,2.242723445378346,0.8188191624643845,1.297985829131051,0.14056197408799917,1.9408221413137081,0.006717202251403368,0.004613840782254433,609.0,630.0,242.0,298.0,1.4375,2.784810127107556,0.5625,1.139240506544,1.5436361294035583,2.98990297347155,0.0964772580877224,0.1880442120975295,1.919567330378804,1.9591150449673629,0.0025429496244389,0.0080985878166823,24.698178070456937,47.53945729601885,0.0015135448885096,0.0161507842195538,7366.599999994039,7398.5,2
112,602,591,590.0,217,189,185.0,7414.5,7430.5,7446.599999994039,25.96150997149434,30.083217912982647,4.123105625617661,1.6225943732183965,1.868522852429808,0.0321615103394837,0.4375,0.6875,0.0621118012652307,1.5625,1.75,0.248447205060923,0.1014121483261497,0.1160573200696623,0.0002508698154347,1.8438050298816075,1.9451299428024809,1.8157749899217608,0.0062486886695843,0.0063328070575545,0.0080344691260005,0.0003084306399017,0.0009153232339695,0.0071929472234224,113.0,594.3333333333334,197.0,7430.5333333313465,20.05594450336488,1.1744262453292296,0.3957039337550769,0.47851966877538454,0.07257344607041556,1.8682366542019497,0.006871988284379768,0.0028055670324312,590.0,602.0,185.0,217.0,0.248447205060923,1.75,0.0621118012652307,0.6875,0.0321615103394837,1.868522852429808,0.0002508698154347,0.1160573200696623,1.8157749899217608,1.9451299428024809,0.0003084306399017,0.0071929472234224,4.123105625617661,30.083217912982647,0.0062486886695843,0.0080344691260005,7414.5,7446.599999994039,2
113,590,592,609.0,184,184,182.0,7574.79999999702,7582.5,7598.599999994039,1.0,2.0,17.11724276862369,0.1298701298198645,0.1242236025304615,1.0765561485664727,0.0,0.2597402596397291,1.0559006215089228,0.0078003120122991,0.0,0.1242236025304615,0.0168662506194284,0.007715751712823,0.0677079338467234,1.5707963267948966,0.0,0.1171087445668642,0.0019109100087454,0.2039995228814195,0.0072738350689577,0.0001296051544743,0.0011883764809173,0.0037262224941683,114.0,597.0,183.33333333333334,7585.29999999702,6.70574758954123,0.4435499603055996,0.438546960382884,0.47995482789303784,0.030763312059658265,0.5626350237872536,0.07106142265304087,0.0016814013765199668,590.0,609.0,182.0,184.0,0.0,0.1242236025304615,0.0,1.0559006215089228,0.1242236025304615,1.0765561485664727,0.007715751712823,0.0677079338467234,0.0,1.5707963267948966,0.0001296051544743,0.0037262224941683,1.0,17.11724276862369,0.0019109100087454,0.2039995228814195,7574.79999999702,7598.599999994039,2
114,636,671,714.0,180,180,180.0,7614.5,7630.5,7646.599999994039,27.073972741361768,35.0,43.0,1.6921232963351105,2.1739130442830765,1.806722689301868,1.6981132069105946,2.1875,2.6708074544049225,0.1257861634748588,0.0,0.0,0.1057577060209444,0.1350256549744032,0.0759127180473993,0.0739390376579403,0.0,0.0,0.0027150759052038,0.0046211898536212,0.0,0.0023930674314438,0.0018292468095911,0.0036716109906141,115.0,673.6666666666666,180.0,7630.5333333313465,35.024657580453926,1.8909196766400183,2.185473553771839,2.185473553771839,0.10556535968091563,0.0246463458859801,0.002445421919608333,0.0026313084105496665,636.0,714.0,180.0,180.0,0.0,0.1257861634748588,1.6981132069105946,2.6708074544049225,1.6921232963351105,2.1739130442830765,0.0759127180473993,0.1350256549744032,0.0,0.0739390376579403,0.0018292468095911,0.0036716109906141,27.073972741361768,43.0,0.0,0.0046211898536212,7614.5,7646.599999994039,2
115,807,884,933.0,191,211,226.0,7670.399999991059,7686.399999991059,7702.5,93.64827814754524,79.55501241279521,51.24451190127583,5.853017384221578,4.941305116063137,3.2027819938297397,3.907563025699389,4.8125,3.0434782591794525,0.4621848740074545,1.25,0.9316770181161588,0.3658135865138486,0.3069133610757216,0.2001738746143587,0.1177325748040936,0.2541247495556341,0.2970642123410428,0.0049467468411275,0.0085245109219712,0.0026670473764946,0.0121807087606197,0.0036812640898829,0.0066297817641048,116.0,874.6666666666666,209.33333333333334,7686.433333327373,74.81593415387209,4.6657014980381515,3.921180428292947,4.231739434331666,0.29096694073464296,0.22297384556692348,0.0053794350465311,0.007497251538202468,807.0,933.0,191.0,226.0,0.4621848740074545,1.25,3.0434782591794525,4.8125,3.2027819938297397,5.853017384221578,0.2001738746143587,0.3658135865138486,0.1177325748040936,0.2970642123410428,0.0036812640898829,0.0121807087606197,51.24451190127583,93.64827814754524,0.0026670473764946,0.0085245109219712,7670.399999991059,7702.5,2
116,963,992,1007.0,241,260,274.0,7718.5,7734.399999991059,7750.399999991059,33.54101966249684,34.66987164671943,20.518284528683196,2.109498093167121,2.1668669779199643,1.2744276097694982,1.875,1.823899372094776,0.9375,0.9375,1.1949685541310595,0.875,0.1326728361228496,0.1354291861199977,0.0791569943516633,0.4636476090008061,0.5800027742076809,0.7509290623979403,0.0104114622912352,0.0073179349227863,0.0106828930118912,0.0042188149057193,0.00017335534583,0.0035170119855209,117.0,987.3333333333334,258.3333333333333,7734.433333327373,29.57639194596649,1.8502642269521943,1.5454664573649255,1.837133124031592,0.11575300553150353,0.5981931485354758,0.009470763408637568,0.0026363940790234005,963.0,1007.0,241.0,274.0,0.875,1.1949685541310595,0.9375,1.875,1.2744276097694982,2.1668669779199643,0.0791569943516633,0.1354291861199977,0.4636476090008061,0.7509290623979403,0.00017335534583,0.0042188149057193,20.518284528683196,34.66987164671943,0.0073179349227863,0.0106828930118912,7718.5,7750.399999991059,2
117,1026,1054,1084.0,286,299,308.0,7766.5,7782.5,7798.399999991059,22.47220505424423,30.870698080866266,31.32091952673165,1.4045128158902644,1.9415533395110127,1.9453987272881013,1.1801242229471347,1.75,1.8867924538911471,0.7453416144929271,0.8125,0.5660377361673441,0.0877820509931415,0.1221102729938845,0.1208322190191165,0.5633162614919681,0.4346702151492448,0.2914567944778671,0.0116529689938997,0.0080403778964202,0.0090071333806231,0.000535717803521,0.0021455138750464,8.038075317525662e-05,118.0,1054.6666666666667,297.6666666666667,7782.466666663687,28.22127422061405,1.7638216275631262,1.6056388922794274,1.794318137668542,0.11024151433538083,0.42981442370635997,0.009566826756981001,0.0009205374772475522,1026.0,1084.0,286.0,308.0,0.5660377361673441,0.8125,1.1801242229471347,1.8867924538911471,1.4045128158902644,1.9453987272881013,0.0877820509931415,0.1221102729938845,0.2914567944778671,0.5633162614919681,8.038075317525662e-05,0.0021455138750464,22.47220505424423,31.32091952673165,0.0080403778964202,0.0116529689938997,7766.5,7798.399999991059,2
118,1125,1161,1218.0,316,316,316.0,7814.5,7830.5,7854.5,41.77319714841085,36.0,57.0,2.6108248217756778,1.5,3.540372672118153,2.546583849517501,2.25,2.375,0.4968944096619514,0.0,0.0,0.1631765513609798,0.0625,0.2198989238154567,0.1927007586623855,0.0,0.0,0.006133915264636,0.012043797416399,0.0,0.0026300827526924,0.0062922844600612,0.0065582884923106,119.0,1168.0,316.0,7833.166666666667,44.92439904947028,2.5503991646312767,2.390527949839167,2.390527949839167,0.1485251583921455,0.06423358622079517,0.006059237560345001,0.005160218568354733,1125.0,1218.0,316.0,316.0,0.0,0.4968944096619514,2.25,2.546583849517501,1.5,3.540372672118153,0.0625,0.2198989238154567,0.0,0.1927007586623855,0.0026300827526924,0.0065582884923106,36.0,57.0,0.0,0.012043797416399,7814.5,7854.5,2
119,1263,1302,1328.0,316,311,309.0,7870.599999994039,7886.5,7902.5,45.0,39.319206502675,26.0768096208106,2.8301886781843244,2.457450406417188,3.259601202601325,2.795031056935384,2.452830187759748,1.625,0.0,0.3144654086871472,0.125,0.1779992878693941,0.1535906504010742,0.4074501503251655,0.0,0.1275095582152382,0.076771891269778,0.0,0.0080194690671344,0.0031711041840912,0.0026024618609673,0.0015351344313943,0.0158662187452557,120.0,1297.6666666666667,312.0,7886.5333333313465,36.798672041161865,2.8490800957342786,2.290953748231711,2.3326204148983773,0.24634669619854463,0.0680938164950054,0.0037301910837418666,0.006667938345872433,1263.0,1328.0,309.0,316.0,0.0,0.3144654086871472,1.625,2.795031056935384,2.457450406417188,3.259601202601325,0.1535906504010742,0.4074501503251655,0.0,0.1275095582152382,0.0015351344313943,0.0158662187452557,26.0768096208106,45.0,0.0,0.0080194690671344,7870.599999994039,7902.5,2
120,1333,1331,1329.0,307,307,307.0,7910.5,8006.899999991059,8014.599999994039,5.385164807134504,2.0,2.0,0.0558627054733812,0.2597402596397291,0.0840336134559008,0.625,0.0207468879687291,0.2597402596397291,0.25,0.0,0.0,0.0005794886460431,0.0337325012388569,0.0035308240952278,0.3805063771123649,3.141592653589793,3.141592653589793,0.0379668107303233,0.0286419738250363,0.0,0.0508588327098903,0.0003439109190444,0.0039222957314207,121.0,1331.0,307.0,7977.333333328366,3.128388269044835,0.133212192856337,0.30182904920281944,0.30182904920281944,0.012614271326709265,2.2212305614306502,0.022202928185119864,0.018375013120118466,1329.0,1333.0,307.0,307.0,0.0,0.25,0.0207468879687291,0.625,0.0558627054733812,0.2597402596397291,0.0005794886460431,0.0337325012388569,0.3805063771123649,3.141592653589793,0.0003439109190444,0.0508588327098903,2.0,5.385164807134504,0.0,0.0379668107303233,7910.5,8014.599999994039,2
121,1317,1308,1302.0,307,305,305.0,8038.399999991059,8055.0,8070.599999994039,12.0,9.219544457292889,6.0,0.7228915658757136,0.5909964397958654,0.3773584904245766,0.504201680735405,0.5421686744067852,0.3846153847623388,0.0,0.1204819276459522,0.0,0.0435476846678534,0.0378843871808765,0.0237332383825858,3.141592653589793,2.922923707715851,3.141592653589793,0.0,0.0131728280576004,0.0140172401254802,0.0016813806965393,0.0003411624990317,0.0009071249233139,122.0,1309.0,305.6666666666667,8054.666666661699,9.073181485764296,0.5637488320320518,0.476995246634843,0.476995246634843,0.03505510341043857,3.068703004965146,0.009063356061026866,0.0009765560396283,1302.0,1317.0,305.0,307.0,0.0,0.1204819276459522,0.3846153847623388,0.5421686744067852,0.3773584904245766,0.7228915658757136,0.0237332383825858,0.0435476846678534,2.922923707715851,3.141592653589793,0.0003411624990317,0.0016813806965393,6.0,12.0,0.0,0.0140172401254802,8038.399999991059,8070.599999994039,2
122,1291,1281,1264.0,304,304,302.0,8086.5,8102.5,8118.79999999702,11.04536101718726,10.0,17.11724276862369,0.6903350635742038,0.6134969326275069,1.0902702398327664,0.6918238991117238,0.625,1.0429447854667615,0.0628930817374294,0.0,0.1226993865255013,0.0431459414733877,0.0376378486343359,0.0694439643073762,3.050932766389048,3.141592653589793,3.024483909022929,0.0057018796960225,0.0056662429500465,0.0071845855575629,0.0012209247222342,0.0003442558024407,0.0019512954404205,123.0,1278.6666666666667,303.3333333333333,8102.599999999006,12.720867928603651,0.798034078678159,0.7865895615261618,0.8274893570346622,0.0500759181383666,3.0723364430005895,0.0061842360678773,0.0011721586550318,1264.0,1291.0,302.0,304.0,0.0,0.1226993865255013,0.625,1.0429447854667615,0.6134969326275069,1.0902702398327664,0.0376378486343359,0.0694439643073762,3.024483909022929,3.141592653589793,0.0003442558024407,0.0019512954404205,10.0,17.11724276862369,0.0056662429500465,0.0071845855575629,8086.5,8118.79999999702,2
123,1242,1225,1204.0,302,302,302.0,8134.5,8150.5,8174.699999988079,22.0,17.0,21.0,1.375,0.7024793391890168,2.6582278460956617,1.4012738850843234,1.0625,0.8677685954687855,0.0,0.0,0.0,0.0859375,0.0290280718816139,0.3364845372265895,3.141592653589793,3.141592653589793,3.141592653589793,0.0074591557034798,0.0,0.0,0.0010505436744899,0.0035568392573991,0.0127048126238193,124.0,1223.6666666666667,302.0,8153.23333332936,20.0,1.5785690617615593,1.1105141601843698,1.1105141601843698,0.15048336970273446,3.141592653589793,0.0024863852344932666,0.005770731851902767,1204.0,1242.0,302.0,302.0,0.0,0.0,0.8677685954687855,1.4012738850843234,0.7024793391890168,2.6582278460956617,0.0290280718816139,0.3364845372265895,3.141592653589793,3.141592653589793,0.0010505436744899,0.0127048126238193,17.0,22.0,0.0,0.0074591557034798,8134.5,8174.699999988079,2
124,1203,1200,1199.0,302,300,300.0,8182.599999994039,8190.29999999702,8206.09999999404,1.0,3.605551275463989,1.0,0.1298701298198645,0.22819944785722,0.0245098039233589,0.1265822783855077,0.3896103894595936,0.0632911392524444,0.0,0.2597402596397291,0.0,0.0168662506194284,0.0144430030316622,0.0006007304883615,3.141592653589793,2.5535900500422257,3.141592653589793,0.0,0.0763639744571409,0.0372153546619289,0.0404580109324066,0.0003147074788088,0.0008760931991083,125.0,1200.6666666666667,300.6666666666667,8192.999999995032,1.8685170918213299,0.12752646053348113,0.1931612690325152,0.1931612690325152,0.010636661379817365,2.945591785740604,0.03785977637302326,0.013882937203441234,1199.0,1203.0,300.0,302.0,0.0,0.2597402596397291,0.0632911392524444,0.3896103894595936,0.0245098039233589,0.22819944785722,0.0006007304883615,0.0168662506194284,2.5535900500422257,3.141592653589793,0.0003147074788088,0.0404580109324066,1.0,3.605551275463989,0.0,0.0763639744571409,8182.599999994039,8206.09999999404,2
125,1198,1197,1194.0,300,300,300.0,8246.89999999106,8254.59999999404,8270.5,1.0,1.0,3.0,0.1298701298198645,0.0628930817374294,0.1886792453891147,0.0245098039233589,0.1298701298198645,0.1886792452122883,0.0,0.0,0.0,0.0168662506194284,0.0039555397304309,0.0118666192135352,3.141592653589793,3.141592653589793,3.141592653589793,0.0,0.0,0.0,0.0003986647091238,0.0016767156992208,0.0004975521685621,126.0,1196.3333333333333,300.0,8257.333333328366,1.6666666666666667,0.12714748564880288,0.11435305965183723,0.11435305965183723,0.0108961365211315,3.141592653589793,0.0,0.0008576441923022335,1194.0,1198.0,300.0,300.0,0.0,0.0,0.0245098039233589,0.1886792452122883,0.0628930817374294,0.1886792453891147,0.0039555397304309,0.0168662506194284,3.141592653589793,3.141592653589793,0.0003986647091238,0.0016767156992208,1.0,3.0,0.0,0.0,8246.89999999106,8270.5,2
126,1190,1186,1182.0,300,300,300.0,8286.39999999106,8302.59999999404,8318.59999999404,4.0,4.0,4.0,0.2469135802014901,0.25,0.4938271608572147,0.2515723271854863,0.2469135802014901,0.25,0.0,0.0,0.0,0.0152415790219794,0.015625,0.0609663162000743,3.141592653589793,3.141592653589793,3.141592653589793,0.0,0.0,0.0,0.0002122616232919,2.366796160185425e-05,0.0028338322625046,127.0,1186.0,300.0,8302.533333326379,4.0,0.33024691368623493,0.24949530246232546,0.24949530246232546,0.030610965074017903,3.141592653589793,0.0,0.0010232539491327847,1182.0,1190.0,300.0,300.0,0.0,0.0,0.2469135802014901,0.2515723271854863,0.2469135802014901,0.4938271608572147,0.0152415790219794,0.0609663162000743,3.141592653589793,3.141592653589793,2.366796160185425e-05,0.0028338322625046,4.0,4.0,0.0,0.0,8286.39999999106,8318.59999999404,2
127,1181,1179,1178.0,300,300,300.0,8326.699999988079,8398.89999999106,8414.5,1.0,2.0,1.0,0.0138504155118936,0.128205128131651,0.125,0.1234567902143036,0.0277008310237873,0.0641025640658255,0.0,0.0,0.0,0.0001918340098521,0.0082182774396265,0.015625,3.141592653589793,3.141592653589793,3.141592653589793,0.0,0.0,0.0,0.0075030224981412,0.000111169576585,0.0004747899074441,128.0,1179.3333333333333,300.0,8380.033333326379,1.3333333333333333,0.08901851454784819,0.07175339510130546,0.07175339510130546,0.008011703816492867,3.141592653589793,0.0,0.0026963273273901,1178.0,1181.0,300.0,300.0,0.0,0.0,0.0277008310237873,0.1234567902143036,0.0138504155118936,0.128205128131651,0.0001918340098521,0.015625,3.141592653589793,3.141592653589793,0.000111169576585,0.0075030224981412,1.0,2.0,0.0,0.0,8326.699999988079,8414.5,2
128,1176,1169,1160.0,300,299,297.0,8422.5,8438.39999999106,8454.5,2.0,7.071067811865476,9.219544457292889,0.1257861635927431,0.4391967582570652,1.1524430571616109,0.25,0.440251572574601,0.5590062108696954,0.0,0.0628930817963715,0.1242236024154878,0.0079110794756901,0.0272793017399484,0.1440553821452013,3.141592653589793,2.999695598985629,2.922923707715851,0.0,0.0089243430618838,0.0047684404488909,0.0009642400655387,0.0012181271871162,0.0072531726919505,129.0,1168.3333333333333,298.6666666666667,8438.466666663686,6.096870756386122,0.5724753263371397,0.4164192611480988,0.457827128619928,0.059748587786946604,3.021403986763758,0.004564261170258234,0.0031451799815351337,1160.0,1176.0,297.0,300.0,0.0,0.1242236024154878,0.25,0.5590062108696954,0.1257861635927431,1.1524430571616109,0.0079110794756901,0.1440553821452013,2.922923707715851,3.141592653589793,0.0009642400655387,0.0072531726919505,2.0,9.219544457292889,0.0,0.0089243430618838,8422.5,8454.5,2
129,1158,1157,1154.0,296,296,296.0,8462.5,8478.699999988079,8566.59999999404,2.23606797749979,1.0,3.0,0.1380288876015569,0.0113765642768167,0.0083356487911928,0.25,0.0617283951071518,0.0341296928304501,0.125,0.0,0.0,0.0085203017100695,0.0001294262147445,2.316101359003841e-05,2.677945044588987,3.141592653589793,3.141592653589793,0.030622332890858,0.028620222798888,0.0,0.0169418850543914,0.0005179552778703,1.208932891323075e-06,130.0,1156.3333333333333,296.0,8502.59999999404,2.0786893258332633,0.05258036688985548,0.11528602931253396,0.11528602931253396,0.0028909629794680127,2.9870434505895247,0.019747518563248665,0.005820349755051008,1154.0,1158.0,296.0,296.0,0.0,0.125,0.0341296928304501,0.25,0.0083356487911928,0.1380288876015569,2.316101359003841e-05,0.0085203017100695,2.677945044588987,3.141592653589793,1.208932891323075e-06,0.0169418850543914,1.0,3.0,0.0,0.030622332890858,8462.5,8566.59999999404,2
130,1151,1147,1141.0,296,296,296.0,10574.79999999702,10582.59999999404,10598.39999999106,3.0,4.0,6.0,0.3846153847623388,0.2531645570097778,0.3726708072464635,0.0019222143909747,0.5128205130164518,0.3797468355146667,0.0,0.0,0.0,0.0493096647319606,0.0160230732314892,0.0231472550956218,3.141592653589793,3.141592653589793,3.141592653589793,0.0020129382031036,0.0,0.0,3.159458238730473e-05,0.0042675117324602,0.0004508975864225,131.0,1146.3333333333333,296.0,10585.266666660706,4.333333333333333,0.3368169163395267,0.29816318764069777,0.29816318764069777,0.029493331019690528,3.141592653589793,0.0006709794010345333,0.001583334633756668,1141.0,1151.0,296.0,296.0,0.0,0.0,0.0019222143909747,0.5128205130164518,0.2531645570097778,0.3846153847623388,0.0160230732314892,0.0493096647319606,3.141592653589793,3.141592653589793,3.159458238730473e-05,0.0042675117324602,3.0,6.0,0.0,0.0020129382031036,10574.79999999702,10598.39999999106,2
131,1126,1083,995.0,296,296,296.0,10614.5,10630.39999999106,10646.5,15.0,43.0,88.0,0.9433962269455736,2.6708074519329887,5.432098769429362,0.9316770181161588,2.7044025172439774,5.465838506281465,0.0,0.0,0.0,0.0593330960676762,0.1658886615186229,0.3353147391004089,3.141592653589793,3.141592653589793,3.141592653589793,0.0,0.0,0.0,0.0022475677609912,0.006701607893765,0.0105233588501676,132.0,1068.0,296.0,10630.466666663686,48.666666666666664,3.015434149435974,3.0339726805472007,3.0339726805472007,0.1868454988955693,3.141592653589793,0.0,0.0064908448349746,995.0,1126.0,296.0,296.0,0.0,0.0,0.9316770181161588,5.465838506281465,0.9433962269455736,5.432098769429362,0.0593330960676762,0.3353147391004089,3.141592653589793,3.141592653589793,0.0022475677609912,0.0105233588501676,15.0,88.0,0.0,0.0,10614.5,10646.5,2
132,859,732,610.0,296,296,296.0,10662.69999998808,10678.5,10694.29999999702,136.0,127.0,122.0,8.607594930214523,8.037974685060446,7.577639754358152,8.39506173457265,8.037974677479738,7.7215189887982225,0.0,0.0,0.0,0.5447844888430498,0.508732575099784,0.4706608544822055,3.141592653589793,3.141592653589793,3.141592653589793,0.0,0.0,0.0,0.0129302314751099,0.0022817666908901,0.0024096025711873,133.0,733.6666666666666,296.0,10678.499999995032,128.33333333333334,8.07440312321104,8.051518466950204,8.051518466950204,0.5080593061416797,3.141592653589793,0.0,0.005873866912395766,610.0,859.0,296.0,296.0,0.0,0.0,7.7215189887982225,8.39506173457265,7.577639754358152,8.607594930214523,0.4706608544822055,0.5447844888430498,3.141592653589793,3.141592653589793,0.0022817666908901,0.0129302314751099,122.0,136.0,0.0,0.0,10662.69999998808,10694.29999999702,2
133,518,460,421.0,296,296,296.0,10710.39999999106,10726.29999999702,10742.59999999404,92.0,58.0,39.0,5.786163519843508,3.5582822092395405,2.4683544308453333,5.714285716401229,3.647798740770907,2.392638037247277,0.0,0.0,0.0,0.3639096551996501,0.2182995220791487,0.1562249640070202,3.141592653589793,3.141592653589793,3.141592653589793,0.0,0.0,0.0,0.0066305092746631,0.0091578700041456,0.0038082550971458,134.0,466.3333333333333,296.0,10726.433333327373,63.0,3.937600053309461,3.918240831473138,3.918240831473138,0.24614471376193967,3.141592653589793,0.0,0.006532211458651499,421.0,518.0,296.0,296.0,0.0,0.0,2.392638037247277,5.714285716401229,2.4683544308453333,5.786163519843508,0.1562249640070202,0.3639096551996501,3.141592653589793,3.141592653589793,0.0038082550971458,0.0091578700041456,39.0,92.0,0.0,0.0,10710.39999999106,10742.59999999404,2
134,410,409,408.0,296,296,295.0,10758.39999999106,10862.79999999702,10878.79999999702,11.0,1.0,1.4142135623730951,0.105363984668314,0.0625,0.1813094311427486,0.696202531776889,0.0095785440607558,0.0625,0.0,0.0,0.0625,0.0010092335695622,0.00390625,0.0232447988733363,3.141592653589793,3.141592653589793,2.356194490192345,0.0,0.0,0.0490873852123405,0.009823780409287,2.7749199523681568e-05,0.0012086593045835,135.0,409.0,295.6666666666667,10833.333333328366,4.471404520791032,0.11639113860368754,0.25609369194588155,0.2769270252792149,0.009386760814299499,2.8797932657906435,0.01636246173744683,0.0036867296377980606,408.0,410.0,295.0,296.0,0.0,0.0625,0.0095785440607558,0.696202531776889,0.0625,0.1813094311427486,0.0010092335695622,0.0232447988733363,2.356194490192345,3.141592653589793,2.7749199523681568e-05,0.009823780409287,1.0,11.0,0.0,0.0490873852123405,10758.39999999106,10878.79999999702,2
135,407,406,403.0,294,292,288.0,10886.59999999404,10902.59999999404,10910.5,1.4142135623730951,2.23606797749979,5.0,0.0883883476483184,0.2830465792167975,0.3105590063261538,0.1282051282541129,0.0625,0.3797468351565231,0.1282051282541129,0.125,0.5063291135420308,0.0055242717280199,0.0358286808864863,0.0192893792820576,2.356194490192345,2.0344439357957027,2.214297435588181,0.0,0.0201094096497901,0.0227662657793393,0.0022718624553957,0.0018940255724041,0.0020935824799936,136.0,405.3333333333333,291.3333333333333,10899.899999996027,2.8834271799576285,0.22733131106375656,0.19015065447021198,0.35892702565088896,0.020214110632187934,2.201645287192076,0.0142918918097098,0.002086490169264467,403.0,407.0,288.0,294.0,0.125,0.5063291135420308,0.0625,0.3797468351565231,0.0883883476483184,0.3105590063261538,0.0055242717280199,0.0358286808864863,2.0344439357957027,2.356194490192345,0.0018940255724041,0.0022718624553957,1.4142135623730951,5.0,0.0,0.0227662657793393,10886.59999999404,10910.5,2
136,401,387,354.0,285,281,279.0,10926.59999999404,10942.19999998808,10958.39999999106,3.605551275463989,14.560219778561036,33.06055050963308,0.2311250818488206,0.8987789985112633,2.028254632863666,0.1242236025304615,0.8974358977787907,2.0370370366622934,0.1863354037956922,0.2564102565082259,0.123456790100745,0.0148157103805852,0.0554801850830814,0.1244327995849389,2.158798930342464,2.8632929945846817,3.0810606338076862,0.0034471121283393,0.0451598759302174,0.0134424468631446,0.0002778676337346,0.0026066970973098,0.0042563342277267,137.0,380.6666666666667,281.6666666666667,10942.39999999106,17.075440521219367,1.0527195710745831,1.0195655123238485,1.0607177756907635,0.06490956501620183,2.7010508529116106,0.020683144973900433,0.0023802996529237,354.0,401.0,279.0,285.0,0.123456790100745,0.2564102565082259,0.1242236025304615,2.0370370366622934,0.2311250818488206,2.028254632863666,0.0148157103805852,0.1244327995849389,2.158798930342464,3.0810606338076862,0.0002778676337346,0.0042563342277267,3.605551275463989,33.06055050963308,0.0034471121283393,0.0451598759302174,10926.59999999404,10958.39999999106,2
137,311,268,232.0,279,279,279.0,10974.69999998808,10990.39999999106,11014.5,43.0,43.0,36.0,2.738853502664814,1.7842323644833078,2.25,2.63803681029828,2.738853502664814,1.4937759330557927,0.0,0.0,0.0,0.1744492676525423,0.0740345379178998,0.140625,3.141592653589793,3.141592653589793,3.141592653589793,0.003713620846207,0.0,0.0,0.0030684949740336,0.0063958426570433,0.0027630897119251,138.0,270.3333333333333,279.0,10993.199999993047,40.666666666666664,2.257695289049374,2.2902220820062955,2.2902220820062955,0.12970293519014736,3.141592653589793,0.0012378736154023333,0.004075809114333999,232.0,311.0,279.0,279.0,0.0,0.0,1.4937759330557927,2.738853502664814,1.7842323644833078,2.738853502664814,0.0740345379178998,0.1744492676525423,3.141592653589793,3.141592653589793,0.0027630897119251,0.0063958426570433,36.0,43.0,0.0,0.003713620846207,10974.69999998808,11014.5,2
138,229,228,228.0,279,279,314.0,11030.5,11062.69999998808,11711.0,3.0,1.0,35.0,0.0931677018978461,0.0052110474203696,1.4957264962979844,0.1875,0.0310559006326153,0.0,0.0,0.0,0.094876660340023,0.0028934068923086,2.7155015217341395e-05,0.0639199357636527,3.141592653589793,3.141592653589793,1.5707963267948966,0.0,0.0,0.0042580545588764,0.0086082245692307,8.901403348299471e-05,0.0001732717152686,139.0,228.33333333333334,290.6666666666667,11268.066666662693,13.0,0.5313684152054,0.07285196687753843,0.10447752032421276,0.02228016589039288,2.6179938779914944,0.0014193515196254667,0.002956836772660765,228.0,229.0,279.0,314.0,0.0,0.094876660340023,0.0,0.1875,0.0052110474203696,1.4957264962979844,2.7155015217341395e-05,0.0639199357636527,1.5707963267948966,3.141592653589793,8.901403348299471e-05,0.0086082245692307,1.0,35.0,0.0,0.0042580545588764,11030.5,11711.0,2
139,232,232,233.0,327,329,335.0,11734.39999999106,11750.39999999106,11766.5,13.601470508735444,2.0,6.082762530298219,0.8500919067959652,0.1242236024154878,0.3801726581436387,0.1709401710054839,0.0,0.0621118012077439,0.5555555557678228,0.125,0.3726708072464635,0.0531307441747478,0.0077157516985406,0.0237607911339774,1.272297395208717,1.5707963267948966,1.40564764938027,0.0127563646025739,0.0186561832241362,0.0102576818212991,0.0004610765638045,0.0028384370297629,0.0009965862997842,140.0,232.33333333333334,330.3333333333333,11750.433333327373,7.228077679677888,0.45149605578503055,0.0776839907377426,0.20190759315323045,0.028202429002421935,1.4162471237946281,0.013890076549336402,0.0014320332977838669,232.0,233.0,327.0,335.0,0.125,0.5555555557678228,0.0,0.1709401710054839,0.1242236024154878,0.8500919067959652,0.0077157516985406,0.0531307441747478,1.272297395208717,1.5707963267948966,0.0004610765638045,0.0028384370297629,2.0,13.601470508735444,0.0102576818212991,0.0186561832241362,11734.39999999106,11766.5,2
140,238,242,250.0,348,356,372.0,11782.5,11798.39999999106,11814.5,13.92838827718412,8.94427190999916,17.88854381999832,0.8759992632085637,0.5555448388218759,1.1250656496891314,0.3125,0.2515723271854863,0.4968944096619514,0.8125,0.5031446543709726,0.9937888193239028,0.0550942933145374,0.0345058905908925,0.0707588459321864,1.2036224929766774,1.1071487177940904,1.1071487177940904,0.0126265722752245,0.0060675330337632,0.0,0.001958343886285,0.0012948680965548,0.0022517363553516,141.0,243.33333333333334,358.6666666666667,11798.466666663686,13.587068002393865,0.8522032505731904,0.35365557894914595,0.6849185187237802,0.0534530099458721,1.1393066428549528,0.006231368436329233,0.0018349827793971332,238.0,250.0,348.0,372.0,0.5031446543709726,0.9937888193239028,0.2515723271854863,0.4968944096619514,0.5555448388218759,1.1250656496891314,0.0345058905908925,0.0707588459321864,1.1071487177940904,1.2036224929766774,0.0012948680965548,0.0022517363553516,8.94427190999916,17.88854381999832,0.0,0.0126265722752245,11782.5,11814.5,2
141,256,275,294.0,388,417,443.0,11830.39999999106,11846.5,11862.39999999106,17.08800749063506,34.66987164671943,32.202484376209235,1.061366924294764,2.1804950733468287,1.987807677178093,0.3773584907782294,1.1801242229471347,1.1949685541310595,1.006289308741945,1.8012422350245738,1.6352201267056607,0.0659234114102709,0.1371380550045873,0.1227041775810127,1.2120256565243244,0.9907935525872156,0.9397169393235674,0.0065960338861136,0.0137411244605126,0.0032123656158722,0.0003041153789078,0.0044232697860105,0.0009077910334396,142.0,275.0,416.0,11846.433333327373,27.986787837854575,1.7432232249398953,0.9174837559521413,1.4625571315206949,0.10858854799862365,1.0475120494783692,0.0078498413208328,0.0018783920661193,256.0,294.0,388.0,443.0,1.006289308741945,1.8012422350245738,0.3773584907782294,1.1949685541310595,1.061366924294764,2.1804950733468287,0.0659234114102709,0.1371380550045873,0.9397169393235674,1.2120256565243244,0.0003041153789078,0.0044232697860105,17.08800749063506,34.66987164671943,0.0032123656158722,0.0137411244605126,11830.39999999106,11862.39999999106,2
142,321,346,374.0,462,473,480.0,11878.59999999404,11894.59999999404,11910.29999999702,33.015148038438355,27.31300056749533,28.861739379323623,2.063446752402397,1.7396815644783867,1.1926338585028635,1.6666666663600584,1.5625,1.7834394901073207,1.1728395059570782,0.6875,0.4458598725268302,0.1289654220251498,0.1108077429393728,0.0492823908411566,0.6132073488745093,0.4145068745847859,0.2449786631268641,0.0201549129869747,0.0124187796431077,0.0107979752500472,0.0003864965705546,0.001134854942861,0.0039188122348112,143.0,347.0,471.6666666666667,11894.499999995032,29.729962661752438,1.6652540584612157,1.6708687188224598,1.819488676331403,0.0963518519352264,0.4242309621953864,0.014457222626709869,0.0018133879160755998,321.0,374.0,462.0,480.0,0.4458598725268302,1.1728395059570782,1.5625,1.7834394901073207,1.1926338585028635,2.063446752402397,0.0492823908411566,0.1289654220251498,0.2449786631268641,0.6132073488745093,0.0003864965705546,0.0039188122348112,27.31300056749533,33.015148038438355,0.0107979752500472,0.0201549129869747,11878.59999999404,11910.29999999702,2
143,423,462,501.0,500,509,513.0,11934.5,11950.39999999106,11966.39999999106,52.92447448959697,40.024992192379,39.20459156782532,3.3285833031042027,2.501562012023688,2.43506779789156,2.024793388180399,2.4528301900584912,2.4375,0.8264462808899586,0.5660377361673441,0.25,0.2093448619481693,0.1563476257514804,0.1512464469900193,0.3875238057802788,0.2267988480538858,0.1022067181072535,0.0058902951502421,0.0101084879130043,0.0077870081216645,0.0066141516978223,0.0033331595110999,0.0003188236725913,144.0,462.0,507.3333333333333,11950.433333327373,44.051352749933756,2.7550710376731504,2.305041192746297,2.38837452607963,0.17231297822988967,0.2388431239804727,0.007928597061636967,0.0034220449605044997,423.0,501.0,500.0,513.0,0.25,0.8264462808899586,2.024793388180399,2.4528301900584912,2.43506779789156,3.3285833031042027,0.1512464469900193,0.2093448619481693,0.1022067181072535,0.3875238057802788,0.0003188236725913,0.0066141516978223,39.20459156782532,52.92447448959697,0.0058902951502421,0.0101084879130043,11934.5,11966.39999999106,2
144,537,572,603.0,513,513,513.0,11982.5,11998.59999999404,12014.5,36.0,35.0,31.0,2.2360248455483074,2.2012578608100304,1.9375,2.236024843478781,2.1739130442830765,1.9496855338603123,0.0,0.0,0.0,0.1388835308308147,0.1384438905650843,0.12109375,0.0,0.0,0.0,0.0063482433571736,0.0,0.0,0.0007678829908285,2.730684881324336e-05,0.0010912038087157,145.0,570.6666666666666,513.0,11998.533333331347,34.0,2.1249275687861124,2.1198744738740567,2.1198744738740567,0.13280705713196633,0.0,0.0021160811190578666,0.0006287978827858145,537.0,603.0,513.0,513.0,0.0,0.0,1.9496855338603123,2.236024843478781,1.9375,2.2360248455483074,0.12109375,0.1388835308308147,0.0,0.0,2.730684881324336e-05,0.0010912038087157,31.0,36.0,0.0,0.0063482433571736,11982.5,12014.5,2
145,630,647,669.0,513,513,513.0,12030.5,12046.39999999106,12062.59999999404,27.0,17.0,22.0,1.6981132085020323,1.0493827158563331,1.375,1.6875,1.0691823905383169,1.3580246911081957,0.0,0.0,0.0,0.1067995729218173,0.0647767108434125,0.0859375,0.0,0.0,0.0,0.0,0.0,0.0,0.0008933860673864,0.0026429473020147,0.0013062215526354,146.0,648.6666666666666,513.0,12046.499999995032,22.0,1.3741653081194551,1.3715690272155043,1.3715690272155043,0.08583792792174327,0.0,0.0,0.0016141849740121666,630.0,669.0,513.0,513.0,0.0,0.0,1.0691823905383169,1.6875,1.0493827158563331,1.6981132085020323,0.0647767108434125,0.1067995729218173,0.0,0.0,0.0008933860673864,0.0026429473020147,17.0,27.0,0.0,0.0,12030.5,12062.59999999404,2
146,688,710,730.0,513,513,513.0,12078.59999999404,12094.59999999404,12118.39999999106,19.0,22.0,20.0,1.1875,0.9243697480149092,1.2422360241548784,1.1875,1.375,0.8403361345590082,0.0,0.0,0.0,0.07421875,0.0388390650475066,0.0771575169854059,0.0,0.0,0.0,0.0,0.0,0.0,0.000732421875,0.0022112303095308,0.0016100189891889,147.0,709.3333333333334,513.0,12097.199999993047,20.333333333333332,1.118035257389929,1.1342787115196693,1.1342787115196693,0.0634051106776375,0.0,0.0,0.0015178903912399,688.0,730.0,513.0,513.0,0.0,0.0,0.8403361345590082,1.375,0.9243697480149092,1.2422360241548784,0.0388390650475066,0.0771575169854059,0.0,0.0,0.000732421875,0.0022112303095308,19.0,22.0,0.0,0.0,12078.59999999404,12118.39999999106,2
147,739,746,747.0,513,513,513.0,12134.5,12150.39999999106,12166.59999999404,9.0,7.0,1.0,0.5660377361673441,0.4320987653526077,0.0035676061363204,0.5590062108696954,0.440251572574601,0.0617283950503725,0.0,0.0,0.0,0.0355998576406057,0.0266727632884639,1.2727813543911588e-05,0.0,0.0,0.0,0.0,0.0,0.0,0.0025812210758833,0.0005614524752931,0.0016456812018528,148.0,744.0,513.0,12150.499999995032,5.666666666666667,0.3339013692187574,0.35366205949822294,0.35366205949822294,0.020761782914204503,0.0,0.0,0.0015961182510097333,739.0,747.0,513.0,513.0,0.0,0.0,0.0617283950503725,0.5590062108696954,0.0035676061363204,0.5660377361673441,1.2727813543911588e-05,0.0355998576406057,0.0,0.0,0.0005614524752931,0.0025812210758833,1.0,9.0,0.0,0.0,12134.5,12166.59999999404,2
148,748,748,748.0,513,512,510.0,12446.89999999106,12455.09999999404,12470.5,1.0,1.0,2.0,0.1219512194678728,0.0649350649099322,0.25,0.0035676061363204,0.0,0.0,0.0,0.1219512194678728,0.1298701298198645,0.0148720999297012,0.0042165626548571,0.03125,0.0,1.5707963267948966,1.5707963267948966,0.0,0.1915605275882929,0.0,5.301238714347256e-05,0.0012994557647526,0.0017554180087454,149.0,748.0,511.6666666666667,12457.499999995032,1.3333333333333333,0.1456287614592683,0.0011892020454401333,0.0444792453187283,0.016779554194852764,1.0471975511965976,0.06385350919609763,0.0010359620535471575,748.0,748.0,510.0,513.0,0.0,0.1298701298198645,0.0,0.0035676061363204,0.0649350649099322,0.25,0.0042165626548571,0.03125,0.0,1.5707963267948966,5.301238714347256e-05,0.0017554180087454,1.0,2.0,0.0,0.1915605275882929,12446.89999999106,12470.5,2
149,748,748,748.0,509,507,506.0,12478.5,12598.89999999106,12606.5,1.0,2.0,1.0,0.0083056478411483,0.2631578944272612,0.1265822786242701,0.0,0.0,0.0,0.125,0.0166112956822966,0.1315789472136306,6.898378606117181e-05,0.0346260386996947,0.0160230732617123,1.5707963267948966,1.5707963267948966,1.5707963267948966,0.0,0.0,0.0,0.0038976270267423,0.0002870187285398,0.0024477586073812,150.0,748.0,507.3333333333333,12561.29999999702,1.3333333333333333,0.13268194029755986,0.0,0.0438596490712102,0.016906031915822725,1.5707963267948966,0.0,0.0022108014542211,748.0,748.0,506.0,509.0,0.0166112956822966,0.1315789472136306,0.0,0.0,0.0083056478411483,0.2631578944272612,6.898378606117181e-05,0.0346260386996947,1.5707963267948966,1.5707963267948966,0.0002870187285398,0.0038976270267423,1.0,2.0,0.0,0.0,12478.5,12606.5,2
150,743,711,639.0,503,496,492.0,12614.39999999106,12630.5,12654.39999999106,5.830951894845301,32.7566787083184,72.11102550927978,0.3621709249445491,1.3705723314046974,4.478945681318938,0.6329113931213505,1.9875776386478057,3.012552302382189,0.3797468358728103,0.4347826084542074,0.1673640167990105,0.0224950884933805,0.0573461226743686,0.278195383778365,2.601173153319209,2.926234953892055,3.086094148344076,0.1304274465430917,0.0201901739374119,0.006688669226436,0.0008192424353155,0.0021646605069338,0.0092405548613645,151.0,697.6666666666666,497.0,12633.09999999404,36.89955203748116,2.070562979222728,1.8776804447171151,1.9334684503167852,0.1193455316487047,2.8711674185184464,0.0524354299023132,0.004074819267871267,639.0,743.0,492.0,503.0,0.1673640167990105,0.4347826084542074,0.6329113931213505,3.012552302382189,0.3621709249445491,4.478945681318938,0.0224950884933805,0.278195383778365,2.601173153319209,3.086094148344076,0.0008192424353155,0.0092405548613645,5.830951894845301,72.11102550927978,0.006688669226436,0.1304274465430917,12614.39999999106,12654.39999999106,2
151,610,586,564.0,492,492,488.0,12670.5,12686.39999999106,12702.39999999106,29.0,24.0,22.360679774997894,1.823899372094776,1.5,1.3975424859373686,1.8012422350245738,1.5094339631129177,1.375,0.0,0.0,0.25,0.1147106523975074,0.09375,0.0873464053710855,3.141592653589793,3.141592653589793,2.961739153797315,0.0034471121251488,0.0,0.0112408437370298,0.0101543311360292,0.0013182800257417,0.0004002246643071,152.0,586.6666666666666,490.6666666666667,12686.433333327373,25.120226591665965,1.5738139526773818,1.5618920660458304,1.6452253993791637,0.09860235258953097,3.0816414869923,0.004895985287392867,0.0039576119420259995,564.0,610.0,488.0,492.0,0.0,0.25,1.375,1.8012422350245738,1.3975424859373686,1.823899372094776,0.0873464053710855,0.1147106523975074,2.961739153797315,3.141592653589793,0.0004002246643071,0.0101543311360292,22.360679774997894,29.0,0.0,0.0112408437370298,12670.5,12702.39999999106,2
152,528,486,443.0,488,488,488.0,12718.39999999106,12734.5,12750.5,36.0,42.0,43.0,2.236024843478781,2.625,2.7044025172439774,2.25,2.608695650725245,2.6875,0.0,0.0,0.0,0.1388835305737308,0.1640625,0.1700882087273386,3.141592653589793,3.141592653589793,3.141592653589793,0.0112408437370298,0.0,0.0,0.0032210703251653,0.0015639111436202,0.0003766067954586,153.0,485.6666666666667,488.0,12734.466666663686,40.333333333333336,2.521809120240919,2.5153985502417484,2.5153985502417484,0.15767807976702314,3.141592653589793,0.003746947912343267,0.0017205294214147,443.0,528.0,488.0,488.0,0.0,0.0,2.25,2.6875,2.236024843478781,2.7044025172439774,0.1388835305737308,0.1700882087273386,3.141592653589793,3.141592653589793,0.0003766067954586,0.0032210703251653,36.0,43.0,0.0,0.0112408437370298,12718.39999999106,12750.5,2
153,409,391,373.0,491,493,499.0,12766.39999999106,12782.39999999106,12806.29999999702,34.132096331752024,18.110770276274835,18.97366596101028,2.133256020734501,0.7577728147179145,2.258769759667292,2.1383647810766333,1.125,0.7531380751259811,0.1886792453891147,0.125,0.2510460250419937,0.1333285012959063,0.0317059755033026,0.2689011621513637,3.0535852800620527,3.0309354324158977,2.819842099193151,0.005535054941964,0.0014156154778846,0.0088323570364059,0.0023119312862957,0.0063514078620377,0.0099244847945149,154.0,391.0,494.3333333333333,12785.033333326379,23.738844189679046,1.7165995317065692,1.3388342854008715,1.4225162937482028,0.1446452129835242,2.9681209372237003,0.005261009152084834,0.006195941314282767,373.0,409.0,491.0,499.0,0.125,0.2510460250419937,0.7531380751259811,2.1383647810766333,0.7577728147179145,2.258769759667292,0.0317059755033026,0.2689011621513637,2.819842099193151,3.0535852800620527,0.0023119312862957,0.0099244847945149,18.110770276274835,34.132096331752024,0.0014156154778846,0.0088323570364059,12766.39999999106,12806.29999999702,2
154,369,367,363.0,501,502,503.0,12814.69999998808,12838.39999999106,12854.39999999106,4.47213595499958,2.23606797749979,4.123105625617661,0.188697719596507,0.1397542485937368,0.2576941016011038,0.4761904766973184,0.0843881856433967,0.25,0.2380952383486592,0.0421940928216983,0.0625,0.0079619290958978,0.0087346405371085,0.0161058813500689,2.677945044588987,2.677945044588987,2.896613990462929,0.0168925065184755,0.0,0.0136668091171213,0.0310641944444287,3.2603858274833514e-05,0.00046070255081,155.0,366.3333333333333,502.0,12835.833333323399,3.6104365193723438,0.19538202326378254,0.270192887446905,0.2910262207802384,0.010934150327691733,2.7508346932136347,0.010186438545198934,0.010519166951171178,363.0,369.0,501.0,503.0,0.0421940928216983,0.2380952383486592,0.0843881856433967,0.4761904766973184,0.1397542485937368,0.2576941016011038,0.0079619290958978,0.0161058813500689,2.677945044588987,2.896613990462929,3.2603858274833514e-05,0.0310641944444287,2.23606797749979,4.47213595499958,0.0,0.0168925065184755,12814.69999998808,12854.39999999106,2
155,358,350,342.0,504,506,509.0,12870.39999999106,12886.39999999106,12902.39999999106,5.0990195135927845,8.246211251235321,8.54400374531753,0.318688719599549,0.5153882032022076,0.5340002340823456,0.3125,0.5,0.5,0.0625,0.125,0.1875,0.0199180449749718,0.0322117627001379,0.0333750146301466,2.9441970937399127,2.896613990462929,2.782821983319221,0.0029739439548114,0.0029739439548114,0.0071120004464817,0.0002382602265564,0.0007683573578228,7.270324562553936e-05,156.0,350.0,506.3333333333333,12886.39999999106,7.296411503381878,0.4560257189613674,0.4375,0.5,0.028501607435085435,2.8745443558406873,0.0043532961187015,0.00035977361000157977,342.0,358.0,504.0,509.0,0.0625,0.1875,0.3125,0.5,0.318688719599549,0.5340002340823456,0.0199180449749718,0.0333750146301466,2.782821983319221,2.9441970937399127,7.270324562553936e-05,0.0007683573578228,5.0990195135927845,8.54400374531753,0.0029739439548114,0.0071120004464817,12870.39999999106,12902.39999999106,2
156,333,321,305.0,512,517,524.0,12918.39999999106,12934.39999999106,12950.39999999106,9.486832980505138,13.0,17.46424919657298,0.5929270612815711,0.8125,1.0915155747858112,0.5625,0.75,1.0,0.1875,0.3125,0.4375,0.0370579413300981,0.05078125,0.0682197234241132,2.819842099193151,2.746801533890032,2.729182211992406,0.0023137572421206,0.0045650353314449,0.0011012076186016,0.0002301829187469,0.0008577067918688,0.001089904589007,157.0,319.6666666666667,517.6666666666666,12934.39999999106,13.317027392359373,0.8323142120224608,0.7708333333333334,0.9166666666666666,0.052019638251403766,2.765275281691863,0.0026600000640556996,0.0007259314332075667,305.0,333.0,512.0,524.0,0.1875,0.4375,0.5625,1.0,0.5929270612815711,1.0915155747858112,0.0370579413300981,0.0682197234241132,2.729182211992406,2.819842099193151,0.0002301829187469,0.001089904589007,9.486832980505138,17.46424919657298,0.0011012076186016,0.0045650353314449,12918.39999999106,12950.39999999106,2
157,282,262,243.0,529,534,541.0,12966.39999999106,12982.39999999106,12998.39999999106,23.53720459187964,20.615528128088304,20.248456731316587,1.4710752869924777,1.288470508005519,0.8436856971381911,1.4375,1.25,1.1875,0.3125,0.3125,0.4375,0.0919422054370298,0.0805294067503449,0.0351535707140912,2.927531970025972,2.896613990462929,2.788602265762883,0.0123968598770978,0.0019323737226901,0.0067507327937528,0.0014826551258072,0.0007132999179178,0.0028359897522658,158.0,262.3333333333333,534.6666666666666,12982.39999999106,21.467063150428174,1.2010771640453959,1.2916666666666667,1.4375,0.06920839430048863,2.870916075417261,0.007026655464513566,0.0016773149319969335,243.0,282.0,529.0,541.0,0.3125,0.4375,1.1875,1.4375,0.8436856971381911,1.4710752869924777,0.0351535707140912,0.0919422054370298,2.788602265762883,2.927531970025972,0.0007132999179178,0.0028359897522658,20.248456731316587,23.53720459187964,0.0019323737226901,0.0123968598770978,12966.39999999106,12998.39999999106,2
158,233,232,231.0,547,548,549.0,13022.39999999106,13030.69999998808,13046.5,11.6619037896906,1.4142135623730951,1.4142135623730951,1.405048649864816,0.0895071874244358,0.0117557237107907,0.4166666666666667,0.1204819277541041,0.0632911391927538,0.25,0.1204819277541041,0.0632911391927538,0.1692829699240143,0.0056650118580318,9.772006409876976e-05,2.601173153319209,2.356194490192345,2.356194490192345,0.0078095463518197,0.0295155015921478,0.0,0.0055887249670801,0.0197130070029797,0.0003523602398564,159.0,232.0,548.0,13033.199999993047,4.830110304812264,0.5021038536666809,0.20014657787117485,0.22124362426875943,0.05834856728204829,2.4378540445679664,0.012441682647989167,0.008551364069972067,231.0,233.0,547.0,549.0,0.0632911391927538,0.25,0.0632911391927538,0.4166666666666667,0.0117557237107907,1.405048649864816,9.772006409876976e-05,0.1692829699240143,2.356194490192345,2.601173153319209,0.0003523602398564,0.0197130070029797,1.4142135623730951,11.6619037896906,0.0,0.0295155015921478,13022.39999999106,13046.5,2
159,231,231,234.0,552,553,568.0,13166.79999999702,13270.59999999404,14550.59999999404,3.0,1.0,15.297058540778355,0.0417827298067482,0.0210970464108491,1.9121323175972944,0.0,0.0,0.0024338796041006,0.0249376558609669,0.03125,0.0121693980205034,0.0005819321700345,0.0004450853672615,0.2390165396996618,1.5707963267948966,1.5707963267948966,1.373400766945016,0.006528663037547,0.0490873852123405,0.0011142307049745,4.025038287180393e-06,1.3908917726922652e-05,0.0001939124936725,160.0,232.0,557.6666666666666,13662.6666666617,6.432352846926118,0.6583373646049638,0.0008112932013668667,0.004867759208201334,0.08001451907898594,1.5049978068449363,0.018910092984954,7.061548322886769e-05,231.0,234.0,552.0,568.0,0.0121693980205034,0.03125,0.0,0.0024338796041006,0.0210970464108491,1.9121323175972944,0.0004450853672615,0.2390165396996618,1.373400766945016,1.5707963267948966,4.025038287180393e-06,0.0001939124936725,1.0,15.297058540778355,0.0011142307049745,0.0490873852123405,13166.79999999702,14550.59999999404,2
160,235,258,302.0,569,572,580.0,14558.59999999404,14574.59999999404,14590.39999999106,1.4142135623730951,23.194827009486403,44.7213595499958,0.0883883476483184,1.4680270261937636,2.7777241941093798,0.125,1.4375,2.784810127107556,0.125,0.1875,0.5063291140195556,0.0055242717280199,0.0929131029411814,0.1725294529544624,0.7853981633974483,0.1297025371559121,0.1798534997924782,0.0735003254434459,0.040980976640096,0.003174111559875,0.0291865334964552,0.0054618019508225,0.0050390094954619,161.0,265.0,573.6666666666666,14574.533333326379,23.11013337395177,1.444713189317154,1.4491033757025187,1.6178797470423705,0.09032227587455456,0.3649847334486129,0.0392184712144723,0.0132291149809132,235.0,302.0,569.0,580.0,0.125,0.5063291140195556,0.125,2.784810127107556,0.0883883476483184,2.7777241941093798,0.0055242717280199,0.1725294529544624,0.1297025371559121,0.7853981633974483,0.0050390094954619,0.0291865334964552,1.4142135623730951,44.7213595499958,0.003174111559875,0.0735003254434459,14558.59999999404,14590.39999999106,2
161,381,502,650.0,590,606,615.0,14606.5,14622.5,14638.5,79.63039620647382,122.05326705991938,148.27339613025663,4.976899762904614,7.628329191244961,9.09652737161757,4.90683229541177,7.5625,9.25,0.6211180120774392,1.0,0.5625,0.3110562351815383,0.47677057445281,0.5580691640049538,0.1259126256857982,0.131468695686869,0.0607360181472903,0.003350364849486,0.0003472543750669,0.0044207923462236,0.0086041479596365,0.0103571462044544,0.0050811618470089,162.0,511.0,603.6666666666666,14622.5,116.6523531322166,7.233918775255714,7.239777431803923,7.427277431803923,0.4486319912131007,0.10603911317331917,0.0027061371902588334,0.008014152003699935,381.0,650.0,590.0,615.0,0.5625,1.0,4.90683229541177,9.25,4.976899762904614,9.09652737161757,0.3110562351815383,0.5580691640049538,0.0607360181472903,0.131468695686869,0.0050811618470089,0.0103571462044544,79.63039620647382,148.27339613025663,0.0003472543750669,0.0044207923462236,14606.5,14638.5,2
162,796,928,974.0,615,615,610.0,14654.79999999702,14678.39999999106,14694.39999999106,146.0,132.0,46.2709412050371,6.186440679528562,8.25,2.8919338253148186,8.957055216361601,5.593220340395686,2.875,0.0,0.0,0.3125,0.2621373169953823,0.515625,0.1807458640821761,0.0,0.0,0.108270590860456,0.0037261360833371,0.0,0.0067669119287785,0.0181553280407164,0.0107410035198575,0.0209299459948639,163.0,899.3333333333334,613.3333333333334,14675.866666659713,108.09031373501237,5.776124834947794,5.8084251855857625,5.9125918522524294,0.31950272702585275,0.03609019695348533,0.0034976826707052,0.016608759185145934,796.0,974.0,610.0,615.0,0.0,0.3125,2.875,8.957055216361601,2.8919338253148186,8.25,0.1807458640821761,0.515625,0.0,0.108270590860456,0.0107410035198575,0.0209299459948639,46.2709412050371,146.0,0.0,0.0067669119287785,14654.79999999702,14694.39999999106,2
163,1002,1012,1016.0,597,587,579.0,14710.39999999106,14726.5,14742.5,30.870698080866266,14.142135623730953,8.94427190999916,1.9174346623430472,0.8838834764831844,0.5625328248445657,1.75,0.6211180120774392,0.25,0.8125,0.6211180120774392,0.5,0.1190953205762889,0.055242717280199,0.0353794229660932,0.4346702151492448,0.7853981633974483,1.1071487177940904,0.0203999765180492,0.0217843445995923,0.0201094096497901,0.0038531589691179,0.0039660002025236,0.0012414558946316,164.0,1010.0,587.6666666666666,14726.466666663686,17.985701871532125,1.1212836545569325,0.873706004025813,1.0403726706924796,0.06990582027419369,0.7757390321135945,0.020764576922477202,0.0030202050220910336,1002.0,1016.0,579.0,597.0,0.5,0.8125,0.25,1.75,0.5625328248445657,1.9174346623430472,0.0353794229660932,0.1190953205762889,0.4346702151492448,1.1071487177940904,0.0012414558946316,0.0039660002025236,8.94427190999916,30.870698080866266,0.0201094096497901,0.0217843445995923,14710.39999999106,14742.5,2
164,1019,1020,1025.0,569,565,560.0,14758.39999999106,14774.59999999404,14790.39999999106,10.44030650891055,4.123105625617661,7.071067811865476,0.6444633646290062,0.2609560523035044,0.4364856673188053,0.1886792453891147,0.0617283950503725,0.3164556962622222,0.6289308179637157,0.2469135802014901,0.3164556962622222,0.0397816891673115,0.0165162058451092,0.0269435597060806,1.2793395323170296,1.3258176636680326,0.7853981633974483,0.010829610982375,0.0028690204532378,0.0342037658463619,0.0002768720882826,0.0014361409455507,0.0006599591052492,165.0,1021.3333333333334,564.6666666666666,14774.46666665872,7.211493315464562,0.4473016947504386,0.18895444556723648,0.29443967765464385,0.027747151572833768,1.1301851197941701,0.015967465760658234,0.0007909907130275,1019.0,1025.0,560.0,569.0,0.2469135802014901,0.6289308179637157,0.0617283950503725,0.3164556962622222,0.2609560523035044,0.6444633646290062,0.0165162058451092,0.0397816891673115,0.7853981633974483,1.3258176636680326,0.0002768720882826,0.0014361409455507,4.123105625617661,10.44030650891055,0.0028690204532378,0.0342037658463619,14758.39999999106,14790.39999999106,2
165,1031,1036,1037.0,559,556,556.0,14806.59999999404,14822.5,14838.59999999404,6.082762530298219,5.830951894845301,1.0,0.382563681007419,0.362170925279752,0.0420168067279504,0.3703703703022352,0.3144654086871472,0.0621118012652307,0.0617283950503725,0.1886792452122883,0.0,0.0240606088593714,0.0224950885350206,0.0017654120476139,0.1651486774146268,0.5404195002705842,0.0,0.0382870053005381,0.0236019385355521,0.0335664286006618,0.0001779599287764,9.846039772100106e-05,0.0012875575462783,166.0,1034.6666666666667,557.0,14822.566666662693,4.30457147504784,0.26225047100504045,0.24898252675153773,0.24898252675153773,0.01610703648066863,0.235189392561737,0.03181845747891734,0.0005213259575919004,1031.0,1037.0,556.0,559.0,0.0,0.1886792452122883,0.0621118012652307,0.3703703703022352,0.0420168067279504,0.382563681007419,0.0017654120476139,0.0240606088593714,0.0,0.5404195002705842,9.846039772100106e-05,0.0012875575462783,1.0,6.082762530298219,0.0236019385355521,0.0382870053005381,14806.59999999404,14838.59999999404,2
166,1043,1055,1082.0,552,551,545.0,14862.39999999106,14878.5,14894.39999999106,7.211102550927978,12.041594578792296,27.65863337187866,0.4478945681318937,0.7573329928027284,1.739536689403158,0.2521008403677025,0.7453416144929271,1.6981132085020323,0.1680672269118016,0.0621118012077439,0.3773584907782294,0.0278195383778365,0.0476310058634328,0.1094048231918902,0.5880026035475675,0.0831412318884412,0.2186689458739419,0.0247059917487897,0.0313578491539605,0.0085237556013653,0.0010947111904825,0.001230525930099,0.0038851457461127,167.0,1060.0,549.3333333333334,14878.433333327373,15.637110167199646,0.9815880834459266,0.8985185544542206,1.0243047180469638,0.061618455811053165,0.2966042604366502,0.021529198834705165,0.0020701276222314,1043.0,1082.0,545.0,552.0,0.0621118012077439,0.3773584907782294,0.2521008403677025,1.6981132085020323,0.4478945681318937,1.739536689403158,0.0278195383778365,0.1094048231918902,0.0831412318884412,0.5880026035475675,0.0010947111904825,0.0038851457461127,7.211102550927978,27.65863337187866,0.0085237556013653,0.0313578491539605,14862.39999999106,14894.39999999106,2
167,1118,1152,1171.0,543,541,541.0,14910.29999999702,14926.39999999106,14942.39999999106,36.05551275463989,34.058772731852805,19.0,2.239472842732186,2.1286732957408003,2.3456790097565428,2.2641509425474595,2.1118012430178457,1.1875,0.1257861634748588,0.1242236025304615,0.0,0.1390976921466629,0.1330420809838,0.289590000884865,0.0554985052457168,0.0587558227157226,0.0,0.0102622918595633,0.0002023178553547,0.0036722389197326,0.0018674760341912,0.0003761249170872,0.0097842449938165,168.0,1147.0,541.6666666666666,14926.366666659713,29.704761828830897,2.23794171607651,1.8544840618551017,1.8544840618551017,0.1872432580051093,0.03808477598714646,0.004712282878216867,0.0040092819816983,1118.0,1171.0,541.0,543.0,0.0,0.1257861634748588,1.1875,2.2641509425474595,2.1286732957408003,2.3456790097565428,0.1330420809838,0.289590000884865,0.0,0.0587558227157226,0.0003761249170872,0.0097842449938165,19.0,36.05551275463989,0.0002023178553547,0.0102622918595633,14910.29999999702,14942.39999999106,2
168,1172,1166,1160.0,541,541,541.0,14950.5,15294.09999999404,15302.29999999702,1.0,6.0,6.0,0.0043103448275862,0.7317073168072369,0.7594936717456205,0.1234567899871864,0.2489626556632337,0.7317073168072369,0.0,0.0,0.0,1.857907253269917e-05,0.0892325995782076,0.096138439570274,0.0,3.141592653589793,3.141592653589793,0.0,0.13035654167497,0.0,0.035749558208976,0.0037025974937874,0.0008421756084825,169.0,1166.0,541.0,15182.29999999702,4.333333333333333,0.49850377779348126,0.3680422541525523,0.3680422541525523,0.06179653940700477,2.0943951023931953,0.04345218055832333,0.0134314437704153,1160.0,1172.0,541.0,541.0,0.0,0.0,0.1234567899871864,0.7317073168072369,0.0043103448275862,0.7594936717456205,1.857907253269917e-05,0.096138439570274,0.0,3.141592653589793,0.0008421756084825,0.035749558208976,1.0,6.0,0.0,0.13035654167497,14950.5,15302.29999999702,2
169,1158,1156,1155.0,541,541,541.0,15310.19999998808,15470.69999998808,15486.39999999106,2.0,2.0,1.0,0.0124610591900311,0.1273885350076657,0.1234567899871864,0.2531645572485402,0.0124610591900311,0.0636942675038328,0.0,0.0,0.0,7.763899806872992e-05,0.0081139194256996,0.0152415789939402,3.141592653589793,3.141592653589793,3.141592653589793,0.0,0.0,0.0,0.0121595950229013,5.007028303819885e-05,0.0004539910552157,170.0,1156.3333333333333,541.0,15422.433333322406,1.6666666666666667,0.0877687947282944,0.10977329464746803,0.10977329464746803,0.007811045805902843,3.141592653589793,0.0,0.0042212187870517325,1155.0,1158.0,541.0,541.0,0.0,0.0,0.0124610591900311,0.2531645572485402,0.0124610591900311,0.1273885350076657,7.763899806872992e-05,0.0152415789939402,3.141592653589793,3.141592653589793,5.007028303819885e-05,0.0121595950229013,1.0,2.0,0.0,0.0,15310.19999998808,15486.39999999106,2
170,1154,1152,1131.0,542,544,558.0,15494.5,15510.39999999106,16446.5,1.4142135623730951,2.8284271247461903,25.238858928247925,0.0889442492558691,0.0030215010412553,3.1548573660309907,0.1234567899871864,0.1257861635927431,0.022433500694156,0.1234567899871864,0.1257861635927431,0.0149556671294373,0.0055939779437662,3.227754557447428e-06,0.3943571707538738,2.356194490192345,2.356194490192345,2.5535900500422257,0.0969627361148807,0.0,0.0002108701632816,0.0011910618567314,0.0003516195089529,0.0004212733073342,171.0,1145.6666666666667,548.0,15817.133333330354,9.827166538455737,1.0822743721093717,0.09055881809136183,0.09554404046784093,0.13331812548406582,2.4219930101423053,0.03239120209272076,0.0006546515576728333,1131.0,1154.0,542.0,558.0,0.0149556671294373,0.1257861635927431,0.022433500694156,0.1257861635927431,0.0030215010412553,3.1548573660309907,3.227754557447428e-06,0.3943571707538738,2.356194490192345,2.5535900500422257,0.0003516195089529,0.0011910618567314,1.4142135623730951,25.238858928247925,0.0,0.0969627361148807,15494.5,16446.5,2
171,1126,1118,1099.0,559,557,541.0,16454.5,16462.5,16478.59999999404,5.0990195135927845,8.246211251235321,24.839484696748443,0.6373774391990981,0.5121870344278381,1.5721192849008685,0.625,1.0,1.1801242240393843,0.125,0.25,0.993788820243692,0.0796721798998872,0.0318128592930097,0.0995012205821142,2.9441970937399127,2.896613990462929,2.4416997838705496,0.0488258804622108,0.0059478879096229,0.0282555407925959,0.0393356238567483,0.0059824150758596,0.0042042460443579,172.0,1114.3333333333333,552.3333333333334,16465.199999998014,12.728238487192181,0.9072279195092682,0.9350414080131282,1.2663043480943588,0.07032875325833704,2.760836956024464,0.0276764363881432,0.016507428325655268,1099.0,1126.0,541.0,559.0,0.125,0.993788820243692,0.625,1.1801242240393843,0.5121870344278381,1.5721192849008685,0.0318128592930097,0.0995012205821142,2.4416997838705496,2.9441970937399127,0.0042042460443579,0.0393356238567483,5.0990195135927845,24.839484696748443,0.0059478879096229,0.0488258804622108,16454.5,16478.59999999404,2
172,1074,1026,983.0,522,499,485.0,16494.39999999106,16518.39999999106,16534.39999999106,31.400636936215164,53.225933528685054,45.22167621838005,1.3083598723422984,3.326620845542816,2.8263547636487534,1.5822784813111113,2.0,2.6875,1.2025316457964446,0.9583333333333334,0.875,0.0545149946809291,0.207913802846426,0.176647172728047,2.491722204177845,2.694750185104029,2.826834992198485,0.0031659759694133,0.0084594992052576,0.0082553004434034,0.0028472294879538,0.0063916170068957,0.0019541643823986,173.0,1027.6666666666667,502.0,16515.73333332439,43.28274889442676,2.487111827177956,2.089926160437037,2.3815928271037037,0.1463586567518007,2.671102460493453,0.0066269252060247655,0.003731003625749367,983.0,1074.0,485.0,522.0,0.875,1.2025316457964446,1.5822784813111113,2.6875,1.3083598723422984,3.326620845542816,0.0545149946809291,0.207913802846426,2.491722204177845,2.826834992198485,0.0019541643823986,0.0063916170068957,31.400636936215164,53.225933528685054,0.0031659759694133,0.0084594992052576,16494.39999999106,16534.39999999106,2
173,930,871,834.0,470,455,443.0,16550.39999999106,16566.39999999106,16582.39999999106,55.08175741568164,60.876925020897694,38.897300677553446,3.4426098384801027,3.804807813806106,2.4159814072020427,3.3125,3.6875,2.3125,0.9375,0.9375,0.75,0.2151631149050064,0.2378004883628816,0.1500609568857387,2.865786755001271,2.8926299477970763,2.827972001373095,0.0024344851751741,0.0016776995497378,0.0040411216514988,0.0024072463860599,0.0014148358411172,0.0054837207173214,174.0,878.3333333333334,456.0,16566.39999999106,51.61866103804426,3.221133019829417,3.1041666666666665,3.3541666666666665,0.20100818671787557,2.8621295680571475,0.0027177687921369,0.0031019343148328336,834.0,930.0,443.0,470.0,0.75,0.9375,2.3125,3.6875,2.4159814072020427,3.804807813806106,0.1500609568857387,0.2378004883628816,2.827972001373095,2.8926299477970763,0.0014148358411172,0.0054837207173214,38.897300677553446,60.876925020897694,0.0016776995497378,0.0040411216514988,16550.39999999106,16582.39999999106,2
174,802,783,771.0,430,423,417.0,16598.5,16614.39999999106,16630.39999999106,34.539832078341085,20.248456731316587,13.41640786499874,2.1723164841360445,1.265528545707287,1.6563466481715858,1.9875776386478057,1.1949685541310595,0.75,0.8074534157006711,0.440251572574601,0.375,0.1366236783243745,0.0790955341067054,0.2044872402892996,2.75570998419172,2.788602265762883,2.677945044588987,0.0044883240460401,0.0020686969553244,0.0069160763233684,0.0008346135747765,0.0036181222798753,0.0078369816364121,175.0,785.3333333333334,423.3333333333333,16614.43333332737,22.734898891552138,1.6980638926716392,1.3108487309262884,1.4358487309262884,0.14006881757345982,2.7407524315145295,0.004491032441577634,0.0040965724970213,771.0,802.0,417.0,430.0,0.375,0.8074534157006711,0.75,1.9875776386478057,1.265528545707287,2.1723164841360445,0.0790955341067054,0.2044872402892996,2.677945044588987,2.788602265762883,0.0008346135747765,0.0078369816364121,13.41640786499874,34.539832078341085,0.0020686969553244,0.0069160763233684,16598.5,16630.39999999106,2
175,768,767,765.0,415,408,402.0,16638.5,16662.59999999404,16679.09999999404,3.605551275463989,7.071067811865476,6.324555320336759,0.1496079367782457,0.4285495643554833,0.4080358271185005,0.3703703699615593,0.0414937759438722,0.1212121212121212,0.2469135799743729,0.290456431607106,0.3636363636363636,0.0062077982081015,0.0259727008700292,0.0263248920721613,2.5535900500422257,1.7126933813990606,1.892546881191539,0.0153524684456172,0.0348919779606281,0.010900212108635,0.0244789434397949,0.0008201204426064,2.1344921341335457e-05,176.0,766.6666666666666,408.3333333333333,16660.066666662693,5.667058135888741,0.32873110941740985,0.17769208903918424,0.2989042102513055,0.019501797050097334,2.052943437544275,0.020381552838293432,0.008440136267914213,765.0,768.0,402.0,415.0,0.2469135799743729,0.3636363636363636,0.0414937759438722,0.3703703699615593,0.1496079367782457,0.4285495643554833,0.0062077982081015,0.0263248920721613,1.7126933813990606,2.5535900500422257,2.1344921341335457e-05,0.0244789434397949,3.605551275463989,7.071067811865476,0.010900212108635,0.0348919779606281,16638.5,16679.09999999404,2
176,762,760,758.0,395,390,385.0,16694.59999999404,16718.39999999106,16734.5,7.615773105863909,5.385164807134504,5.385164807134504,0.3199904666730065,0.3344822859716769,0.3386896107020519,0.1935483870967742,0.0840336134559008,0.1242236024154878,0.4516129032258064,0.210084033639752,0.3105590060387196,0.0134449775929863,0.0207752972537845,0.0213012333894653,1.97568811307998,1.9513027039072612,1.9513027039072612,0.0053639504444155,0.0010245970241921,0.0,0.0008309622244629,0.0003079966244418,3.2666840707377326e-05,177.0,760.0,390.0,16715.833333328366,6.128700906710972,0.3310541211155784,0.1339352009893876,0.23745486966896082,0.018507169412078698,1.9594311736315009,0.0021295158228692,0.00039054189653735916,758.0,762.0,385.0,395.0,0.210084033639752,0.4516129032258064,0.0840336134559008,0.1935483870967742,0.3199904666730065,0.3386896107020519,0.0134449775929863,0.0213012333894653,1.9513027039072612,1.97568811307998,3.2666840707377326e-05,0.0008309622244629,5.385164807134504,7.615773105863909,0.0,0.0053639504444155,16694.59999999404,16734.5,2
177,753,745,734.0,381,377,371.0,16750.39999999106,16766.39999999106,16782.39999999106,6.4031242374328485,8.94427190999916,12.529964086141668,0.400195264839553,0.5590169943749475,0.7640222000968134,0.3144654089818579,0.5,0.6875,0.2515723271854863,0.25,0.375,0.025012204052472,0.0349385621484342,0.0465867195011667,2.4668517113662407,2.677945044588987,2.642245931909663,0.0324244658961557,0.0131933333264216,0.0022311945424577,0.0002333943814524,0.0006203973809976,0.0007280098345457,178.0,744.0,376.3333333333333,16766.39999999106,9.292453411191225,0.5744114864371047,0.500655136327286,0.625655136327286,0.0355124952340243,2.5956808959549638,0.015949664588345,0.0005272671989985666,734.0,753.0,371.0,381.0,0.25,0.375,0.3144654089818579,0.6875,0.400195264839553,0.7640222000968134,0.025012204052472,0.0465867195011667,2.4668517113662407,2.677945044588987,0.0002333943814524,0.0007280098345457,6.4031242374328485,12.529964086141668,0.0022311945424577,0.0324244658961557,16750.39999999106,16782.39999999106,2
178,718,695,673.0,366,363,361.0,16798.79999999702,16814.5,16830.39999999106,16.76305461424021,23.194827009486403,22.09072203437452,1.067710484780776,1.458794152360317,1.3720945355345988,0.9756097557429824,1.4649681525881564,1.3836477995201746,0.304878048669682,0.1910828025114986,0.1257861635927431,0.0680070372342738,0.0917480599484659,0.0852232630293567,2.838707785214822,3.011890116433881,3.050932766389048,0.0119793812947412,0.0110307217316041,0.0024555125771774,0.0013061169344708,0.0015121670515723,0.0004103645863382,179.0,695.3333333333334,363.3333333333333,16814.566666662693,20.68286788603371,1.2995330575585637,1.2747419026171043,1.3166706238146852,0.08165945340403213,2.9671768893459167,0.008488538534507565,0.0010762161907937667,673.0,718.0,361.0,366.0,0.1257861635927431,0.304878048669682,0.9756097557429824,1.4649681525881564,1.067710484780776,1.458794152360317,0.0680070372342738,0.0917480599484659,2.838707785214822,3.050932766389048,0.0004103645863382,0.0015121670515723,16.76305461424021,23.194827009486403,0.0024555125771774,0.0119793812947412,16798.79999999702,16830.39999999106,2
179,649,620,588.0,357,357,357.0,16846.5,16862.39999999106,16886.39999999106,24.33105012119288,29.0,32.0,1.5302547254638,1.2083333333333333,3.950617279589967,1.4906832289858545,1.823899372094776,1.3333333333333333,0.2484472048309757,0.0,0.0,0.0962424356178789,0.0503472222222222,0.4877305278060884,2.976443976175166,3.141592653589793,3.141592653589793,0.0046266329299699,0.0103867092772007,0.0,0.0006844206572921,0.0028864914101549,0.0182243043993277,180.0,619.0,357.0,16865.09999999404,28.44368337373096,2.2297351127957,1.5493053114713211,1.5493053114713211,0.21144006188206318,3.0865430944515837,0.0050044474023902006,0.007265072155591567,588.0,649.0,357.0,357.0,0.0,0.2484472048309757,1.3333333333333333,1.823899372094776,1.2083333333333333,3.950617279589967,0.0503472222222222,0.4877305278060884,2.976443976175166,3.141592653589793,0.0006844206572921,0.0182243043993277,24.33105012119288,32.0,0.0,0.0103867092772007,16846.5,16886.39999999106,2
180,584,586,593.0,357,356,355.0,16894.5,16934.59999999404,16942.5,4.0,2.23606797749979,7.071067811865476,0.0997506234562234,0.2830465792167975,0.8950718759326635,0.4938271599487458,0.0498753117281117,0.8860759486985539,0.0,0.0249376558640558,0.1265822783855077,0.0024875467199763,0.0358286808864863,0.1133002375880565,3.141592653589793,0.4636476090008061,0.1418970546041639,0.0,0.0667816719448138,0.0407279182473271,0.0599065408087044,0.0008314497299617,0.0098065261573568,181.0,587.6666666666666,356.0,16923.86666666468,4.435711929788422,0.4259563595352281,0.47659280679180377,0.518786899586973,0.05053882173150637,1.2490457723982544,0.03583653006404697,0.0235148388986743,584.0,593.0,355.0,357.0,0.0,0.1265822783855077,0.0498753117281117,0.8860759486985539,0.0997506234562234,0.8950718759326635,0.0024875467199763,0.1133002375880565,0.1418970546041639,3.141592653589793,0.0008314497299617,0.0599065408087044,2.23606797749979,7.071067811865476,0.0,0.0667816719448138,16894.5,16942.5,2
181,606,630,642.0,347,336,327.0,16950.39999999106,16966.39999999106,16982.5,15.264337522473747,26.40075756488817,15.0,0.9540210951546092,1.6397986056041758,0.1247920133235244,1.6455696221155112,1.5,0.7453416144929271,1.0126582289941608,0.6875,0.5590062108696954,0.059626318447163,0.1018508450120222,0.0010382031059559,0.5516549825285468,0.4297622790966885,0.6435011087932844,0.0518680922010278,0.0076182939644911,0.0132757037004907,0.0067941669875491,0.0026390329103036,0.006261654773297,182.0,626.0,336.6666666666667,16966.43333332737,18.88836502912064,0.9062039046941032,1.2969704122028127,1.4833058158260446,0.05417178885504703,0.5416394568061732,0.024254029955336532,0.0052316182237165665,606.0,642.0,327.0,347.0,0.5590062108696954,1.0126582289941608,0.7453416144929271,1.6455696221155112,0.1247920133235244,1.6397986056041758,0.0010382031059559,0.1018508450120222,0.4297622790966885,0.6435011087932844,0.0026390329103036,0.0067941669875491,15.0,26.40075756488817,0.0076182939644911,0.0518680922010278,16950.39999999106,16982.5,2
182,641,641,641.0,329,339,349.0,17102.69999998808,17118.29999999702,17134.5,2.23606797749979,10.0,10.0,0.1433376907832212,0.6172839505037253,0.625,0.0083194675549016,0.0,0.0,0.0166389351098032,0.6410256406582554,0.6172839505037253,0.0091883135064789,0.0381039475549485,0.0390625,2.0344439357957027,1.5707963267948966,1.5707963267948966,0.0115719037199697,0.029721000559941,0.0,6.780457904601755e-05,0.0018535662840959,5.916990400463589e-05,183.0,641.0,339.0,17118.499999995034,7.412022659166596,0.4618738804289822,0.0027731558516338665,0.20853447268620898,0.028784920353809137,1.7253455297951652,0.013764301426636899,0.0006601802557155179,641.0,641.0,329.0,349.0,0.0166389351098032,0.6410256406582554,0.0,0.0083194675549016,0.1433376907832212,0.625,0.0091883135064789,0.0390625,1.5707963267948966,2.0344439357957027,5.916990400463589e-05,0.0018535662840959,2.23606797749979,10.0,0.0,0.029721000559941,17102.69999998808,17134.5,2
183,641,646,657.0,357,364,378.0,17150.5,17166.29999999702,17886.39999999106,8.0,8.602325267042627,17.804493814764857,0.5063291140195556,0.0358131776308738,1.1058691804271812,0.0,0.3164556962622222,0.0280326197763777,0.5,0.4430379747671111,0.0356778797153898,0.0320461464629785,0.0001490973256887,0.0686875266964637,1.5707963267948966,0.9505468408120752,0.9048270894157868,0.0,0.0392562965885958,0.0023058794328144,0.0004385220960638,0.0020188005786902,0.0001750446653874,184.0,648.0,366.3333333333333,17401.066666662693,11.468939693935829,0.5493371573592035,0.11482943867953331,0.1267220652513299,0.033627590161710304,1.1420567523409195,0.0138540586738034,0.0008774557800471334,641.0,657.0,357.0,378.0,0.0356778797153898,0.5,0.0,0.3164556962622222,0.0358131776308738,1.1058691804271812,0.0001490973256887,0.0686875266964637,0.9048270894157868,1.5707963267948966,0.0001750446653874,0.0020188005786902,8.0,17.804493814764857,0.0,0.0392562965885958,17150.5,17886.39999999106,2
184,657,657,657.0,381,385,390.0,17902.5,17918.39999999106,17934.5,3.0,4.0,5.0,0.1886792453891147,0.2484472048309757,0.3164556962622222,0.0,0.0,0.0,0.1863354036232317,0.2515723271854863,0.3105590060387196,0.0118666192135352,0.0154315033970812,0.0200288415393615,1.5707963267948966,1.5707963267948966,1.5707963267948966,0.0413645488825641,0.0,0.0,0.0035292489100232,0.0002242065525503,0.000285548952778,185.0,657.0,385.3333333333333,17918.466666663688,4.0,0.25119404882743757,0.0,0.1035196686795732,0.015775654716659298,1.5707963267948966,0.0137881829608547,0.0013463348051171668,657.0,657.0,381.0,390.0,0.1863354036232317,0.3105590060387196,0.0,0.0,0.1886792453891147,0.3164556962622222,0.0118666192135352,0.0200288415393615,1.5707963267948966,1.5707963267948966,0.0002242065525503,0.0035292489100232,3.0,5.0,0.0,0.0413645488825641,17902.5,17934.5,2
185,657,657,657.0,394,401,403.0,17950.29999999702,17966.59999999404,17982.5,4.0,7.0,2.0,0.2453987730510027,0.440251572162006,0.1257861635927431,0.0,0.0,0.0,0.2531645570097778,0.4294478528392548,0.1257861634748588,0.0150551394537343,0.0276887781130168,0.0079110794756901,1.5707963267948966,1.5707963267948966,1.5707963267948966,0.0,0.0,0.0,0.0003147912713016,0.0007750698565394,0.0012438804169756,186.0,657.0,399.3333333333333,17966.466666663688,4.333333333333333,0.27047883626858393,0.0,0.04192872115828627,0.016884999014147067,1.5707963267948966,0.0,0.0007779138482722001,657.0,657.0,394.0,403.0,0.1257861634748588,0.4294478528392548,0.0,0.0,0.1257861635927431,0.440251572162006,0.0079110794756901,0.0276887781130168,1.5707963267948966,1.5707963267948966,0.0003147912713016,0.0012438804169756,2.0,7.0,0.0,0.0,17950.29999999702,17982.5,2
186,658,664,669.0,407,414,419.0,17998.39999999106,18022.29999999702,18038.39999999106,4.123105625617661,9.219544457292889,7.071067811865476,0.1725148796899327,0.5726425130873356,0.4364856673188053,0.0628930817963715,0.2510460250419937,0.3105590063261538,0.2515723271854863,0.2928870292156593,0.3105590063261538,0.0072181958011258,0.0355678579689028,0.0269435597060806,1.3258176636680326,0.8621700546672264,0.7853981633974483,0.0154074630984036,0.0193994815433128,0.0047684404533043,4.357758961974135e-05,0.0011861783330839,0.0005356706997524,187.0,663.6666666666666,413.3333333333333,18019.699999993045,6.804572631592008,0.3938810200320246,0.20816603772150633,0.3116857064968909,0.0232432044920364,0.9911286272442358,0.013191795031673567,0.0005884755408186805,658.0,669.0,407.0,419.0,0.2515723271854863,0.3105590063261538,0.0628930817963715,0.3105590063261538,0.1725148796899327,0.5726425130873356,0.0072181958011258,0.0355678579689028,0.7853981633974483,1.3258176636680326,4.357758961974135e-05,0.0011861783330839,4.123105625617661,9.219544457292889,0.0047684404533043,0.0193994815433128,17998.39999999106,18038.39999999106,2
187,674,676,676.0,423,427,432.0,18054.59999999404,18078.59999999404,18086.5,6.4031242374328485,4.47213595499958,5.0,0.2667968432263687,0.5660931584335951,0.3086419755357592,0.3086419752518626,0.0833333333333333,0.0,0.2469135802014901,0.1666666666666666,0.6329113919275385,0.011116535134432,0.0716573617729726,0.0190519738125232,0.6747409422235526,1.1071487177940904,1.5707963267948966,0.0068306926637986,0.0180169906487724,0.058689570715315,0.0009769768252306,0.0025225344432725,0.0066589098633872,188.0,675.3333333333334,427.3333333333333,18073.23333332936,5.291753397477476,0.380510659065241,0.13065843619506531,0.34162890017091146,0.033941956906642604,1.1175619956041798,0.027845751342628667,0.0033861403772967665,674.0,676.0,423.0,432.0,0.1666666666666666,0.6329113919275385,0.0,0.3086419752518626,0.2667968432263687,0.5660931584335951,0.011116535134432,0.0716573617729726,0.6747409422235526,1.5707963267948966,0.0009769768252306,0.0066589098633872,4.47213595499958,6.4031242374328485,0.0068306926637986,0.058689570715315,18054.59999999404,18086.5,2
188,684,687,680.0,449,469,488.0,18102.69999998808,18118.39999999106,18134.59999999404,18.788294228055936,20.223748416156685,20.248456731316587,1.196706638502514,1.2483795316318658,1.2815478946288543,0.4938271608572147,0.1910828025114986,0.4320987653526077,1.0493827168215812,1.2738853500766576,1.1728395059570782,0.0762233527563917,0.0770604649013708,0.0811106262576318,1.1309537439791604,1.4219063791853994,1.923786714621807,0.0271507767369999,0.0185320149777712,0.030980267613832,0.0035290974682678,5.33192448930052e-05,0.000250009960217,189.0,683.6666666666666,468.6666666666667,18118.566666657727,19.75349979184307,1.242211354921078,0.37233624290710693,0.7632827448927997,0.07813148130513144,1.4922156125954558,0.02555435310953437,0.0012774755577926017,680.0,687.0,449.0,488.0,1.0493827168215812,1.2738853500766576,0.1910828025114986,0.4938271608572147,1.196706638502514,1.2815478946288543,0.0762233527563917,0.0811106262576318,1.1309537439791604,1.923786714621807,5.33192448930052e-05,0.0035290974682678,18.788294228055936,20.248456731316587,0.0185320149777712,0.030980267613832,18102.69999998808,18134.59999999404,2
189,652,622,574.0,497,506,512.0,18150.39999999106,18166.39999999106,18190.29999999702,29.410882339705484,31.32091952673165,48.373546489791295,1.8381801462315928,1.3104987246410238,3.023346655611956,1.7721518990684446,1.875,2.008368200335949,0.569620253272,0.5625,0.2510460250419937,0.1148862591394745,0.0548325826072885,0.1889591659757472,2.8305943729842524,2.8501358591119264,3.017237659043032,0.0573928897806006,0.0012213428829796,0.0069917071083444,0.0021376982840641,0.0037533547832616,0.0056119909345191,190.0,616.0,505.0,18169.03333332638,36.36844945207614,2.057341842161524,1.8851733664681312,1.9688553748154625,0.1195593359075034,2.899322630379737,0.02186864659064153,0.003834348000614933,574.0,652.0,497.0,512.0,0.2510460250419937,0.569620253272,1.7721518990684446,2.008368200335949,1.3104987246410238,3.023346655611956,0.0548325826072885,0.1889591659757472,2.8305943729842524,3.017237659043032,0.0021376982840641,0.0056119909345191,29.410882339705484,48.373546489791295,0.0012213428829796,0.0573928897806006,18150.39999999106,18190.29999999702,2
190,542,515,494.0,516,519,519.0,18206.29999999702,18222.59999999404,18238.29999999702,32.2490309931942,27.16615541441225,21.0,1.9784681594534044,1.730328370016272,1.3043478265698458,2.0,1.6564417180942688,1.3375796175804906,0.25,0.184049079788252,0.0,0.1213784147125852,0.1102119980692875,0.0810153929846419,3.017237659043032,3.0309354324158977,3.141592653589793,0.0,0.0008403541948079,0.0070482306466808,0.0042237969539476,0.0006850562359103,0.0018596563744651,191.0,517.0,518.0,18222.399999996025,26.805062135868813,1.6710481186798407,1.664673778558253,1.664673778558253,0.10420193525550486,3.063255248349574,0.0026295282804962333,0.002256169854774333,494.0,542.0,516.0,519.0,0.0,0.25,1.3375796175804906,2.0,1.3043478265698458,1.9784681594534044,0.0810153929846419,0.1213784147125852,3.017237659043032,3.141592653589793,0.0006850562359103,0.0042237969539476,21.0,32.2490309931942,0.0,0.0070482306466808,18206.29999999702,18238.29999999702,2
191,478,467,462.0,517,516,513.0,18254.39999999106,18270.29999999702,18286.29999999702,16.1245154965971,11.04536101718726,5.830951894845301,1.0141204711039289,0.6903350635742038,0.362170925279752,0.993788820243692,0.6918238991117238,0.3125,0.1242236025304615,0.0628930817374294,0.1875,0.0637811616807398,0.0431459414733877,0.0224950885350206,3.017237659043032,3.050932766389048,2.601173153319209,0.0077239127076272,0.0021191891404644,0.0281099758168649,0.0010704491497069,0.0012978125911708,0.0012906783086479,192.0,469.0,515.3333333333334,18270.333333328366,11.000276136209886,0.6888754866526282,0.6660375731184719,0.728537573118472,0.043140730563049366,2.8897811929170962,0.012651025888318833,0.0012196466831752,462.0,478.0,513.0,517.0,0.0628930817374294,0.1875,0.3125,0.993788820243692,0.362170925279752,1.0141204711039289,0.0224950885350206,0.0637811616807398,2.601173153319209,3.050932766389048,0.0010704491497069,0.0012978125911708,5.830951894845301,16.1245154965971,0.0021191891404644,0.0281099758168649,18254.39999999106,18286.29999999702,2
192,460,458,457.0,511,509,508.0,18302.39999999106,18318.59999999404,18326.19999998808,2.8284271247461903,2.8284271247461903,1.4142135623730951,0.1745942669275221,0.3721614640742691,0.0857099128710966,0.1242236025304615,0.123456790100745,0.1315789474716147,0.1242236025304615,0.123456790100745,0.1315789474716147,0.0107774238824322,0.0489686137323874,0.0051945401740058,2.356194490192345,2.356194490192345,2.356194490192345,0.0152160660383577,0.0,0.0,0.0007278052581941,0.0023574808545018,0.0057597465253568,193.0,458.3333333333333,509.3333333333333,18315.73333332439,2.3570226039551585,0.2108218812909626,0.12641978003427373,0.17027942919147865,0.021646859262941798,2.356194490192345,0.0050720220127859,0.0029483442126842334,457.0,460.0,508.0,511.0,0.123456790100745,0.1315789474716147,0.123456790100745,0.1315789474716147,0.0857099128710966,0.3721614640742691,0.0051945401740058,0.0489686137323874,2.356194490192345,2.356194490192345,0.0007278052581941,0.0057597465253568,1.4142135623730951,2.8284271247461903,0.0,0.0152160660383577,18302.39999999106,18326.19999998808,2
193,456,456,456.0,507,506,503.0,18342.69999998808,18406.89999999106,18422.5,1.4142135623730951,1.0,3.0,0.0220282486340723,0.0641025640658255,0.1886792453891147,0.0606060606060606,0.0,0.0,0.0606060606060606,0.0155763239868158,0.1923076921974766,0.0003431191375864,0.0041091387198132,0.0118666192135352,2.356194490192345,1.5707963267948966,1.5707963267948966,0.0,0.0122336162517288,0.0,0.0002940255173587,5.8660741153457946e-05,0.0004972743903382,194.0,456.0,505.3333333333333,18390.699999993045,1.804737854124365,0.0916033526963375,0.0202020202020202,0.08430458426784572,0.0054396256903116,1.832595714594046,0.0040778720839096,0.0002833202162834527,456.0,456.0,503.0,507.0,0.0155763239868158,0.1923076921974766,0.0,0.0606060606060606,0.0220282486340723,0.1886792453891147,0.0003431191375864,0.0118666192135352,1.5707963267948966,2.356194490192345,5.8660741153457946e-05,0.0004972743903382,1.0,3.0,0.0,0.0122336162517288,18342.69999998808,18422.5,2
194,461,470,491.0,501,499,492.0,18438.39999999106,18454.39999999106,18470.39999999106,5.385164807134504,9.219544457292889,22.13594362117865,0.3365728004459065,0.5762215285808054,1.383496476323666,0.3144654089818579,0.5625,1.3125,0.1257861635927431,0.125,0.4375,0.0210358000278691,0.0360138455363003,0.0864685297702291,0.3805063771123649,0.2186689458739419,0.3217505543966422,0.0748610031667824,0.0101148394524014,0.0064426005326687,0.0005766780389616,0.0009361278442769,0.0031534177646205,195.0,474.0,497.3333333333333,18454.39999999106,12.246884295202014,0.765430268450126,0.7298218029939526,0.875655136327286,0.04783939177813284,0.306975292460983,0.03047281438395083,0.0015554078826196666,461.0,491.0,492.0,501.0,0.125,0.4375,0.3144654089818579,1.3125,0.3365728004459065,1.383496476323666,0.0210358000278691,0.0864685297702291,0.2186689458739419,0.3805063771123649,0.0005766780389616,0.0031534177646205,5.385164807134504,22.13594362117865,0.0064426005326687,0.0748610031667824,18438.39999999106,18470.39999999106,2
195,516,547,585.0,485,485,485.0,18486.39999999106,18502.29999999702,18518.39999999106,25.96150997149434,31.0,38.0,1.632799368664283,1.9254658392221533,2.3602484458942694,1.5625,1.9496855338603123,2.3602484480787687,0.4375,0.0,0.0,0.1026917841542259,0.1195941515487571,0.1465992822722714,0.2730087030867106,0.0,0.0,0.0030463657068707,0.017170358678262,0.0,0.0010139533989998,0.0010630419741003,0.0016773373126404,196.0,549.3333333333334,485.0,18502.366666659713,31.653836657164778,1.9728378845935686,1.9574779939796934,1.9574779939796934,0.1229617393250848,0.09100290102890353,0.0067389081283775664,0.0012514442285801667,516.0,585.0,485.0,485.0,0.0,0.4375,1.5625,2.3602484480787687,1.632799368664283,2.3602484458942694,0.1026917841542259,0.1465992822722714,0.0,0.2730087030867106,0.0010139533989998,0.0016773373126404,25.96150997149434,38.0,0.0,0.017170358678262,18486.39999999106,18518.39999999106,2
196,616,640,644.0,485,485,485.0,18534.5,18558.29999999702,18574.39999999106,31.0,24.0,4.0,1.302521008566463,1.4906832303655382,0.5,1.9254658374400615,1.00840336147081,0.248447205060923,0.0,0.0,0.0,0.0547277734760321,0.0925890205538765,0.0625,0.0,0.0,0.0,0.0,0.0,0.0,0.0057063048910075,0.0015908087009489,0.0018688832649078,197.0,633.3333333333334,485.0,18555.73333332936,19.666666666666668,1.097734746310667,1.0607721346572647,1.0607721346572647,0.06993893134330287,0.0,0.0,0.0030553322856214002,616.0,644.0,485.0,485.0,0.0,0.0,0.248447205060923,1.9254658374400615,0.5,1.4906832303655382,0.0547277734760321,0.0925890205538765,0.0,0.0,0.0015908087009489,0.0057063048910075,4.0,31.0,0.0,0.0,18534.5,18574.39999999106,2
197,645,649,652.0,485,486,488.0,18582.39999999106,18606.39999999106,18622.29999999702,1.0,4.123105625617661,3.605551275463989,0.0416666666666666,0.2593148191240266,0.2225648935062157,0.125,0.1666666666666666,0.1886792452122883,0.0,0.0416666666666666,0.1257861634748588,0.0017361111111111,0.0163091081148941,0.0137385736706957,0.0,0.2449786631268641,0.5880026035475675,0.0,0.0102074442969526,0.0215738327227744,0.0075954861111111,0.0006072082084909,0.0001616688329078,198.0,648.6666666666666,486.3333333333333,18603.699999993045,2.90955230036055,0.1745154597656363,0.16011530395965165,0.20204402511793793,0.010594597632233633,0.2776604222248105,0.010593759006575667,0.0027881210508366,645.0,652.0,485.0,488.0,0.0,0.1257861634748588,0.125,0.1886792452122883,0.0416666666666666,0.2593148191240266,0.0017361111111111,0.0163091081148941,0.0,0.5880026035475675,0.0001616688329078,0.0075954861111111,1.0,4.123105625617661,0.0,0.0215738327227744,18582.39999999106,18622.29999999702,2
198,653,654,654.0,490,491,492.0,18638.5,18646.39999999106,18678.5,2.23606797749979,1.4142135623730951,1.0,0.2830465797506865,0.0440564972579189,0.0304878048808189,0.0617283950503725,0.1265822786242701,0.0,0.123456790100745,0.1265822786242701,0.031152647966401,0.035828681021648,0.0013724765497086,0.0009295062464508,1.1071487177940904,0.7853981633974483,1.5707963267948966,0.0320460564290751,0.0407279183241491,0.0244672324977786,0.0013635868732647,0.0043615448748018,1.379969791695944e-05,199.0,653.6666666666666,491.0,18654.466666663688,1.5500938466242948,0.1191969606298081,0.0627702245582142,0.07315444054701453,0.012710221272602467,1.1544477359954783,0.032413735750334266,0.0019129771486611532,653.0,654.0,490.0,492.0,0.031152647966401,0.1265822786242701,0.0,0.1265822786242701,0.0304878048808189,0.2830465797506865,0.0009295062464508,0.035828681021648,0.7853981633974483,1.5707963267948966,1.379969791695944e-05,0.0043615448748018,1.0,2.23606797749979,0.0244672324977786,0.0407279183241491,18638.5,18678.5,2
199,654,651,640.0,493,493,493.0,18711.29999999702,18718.5,18734.5,1.0,3.0,11.0,0.1388888888313998,0.1875,0.4621848740074545,0.0,0.4166666664941995,0.6875,0.0304878048808189,0.0,0.0,0.0192901234408209,0.01171875,0.0194195325237533,1.5707963267948966,3.141592653589793,3.141592653589793,0.0,0.2181661564089876,0.0,0.0005597749145133,0.0010515796441231,0.0004812989077345,200.0,648.3333333333334,493.0,18721.43333333234,5.0,0.26285792094628474,0.3680555554980665,0.3680555554980665,0.016809468654858068,2.6179938779914944,0.0727220521363292,0.0006975511554569667,640.0,654.0,493.0,493.0,0.0,0.0304878048808189,0.0,0.6875,0.1388888888313998,0.4621848740074545,0.01171875,0.0194195325237533,1.5707963267948966,3.141592653589793,0.0004812989077345,0.0010515796441231,1.0,11.0,0.0,0.2181661564089876,18711.29999999702,18734.5,2
200,575,504,440.0,497,483,454.0,18758.29999999702,18774.29999999702,18790.19999998808,65.12296062065974,72.3671196055225,70.26378868236469,4.070185038791234,4.551391172717931,4.25841143529483,2.731092437316777,4.4375,4.02515723496778,0.1680672269118016,0.875,1.823899372094776,0.2543865649244521,0.2862510173130324,0.25808554153302,3.0801316977070274,2.9469071142058434,2.716143016219751,0.0025823931046412,0.008326536468824,0.0145134652903052,0.0098725643878202,0.0019915282742862,0.001771413572066,201.0,506.3333333333333,478.0,18774.266666660707,69.2512896361823,4.293329215601331,3.7312498907615193,4.3392163481264445,0.26624104125683484,2.914393942710874,0.0084741316212568,0.0045451687447241335,440.0,575.0,454.0,497.0,0.1680672269118016,1.823899372094776,2.731092437316777,4.4375,4.070185038791234,4.551391172717931,0.2543865649244521,0.2862510173130324,2.716143016219751,3.0801316977070274,0.001771413572066,0.0098725643878202,65.12296062065974,72.3671196055225,0.0025823931046412,0.0145134652903052,18758.29999999702,18790.19999998808,2
201,409,385,368.0,424,389,358.0,18806.69999998808,18822.39999999106,18838.5,43.139309220245984,42.43819034784589,35.35533905932738,2.747726701404912,2.635912442501801,2.237679687721277,1.878787878787879,1.5286624200919892,1.0559006205316468,1.818181818181818,2.229299362634151,1.9254658374400615,0.1750144395467088,0.1637212696296906,0.1416252967179337,2.3725864645003503,2.171870081292646,2.072400380984017,0.0208216091951152,0.0127844830044333,0.0061782422517634,0.0050346122415946,0.0007193101856607,0.0013724206769867,202.0,387.3333333333333,390.3333333333333,18822.53333332638,40.31094620913975,2.540439610542663,1.4877836398038384,2.1296055856171923,0.160120335298111,2.205618975592338,0.013261444817103967,0.0023754477014140004,368.0,409.0,358.0,424.0,1.818181818181818,2.229299362634151,1.0559006205316468,1.878787878787879,2.237679687721277,2.747726701404912,0.1416252967179337,0.1750144395467088,2.072400380984017,2.3725864645003503,0.0007193101856607,0.0050346122415946,35.35533905932738,43.139309220245984,0.0061782422517634,0.0208216091951152,18806.69999998808,18838.5,2
202,361,357,354.0,335,318,306.0,18854.29999999702,18870.39999999106,18886.59999999404,24.04163056034261,17.46424919657298,12.36931687685298,1.493268979456099,1.078040073664208,0.7682805516417571,0.4430379747671111,0.248447205060923,0.1851851851511176,1.4556962028062224,1.0559006215089228,0.7407407406044704,0.0927496260875111,0.0665456835472769,0.0477192889395146,1.8662371639386168,1.8018869939907936,1.8157749899217608,0.0130483048787523,0.0039969049671829,0.0008572836992846,0.0030933968759266,0.0016275740714245,0.0011621231237221,203.0,357.3333333333333,319.6666666666667,18870.43333332737,17.958398877922857,1.1131965349206878,0.2922234549930506,0.5391370351945407,0.0690048661914342,1.8279663826170571,0.0059674978484066,0.0019610313570244,354.0,361.0,306.0,335.0,0.7407407406044704,1.4556962028062224,0.1851851851511176,0.4430379747671111,0.7682805516417571,1.493268979456099,0.0477192889395146,0.0927496260875111,1.8018869939907936,1.8662371639386168,0.0011621231237221,0.0030933968759266,12.36931687685298,24.04163056034261,0.0008572836992846,0.0130483048787523,18854.29999999702,18886.59999999404,2
203,353,353,352.0,303,299,298.0,18902.69999998808,18926.29999999702,18974.5,3.1622776601683795,4.0,1.4142135623730951,0.1339948160580666,0.0829875518620887,0.0437837016254978,0.0621118012652307,0.0,0.0207468879655221,0.1863354037956922,0.1694915253595181,0.0207468879655221,0.0056777464409874,0.0017217334410157,0.00135553255819,1.892546881191539,1.5707963267948966,2.356194490192345,0.0047684404533043,0.0136334980624893,0.0162945677043337,0.0026112759325522,0.0001676276694268,7.597528688860058e-06,204.0,352.6666666666667,300.0,18934.499999995034,2.858830407513825,0.08692202318188436,0.027619563076917597,0.034535192398758296,0.0029183374800643667,1.9398458993929266,0.011565502073375764,0.00092883371022262,352.0,353.0,298.0,303.0,0.0207468879655221,0.1863354037956922,0.0,0.0621118012652307,0.0437837016254978,0.1339948160580666,0.00135553255819,0.0056777464409874,1.5707963267948966,2.356194490192345,7.597528688860058e-06,0.0026112759325522,1.4142135623730951,4.0,0.0047684404533043,0.0162945677043337,18902.69999998808,18974.5,2
204,350,348,342.0,298,298,298.0,19006.79999999702,19014.5,19022.39999999106,2.0,2.0,6.0,0.2597402596397291,0.2531645572485402,0.3658536584036184,0.0619195046496759,0.2597402596397291,0.7594936717456205,0.0,0.0,0.0,0.0337325012388569,0.0320461465234246,0.0223081498945519,3.141592653589793,3.141592653589793,3.141592653589793,0.0243157326151676,0.0,0.0,0.0010023829313824,0.0002190071058155,0.0012326578025181,205.0,346.6666666666667,298.0,19014.566666662693,3.3333333333333335,0.29291949176396254,0.36038447867834184,0.36038447867834184,0.029362265885611135,3.141592653589793,0.008105244205055867,0.000818015946572,342.0,350.0,298.0,298.0,0.0,0.0,0.0619195046496759,0.7594936717456205,0.2531645572485402,0.3658536584036184,0.0223081498945519,0.0337325012388569,3.141592653589793,3.141592653589793,0.0002190071058155,0.0012326578025181,2.0,6.0,0.0,0.0243157326151676,19006.79999999702,19022.39999999106,2
205,336,324,303.0,298,298,298.0,19038.79999999702,19054.39999999106,19070.69999998808,6.0,12.0,21.0,0.3846153847623388,0.7361963191530083,1.3375796175804906,0.3658536584036184,0.7692307695246777,1.2883435585177645,0.0,0.0,0.0,0.0246548323659803,0.0451654183612031,0.0851961539698462,3.141592653589793,3.141592653589793,3.141592653589793,0.0,0.0,0.0,0.0001430903945472,0.0013147811540422,0.0024558733506725,206.0,321.0,298.0,19054.633333325386,13.0,0.8194637738319459,0.8078093288153535,0.8078093288153535,0.05167213489900987,3.141592653589793,0.0,0.0013045816330872998,303.0,336.0,298.0,298.0,0.0,0.0,0.3658536584036184,1.2883435585177645,0.3846153847623388,1.3375796175804906,0.0246548323659803,0.0851961539698462,3.141592653589793,3.141592653589793,0.0001430903945472,0.0024558733506725,6.0,21.0,0.0,0.0,19038.79999999702,19070.69999998808,2
206,276,250,234.0,298,298,296.0,19086.39999999106,19102.59999999404,19118.59999999404,27.0,26.0,16.1245154965971,1.6666666663600584,1.625,0.2884528711069371,1.719745222603488,1.6049382713096858,1.0,0.0,0.0,0.125,0.1028806583983611,0.1015625,0.0051601586954593,3.141592653589793,3.141592653589793,3.017237659043032,0.0,0.0,0.0077721871591725,0.0011264015557425,8.136780235300165e-05,0.0060251463315337,207.0,253.33333333333334,297.3333333333333,19102.53333332638,23.041505165532367,1.1933731791556652,1.4415611646377247,1.4832278313043912,0.0698677723646068,3.1001409887408724,0.0025907290530574997,0.0024109718965430673,234.0,276.0,296.0,298.0,0.0,0.125,1.0,1.719745222603488,0.2884528711069371,1.6666666663600584,0.0051601586954593,0.1028806583983611,3.017237659043032,3.141592653589793,8.136780235300165e-05,0.0060251463315337,16.1245154965971,27.0,0.0,0.0077721871591725,19086.39999999106,19118.59999999404,2
207,234,234,236.0,295,293,292.0,19174.5,19190.5,19206.39999999106,1.0,2.0,2.23606797749979,0.0625,0.1257861635927431,0.0111468991894323,0.0,0.0,0.1257861635927431,0.017889087654622,0.125,0.0628930817963715,0.00390625,0.0079110794756901,5.556779256697673e-05,1.5707963267948966,1.5707963267948966,0.4636476090008061,0.0258755157798551,0.0,0.0696319948689716,2.24312825639659e-05,0.0002503018422306,0.000494057338839,208.0,234.66666666666666,293.3333333333333,19190.466666663688,1.74535599249993,0.06647768759405846,0.04192872119758104,0.06289308179637154,0.003957632422752359,1.2017467541968665,0.03183583688294223,0.00025559682121118865,234.0,236.0,292.0,295.0,0.017889087654622,0.125,0.0,0.1257861635927431,0.0111468991894323,0.1257861635927431,5.556779256697673e-05,0.0079110794756901,0.4636476090008061,1.5707963267948966,2.24312825639659e-05,0.000494057338839,1.0,2.23606797749979,0.0,0.0696319948689716,19174.5,19206.39999999106,2
208,232,232,234.0,314,318,319.0,19694.5,19710.69999998808,19726.59999999404,22.360679774997894,4.0,2.23606797749979,1.3802888760155694,0.2515723269497177,0.0465847495312456,0.0199501246882793,0.0,0.1257861634748588,0.1097256857855361,0.2469135804286073,0.0628930817374294,0.0852030171006955,0.0158221589217239,0.0009705156152342,1.750649826587375,1.5707963267948966,0.4636476090008061,0.0087314205814831,0.0111020678965941,0.0696319948037139,0.0004249527037441,0.0042827690265448,0.0009340656164101,209.0,232.66666666666666,317.0,19710.59999999404,9.532249250832562,0.5594819841655109,0.04857876272104603,0.06954312330018918,0.03399856387921787,1.261697920794359,0.029821827760597035,0.001880595782233,232.0,234.0,314.0,319.0,0.0628930817374294,0.2469135804286073,0.0,0.1257861634748588,0.0465847495312456,1.3802888760155694,0.0009705156152342,0.0852030171006955,0.4636476090008061,1.750649826587375,0.0004249527037441,0.0042827690265448,2.23606797749979,22.360679774997894,0.0087314205814831,0.0696319948037139,19694.5,19726.59999999404,2
209,236,245,250.0,320,329,335.0,19774.59999999404,19790.5,19806.59999999404,2.23606797749979,12.727922061357855,7.810249675906654,0.1406332060793428,0.7905541655944053,0.4881406047441659,0.0416666666666666,0.5660377356368649,0.3105590063261538,0.0208333333333333,0.5660377356368649,0.3726708075913845,0.0088448557249448,0.0491027432228,0.0305087877965103,0.4636476090008061,0.7853981633974483,0.8760580505981934,0.0,0.0202358839167312,0.0056310488965409,0.0001640487522856,0.0025319426089788,0.0011549040641722,210.0,243.66666666666666,328.0,19790.566666662693,7.591413238254766,0.473109325472638,0.30608780287656173,0.43031140540702323,0.029485462248085032,0.7083679409988161,0.008622310937757368,0.0012836318084788667,236.0,250.0,320.0,335.0,0.0208333333333333,0.5660377356368649,0.0416666666666666,0.5660377356368649,0.1406332060793428,0.7905541655944053,0.0088448557249448,0.0491027432228,0.4636476090008061,0.8760580505981934,0.0001640487522856,0.0025319426089788,2.23606797749979,12.727922061357855,0.0,0.0202358839167312,19774.59999999404,19806.59999999404,2
210,252,256,277.0,342,353,401.0,19822.59999999404,19838.5,19862.5,7.280109889280518,11.704699910719626,52.392747589718944,0.457868546323988,0.4876958296133177,3.295141359696843,0.125,0.2515723269497177,0.875,0.4375,0.6918238991117238,2.0,0.0287967639089525,0.0203206595672215,0.2072415950660205,1.2924966677897851,1.2220253232109897,1.1583858851975093,0.0260274135744744,0.0044321600347407,0.0026516432505616,0.0001070014929723,0.0005330883231794,0.0077883723124499,211.0,261.6666666666667,365.3333333333333,19841.199999998014,23.792519129906363,1.413568578544716,0.41719077564990587,1.0838574423165726,0.0854530061807315,1.224302625399428,0.011037072286592233,0.0028094873762005337,252.0,277.0,342.0,401.0,0.4375,2.0,0.125,0.875,0.457868546323988,3.295141359696843,0.0203206595672215,0.2072415950660205,1.1583858851975093,1.2924966677897851,0.0001070014929723,0.0077883723124499,7.280109889280518,52.392747589718944,0.0026516432505616,0.0260274135744744,19822.59999999404,19862.5,2
211,299,335,362.0,432,466,489.0,19878.39999999106,19894.29999999702,19910.39999999106,38.01315561749642,49.51767361255979,35.4682957019364,2.3907645033488274,3.075631902539875,2.230710420669203,1.3836477995201746,2.2641509425474595,1.6770186341612303,1.949685535687519,2.138364779072601,1.428571429100307,0.1503625473240626,0.1910330374955602,0.1402962528196838,0.9536049352545344,0.7568345055586884,0.705568177685211,0.0128793050351021,0.0123754987183699,0.0031842439684755,0.0035772986021346,0.0025578924626573,0.0031513530866248,212.0,332.0,462.3333333333333,19894.366666659713,40.999708310664204,2.5657022755193015,1.7749391254096214,2.2511296017763907,0.16056394587976885,0.8053358728328113,0.0094796825739825,0.0030955147171388996,299.0,362.0,432.0,489.0,1.428571429100307,2.138364779072601,1.3836477995201746,2.2641509425474595,2.230710420669203,3.075631902539875,0.1402962528196838,0.1910330374955602,0.705568177685211,0.9536049352545344,0.0025578924626573,0.0035772986021346,35.4682957019364,49.51767361255979,0.0031842439684755,0.0128793050351021,19878.39999999106,19910.39999999106,2
212,371,372,374.0,514,538,558.0,19926.29999999702,19942.5,19958.39999999106,26.570660511172846,24.020824298928627,20.09975124224178,1.640164228783011,1.510743667448788,1.2562344526401112,0.5660377356368649,0.0617283950503725,0.1257861635927431,1.572327043435736,1.4814814812089407,1.2578616359274315,0.1012447054618072,0.0950153250502069,0.0785146532900069,1.2252407462131845,1.5291537476963082,1.4711276743037347,0.0326838093291297,0.0187600618164947,0.0036494385802013,0.002456072159952,0.0003845296549663,0.0010377780987093,213.0,372.3333333333333,536.6666666666666,19942.399999996025,23.563745350781087,1.46904744962397,0.2511840980933268,0.6704713100691374,0.09159156126734032,1.4085073894044091,0.01836443657527523,0.0012927933045425333,371.0,374.0,514.0,558.0,1.2578616359274315,1.572327043435736,0.0617283950503725,0.5660377356368649,1.2562344526401112,1.640164228783011,0.0785146532900069,0.1012447054618072,1.2252407462131845,1.5291537476963082,0.0003845296549663,0.002456072159952,20.09975124224178,26.570660511172846,0.0036494385802013,0.0326838093291297,19926.29999999702,19958.39999999106,2
213,379,383,389.0,579,591,596.0,19974.39999999106,19990.5,20006.5,21.587033144922906,12.649110640673518,7.810249675906654,1.3408095113624303,0.7905694150420949,0.3281617511296072,0.3125,0.2484472048309757,0.375,1.3125,0.7453416144929271,0.3125,0.0832800938271955,0.0494105884401309,0.0137883088727184,1.3370531459259951,1.2490457723982544,0.6947382761967031,0.0083796580236087,0.0054662964893706,0.0346442185125969,0.0002978400335742,0.0021036959856059,0.0022263924729632,214.0,383.6666666666667,588.6666666666666,19990.466666663688,14.015464487167693,0.8198468925113774,0.31198240161032526,0.41614906827699194,0.04882633038001494,1.0936123981736507,0.0161633910085254,0.0015426428307144333,379.0,389.0,579.0,596.0,0.3125,1.3125,0.2484472048309757,0.375,0.3281617511296072,1.3408095113624303,0.0137883088727184,0.0832800938271955,0.6947382761967031,1.3370531459259951,0.0002978400335742,0.0022263924729632,7.810249675906654,21.587033144922906,0.0054662964893706,0.0346442185125969,19974.39999999106,20006.5,2
214,394,399,400.0,599,601,601.0,20030.29999999702,20046.29999999702,20062.69999998808,5.830951894845301,5.385164807134504,1.0,0.3644344934278313,0.3283637079311161,0.0636942675038328,0.210084033639752,0.3125,0.0609756097893392,0.1260504201838512,0.125,0.0,0.0227771558392394,0.0200221773237883,0.0040569597128498,0.5404195002705842,0.3805063771123649,0.0,0.0064839821825816,0.0099945701973887,0.0232016083731587,0.0003776826456994,0.0001721861572156,0.0009734888792464,215.0,397.6666666666667,600.3333333333334,20046.43333332737,4.072038900659934,0.25216415628759337,0.19451988114303043,0.19451988114303043,0.015618764291959165,0.30697529246098304,0.013226720251042998,0.0005077858940538,394.0,400.0,599.0,601.0,0.0,0.1260504201838512,0.0609756097893392,0.3125,0.0636942675038328,0.3644344934278313,0.0040569597128498,0.0227771558392394,0.0,0.5404195002705842,0.0001721861572156,0.0009734888792464,1.0,5.830951894845301,0.0064839821825816,0.0232016083731587,20030.29999999702,20062.69999998808,2
215,409,428,442.0,601,601,601.0,20078.39999999106,20094.39999999106,20110.39999999106,9.0,19.0,14.0,0.5625,1.1875,0.875,0.5732484075344959,1.1875,0.875,0.0,0.0,0.0,0.03515625,0.07421875,0.0546875,0.0,0.0,0.0,0.0,0.0,0.0,0.001980846514729,0.00244140625,0.001220703125,216.0,426.3333333333333,601.0,20094.39999999106,14.0,0.875,0.8785828025114987,0.8785828025114987,0.0546875,0.0,0.0,0.0018809852965763335,409.0,442.0,601.0,601.0,0.0,0.0,0.5732484075344959,1.1875,0.5625,1.1875,0.03515625,0.07421875,0.0,0.0,0.001220703125,0.00244140625,9.0,19.0,0.0,0.0,20078.39999999106,20110.39999999106,2
216,453,454,455.0,601,601,601.0,20126.39999999106,20134.39999999106,20150.59999999404,11.0,1.0,1.0,1.375,0.0617283950503725,0.0052083333333333,0.6875,0.125,0.0617283950503725,0.0,0.0,0.0,0.171875,0.0038103947554948,2.712673611111111e-05,0.0,0.0,0.0,0.0,0.0,0.0,0.00732421875,0.0210080756555631,0.0002335350628819,217.0,454.0,601.0,20137.133333325386,4.333333333333333,0.4806455761279019,0.2914094650167908,0.2914094650167908,0.058570840497201966,0.0,0.0,0.009521943156148334,453.0,455.0,601.0,601.0,0.0,0.0,0.0617283950503725,0.6875,0.0052083333333333,1.375,2.712673611111111e-05,0.171875,0.0,0.0,0.0002335350628819,0.0210080756555631,1.0,11.0,0.0,0.0,20126.39999999106,20150.59999999404,2
217,456,456,456.0,601,600,596.0,20342.59999999404,20358.29999999702,20374.5,1.0,1.0,4.0,0.0636942675038328,0.0617283950503725,0.1680672269118016,0.0052083333333333,0.0,0.0,0.0,0.0636942675038328,0.2469135802014901,0.0040569597128498,0.0038103947554948,0.0070616481904557,0.0,1.5707963267948966,1.5707963267948966,0.0,0.1000507214329122,0.0,2.098871342051412e-05,1.5704774350838355e-05,0.0002006946564421,218.0,456.0,599.0,20358.466666663688,2.0,0.09782996315533564,0.0017361111111111,0.08404063784494113,0.0049763342196001,1.0471975511965976,0.0333502404776374,7.912938140448416e-05,456.0,456.0,596.0,601.0,0.0,0.2469135802014901,0.0,0.0052083333333333,0.0617283950503725,0.1680672269118016,0.0038103947554948,0.0070616481904557,0.0,1.5707963267948966,1.5704774350838355e-05,0.0002006946564421,1.0,4.0,0.0,0.1000507214329122,20342.59999999404,20374.5,2
218,456,456,456.0,585,578,571.0,20398.29999999702,20414.29999999702,20430.69999998808,11.0,7.0,7.0,0.6875,0.426829268525375,0.4458598725268302,0.0,0.0,0.0,0.4621848740074545,0.4375,0.426829268525375,0.04296875,0.0260261749242723,0.0283987179899487,1.5707963267948966,1.5707963267948966,1.5707963267948966,0.0,0.0,0.0,0.0015087017568924,0.0010589109422329,0.000144667260181,219.0,456.0,578.0,20414.43333332737,8.333333333333334,0.5200630470174017,0.0,0.14227642284179168,0.03246454763807367,1.5707963267948966,0.0,0.0009040933197687665,456.0,456.0,571.0,585.0,0.426829268525375,0.4621848740074545,0.0,0.0,0.426829268525375,0.6875,0.0260261749242723,0.04296875,1.5707963267948966,1.5707963267948966,0.000144667260181,0.0015087017568924,7.0,11.0,0.0,0.0,20398.29999999702,20430.69999998808,2
219,455,455,455.0,564,563,561.0,20446.39999999106,20454.5,20526.79999999702,7.071067811865476,1.0,2.0,0.8729713338346301,0.0138312586451067,0.2597402596397291,0.0636942675038328,0.0,0.0,0.4458598725268302,0.1234567899871864,0.0276625172902135,0.1077742386260559,0.0001913037157078,0.0337325012388569,1.7126933813990606,1.5707963267948966,1.5707963267948966,0.0090380289539636,0.0175181548700666,0.0,0.0050557656446522,0.0132818438014319,0.0004639169782092,220.0,455.0,562.6666666666666,20475.899999996025,3.3570226039551585,0.3821809507064886,0.0212314225012776,0.030452261598015434,0.0472326811935402,1.6180953449962845,0.008852061274676734,0.0062671754747644325,455.0,455.0,561.0,564.0,0.0276625172902135,0.4458598725268302,0.0,0.0636942675038328,0.0138312586451067,0.8729713338346301,0.0001913037157078,0.1077742386260559,1.5707963267948966,1.7126933813990606,0.0004639169782092,0.0132818438014319,1.0,7.071067811865476,0.0,0.0175181548700666,20446.39999999106,20526.79999999702,2
220,455,455,455.0,557,550,544.0,20534.5,20542.5,20558.39999999106,4.0,7.0,6.0,0.5,0.440251572574601,0.3726708072464635,0.0,0.0,0.0,0.5194805192794582,0.875,0.3773584907782294,0.0625,0.0276887781649155,0.0231472550956218,1.5707963267948966,1.5707963267948966,1.5707963267948966,0.0,0.0,0.0,0.0037360387987024,0.0043514027293855,0.0002856303818772,221.0,455.0,550.3333333333334,20545.133333330352,5.666666666666667,0.43764079327368816,0.0,0.12578616359274314,0.03777867775351243,1.5707963267948966,0.0,0.002791023969988367,455.0,455.0,544.0,557.0,0.3773584907782294,0.875,0.0,0.0,0.3726708072464635,0.5,0.0231472550956218,0.0625,1.5707963267948966,1.5707963267948966,0.0002856303818772,0.0043514027293855,4.0,7.0,0.0,0.0,20534.5,20558.39999999106,2
221,456,456,446.0,539,538,534.0,20574.5,20726.59999999404,20734.69999998808,5.0990195135927845,1.0,10.770329614269007,0.0335241256659605,0.1234567902143036,1.3134548305310496,0.0621118012077439,0.0,1.234567902143037,0.3105590060387196,0.0065746219594949,0.4938271608572147,0.0002204084527762,0.0152415790500185,0.1601774182992297,1.373400766945016,1.5707963267948966,2.761086276477428,0.0122605937726871,0.0012978011824958,0.1469493766121504,0.0014240277410008,9.875851806594966e-05,0.0178933135007239,222.0,452.6666666666667,537.0,20678.59999999404,5.623116375953931,0.49014524880377125,0.43222656778359364,0.5968356214026652,0.058546468600674806,1.9017611234057803,0.05350259052244444,0.00647203325326355,446.0,456.0,534.0,539.0,0.0065746219594949,0.4938271608572147,0.0,1.234567902143037,0.0335241256659605,1.3134548305310496,0.0002204084527762,0.1601774182992297,1.373400766945016,2.761086276477428,9.875851806594966e-05,0.0178933135007239,1.0,10.770329614269007,0.0012978011824958,0.1469493766121504,20574.5,20734.69999998808,2
222,424,351,310.0,528,517,511.0,20742.89999999106,20766.29999999702,20782.5,22.80350850198276,73.824115301167,41.43669871020132,0.974508910092916,4.557044153554688,2.6561986362841985,2.6829268282932017,3.119658118863478,2.530864197065274,0.7317073168072369,0.4700854699657296,0.3703703703022352,0.0416456799078926,0.2812990217726143,0.1702691434166078,2.875340604438868,2.99203291371609,2.996282642954091,0.0139334546243798,0.0049868508225426,0.0002623289652604,0.0144550900424704,0.0102415958035759,0.0068536961935543,223.0,361.6666666666667,518.6666666666666,20763.899999996025,46.02144083778369,2.729250566643934,2.777816381407318,2.9012731715080626,0.16440461503237155,2.9545520537030163,0.0063942114707276,0.010516794013200199,310.0,424.0,511.0,528.0,0.3703703703022352,0.7317073168072369,2.530864197065274,3.119658118863478,0.974508910092916,4.557044153554688,0.0416456799078926,0.2812990217726143,2.875340604438868,2.996282642954091,0.0068536961935543,0.0144550900424704,22.80350850198276,73.824115301167,0.0002623289652604,0.0139334546243798,20742.89999999106,20782.5,2
223,284,275,269.0,511,511,511.0,20798.09999999404,20814.69999998808,20830.29999999702,26.0,9.0,6.0,1.5662650608033537,0.5769230765924298,0.3703703703022352,1.6666666673034685,0.5421686748934685,0.3846153843949532,0.0,0.0,0.0,0.0943533169497435,0.0369822484783194,0.0228623685329691,3.141592653589793,3.141592653589793,3.141592653589793,0.0093147442750783,0.0,0.0,0.0048663991343506,0.0034560884633749,0.0009051205087985,224.0,276.0,511.0,20814.366666659713,13.666666666666666,0.8378528358993395,0.8644835755306302,0.8644835755306302,0.051399311320344004,3.141592653589793,0.0031049147583594333,0.003075869368841333,269.0,284.0,511.0,511.0,0.0,0.0,0.3846153843949532,1.6666666673034685,0.3703703703022352,1.5662650608033537,0.0228623685329691,0.0943533169497435,3.141592653589793,3.141592653589793,0.0009051205087985,0.0048663991343506,6.0,26.0,0.0,0.0093147442750783,20798.09999999404,20830.29999999702,2
224,256,237,217.0,511,511,511.0,20846.5,20862.39999999106,20878.39999999106,13.0,19.0,20.0,0.8176100633528304,1.1875,1.25,0.8024691356548429,1.1949685541310595,1.25,0.0,0.0,0.0,0.0514220165919861,0.07421875,0.078125,3.141592653589793,3.141592653589793,3.141592653589793,0.0,0.0,0.0,0.0017629412378866,0.0014337568189202,0.000244140625,225.0,236.66666666666666,511.0,20862.43333332737,17.333333333333332,1.0850366877842768,1.082479229928634,1.082479229928634,0.06792192219732869,3.141592653589793,0.0,0.0011469462272689333,217.0,256.0,511.0,511.0,0.0,0.0,0.8024691356548429,1.25,0.8176100633528304,1.25,0.0514220165919861,0.078125,3.141592653589793,3.141592653589793,0.000244140625,0.0017629412378866,13.0,20.0,0.0,0.0,20846.5,20878.39999999106,2
225,201,193,189.0,517,521,523.0,20894.39999999106,20910.39999999106,20926.5,17.08800749063506,8.94427190999916,4.47213595499958,1.0680004681646913,0.5555448388218759,0.2812664124222828,1.0,0.5,0.2484472048309757,0.375,0.25,0.1242236024154878,0.0667500292602932,0.0345058905908925,0.0176897114830466,2.782821983319221,2.677945044588987,2.677945044588987,0.0224231668919107,0.0065548086706396,0.0,0.0007109356712316,0.0020152586668375,0.0010444831738203,226.0,194.33333333333334,520.3333333333334,20910.43333332737,10.168138451877933,0.63493723980295,0.5828157349436586,0.6242236024154879,0.03964854377807744,2.712904024165732,0.009659325187516768,0.0012568925039631333,189.0,201.0,517.0,523.0,0.1242236024154878,0.375,0.2484472048309757,1.0,0.2812664124222828,1.0680004681646913,0.0176897114830466,0.0667500292602932,2.677945044588987,2.782821983319221,0.0007109356712316,0.0020152586668375,4.47213595499958,17.08800749063506,0.0,0.0224231668919107,20894.39999999106,20926.5,2
226,189,189,189.0,524,525,526.0,20942.39999999106,20982.39999999106,20990.5,1.0,1.0,1.0,0.025,0.1234567899871864,0.125,0.0,0.0,0.0,0.0628930817963715,0.025,0.1234567899871864,0.000625,0.0152415789939402,0.015625,1.5707963267948966,1.5707963267948966,1.5707963267948966,0.0696319948689716,0.0,0.0,0.0010732522951347,0.0003654144748485,4.7335926621792805e-05,227.0,189.0,525.0,20971.766666660707,1.0,0.09115226332906212,0.0,0.04115226332906213,0.010497192997980067,1.5707963267948966,0.02321066495632387,0.0004953342322016643,189.0,189.0,524.0,526.0,0.025,0.1234567899871864,0.0,0.0,0.025,0.125,0.000625,0.015625,1.5707963267948966,1.5707963267948966,4.7335926621792805e-05,0.0010732522951347,1.0,1.0,0.0,0.0696319948689716,20942.39999999106,20990.5,2
227,189,192,201.0,527,533,538.0,20998.5,21014.39999999106,21030.39999999106,1.0,6.708203932499369,10.295630140987,0.0628930817963715,0.4192627457812106,0.6434768838116876,0.0,0.1886792453891147,0.5625,0.125,0.3773584907782294,0.3125,0.003955539737845,0.0262039216113256,0.0402173052382304,1.5707963267948966,1.1071487177940904,0.507098504392337,0.0,0.0291602269975798,0.0375031383376095,0.0014586825327693,0.0013992693010057,0.0008758364766815,228.0,194.0,532.6666666666666,21014.43333332737,6.001278024495456,0.37521090379642325,0.2503930817963716,0.3545597484630383,0.02345892219580033,1.0616811829937747,0.02222112177839643,0.0012445961034855,189.0,201.0,527.0,538.0,0.125,0.3773584907782294,0.0,0.5625,0.0628930817963715,0.6434768838116876,0.003955539737845,0.0402173052382304,0.507098504392337,1.5707963267948966,0.0008758364766815,0.0014586825327693,1.0,10.295630140987,0.0,0.0375031383376095,20998.5,21030.39999999106,2
228,215,231,239.0,542,547,548.0,21046.39999999106,21062.39999999106,21078.5,14.560219778561036,16.76305461424021,8.06225774829855,0.9100137361600648,1.0411835158342426,0.9713563555654718,0.875,1.0,0.4968944096619514,0.25,0.3125,0.0621118012077439,0.056875858510004,0.0646697835562763,0.117030886254729,0.2782996590051113,0.3028848683749714,0.1243549945467614,0.0142999278367016,0.0015365755856162,0.0110888120328613,0.0010411595794858,0.000487120315392,0.0032522424018245,229.0,228.33333333333334,545.6666666666666,21062.43333332737,13.128510713699932,0.9741845358532597,0.7906314698873173,0.8113354036232319,0.07952550944033643,0.23517984064228134,0.008975105151726366,0.0015935074322341002,215.0,239.0,542.0,548.0,0.0621118012077439,0.3125,0.4968944096619514,1.0,0.9100137361600648,1.0411835158342426,0.056875858510004,0.117030886254729,0.1243549945467614,0.3028848683749714,0.000487120315392,0.0032522424018245,8.06225774829855,16.76305461424021,0.0015365755856162,0.0142999278367016,21046.39999999106,21078.5,2
229,243,244,245.0,550,550,551.0,21086.79999999702,21102.29999999702,21142.79999999702,4.47213595499958,1.0,1.4142135623730951,0.2885249003225535,0.0246913580246913,0.1860807320371345,0.4819277110164164,0.064516129032258,0.0246913580246913,0.2409638555082082,0.0,0.0246913580246913,0.0186145096982292,0.0006096631611034,0.0244843068661937,0.4636476090008061,0.0,0.7853981633974483,0.0408786282621533,0.0299127489677939,0.0193925472443814,0.0118573947701009,0.0011616030023952,0.0005894973754343,230.0,244.0,550.3333333333334,21110.633333330352,2.295449839124225,0.16643233012812644,0.19037839935778855,0.19860885203268563,0.0145694932418421,0.41634859079941816,0.030061308158109534,0.004536165049310133,243.0,245.0,550.0,551.0,0.0,0.2409638555082082,0.0246913580246913,0.4819277110164164,0.0246913580246913,0.2885249003225535,0.0006096631611034,0.0244843068661937,0.0,0.7853981633974483,0.0005894973754343,0.0118573947701009,1.0,4.47213595499958,0.0193925472443814,0.0408786282621533,21086.79999999702,21142.79999999702,2
230,246,247,248.0,552,553,554.0,21150.39999999106,21166.5,21174.59999999404,1.4142135623730951,1.4142135623730951,1.4142135623730951,0.087839351651413,0.1745942670881183,0.0900772969493403,0.1315789474716147,0.0621118012077439,0.1234567902143036,0.1315789474716147,0.0621118012077439,0.1234567902143036,0.0054558603479896,0.0215548478045179,0.0057374074479134,0.7853981633974483,0.7853981633974483,0.7853981633974483,0.0,0.0,0.0,0.0025037429648852,0.0009999371085458,0.0019527704158325,231.0,247.0,553.0,21163.833333328366,1.4142135623730951,0.1175036385629572,0.1057158462978874,0.14686810970265526,0.010916038533473631,0.7853981633974483,0.0,0.0018188168297545001,246.0,248.0,552.0,554.0,0.0621118012077439,0.1315789474716147,0.0621118012077439,0.1315789474716147,0.087839351651413,0.1745942670881183,0.0054558603479896,0.0215548478045179,0.7853981633974483,0.7853981633974483,0.0009999371085458,0.0025037429648852,1.4142135623730951,1.4142135623730951,0.0,0.0,21150.39999999106,21174.59999999404,2
231,249,250,250.0,555,556,557.0,21190.29999999702,21406.29999999702,21422.19999998808,1.4142135623730951,1.4142135623730951,1.0,0.0135721071241136,0.0889442492558691,0.0051975051973441,0.0636942675038328,0.0309597523248379,0.0,0.0636942675038328,0.0309597523248379,0.0628930817963715,0.0001302505482123,0.0055939779437662,2.7014060276419773e-05,0.7853981633974483,0.7853981633974483,1.5707963267948966,0.0,0.0243157326151676,0.0493961109332757,0.0003571437515055,0.0001731881716496,0.0003501235148817,232.0,249.66666666666666,556.0,21339.59999999404,1.2761423749153968,0.0359046205257756,0.03155133994289023,0.052515700541680733,0.00191708085075164,1.0471975511965976,0.024570614516147768,0.0002934851460122667,249.0,250.0,555.0,557.0,0.0309597523248379,0.0636942675038328,0.0,0.0636942675038328,0.0051975051973441,0.0889442492558691,2.7014060276419773e-05,0.0055939779437662,0.7853981633974483,1.5707963267948966,0.0001731881716496,0.0003571437515055,1.0,1.4142135623730951,0.0,0.0493961109332757,21190.29999999702,21422.19999998808,2
232,250,250,250.0,558,559,561.0,21614.59999999404,21622.59999999404,21630.5,1.0,1.0,2.0,0.125,0.1265822783855077,0.25,0.0,0.0,0.0,0.0051975051973441,0.125,0.2531645567710154,0.015625,0.0160230732012661,0.03125,1.5707963267948966,1.5707963267948966,1.5707963267948966,0.0,0.0,0.0,8.107061298981477e-05,4.975915015827115e-05,0.001927459086993,233.0,250.0,559.3333333333334,21622.566666662693,1.3333333333333333,0.16719409279516925,0.0,0.08438818559033846,0.020966024400422032,1.5707963267948966,0.0,0.0006860962833803619,250.0,250.0,558.0,561.0,0.0051975051973441,0.2531645567710154,0.0,0.0,0.125,0.25,0.015625,0.03125,1.5707963267948966,1.5707963267948966,4.975915015827115e-05,0.001927459086993,1.0,2.0,0.0,0.0,21614.59999999404,21630.5,2
233,251,253,256.0,563,567,570.0,21638.5,21662.59999999404,21679.09999999404,2.23606797749979,4.47213595499958,4.242640687119285,0.0927829036536439,0.2710385427272472,0.1813094310272904,0.125,0.0829875518877445,0.1818181818181818,0.25,0.1659751037754891,0.1818181818181818,0.0038499130156261,0.0164265783471058,0.0077482662812438,1.1071487177940904,1.1071487177940904,0.7853981633974483,0.0579559511251007,0.0,0.0195000335997964,0.0034250108730467,0.0005218533333854,0.0005259583070219,234.0,253.33333333333334,566.6666666666666,21660.066666662693,3.6502815398728843,0.18171029246939385,0.1299352445686421,0.1905413051747027,0.009341585881325233,0.9998985329952097,0.025818661574965696,0.0014909408378180001,251.0,256.0,563.0,570.0,0.1659751037754891,0.25,0.0829875518877445,0.1818181818181818,0.0927829036536439,0.2710385427272472,0.0038499130156261,0.0164265783471058,0.7853981633974483,1.1071487177940904,0.0005218533333854,0.0034250108730467,2.23606797749979,4.47213595499958,0.0,0.0579559511251007,21638.5,21679.09999999404,2
234,257,261,263.0,571,579,579.0,21702.5,22286.69999998808,22526.5,1.4142135623730951,8.94427190999916,2.0,0.002420769535094,0.0372988820248312,0.2439024393789687,0.0427350427241572,0.0068469702158192,0.0083402835692267,0.0427350427241572,0.0136939404316385,0.0,4.143734226537937e-06,0.0001555416264511,0.0297441999675057,0.7853981633974483,1.1071487177940904,0.0,0.0,0.0005507541157192,0.0046169671298542,0.0003309454079078,2.591542146998714e-07,0.0001233889004986,235.0,260.3333333333333,576.3333333333334,22171.899999996025,4.119495157457418,0.0945406969796313,0.019307432169734365,0.019307432169734365,0.009967961776061112,0.6308489603971795,0.0017225737485244668,0.0001515311542070333,257.0,263.0,571.0,579.0,0.0,0.0427350427241572,0.0068469702158192,0.0427350427241572,0.002420769535094,0.2439024393789687,4.143734226537937e-06,0.0297441999675057,0.0,1.1071487177940904,2.591542146998714e-07,0.0003309454079078,1.4142135623730951,8.94427190999916,0.0,0.0046169671298542,21702.5,22526.5,2
235,267,311,428.0,579,579,579.0,22534.69999998808,22550.39999999106,22566.5,4.0,44.0,117.0,0.2547770700153315,2.7329192531407327,7.358490570175474,0.4878048787579375,2.8025477701686468,7.26708074130604,0.0,0.0,0.0,0.0162278388513992,0.1697465373678932,0.4627981493278749,0.0,0.0,0.0,0.0,0.0,0.0,0.0016483367238727,0.0097782610501498,0.0182019634656672,236.0,335.3333333333333,579.0,22550.53333332638,55.0,3.448728964443846,3.519144463410875,3.519144463410875,0.21625750851572242,0.0,0.0,0.009876187079896567,267.0,428.0,579.0,579.0,0.0,0.0,0.4878048787579375,7.26708074130604,0.2547770700153315,7.358490570175474,0.0162278388513992,0.4627981493278749,0.0,0.0,0.0016483367238727,0.0182019634656672,4.0,117.0,0.0,0.0,22534.69999998808,22566.5,2
236,578,724,841.0,579,579,573.0,22582.39999999106,22598.5,22622.29999999702,150.0,146.0,117.15374513859982,9.316770181161589,6.134453782280761,7.23171266154615,9.433962269455735,9.068322976330611,4.915966387170198,0.0,0.0,0.2521008403677025,0.5786813773905449,0.2577501589516351,0.4464020160627017,0.0,0.0,0.0512371674034188,0.0,0.0,0.002152822160077,0.007288253341373,0.0199336160410366,0.0079265486191046,237.0,714.3333333333334,577.0,22601.066666662693,137.71791504619992,7.560978874996167,7.806083877652181,7.890117491108082,0.4276111841349606,0.0170790558011396,0.0007176073866923333,0.011716139333838067,578.0,841.0,573.0,579.0,0.0,0.2521008403677025,4.915966387170198,9.433962269455735,6.134453782280761,9.316770181161589,0.2577501589516351,0.5786813773905449,0.0,0.0512371674034188,0.007288253341373,0.0199336160410366,117.15374513859982,150.0,0.0,0.002152822160077,22582.39999999106,22622.29999999702,2
237,902,990,1055.0,555,541,525.0,22638.5,22654.5,22670.29999999702,63.60031446463138,89.10667763978185,66.94027188471824,3.975019654039461,5.639663142822111,4.18376699279489,3.7654320980727247,5.5,4.1139240514088895,1.1111111109067056,0.875,1.0126582280391112,0.2484387283774663,0.3569407053092327,0.2614854370496806,0.2869387529307695,0.1577687375959539,0.2413554905754037,0.0145494805854314,0.0080731259584259,0.005290300822482,0.0122199560277047,0.0067813735582353,0.0060414726757947,238.0,982.3333333333334,540.3333333333334,22654.43333333234,73.21575466304382,4.599483263218821,4.459785383160539,4.797338125840242,0.2889549569121265,0.22868766036737567,0.009304302455446433,0.008347600753911567,902.0,1055.0,525.0,555.0,0.875,1.1111111109067056,3.7654320980727247,5.5,3.975019654039461,5.639663142822111,0.2484387283774663,0.3569407053092327,0.1577687375959539,0.2869387529307695,0.0060414726757947,0.0122199560277047,63.60031446463138,89.10667763978185,0.005290300822482,0.0145494805854314,22638.5,22670.29999999702,2
238,1083,1087,1085.0,517,516,515.0,22686.29999999702,22694.39999999106,22838.69999998808,29.120439557122072,4.123105625617661,2.23606797749979,3.59511599735193,0.028573150559271,0.0279858320066706,1.75,0.4938271608572147,0.0138600138603001,0.5,0.1234567902143036,0.00693000693015,0.4438414814811643,0.0001980121313919,0.0003502607259647,0.2782996590051113,0.2449786631268641,2.677945044588987,0.0023090105268567,0.0041137031978724,0.0168604738843546,0.0113972527769677,0.0547707987254607,1.05508381549492e-06,239.0,1085.0,516.0,22739.799999992054,11.826537720079841,1.2172249933059573,0.7525623915725049,0.7548723938825549,0.14812991811284032,1.067074455573654,0.007761062536361233,0.0220563688620813,1083.0,1087.0,515.0,517.0,0.00693000693015,0.5,0.0138600138603001,1.75,0.0279858320066706,3.59511599735193,0.0001980121313919,0.4438414814811643,0.2449786631268641,2.677945044588987,1.05508381549492e-06,0.0547707987254607,2.23606797749979,29.120439557122072,0.0023090105268567,0.0168604738843546,22686.29999999702,22838.69999998808,2
239,1087,1096,1113.0,521,528,536.0,22918.59999999404,22926.39999999106,22934.29999999702,6.324555320336759,11.40175425099138,18.788294228055936,0.8108404259940066,1.4432600306821366,1.1669747972056923,0.0250312891095219,1.1538461542870166,2.1518987325536307,0.0750938673285657,0.8974358977787907,1.0126582270840616,0.1039539008081812,0.1826911429864826,0.0724829066855729,1.2490457723982544,0.6610431688506869,0.4398425828157362,0.0178835953952958,0.0753849492015682,0.0280000741605135,0.0012966663338484,0.0100945182318442,0.0139504096478175,240.0,1098.6666666666667,528.3333333333334,22926.43333332737,12.171534599794692,1.1403584179606119,1.110258725316723,1.4478114676780771,0.11970931682674557,0.7833105080215592,0.040422872919125837,0.008447198071170033,1087.0,1113.0,521.0,536.0,0.0750938673285657,1.0126582270840616,0.0250312891095219,2.1518987325536307,0.8108404259940066,1.4432600306821366,0.0724829066855729,0.1826911429864826,0.4398425828157362,1.2490457723982544,0.0012966663338484,0.0139504096478175,6.324555320336759,18.788294228055936,0.0178835953952958,0.0753849492015682,22918.59999999404,22934.29999999702,2
240,1152,1174,1178.0,542,545,545.0,22950.39999999106,22966.39999999106,22974.39999999106,39.45883931389772,22.20360331117452,4.0,2.4661774571186075,2.775450413896815,0.1673640166946624,2.4223602493439995,1.375,0.5,0.3726708075913845,0.1875,0.0,0.1541360910699129,0.3469313017371018,0.0070026785210428,0.1526493283952651,0.1355277139855007,0.0,0.0178380903432791,0.0010701009006102,0.0169409642481875,0.0050716263611533,0.0120497006666993,0.0424910779020073,241.0,1168.0,544.0,22963.73333332439,21.887480875024078,1.8029972959033618,1.4324534164479996,1.4324534164479996,0.16935669044268584,0.09605901412692193,0.011949718497358935,0.019870801643286633,1152.0,1178.0,542.0,545.0,0.0,0.3726708075913845,0.5,2.4223602493439995,0.1673640166946624,2.775450413896815,0.0070026785210428,0.3469313017371018,0.0,0.1526493283952651,0.0050716263611533,0.0424910779020073,4.0,39.45883931389772,0.0010701009006102,0.0178380903432791,22950.39999999106,22974.39999999106,2
241,1181,1181,1180.0,545,544,543.0,22998.29999999702,23055.09999999404,23062.39999999106,3.0,1.0,1.4142135623730951,0.0528169014112219,0.1369863014257878,0.087839351651413,0.1255230125209968,0.0,0.1369863014257878,0.0,0.0176056338037406,0.1369863014257878,0.0009298750248942,0.0187652467783167,0.0054558603479896,0.0,1.5707963267948966,2.356194490192345,0.0,0.0276548649098118,0.1075887895504229,0.0002540921964282,0.0003140030238443,0.001823203621337,242.0,1180.6666666666667,544.0,23038.59999999404,1.804737854124365,0.09254751816280755,0.08750310464892819,0.1331652051241908,0.008383660717066832,1.3089969389957472,0.04508121815341157,0.0007970996138698333,1180.0,1181.0,543.0,545.0,0.0,0.1369863014257878,0.0,0.1369863014257878,0.0528169014112219,0.1369863014257878,0.0009298750248942,0.0187652467783167,0.0,2.356194490192345,0.0002540921964282,0.001823203621337,1.0,3.0,0.0,0.1075887895504229,22998.29999999702,23062.39999999106,2
242,1179,1178,1177.0,543,543,543.0,23078.5,23110.59999999404,23214.59999999404,1.0,1.0,1.0,0.0311526479808624,0.0096153846153846,0.1219512194678728,0.0621118012077439,0.0311526479808624,0.0096153846153846,0.0,0.0,0.0,0.0009704874762195,9.245562130177516e-05,0.0148720999297012,3.141592653589793,3.141592653589793,3.141592653589793,0.0487824945938694,0.0,0.0,0.0002785945881539,2.7353017292236576e-05,0.0001421119645038,243.0,1178.0,543.0,23134.566666662693,1.0,0.054239750688039934,0.03429327793466363,0.03429327793466363,0.005311681009074158,3.141592653589793,0.0162608315312898,0.0001493531899833122,1177.0,1179.0,543.0,543.0,0.0,0.0,0.0096153846153846,0.0621118012077439,0.0096153846153846,0.1219512194678728,9.245562130177516e-05,0.0148720999297012,3.141592653589793,3.141592653589793,2.7353017292236576e-05,0.0002785945881539,1.0,1.0,0.0,0.0487824945938694,23078.5,23214.59999999404,2
243,1175,1172,1165.0,543,543,543.0,23222.79999999702,23238.39999999106,23254.5,2.0,3.0,7.0,0.1282051282541129,0.1863354036232317,0.440251572574601,0.2439024389357456,0.1923076923811694,0.4347826084542074,0.0,0.0,0.0,0.0082182774553267,0.0115736275478109,0.0276887781649155,3.141592653589793,3.141592653589793,3.141592653589793,0.0,0.0,0.0,0.0008114417648727,0.0002150865444721,0.0010009410315624,244.0,1170.6666666666667,543.0,23238.566666662693,4.0,0.25159736815064854,0.2903309132570408,0.2903309132570408,0.01582689438935103,3.141592653589793,0.0,0.0006758231136357334,1165.0,1175.0,543.0,543.0,0.0,0.0,0.1923076923811694,0.4347826084542074,0.1282051282541129,0.440251572574601,0.0082182774553267,0.0276887781649155,3.141592653589793,3.141592653589793,0.0002150865444721,0.0010009410315624,2.0,7.0,0.0,0.0,23222.79999999702,23254.5,2
244,1161,1156,1155.0,543,543,543.0,23270.39999999106,23286.39999999106,23302.5,4.0,5.0,1.0,0.25,0.3105590060387196,0.0628930817963715,0.2515723271854863,0.3125,0.0621118012077439,0.0,0.0,0.0,0.015625,0.0192893792463514,0.003955539737845,3.141592653589793,3.141592653589793,3.141592653589793,0.0,0.0,0.0,0.0007587281868993,0.0002290237028969,0.0009524123913038,245.0,1157.3333333333333,543.0,23286.43333332737,3.3333333333333335,0.20781736261169703,0.20872804279774337,0.20872804279774337,0.012956639661398801,3.141592653589793,0.0,0.0006467214270333333,1155.0,1161.0,543.0,543.0,0.0,0.0,0.0621118012077439,0.3125,0.0628930817963715,0.3105590060387196,0.003955539737845,0.0192893792463514,3.141592653589793,3.141592653589793,0.0002290237028969,0.0009524123913038,1.0,5.0,0.0,0.0,23270.39999999106,23302.5,2
245,1152,1149,1146.0,543,543,543.0,23318.39999999106,23334.5,23342.5,3.0,3.0,3.0,0.1863354036232317,0.375,0.0286806883381544,0.1886792453891147,0.1863354036232317,0.375,0.0,0.0,0.0,0.0115736275478109,0.046875,0.0002741939611834,3.141592653589793,3.141592653589793,3.141592653589793,0.0,0.0,0.0,0.0004791250197641,0.0021926318281108,0.005825100754852,246.0,1149.0,543.0,23331.79999999702,3.0,0.19667203065379535,0.25000488300411544,0.25000488300411544,0.019574273836331434,3.141592653589793,0.0,0.0028322858675756332,1146.0,1152.0,543.0,543.0,0.0,0.0,0.1863354036232317,0.375,0.0286806883381544,0.375,0.0002741939611834,0.046875,3.141592653589793,3.141592653589793,0.0004791250197641,0.005825100754852,3.0,3.0,0.0,0.0,23318.39999999106,23342.5,2
246,1145,1089,1081.0,545,565,565.0,23534.09999999404,23870.39999999106,23886.69999998808,2.23606797749979,59.46427498927402,8.0,11.180339720898903,3.6481150306838193,0.5095541400306631,0.0114942528735632,0.1666170782534755,0.4907975461020055,0.0229885057471264,0.0595060993762412,0.0,55.90169777149431,0.2238107381196826,0.0324556777027985,2.0344439357957027,2.79856871316909,3.141592653589793,0.023384413055123,0.0083265953978539,0.0210444135265902,0.6425482502470611,0.0006659052012009,0.0117395742608509,247.0,1105.0,558.3333333333334,23763.73333332439,23.233447655591267,5.112669630537795,0.2229696257430147,0.2229696257430147,18.719321395772266,2.6582017675181953,0.0175851406598557,0.21831790990303765,1081.0,1145.0,545.0,565.0,0.0,0.0595060993762412,0.0114942528735632,0.4907975461020055,0.5095541400306631,11.180339720898903,0.0324556777027985,55.90169777149431,2.0344439357957027,3.141592653589793,0.0006659052012009,0.6425482502470611,2.23606797749979,59.46427498927402,0.0083265953978539,0.023384413055123,23534.09999999404,23886.69999998808,2
247,1076,1069,1064.0,566,568,568.0,23902.39999999106,23926.29999999702,23942.29999999702,5.0990195135927845,7.280109889280518,5.0,0.2133480967498381,0.4550068680800324,0.3125,0.3184713375191644,0.2928870292156593,0.3125,0.0636942675038328,0.0836820083473312,0.0,0.0089266986065535,0.028437929255002,0.01953125,2.9441970937399127,2.8632929945846817,3.141592653589793,0.0125729655931471,0.0033851087504206,0.0173937286878194,0.0014986610886483,0.000816369482995,0.0005566674534376,248.0,1069.6666666666667,567.3333333333334,23923.6666666617,5.793043134291101,0.32695165494329015,0.3079527889116079,0.3079527889116079,0.0189652926205185,2.9830275806381295,0.011117267677129034,0.0009572326750269666,1064.0,1076.0,566.0,568.0,0.0,0.0836820083473312,0.2928870292156593,0.3184713375191644,0.2133480967498381,0.4550068680800324,0.0089266986065535,0.028437929255002,2.8632929945846817,3.141592653589793,0.0005566674534376,0.0014986610886483,5.0,7.280109889280518,0.0033851087504206,0.0173937286878194,23902.39999999106,23942.29999999702,2
248,1057,1045,1032.0,568,568,568.0,23958.29999999702,23974.29999999702,23990.39999999106,7.0,12.0,13.0,0.4375,0.7453416151827691,0.8176100625865826,0.4375,0.75,0.8074534164479998,0.0,0.0,0.0,0.02734375,0.0462945102769382,0.0514220164956027,3.141592653589793,3.141592653589793,3.141592653589793,0.0,0.0,0.0,0.00048828125,0.0011844225173086,0.0003184786472399,249.0,1044.6666666666667,568.0,23974.333333328366,10.666666666666666,0.6668172259231172,0.6649844721493333,0.6649844721493333,0.0416867589241803,3.141592653589793,0.0,0.0006637274715161666,1032.0,1057.0,568.0,568.0,0.0,0.0,0.4375,0.8074534164479998,0.4375,0.8176100625865826,0.02734375,0.0514220164956027,3.141592653589793,3.141592653589793,0.0003184786472399,0.0011844225173086,7.0,13.0,0.0,0.0,23958.29999999702,23990.39999999106,2
249,1020,1007,995.0,568,568,568.0,24006.29999999702,24022.29999999702,24038.29999999702,12.0,13.0,12.0,0.75,0.8125,0.7453416151827691,0.7547169808491532,0.8125,0.75,0.0,0.0,0.0,0.046875,0.05078125,0.0462945102769382,3.141592653589793,3.141592653589793,3.141592653589793,0.0,0.0,0.0,0.0002859758801193,0.000244140625,0.0002804212326913,250.0,1007.3333333333334,568.0,24022.29999999702,12.333333333333334,0.7692805383942564,0.772405660283051,0.772405660283051,0.0479835867589794,3.141592653589793,0.0,0.0002701792459368667,995.0,1020.0,568.0,568.0,0.0,0.0,0.75,0.8125,0.7453416151827691,0.8125,0.0462945102769382,0.05078125,3.141592653589793,3.141592653589793,0.000244140625,0.0002859758801193,12.0,13.0,0.0,0.0,24006.29999999702,24038.29999999702,2
250,984,975,957.0,568,568,568.0,24054.39999999106,24070.39999999106,24094.29999999702,11.0,9.0,18.0,0.6875,0.3765690375629905,1.125,0.6832298139175383,0.5625,0.7531380751259811,0.0,0.0,0.0,0.04296875,0.0157560266723463,0.0703125,3.141592653589793,3.141592653589793,3.141592653589793,0.0,0.0,0.0,0.0002065689613769,0.0017007952079783,0.0022826976282028,251.0,972.0,568.0,24073.03333332638,12.666666666666666,0.7296896791876635,0.6662892963478398,0.6662892963478398,0.04301242555744877,3.141592653589793,0.0,0.0013966872658526667,957.0,984.0,568.0,568.0,0.0,0.0,0.5625,0.7531380751259811,0.3765690375629905,1.125,0.0157560266723463,0.0703125,3.141592653589793,3.141592653589793,0.0002065689613769,0.0022826976282028,9.0,18.0,0.0,0.0,24054.39999999106,24094.29999999702,2
251,946,937,927.0,571,571,572.0,24110.29999999702,24126.39999999106,24142.19999998808,11.40175425099138,9.0,10.04987562112089,0.7081834941125765,0.569620253272,0.6090833709770236,0.6875,0.5590062113870768,0.6329113925244445,0.1875,0.0,0.0632911392524444,0.043986552445637,0.0360519147708508,0.0369141436955771,2.875340604438868,3.141592653589793,3.0419240010986317,0.0166407530719328,0.0165373943633227,0.0063081425639216,0.0016453717221476,0.0004928346383679,5.457145094234134e-05,252.0,936.6666666666666,571.3333333333334,24126.299999992054,10.150543290704091,0.6289623727872,0.6264725346371738,0.6475695810546552,0.03898420363735497,3.0196190863757644,0.013162096666392368,0.0007309259371526138,927.0,946.0,571.0,572.0,0.0,0.1875,0.5590062113870768,0.6875,0.569620253272,0.7081834941125765,0.0360519147708508,0.043986552445637,2.875340604438868,3.141592653589793,5.457145094234134e-05,0.0016453717221476,9.0,11.40175425099138,0.0063081425639216,0.0166407530719328,24110.29999999702,24142.19999998808,2
252,916,903,888.0,573,578,581.0,24158.69999998808,24174.39999999106,24190.39999999106,11.04536101718726,13.92838827718412,15.297058540778355,0.7035261793051331,0.8705242673240075,0.9560661587986472,0.6666666666666666,0.8280254775498275,0.9375,0.0606060606060606,0.3184713375191644,0.1875,0.0448105846606106,0.0544077667077504,0.0597541349249154,3.050932766389048,2.774418819771574,2.9441970937399127,0.0005459857751767,0.0176123532843939,0.0106111421230211,0.0004785721796989,0.0006112854805935,0.0003341480135728,253.0,902.3333333333334,577.3333333333334,24174.499999990065,13.42360261171658,0.8433722018092625,0.8107307147388313,0.8732307147388313,0.052990828764425464,2.923182893300178,0.009589827060863901,0.0004746685579550667,888.0,916.0,573.0,581.0,0.0606060606060606,0.3184713375191644,0.6666666666666666,0.9375,0.7035261793051331,0.9560661587986472,0.0448105846606106,0.0597541349249154,2.774418819771574,3.050932766389048,0.0003341480135728,0.0006112854805935,11.04536101718726,15.297058540778355,0.0005459857751767,0.0176123532843939,24158.69999998808,24190.39999999106,2
253,869,851,840.0,588,591,597.0,24206.39999999106,24222.5,24238.29999999702,20.248456731316587,18.24828759089466,12.529964086141668,1.25766811925914,1.154954911033968,0.77825863917891,1.1875,1.1180124217393907,0.696202531776889,0.4375,0.1863354036232317,0.3797468355146667,0.0781160322087408,0.0730984121045454,0.0483390459296293,2.788602265762883,2.976443976175166,2.642245931909663,0.0097246767485643,0.0116671869756503,0.0211517749575025,0.001147618580239,0.0003116534224477,0.0015670484923788,254.0,853.3333333333334,592.0,24222.399999996025,17.008902802784302,1.0636272231573394,1.0005716511720932,1.1271539296769821,0.06651783008097184,2.802430724615904,0.0141812128939057,0.0010087734983551665,840.0,869.0,588.0,597.0,0.1863354036232317,0.4375,0.696202531776889,1.1875,0.77825863917891,1.25766811925914,0.0483390459296293,0.0781160322087408,2.642245931909663,2.976443976175166,0.0003116534224477,0.0015670484923788,12.529964086141668,20.248456731316587,0.0097246767485643,0.0211517749575025,24206.39999999106,24238.29999999702,2
254,833,819,811.0,597,597,597.0,24254.39999999106,24278.29999999702,24294.5,7.0,14.0,8.0,0.2928870292156593,0.8641975307052154,0.5063291140195556,0.4347826088566153,0.5857740584313186,0.4938271604029802,0.0,0.0,0.0,0.0122546874118249,0.0533455265769279,0.0320461464629785,3.141592653589793,3.141592653589793,3.141592653589793,0.0310153243394407,0.0,0.0,0.0022412645050412,0.0017192819730064,0.0013147765500019,255.0,821.0,597.0,24275.73333332936,9.666666666666666,0.5544712246468101,0.5047946092303047,0.5047946092303047,0.03254878681724376,3.141592653589793,0.010338441446480233,0.0017584410093498335,811.0,833.0,597.0,597.0,0.0,0.0,0.4347826088566153,0.5857740584313186,0.2928870292156593,0.8641975307052154,0.0122546874118249,0.0533455265769279,3.141592653589793,3.141592653589793,0.0013147765500019,0.0022412645050412,7.0,14.0,0.0,0.0310153243394407,24254.39999999106,24294.5,2
255,801,793,785.0,597,597,597.0,24310.29999999702,24326.39999999106,24342.59999999404,10.0,8.0,8.0,0.6211180126523076,0.4938271604029802,0.5095541400306631,0.6329113925244445,0.496894410121846,0.4938271604029802,0.0,0.0,0.0,0.0385787585641152,0.0304831580439588,0.0324556777027985,3.141592653589793,3.141592653589793,3.141592653589793,0.0,0.0,0.0,0.0004134564621752,0.0005028323306306,0.0001217604727454,256.0,793.0,597.0,24326.43333332737,8.666666666666666,0.5414997710286503,0.5412109876830903,0.5412109876830903,0.033839198103624166,3.141592653589793,0.0,0.00034601642185040003,785.0,801.0,597.0,597.0,0.0,0.0,0.4938271604029802,0.6329113925244445,0.4938271604029802,0.6211180126523076,0.0304831580439588,0.0385787585641152,3.141592653589793,3.141592653589793,0.0001217604727454,0.0005028323306306,8.0,10.0,0.0,0.0,24310.29999999702,24342.59999999404,2
256,778,768,761.0,597,597,597.0,24358.29999999702,24374.39999999106,24390.39999999106,7.0,10.0,7.0,0.4347826088566153,0.625,0.4375,0.4458598725268302,0.6211180126523076,0.4375,0.0,0.0,0.0,0.0270051309948806,0.0390625,0.02734375,3.141592653589793,3.141592653589793,3.141592653589793,0.0,0.0,0.0,0.0003471685800562,0.0007489049074275,0.000732421875,257.0,769.0,597.0,24374.366666659713,8.0,0.49909420295220513,0.501492628393046,0.501492628393046,0.031137126998293532,3.141592653589793,0.0,0.0006094984541612333,761.0,778.0,597.0,597.0,0.0,0.0,0.4375,0.6211180126523076,0.4347826088566153,0.625,0.0270051309948806,0.0390625,3.141592653589793,3.141592653589793,0.0003471685800562,0.0007489049074275,7.0,10.0,0.0,0.0,24358.29999999702,24390.39999999106,2
257,753,744,734.0,597,595,593.0,24406.39999999106,24422.39999999106,24438.5,8.0,9.219544457292889,10.198039027185567,0.5,0.5726425125573331,0.4266961937657125,0.5,0.5625,0.6211180120774392,0.0,0.125,0.1242236024154878,0.03125,0.035567857903064,0.0178533972353696,3.141592653589793,2.922923707715851,2.9441970937399127,0.0,0.0136668091171213,0.0013213283237421,0.000244140625,0.0002698661189415,0.0011002770594942,258.0,743.6666666666666,595.0,24422.43333332737,9.139194494826151,0.49977956877434854,0.561206004025813,0.6026138714976423,0.0282237517128112,3.002904485015186,0.004996045813621133,0.0005380946011452333,734.0,753.0,593.0,597.0,0.0,0.125,0.5,0.6211180120774392,0.4266961937657125,0.5726425125573331,0.0178533972353696,0.035567857903064,2.922923707715851,3.141592653589793,0.000244140625,0.0011002770594942,8.0,10.198039027185567,0.0,0.0136668091171213,24406.39999999106,24438.5,2
258,713,704,692.0,588,585,581.0,24462.39999999106,24478.29999999702,24494.39999999106,21.587033144922906,9.486832980505138,12.649110640673518,1.3576750400522344,0.5892442847215719,0.7905694150420949,0.8786610881948052,0.5660377356368649,0.7453416151827691,0.2092050209987631,0.1886792452122883,0.248447205060923,0.0853883672668729,0.0365990239092993,0.0494105884401309,2.907849472720892,2.819842099193151,2.819842099193151,0.0015208209637078,0.0055350549367766,0.0,0.0028257309647182,0.0030685121597033,0.0007957493500356,259.0,703.0,584.6666666666666,24478.366666659713,14.57432558870052,0.9124962466053005,0.7300134796714798,0.8128292146917874,0.05713265987210103,2.8491778903690648,0.0023519586334948,0.0022299974914857,692.0,713.0,581.0,588.0,0.1886792452122883,0.248447205060923,0.5660377356368649,0.8786610881948052,0.5892442847215719,1.3576750400522344,0.0365990239092993,0.0853883672668729,2.819842099193151,2.907849472720892,0.0007957493500356,0.0030685121597033,9.486832980505138,21.587033144922906,0.0,0.0055350549367766,24462.39999999106,24494.39999999106,2
259,684,679,678.0,580,578,577.0,24510.39999999106,24526.5,24534.5,8.06225774829855,5.385164807134504,1.4142135623730951,0.5007613505479127,0.673145600891813,0.017524331630508,0.5,0.3105590060387196,0.125,0.0625,0.1242236024154878,0.125,0.0311031894577533,0.0841432001114766,0.0002171540474981,3.017237659043032,2.761086276477428,2.356194490192345,0.0123372224906175,0.0159100237530035,0.0506114732856354,0.0011442124363986,0.0032944105977806,0.0104907557579973,260.0,680.3333333333334,578.3333333333334,24523.79999999702,4.9538787059353835,0.39714376102341126,0.3118530020129065,0.3535196686795732,0.038487847872242666,2.7115061419042683,0.026286239843085465,0.004976459597392167,678.0,684.0,577.0,580.0,0.0625,0.125,0.125,0.5,0.017524331630508,0.673145600891813,0.0002171540474981,0.0841432001114766,2.356194490192345,3.017237659043032,0.0011442124363986,0.0104907557579973,1.4142135623730951,8.06225774829855,0.0123372224906175,0.0506114732856354,24510.39999999106,24534.5,2
260,677,676,673.0,577,576,573.0,24615.19999998808,24622.5,24646.39999999106,1.0,1.4142135623730951,4.242640687119285,0.1369863011461638,0.0591721156025997,0.2635180549542391,0.0123915737316941,0.1369863011461638,0.1255230125992578,0.0,0.1369863011461638,0.1255230125992578,0.0187652467017074,0.0024758207374366,0.016367581043969,3.141592653589793,2.356194490192345,2.356194490192345,0.0097323192504766,0.1075887893308068,0.0,0.0002298400577069,0.0022314282106397,0.0005812452013275,261.0,675.3333333333334,575.3333333333334,24628.03333332638,2.2189514164974597,0.15322549056766752,0.09163362915903857,0.13347463335879117,0.012536216161037667,2.6179938779914944,0.03910703619376114,0.0010141711565580332,673.0,677.0,573.0,577.0,0.0,0.1369863011461638,0.0123915737316941,0.1369863011461638,0.0591721156025997,0.2635180549542391,0.0024758207374366,0.0187652467017074,2.356194490192345,3.141592653589793,0.0002298400577069,0.0022314282106397,1.0,4.242640687119285,0.0,0.1075887893308068,24615.19999998808,24646.39999999106,2
261,669,661,653.0,567,546,514.0,24662.5,24678.19999998808,24694.39999999106,7.211102550927978,22.47220505424423,32.984845004941285,0.4593058953123141,1.3871731512413663,2.036101543140323,0.2484472048309757,0.5095541405142904,0.4938271604029802,0.3726708072464635,1.3375796188500122,1.975308641611921,0.0292551525898766,0.0856279722830972,0.125685280417639,2.158798930342464,1.9347752833045408,1.8157749899217608,0.0122605937726871,0.0142690221151607,0.0073456971210424,0.0008004702819099,0.0035906254608932,0.0024726733411834,262.0,661.0,542.3333333333334,24678.366666659713,20.889384203371165,1.2941935298980012,0.4172761685827488,1.0757123824533892,0.08018946843020426,1.9697830678562551,0.0112917710029634,0.0022879230279955,653.0,669.0,514.0,567.0,0.3726708072464635,1.975308641611921,0.2484472048309757,0.5095541405142904,0.4593058953123141,2.036101543140323,0.0292551525898766,0.125685280417639,1.8157749899217608,2.158798930342464,0.0008004702819099,0.0035906254608932,7.211102550927978,32.984845004941285,0.0073456971210424,0.0142690221151607,24662.5,24694.39999999106,2
262,653,648,647.0,481,458,443.0,24710.59999999404,24726.39999999106,24742.39999999106,33.0,23.53720459187964,15.033296378372908,2.088607595330666,1.4710752869924777,0.9454903379080092,0.0,0.3164556962622222,0.0625,2.0370370366622934,1.4556962028062224,0.9375,0.1321903541597863,0.0919422054370298,0.0594648011039982,1.5707963267948966,1.784857010358718,1.6373644905707203,0.0151221396964072,0.0135481445319112,0.0092182824867498,0.000401547761787,0.002547351185465,0.0020298377708144,263.0,649.3333333333334,460.6666666666667,24726.466666658718,23.85683365675085,1.5017244067437179,0.12631856542074074,0.43881856542074077,0.09453245356693811,1.6643392759081117,0.012629522238356068,0.0016595789060221335,647.0,653.0,443.0,481.0,0.9375,2.0370370366622934,0.0,0.3164556962622222,0.9454903379080092,2.088607595330666,0.0594648011039982,0.1321903541597863,1.5707963267948966,1.784857010358718,0.000401547761787,0.002547351185465,15.033296378372908,33.0,0.0092182824867498,0.0151221396964072,24710.59999999404,24742.39999999106,2
263,647,647,648.0,432,426,424.0,24758.29999999702,24774.39999999106,24790.29999999702,11.0,6.0,2.23606797749979,0.6832298139175383,0.3773584904245766,0.1330992843985986,0.0,0.0,0.0628930817374294,0.6918238991117238,0.3726708075913845,0.1257861634748588,0.0424366344205267,0.0237332383825858,0.0079225764537029,1.5707963267948966,1.5707963267948966,1.1071487177940904,0.0041866769654634,0.0,0.0291602269702514,0.0010709538790621,0.0011617016176934,0.000994381253016,264.0,647.3333333333334,427.3333333333333,24774.333333328366,6.412022659166596,0.39789586291357115,0.020964360579143134,0.0628930817374294,0.02469748308560513,1.416247123794628,0.011115634645238267,0.0010756789165905,647.0,648.0,424.0,432.0,0.1257861634748588,0.6918238991117238,0.0,0.0628930817374294,0.1330992843985986,0.6832298139175383,0.0079225764537029,0.0424366344205267,1.1071487177940904,1.5707963267948966,0.000994381253016,0.0011617016176934,2.23606797749979,11.0,0.0,0.0291602269702514,24758.29999999702,24790.29999999702,2
264,650,651,652.0,421,420,419.0,24807.09999999404,24854.79999999702,24863.0,3.605551275463989,1.4142135623730951,1.4142135623730951,0.0755880770490297,0.1724650685194035,0.0918320495580608,0.1190476190687374,0.0209643605856922,0.1219512194678728,0.1785714286031062,0.0209643605856922,0.1219512194678728,0.0015846557032349,0.0210323254215515,0.0059631201046347,0.982793723247329,0.7853981633974483,0.7853981633974483,0.0074020830100488,0.0041382716947075,0.0,0.0003772571875947,0.0004077079605262,0.0018377079648097,265.0,651.0,420.0,24841.633333330352,2.1446594667367265,0.11329506504216467,0.0873210663741008,0.12797147286339172,0.009526700409807033,0.8511966833474086,0.0038467849015854333,0.0008742243709768667,650.0,652.0,419.0,421.0,0.0209643605856922,0.1785714286031062,0.0209643605856922,0.1219512194678728,0.0755880770490297,0.1724650685194035,0.0015846557032349,0.0210323254215515,0.7853981633974483,0.982793723247329,0.0003772571875947,0.0018377079648097,1.4142135623730951,3.605551275463989,0.0,0.0074020830100488,24807.09999999404,24863.0,2
265,652,653,653.0,416,411,403.0,24878.39999999106,24894.19999998808,24910.39999999106,3.0,5.0990195135927845,8.0,0.1898734177573333,0.3147542909046138,0.4968944096619514,0.0,0.0632911392524444,0.0,0.1948051949182918,0.3164556962622222,0.4938271604029802,0.0120173049236169,0.0194292772127598,0.0308630067941624,1.5707963267948966,1.373400766945016,1.5707963267948966,0.0509998807697027,0.012493389866273,0.0121849110996028,0.0003931288845777,0.0004691121702874,0.0007057857764999,266.0,652.6666666666666,410.0,24894.3333333234,5.366339837864262,0.3338407061079662,0.021097046417481464,0.18570609988514153,0.020769862976846368,1.5049978068449363,0.02522606057852617,0.000522675610455,652.0,653.0,403.0,416.0,0.1948051949182918,0.4938271604029802,0.0,0.0632911392524444,0.1898734177573333,0.4968944096619514,0.0120173049236169,0.0308630067941624,1.373400766945016,1.5707963267948966,0.0003931288845777,0.0007057857764999,3.0,8.0,0.0121849110996028,0.0509998807697027,24878.39999999106,24910.39999999106,2
266,653,653,653.0,397,391,385.0,24926.5,24942.29999999702,24958.29999999702,6.0,6.0,6.0,0.3797468355146667,0.375,0.3658536587360357,0.0,0.0,0.0,0.3726708072464635,0.3797468355146667,0.375,0.0240346098472338,0.0234375,0.0223081499350906,1.5707963267948966,1.5707963267948966,1.5707963267948966,0.0,0.0,0.0,0.0004241240337351,3.779176249028591e-05,7.058437905683632e-05,267.0,653.0,391.0,24942.36666666468,6.0,0.37353349808356745,0.0,0.125,0.023260086594108133,1.5707963267948966,0.0,0.0001775000584274074,653.0,653.0,385.0,397.0,0.3726708072464635,0.3797468355146667,0.0,0.0,0.3658536587360357,0.3797468355146667,0.0223081499350906,0.0240346098472338,1.5707963267948966,1.5707963267948966,3.779176249028591e-05,0.0004241240337351,6.0,6.0,0.0,0.0,24926.5,24958.29999999702,2
267,653,653,652.0,383,379,378.0,24974.69999998808,24990.29999999702,25014.39999999106,2.0,4.0,1.4142135623730951,0.128205128131651,0.1659751037754891,0.0292192884751846,0.0,0.0,0.0414937759438722,0.1219512195786785,0.2564102562633021,0.0414937759438722,0.0082182774396265,0.006886933768321,0.0006037043072641,1.5707963267948966,1.5707963267948966,2.356194490192345,0.0,0.0,0.0325891354187425,0.0008591385672649,8.534254298348815e-05,0.000260714915461,268.0,652.6666666666666,380.0,24993.133333325386,2.471404520791032,0.10779984012744158,0.0138312586479574,0.0276625172959148,0.0052363051717372,1.832595714594046,0.010863045139580833,0.00040173200856979605,652.0,653.0,378.0,383.0,0.0414937759438722,0.2564102562633021,0.0,0.0414937759438722,0.0292192884751846,0.1659751037754891,0.0006037043072641,0.0082182774396265,1.5707963267948966,2.356194490192345,8.534254298348815e-05,0.0008591385672649,1.4142135623730951,4.0,0.0,0.0325891354187425,24974.69999998808,25014.39999999106,2
268,652,650,660.0,377,375,378.0,25062.79999999702,25078.59999999404,26214.69999998808,1.0,2.8284271247461903,10.44030650891055,0.0632911392524444,0.0293709981810355,0.1004841819856748,0.0,0.1265822785048889,0.0104964836780992,0.0206611570222489,0.1265822785048889,0.0031489451034297,0.0040057683078723,0.0003049947890129,0.0009671239844072,1.5707963267948966,2.356194490192345,0.2914567944778671,0.0162272347789406,0.049708744528202,0.0003059271486108,7.029057851630519e-05,0.0002342261721238,1.015140111702869e-06,269.0,654.0,376.6666666666667,25452.03333332638,4.7562445445522465,0.06438210647305156,0.0456929207276627,0.04674256909547259,0.0017592956937641333,1.4061492038217027,0.022080635485251132,0.00010184396358393602,650.0,660.0,375.0,378.0,0.0031489451034297,0.1265822785048889,0.0,0.1265822785048889,0.0293709981810355,0.1004841819856748,0.0003049947890129,0.0040057683078723,0.2914567944778671,2.356194490192345,1.015140111702869e-06,0.0002342261721238,1.0,10.44030650891055,0.0003059271486108,0.049708744528202,25062.79999999702,26214.69999998808,2
269,660,656,636.0,379,380,377.0,26318.59999999404,26398.69999998808,26406.39999999106,1.0,4.123105625617661,20.223748416156685,0.0124843945077954,0.5354682628599793,2.5279685520195856,0.0,0.0499375780311816,2.5974025963972904,0.0096246390754825,0.0124843945077954,0.3896103894595936,0.0001558601062262,0.0695413328120428,0.3159960690024482,1.5707963267948966,2.896613990462929,2.992702705980296,0.0123131812535479,0.0165520307586353,0.0124790539584644,7.80812202246785e-06,0.0008662356143692,0.0320071085837684,270.0,650.6666666666666,378.6666666666667,26374.566666657727,8.448951347258115,1.0253070697957867,0.8824467248094906,1.0123168546293553,0.12856442064023907,2.4867043410793737,0.013781421990215868,0.010960384106720024,636.0,660.0,377.0,380.0,0.0096246390754825,0.3896103894595936,0.0,2.5974025963972904,0.0124843945077954,2.5279685520195856,0.0001558601062262,0.3159960690024482,1.5707963267948966,2.992702705980296,7.80812202246785e-06,0.0320071085837684,1.0,20.223748416156685,0.0123131812535479,0.0165520307586353,26318.59999999404,26406.39999999106,2
270,606,508,420.0,373,359,346.0,26414.39999999106,26430.29999999702,26446.39999999106,30.265491900843116,98.99494936611666,88.95504482602435,1.9034900559432344,6.148754621289819,5.559690301626522,3.75,6.1635220102680845,5.465838511340307,0.5,0.8805031443240121,0.8074534164479998,0.1197163556748219,0.3819102250662224,0.3474806438516576,3.0090411212931194,2.999695598985629,2.9949261597926005,0.0020423019141029,0.0005877686983639,0.0002962384593039,0.0245349641659532,0.0164901804586862,0.0021384833060441,271.0,511.3333333333333,359.3333333333333,26430.366666659713,72.73849536432805,4.537311659619859,5.126453507202798,5.395604646018797,0.2830357415309006,3.001220960023783,0.0009754363572568999,0.014387875976894499,420.0,606.0,346.0,373.0,0.5,0.8805031443240121,3.75,6.1635220102680845,1.9034900559432344,6.148754621289819,0.1197163556748219,0.3819102250662224,2.9949261597926005,3.0090411212931194,0.0021384833060441,0.0245349641659532,30.265491900843116,98.99494936611666,0.0002962384593039,0.0020423019141029,26414.39999999106,26446.39999999106,2
271,375,363,358.0,333,324,319.0,26462.39999999106,26486.29999999702,26502.5,46.84015371452148,15.0,7.071067811865476,1.959839067064432,0.925925925755588,0.4475359375442554,2.8125,0.5020920500839874,0.3086419752518626,0.8125,0.3765690375629905,0.3086419752518626,0.0820016345847558,0.0571559213324228,0.0283250593435867,2.860360451671498,2.498091544796509,2.356194490192345,0.0084103567575689,0.0151576948445457,0.0087590774430901,0.0165924380791813,0.0010395695918885,0.0017796828384896,272.0,365.3333333333333,325.3333333333333,26483.73333332936,22.970407175462316,1.1111003101214252,1.20774467511195,1.3106253335292375,0.0558275384202551,2.571548828886784,0.010775709681734899,0.006470563503186467,358.0,375.0,319.0,333.0,0.3086419752518626,0.8125,0.3086419752518626,2.8125,0.4475359375442554,1.959839067064432,0.0283250593435867,0.0820016345847558,2.356194490192345,2.860360451671498,0.0010395695918885,0.0165924380791813,7.071067811865476,46.84015371452148,0.0084103567575689,0.0151576948445457,26462.39999999106,26502.5,2
272,348,320,281.0,314,303,285.0,26518.29999999702,26534.29999999702,26550.39999999106,11.180339887498947,30.083217912982647,42.95346318982906,0.6987712429686843,1.868522852429808,2.701475671303585,0.6329113925244445,1.75,2.4223602493439995,0.3164556962622222,0.6875,1.1180124227741537,0.0436732026855427,0.1160573200696623,0.1699041302069734,2.677945044588987,2.767259037582209,2.709184878019256,0.020363959142869,0.0055821245620764,0.0036070906574194,0.0009714014775222,0.0045240073365074,0.0033445223700152,273.0,316.3333333333333,300.6666666666667,26534.333333328366,28.072340330103554,1.7562565889006923,1.601757213956148,1.9744280215475325,0.10987821765405947,2.7181296533968173,0.009851058120788266,0.002946643728014933,281.0,348.0,285.0,314.0,0.3164556962622222,1.1180124227741537,0.6329113925244445,2.4223602493439995,0.6987712429686843,2.701475671303585,0.0436732026855427,0.1699041302069734,2.677945044588987,2.767259037582209,0.0009714014775222,0.0045240073365074,11.180339887498947,42.95346318982906,0.0036070906574194,0.020363959142869,26518.29999999702,26550.39999999106,2
273,243,211,199.0,267,259,257.0,26566.29999999702,26582.19999998808,26598.5,42.04759208325728,32.984845004941285,12.16552506059644,2.644502648232766,2.023610121522575,1.5399398828309587,2.3899371060223187,2.01257861748389,0.7361963184799911,1.1320754712737298,0.5031446543709726,0.1226993864133318,0.1663209213660245,0.1241478601253139,0.1949290993131342,2.6992184306130484,2.896613990462929,2.976443976175166,0.0006268205913503,0.012414815091879,0.0048975451321382,0.000225359046516,0.0026523937902154,0.0043424073089604,274.0,217.66666666666666,261.0,26582.333333328366,29.065987382931667,2.0693508841954333,1.7129040139954002,1.7538038094665105,0.16179929360149084,2.8574254657503815,0.005979726938455834,0.0024067200485639335,199.0,243.0,257.0,267.0,0.1226993864133318,1.1320754712737298,0.7361963184799911,2.3899371060223187,1.5399398828309587,2.644502648232766,0.1241478601253139,0.1949290993131342,2.6992184306130484,2.976443976175166,0.000225359046516,0.0043424073089604,12.16552506059644,42.04759208325728,0.0006268205913503,0.012414815091879,26566.29999999702,26598.5,2
274,197,201,202.0,257,258,258.0,26606.39999999106,26767.0,26774.5,2.0,4.123105625617661,1.0,0.0124533001238397,0.5497474167490214,0.1265822786242701,0.2531645572485402,0.0249066002476794,0.1333333333333333,0.0,0.0062266500619198,0.0,7.754234198721318e-05,0.0732996555665361,0.0160230732617123,3.141592653589793,0.2449786631268641,0.0,0.020904895898928,0.0180362016830739,0.0326638217502485,0.0246647540748945,0.0004559284758435,0.0076368776406431,275.0,200.0,257.6666666666667,26715.966666663688,2.3743685418725535,0.22959433183237707,0.13713483027651763,0.13713483027651763,0.02980009039007854,1.1288571055722192,0.023868306444083467,0.010919186730460368,197.0,202.0,257.0,258.0,0.0,0.0062266500619198,0.0249066002476794,0.2531645572485402,0.0124533001238397,0.5497474167490214,7.754234198721318e-05,0.0732996555665361,0.0,3.141592653589793,0.0004559284758435,0.0246647540748945,1.0,4.123105625617661,0.0180362016830739,0.0326638217502485,26606.39999999106,26774.5,2
275,203,207,208.0,259,260,260.0,26782.39999999106,26814.0,26830.09999999404,1.4142135623730951,4.123105625617661,1.0,0.1703871762507094,0.256093517213919,0.0414937759438722,0.1265822786242701,0.1716738196546561,0.0621118012652307,0.1265822786242701,0.042918454913664,0.0,0.0205285754592637,0.0159064296465048,0.0017217334420802,0.7853981633974483,0.2449786631268641,0.0,0.0994174891501658,0.01051410570822,0.0152160660383577,0.0005703167345127,0.0006826793836208,0.0008810370316568,276.0,206.0,259.6666666666667,26808.833333328366,2.1791063959969184,0.15599148980283353,0.12012263318138562,0.12012263318138562,0.0127189128492829,0.34345894217477074,0.04171588696558117,0.0007113443832634333,203.0,208.0,259.0,260.0,0.0,0.1265822786242701,0.0621118012652307,0.1716738196546561,0.0414937759438722,0.256093517213919,0.0017217334420802,0.0205285754592637,0.0,0.7853981633974483,0.0005703167345127,0.0008810370316568,1.0,4.123105625617661,0.01051410570822,0.0994174891501658,26782.39999999106,26830.09999999404,2
276,211,227,227.0,264,277,277.0,26854.19999998808,26869.89999999106,26871.29999999702,5.0,20.615528128088304,0.0,0.3184713375191644,103.077639104465,0.0,0.1244813278316168,1.0191082800613265,0.0,0.1659751037754891,0.8280254775498275,0.0,0.0202847985642491,515.3881878424426,0.0,0.9272952180016122,0.6823165548747481,0.0,0.0384769800095831,0.0156037365019338,0.0,0.0007702516650107,32.825981079366194,0.0,277.0,221.66666666666666,272.6666666666667,26865.133333325386,8.538509376029435,34.46537014732806,0.3811965359643144,0.3811965359643144,171.80282421366894,0.5365372576254535,0.018026905503838966,10.942250443677068,211.0,227.0,264.0,277.0,0.0,0.8280254775498275,0.0,1.0191082800613265,0.0,103.077639104465,0.0,515.3881878424426,0.0,0.9272952180016122,0.0,32.825981079366194,0.0,20.615528128088304,0.0,0.0384769800095831,26854.19999998808,26871.29999999702,2
277,256,292,347.0,294,294,294.0,26886.0,26902.0,26918.0,33.61547262794322,36.0,55.0,2.1009670392464512,2.25,3.4591194988004363,1.9727891152463013,2.25,3.4375,1.156462584799556,0.0,0.0,0.1313104399529032,0.140625,0.2175546855814796,0.5302157727766299,0.0,0.0,0.0360691001815738,0.0331384857985393,0.0,0.0089326829881824,0.0005821600029435,0.0048081053488424,278.0,298.3333333333333,294.0,26902.0,41.538490875981076,2.6033621793489625,2.5534297050821,2.5534297050821,0.1631633751781276,0.1767385909255433,0.023069195326704362,0.004774316113322766,256.0,347.0,294.0,294.0,0.0,1.156462584799556,1.9727891152463013,3.4375,2.1009670392464512,3.4591194988004363,0.1313104399529032,0.2175546855814796,0.0,0.5302157727766299,0.0005821600029435,0.0089326829881824,33.61547262794322,55.0,0.0,0.0360691001815738,26886.0,26918.0,2
278,375,382,384.0,294,296,297.0,26933.89999999106,26950.0,26966.0,28.0,7.280109889280518,2.23606797749979,1.73913043381683,0.4550068680800324,0.0397170155882443,1.761006290298404,0.4347826084542074,0.125,0.0,0.1242236024154878,0.0625,0.1080205237795683,0.028437929255002,0.0007054532076438,0.0,0.2782996590051113,0.4636476090008061,0.0,0.0172856930963083,0.0115842468747309,0.0068889409977046,0.0049430182907063,0.0017332797529598,279.0,380.3333333333333,295.6666666666667,26949.966666663688,12.505392622260104,0.7446181058283691,0.7735962995842037,0.7944296329175371,0.04572130208073804,0.24731575600197245,0.009623313323679732,0.004521746347123566,375.0,384.0,294.0,297.0,0.0,0.1242236024154878,0.125,1.761006290298404,0.0397170155882443,1.73913043381683,0.0007054532076438,0.1080205237795683,0.0,0.4636476090008061,0.0017332797529598,0.0068889409977046,2.23606797749979,28.0,0.0,0.0172856930963083,26933.89999999106,26966.0,2
279,383,379,370.0,298,299,300.0,27022.29999999702,27030.59999999404,27054.29999999702,1.4142135623730951,4.123105625617661,9.055385138137416,0.1703871762507094,0.1739707014809783,0.5659615711335886,0.0177619893437466,0.4819277110164164,0.3797468353952855,0.0177619893437466,0.1204819277541041,0.0421940928216983,0.0205285754592637,0.0073405359265443,0.0353725981958492,2.356194490192345,2.896613990462929,3.0309354324158977,0.033615397536265,0.0651107831885095,0.0056675713897079,0.000352098086193,0.0015889204261993,0.0011827874373746,280.0,377.3333333333333,299.0,27035.73333332936,4.864234775376057,0.3034398162884254,0.29314551191848287,0.3072102095257156,0.0210805698605524,2.761247971023724,0.03479791737149414,0.0010412686499223,370.0,383.0,298.0,300.0,0.0177619893437466,0.1204819277541041,0.0177619893437466,0.4819277110164164,0.1703871762507094,0.5659615711335886,0.0073405359265443,0.0353725981958492,2.356194490192345,3.0309354324158977,0.000352098086193,0.0015889204261993,1.4142135623730951,9.055385138137416,0.0056675713897079,0.0651107831885095,27022.29999999702,27054.29999999702,2
280,364,357,352.0,300,300,300.0,27070.29999999702,27086.19999998808,27102.39999999106,6.0,7.0,5.0,0.3773584907782294,0.4320987653526077,0.3086419752518626,0.375,0.440251572574601,0.3086419752518626,0.0,0.0,0.0,0.0237332384270705,0.0266727632884639,0.0190519737774742,3.141592653589793,3.141592653589793,3.141592653589793,0.0069160763233684,0.0,0.0,0.0007274599855486,0.00018487577755,0.0004704191055301,281.0,357.6666666666667,300.0,27086.299999992054,6.0,0.3726997437942332,0.37463118260882117,0.37463118260882117,0.023152658497669534,3.141592653589793,0.0023053587744561333,0.00046091828954290007,352.0,364.0,300.0,300.0,0.0,0.0,0.3086419752518626,0.440251572574601,0.3086419752518626,0.4320987653526077,0.0190519737774742,0.0266727632884639,3.141592653589793,3.141592653589793,0.00018487577755,0.0007274599855486,5.0,7.0,0.0,0.0069160763233684,27070.29999999702,27102.39999999106,2
281,350,346,339.0,300,300,300.0,27118.59999999404,27134.19999998808,27150.29999999702,2.0,4.0,7.0,0.1282051282541129,0.2484472048309757,0.4375,0.123456790100745,0.2564102565082259,0.4347826084542074,0.0,0.0,0.0,0.0082182774553267,0.0154315033970812,0.02734375,3.141592653589793,3.141592653589793,3.141592653589793,0.0,0.0,0.0,0.0006687466864292,0.0004623862784942,0.0007398910929381,282.0,345.0,300.0,27134.366666659713,4.333333333333333,0.27138411102836285,0.2715498850210594,0.2715498850210594,0.0169978436174693,3.141592653589793,0.0,0.0006236746859538333,339.0,350.0,300.0,300.0,0.0,0.0,0.123456790100745,0.4347826084542074,0.1282051282541129,0.4375,0.0082182774553267,0.02734375,3.141592653589793,3.141592653589793,0.0004623862784942,0.0007398910929381,2.0,7.0,0.0,0.0,27118.59999999404,27150.29999999702,2
282,328,308,305.0,298,294,291.0,27166.29999999702,27190.29999999702,27198.5,11.180339887498947,20.396078054371134,4.242640687119285,0.4658474953124562,2.487326591092479,0.0529007567051111,0.6875,0.8333333333333334,0.3658536584036184,0.125,0.1666666666666666,0.3658536584036184,0.0194103123046856,0.3033325109985948,0.0006596104328301,2.961739153797315,2.9441970937399127,2.356194490192345,0.0112408437370298,0.0007309191690584,0.07170763455291,0.0004958398559571,0.0118300916122462,0.0369113293238732,283.0,313.6666666666667,294.3333333333333,27185.033333331347,11.939686209663122,1.0020249477033487,0.6288956639123172,0.75084688338019,0.10780081124537017,2.754043579243191,0.027893132486332736,0.0164124202640255,305.0,328.0,291.0,298.0,0.125,0.3658536584036184,0.3658536584036184,0.8333333333333334,0.0529007567051111,2.487326591092479,0.0006596104328301,0.3033325109985948,2.356194490192345,2.961739153797315,0.0004958398559571,0.0369113293238732,4.242640687119285,20.396078054371134,0.0007309191690584,0.07170763455291,27166.29999999702,27198.5,2
283,304,303,302.0,291,291,291.0,27278.69999998808,27310.59999999404,27334.59999999404,1.0,1.0,1.0,0.0313479623765878,0.0416666666666666,0.0632911392524444,0.0124688279320279,0.0313479623765878,0.0416666666666666,0.0,0.0,0.0,0.0009826947451639,0.0017361111111111,0.0040057683078723,3.141592653589793,3.141592653589793,3.141592653589793,0.0097929945575335,0.0,0.0,4.028482698028502e-06,2.3618067893616632e-05,9.456904986505014e-05,284.0,303.0,291.0,27307.966666658718,1.0,0.045435256098566267,0.028494485658427438,0.028494485658427438,0.0022415247213824333,3.141592653589793,0.003264331519177833,4.073853348556509e-05,302.0,304.0,291.0,291.0,0.0,0.0,0.0124688279320279,0.0416666666666666,0.0313479623765878,0.0632911392524444,0.0009826947451639,0.0040057683078723,3.141592653589793,3.141592653589793,4.028482698028502e-06,9.456904986505014e-05,1.0,1.0,0.0,0.0097929945575335,27278.69999998808,27334.59999999404,2
284,299,295,285.0,291,291,290.0,27350.39999999106,27366.19999998808,27382.39999999106,3.0,4.0,10.04987562112089,0.1898734177573333,0.2469135802014901,0.6281172263200556,0.1898734177573333,0.2531645570097778,0.6172839505037253,0.0,0.0,0.0617283950503725,0.0120173049236169,0.0152415790219794,0.0392573266450034,3.141592653589793,3.141592653589793,3.0419240010986317,0.0,0.0,0.0061523859551127,0.0005070592795731,0.0002040679809475,0.001482453556704,285.0,293.0,290.6666666666667,27366.3333333234,5.683291873706963,0.3549680747596263,0.3534406417569455,0.37401677344040296,0.022172070196866567,3.108369769426073,0.0020507953183708997,0.0007311936057415334,285.0,299.0,290.0,291.0,0.0,0.0617283950503725,0.1898734177573333,0.6172839505037253,0.1898734177573333,0.6281172263200556,0.0120173049236169,0.0392573266450034,3.0419240010986317,3.141592653589793,0.0002040679809475,0.001482453556704,3.0,10.04987562112089,0.0,0.0061523859551127,27350.39999999106,27382.39999999106,2
285,278,274,0.0,288,288,0.0,27398.39999999106,27406.39999999106,0.0,7.280109889280518,4.0,0.0,0.9100137361600648,0.0499375780218916,0.0,0.4375,0.5,0.0,0.125,0.0,0.0,0.1137517170200081,0.0006234404246731,0.0,2.8632929945846817,3.141592653589793,0.0,0.0111644379071218,0.0347874573756389,0.0,0.0046558993984377,0.0141410345744168,0.0,286.0,184.0,192.0,18268.266666660707,3.7600366297601724,0.31998377139398543,0.3125,0.3125,0.0381250524815604,2.0016285493914916,0.015317298427586902,0.006265644657618166,0.0,278.0,0.0,288.0,0.0,0.125,0.0,0.5,0.0,0.9100137361600648,0.0,0.1137517170200081,0.0,3.141592653589793,0.0,0.0141410345744168,0.0,7.280109889280518,0.0,0.0347874573756389,0.0,27406.39999999106,2
