,x0,x1,x2,y0,y1,y2,t0,t1,t2,d0,d1,d2,TV0,TV1,TV2,HV0,HV1,HV2,VV0,VV1,VV2,A0,A1,A2,AM0,AM1,AM2,AV0,AV1,AV2,J0,J1,J2,Seg_id,avg_x,avg_y,avg_t,avg_d,avg_tv,avg_hv,avg_vv,avg_a,avg_am,avg_av,avg_j,min_x,max_x,min_y,max_y,min_vv,max_vv,min_hv,max_hv,min_tv,max_tv,min_a,max_a,min_am,max_am,min_j,max_j,min_d,max_d,min_av,max_av,min_t,max_t,label
0,705,707,711.0,233,233,233.0,839.2849999945611,871.3850000058301,887.2349999728613,0.0,2.0,4.0,0.0,0.1261829655621516,0.2496878895273827,0.0,0.0623052959282829,0.2523659311243033,0.0,0.0,0.0,0.0,0.0079610703990295,0.0155860105441596,0.0,0.0,0.0,0.0,0.0,0.0,0.0,0.0002480084235587,0.0004810687798732,1.0,707.6666666666666,233.0,865.9683333244175,2.0,0.12529028502984477,0.10489040901752872,0.10489040901752872,0.007849026981063033,0.0,0.0,0.00024302573447730004,705.0,711.0,233.0,233.0,0.0,0.0,0.0,0.2523659311243033,0.0,0.2496878895273827,0.0,0.0155860105441596,0.0,0.0,0.0,0.0004810687798732,0.0,4.0,0.0,0.0,839.2849999945611,887.2349999728613,9
1,716,723,750.0,233,233,233.0,903.2550000119954,919.2700000130573,943.2249999954364,5.0,7.0,27.0,0.3122073056302545,0.2922145691984555,1.687499999656211,0.3121098619092283,0.4370902278823564,1.1271133383369,0.0,0.0,0.0,0.0194946803377806,0.0121984792074055,0.1054687499570263,0.0,0.0,0.0,0.0,0.0,0.0,0.0002439868779071,0.0004555854592501,0.0038935617123033,2.0,729.6666666666666,233.0,921.9166666734964,13.0,0.7639739581616404,0.6254378093761616,0.6254378093761616,0.04572063650073747,0.0,0.0,0.0015310446831535002,716.0,750.0,233.0,233.0,0.0,0.0,0.3121098619092283,1.1271133383369,0.2922145691984555,1.687499999656211,0.0121984792074055,0.1054687499570263,0.0,0.0,0.0002439868779071,0.0038935617123033,5.0,27.0,0.0,0.0,903.2550000119954,943.2249999954364,9
2,774,793,815.0,237,241,248.0,959.224999998696,975.2199999638832,991.2250000052154,24.33105012119288,19.4164878389476,23.08679276123039,1.5211660002593923,1.2131513769950335,1.442924547282937,1.4999999996944098,1.1878712123384287,1.3745704431856371,0.2499999999490683,0.250078149965985,0.4373633228317936,0.0951025947840064,0.0757982739057877,0.0901827841868109,0.1651486774146268,0.2074962264352026,0.3080527810237764,0.0103217923363113,0.0026475491786648,0.0062828212639107,0.0006478846981817,0.0012068972128936,0.0008987510305452,3.0,794.0,242.0,975.2233333225983,22.278110240456954,1.3924139748457875,1.3541472184061585,1.4999349926834231,0.08702788429220167,0.22689922829120193,0.006417387592962266,0.0009178443138734999,774.0,815.0,237.0,248.0,0.2499999999490683,0.4373633228317936,1.1878712123384287,1.4999999996944098,1.2131513769950335,1.5211660002593923,0.0757982739057877,0.0951025947840064,0.1651486774146268,0.3080527810237764,0.0006478846981817,0.0012068972128936,19.4164878389476,24.33105012119288,0.0026475491786648,0.0103217923363113,959.224999998696,991.2250000052154,9
3,837,862,891.0,253,260,264.0,1007.225000008475,1023.2700000051408,1039.2850000062026,22.56102834535696,25.96150997149434,29.27456233660889,1.406109588659714,1.621074615658647,1.8365472033486328,1.3749999997198756,1.5581177940289794,1.8108023726554765,0.3124999999363353,0.4362729823281142,0.2497658445042036,0.0876353748178187,0.1012222675960773,0.115216261522371,0.223476601140633,0.2730087030867106,0.1370661743101876,0.0052860112416195,0.0030870739767136,0.0084884501259763,0.0001592130855295,0.0008467991761347,0.0008738054277468,4.0,863.3333333333334,259.0,1023.2600000066062,25.93236688448673,1.6212438025556646,1.5813067221347772,1.6645620036361783,0.10135796797875567,0.21118382617917708,0.005620511781436467,0.0006266058964703333,837.0,891.0,253.0,264.0,0.2497658445042036,0.4362729823281142,1.3749999997198756,1.8108023726554765,1.406109588659714,1.8365472033486328,0.0876353748178187,0.115216261522371,0.1370661743101876,0.2730087030867106,0.0001592130855295,0.0008738054277468,22.56102834535696,29.27456233660889,0.0030870739767136,0.0084884501259763,1007.225000008475,1039.2850000062026,9
4,921,949,969.0,267,269,270.0,1055.2249999600465,1071.2300000013784,1087.4349999940025,30.14962686336267,28.0713376952364,20.024984394500787,1.8837629981570008,1.732263974576594,1.2654018567128034,1.8820577218863808,1.7494532913271743,1.2341869798891365,0.188205772188638,0.1249609493805124,0.0617093489944568,0.1176984063287896,0.1068968821576719,0.0799622025878801,0.099668652491162,0.0713074647852903,0.0499583957219427,0.002346143157297,0.0017720204706423,0.0013174371535368,0.0001557179933253,0.0006748843575897,0.0016621215416261,5.0,946.3333333333334,268.6666666666667,1071.296666651809,26.08198298436662,1.6271429431487994,1.6218993310342305,1.6424691140323828,0.1015191636914472,0.07364483766613167,0.0018118669271587,0.0008309079641803667,921.0,969.0,267.0,270.0,0.0617093489944568,0.188205772188638,1.2341869798891365,1.8820577218863808,1.2654018567128034,1.8837629981570008,0.0799622025878801,0.1176984063287896,0.0499583957219427,0.099668652491162,0.0001557179933253,0.0016621215416261,20.024984394500787,30.14962686336267,0.0013174371535368,0.002346143157297,1055.2249999600465,1087.4349999940025,9
5,986,1023,1047.0,270,270,270.0,1103.2600000035018,1127.2449999814853,1143.2700000004843,17.0,37.0,24.0,0.7087763191830206,2.3088923529568426,1.5042306477704936,1.0742496044104377,1.5426308123395154,1.4976599046206545,0.0,0.0,0.0,0.0295508159196841,0.1440806458795293,0.0942795767371682,0.0,0.0,0.0,0.0031569286377221,0.0,0.0,0.0031855536580053,0.0047750606656233,0.0031077110192397,6.0,1018.6666666666666,270.0,1124.5916666618239,26.0,1.5072997733034523,1.3715134404568692,1.3715134404568692,0.0893036795121272,0.0,0.0010523095459073668,0.0036894417809561,986.0,1047.0,270.0,270.0,0.0,0.0,1.0742496044104377,1.5426308123395154,0.7087763191830206,2.3088923529568426,0.0295508159196841,0.1440806458795293,0.0,0.0,0.0031077110192397,0.0047750606656233,17.0,37.0,0.0,0.0031569286377221,1103.2600000035018,1143.2700000004843,9
6,1067,1080,1090.0,270,271,272.0,1159.2250000103377,1175.234999973327,1191.2199999787845,20.0,13.038404810405298,10.04987562112089,1.2492192408641194,0.8156649862967635,0.6255758232657576,1.2535255398087446,0.8119925065616777,0.6255864871182878,0.0,0.0624609620432059,0.0625586487118287,0.0780274355872563,0.0510268993442778,0.03894029393082,0.0,0.076771891269778,0.099668652491162,0.0,0.0047952461865867,0.0014323904418871,0.0010186237003995,0.0016864794694188,0.0007561217021789,7.0,1079.0,271.0,1175.2266666541498,14.362760143842062,0.8968200168088801,0.8970348444962366,0.9178877274001795,0.0559982096207847,0.05881351458698,0.0020758788761579333,0.0011537416239990666,1067.0,1090.0,270.0,272.0,0.0,0.0625586487118287,0.6255864871182878,1.2535255398087446,0.6255758232657576,1.2492192408641194,0.03894029393082,0.0780274355872563,0.0,0.099668652491162,0.0007561217021789,0.0016864794694188,10.04987562112089,20.0,0.0,0.0047952461865867,1159.2250000103377,1191.2199999787845,9
7,1105,1124,1136.0,272,274,276.0,1207.2850000113249,1223.4849999658763,1239.3300000112504,15.0,19.1049731745428,12.16552506059644,0.9259259285235792,1.2057414401914448,0.7694829282976142,0.9337068141684904,1.1728395094632005,0.7573366971054956,0.0,0.1234567904698105,0.1262227828509159,0.0571559216741501,0.0760960199898176,0.0486706470943262,0.0,0.1048769387302338,0.1651486774146268,0.0062040866659992,0.0064738851249668,0.0038038332920036,0.0011338703832202,0.0011691418746174,0.0017308534437965,8.0,1121.6666666666667,274.0,1223.3666666628171,15.423499411713081,0.9670500990042128,0.9546276735790622,0.9967019345293675,0.0606408629194313,0.09000853871495353,0.005493935027656534,0.0013446219005447003,1105.0,1136.0,272.0,276.0,0.0,0.1262227828509159,0.7573366971054956,1.1728395094632005,0.7694829282976142,1.2057414401914448,0.0486706470943262,0.0760960199898176,0.0,0.1651486774146268,0.0011338703832202,0.0017308534437965,12.16552506059644,19.1049731745428,0.0038038332920036,0.0064738851249668,1207.2850000113249,1239.3300000112504,9
8,1140,1141,1142.0,277,277,277.0,1255.13999996474,1271.294999984093,1390.9749999875205,4.123105625617661,1.0,1.0,0.2552216416390211,0.0083556149730227,0.0611995105056314,0.2530044283217773,0.0619003403777189,0.0083556149730227,0.0632511070804443,0.0,0.0,0.0157983064892156,6.981630157740202e-05,0.0037453800861288,0.2449786631268641,0.0,0.0,0.005049334974515,0.0151642626328314,0.0,0.0020792119355986,0.0009735988962424,3.07115957924986e-05,9.0,1141.0,277.0,1305.8033333121177,2.04103520853922,0.1082589223725584,0.10775346122417295,0.10775346122417295,0.006537834292307268,0.08165955437562136,0.006737865869115466,0.0010278408092111663,1140.0,1142.0,277.0,277.0,0.0,0.0632511070804443,0.0083556149730227,0.2530044283217773,0.0083556149730227,0.2552216416390211,6.981630157740202e-05,0.0157983064892156,0.0,0.2449786631268641,3.07115957924986e-05,0.0020792119355986,1.0,4.123105625617661,0.0,0.0151642626328314,1255.13999996474,1390.9749999875205,9
9,1142,1143,1146.0,278,280,282.0,1407.314999960363,1439.2249999800697,1455.214999965392,1.0,2.23606797749979,3.605551275463989,0.0313381384952186,0.1398416497531167,0.2256289905938375,0.0,0.0313381384952186,0.1876172609602113,0.0611995105056314,0.0626762769904372,0.1250781739734742,0.0009820789243455,0.0087455690982789,0.0141194612160501,1.5707963267948966,1.1071487177940904,0.5880026035475675,0.0961319663038915,0.0145298529838442,0.0324669239976898,0.0001691126784807,0.0002432933302769,0.0003360783066106,10.0,1143.6666666666667,280.0,1433.9183333019416,2.2805397509879266,0.13226959294739093,0.07298513315180997,0.1146778578096347,0.0079490364128915,1.0886492160455181,0.04770958109514183,0.0002494947717894,1142.0,1146.0,278.0,282.0,0.0611995105056314,0.1250781739734742,0.0,0.1876172609602113,0.0313381384952186,0.2256289905938375,0.0009820789243455,0.0141194612160501,0.5880026035475675,1.5707963267948966,0.0001691126784807,0.0003360783066106,1.0,3.605551275463989,0.0145298529838442,0.0961319663038915,1407.314999960363,1455.214999965392,9
10,1150,1156,1161.0,282,283,285.0,1471.1949999909848,1495.2899999916551,1511.2249999656342,4.0,6.082762530298219,5.385164807134504,0.1660095455442491,0.3817234101180485,0.0305714720789683,0.2503128907130041,0.2490143183163736,0.3137747102707737,0.0,0.0415023863860622,0.1255098841083095,0.006889792302952,0.0239550304826724,0.0001735536308632,0.0,0.1651486774146268,0.3805063771123649,0.036796157860191,0.0068540642212089,0.0135147599654476,0.0004524198311338,0.0007082481087049,0.0014924052017975,11.0,1155.6666666666667,283.3333333333333,1492.5699999827582,5.155975779144241,0.19276814258042196,0.27103397310005045,0.31287060113615367,0.010339458805495865,0.1818850181756639,0.01905499401561583,0.0008843577138787333,1150.0,1161.0,282.0,285.0,0.0,0.1255098841083095,0.2490143183163736,0.3137747102707737,0.0305714720789683,0.3817234101180485,0.0001735536308632,0.0239550304826724,0.0,0.3805063771123649,0.0004524198311338,0.0014924052017975,4.0,6.082762530298219,0.0068540642212089,0.036796157860191,1471.1949999909848,1511.2249999656342,9
11,1161,1160,1159.0,286,286,288.0,1687.374999979511,1703.2649999600835,1719.2550000036135,1.0,1.0,2.23606797749979,0.0629326621285473,0.0625390867590789,0.2793339131217093,0.0,0.0629326621285473,0.0625390867590789,0.0056769798462743,0.0,0.1250781735181579,0.0039605199625858,0.0039111373726596,0.0348949297628828,1.5707963267948966,3.141592653589793,2.0344439357957027,0.0067572520555706,0.0988543945069464,0.0692400697173276,2.1498531543708927e-05,3.107777846863968e-06,0.0019376980804174,12.0,1160.0,286.6666666666667,1703.2983333144027,1.4120226591665965,0.1349352206697785,0.041823916295875396,0.08351664080192804,0.014255529032709399,2.248944305393464,0.05828390542661486,0.0006541014632693243,1159.0,1161.0,286.0,288.0,0.0,0.1250781735181579,0.0,0.0629326621285473,0.0625390867590789,0.2793339131217093,0.0039111373726596,0.0348949297628828,1.5707963267948966,3.141592653589793,3.107777846863968e-06,0.0019376980804174,1.0,2.23606797749979,0.0067572520555706,0.0988543945069464,1687.374999979511,1719.2550000036135,9
12,1157,1156,1154.0,288,288,288.0,1727.260000014212,1743.244999961462,1759.2299999669194,2.0,1.0,2.0,0.1251172978792587,0.0625586487118287,0.1253525539808744,0.2498438472644649,0.0625586489396293,0.1251172974236575,0.0,0.0,0.0,0.0078271691143035,0.0039135845286499,0.007856631394764,3.141592653589793,3.141592653589793,3.141592653589793,0.1383071475737975,0.0,0.0,0.0033813567286373,0.0002448285641894,0.0002466716837515,13.0,1155.6666666666667,288.0,1743.2449999808643,1.6666666666666667,0.10434283352398727,0.14583993120925057,0.14583993120925057,0.0065324616792391335,3.141592653589793,0.04610238252459917,0.0012909523255260665,1154.0,1157.0,288.0,288.0,0.0,0.0,0.0625586489396293,0.2498438472644649,0.0625586487118287,0.1253525539808744,0.0039135845286499,0.007856631394764,3.141592653589793,3.141592653589793,0.0002448285641894,0.0033813567286373,1.0,2.0,0.0,0.1383071475737975,1727.260000014212,1759.2299999669194,9
13,1151,1147,1141.0,288,289,289.0,1775.1849999767728,1791.220000013709,1807.2200000169687,3.0,4.123105625617661,6.0,0.1870907385774598,0.2576941015486046,0.3747657722592358,0.1880288309713117,0.2494543181032798,0.3749999999236024,0.0,0.0623635795258199,0.0,0.0116676481538198,0.0161058813435065,0.0234082306761769,3.141592653589793,2.896613990462929,3.141592653589793,0.0,0.0152777463400412,0.0153111664423097,0.0002388603420057,0.0002767841084791,0.0004563968331989,14.0,1146.3333333333333,288.6666666666667,1791.2083333358169,4.3743685418725535,0.27318353746176677,0.2708277163327313,0.2708277163327313,0.01706058672450107,3.0599330992141716,0.010196304260783634,0.00032401376122790005,1141.0,1151.0,288.0,289.0,0.0,0.0623635795258199,0.1880288309713117,0.3749999999236024,0.1870907385774598,0.3747657722592358,0.0116676481538198,0.0234082306761769,2.896613990462929,3.141592653589793,0.0002388603420057,0.0004563968331989,3.0,6.0,0.0,0.0153111664423097,1775.1849999767728,1807.2200000169687,9
14,1129,1108,1070.0,289,289,286.0,1823.229999979958,1839.24499998102,1863.245000015013,12.0,21.0,38.11823710509184,0.749297533512611,0.8749999987606619,2.3771897197167453,0.7495315445184717,1.3112706836470691,1.5833333310907216,0.0,0.0,0.1249999998229517,0.0467872328106735,0.0364583332300551,0.1482500606716702,3.141592653589793,3.141592653589793,3.0628086926006493,0.0,0.0,0.0032826650365648,0.0014602749649308,0.000644951581638,0.0046579886368031,15.0,1102.3333333333333,288.0,1841.9066666586634,23.706079035030616,1.3338290839966727,1.2147118530854208,1.2563785196930715,0.07716520890413293,3.1153313332600785,0.0010942216788549332,0.0022544050611239667,1070.0,1129.0,286.0,289.0,0.0,0.1249999998229517,0.7495315445184717,1.5833333310907216,0.749297533512611,2.3771897197167453,0.0364583332300551,0.1482500606716702,3.0628086926006493,3.141592653589793,0.000644951581638,0.0046579886368031,12.0,38.11823710509184,0.0,0.0032826650365648,1823.229999979958,1863.245000015013,9
15,1029,974,927.0,281,273,270.0,1879.2799999937413,1895.2449999633243,1911.244999966584,41.30375285612676,55.57877292636101,47.09564735726647,2.587143935785776,3.4736733071898827,2.93705314928486,2.556906769840287,3.4450360228492105,2.9374999994015525,0.3118178987610106,0.501096148778067,0.1874999999618012,0.1620509828195978,0.2171045816551376,0.1831651476469863,3.0202406530190298,2.9971510752151493,3.077849341057106,0.0026546953313432,0.0014462623143045,0.0050436416140947,0.0008606749090262,0.0034483932941077,0.0021212146250773,16.0,976.6666666666666,274.6666666666667,1895.2566666412165,47.99272437991808,2.9992901307535065,2.97981426403035,3.0423142640176173,0.18744023737390725,3.031747023097095,0.003048199753247467,0.0021434276094037335,927.0,1029.0,270.0,281.0,0.1874999999618012,0.501096148778067,2.556906769840287,3.4450360228492105,2.587143935785776,3.4736733071898827,0.1620509828195978,0.2171045816551376,2.9971510752151493,3.077849341057106,0.0008606749090262,0.0034483932941077,41.30375285612676,55.57877292636101,0.0014462623143045,0.0050436416140947,1879.2799999937413,1911.244999966584,9
16,892,860,832.0,266,265,263.0,1927.2800000035204,1943.2249999954363,1959.219999960624,35.22782990761707,32.01562118716424,28.0713376952364,2.209333955815432,2.0016018291244566,1.7506291007530226,2.1827252834036988,2.006898715347979,1.750547049761895,0.2494543181032798,0.0627155848546243,0.1250390749829925,0.1385596711781455,0.1251392205989939,0.1091754971450258,3.027800646446085,3.110352820159525,3.070285188804503,0.0031212157465378,0.0051773078554589,0.0025050097806957,0.0027817571790516,0.000841671407084,0.0009980446069842,17.0,861.3333333333334,264.6666666666667,1943.2416666531935,31.771596263339234,1.9871882952309703,1.980057016171191,2.0217367078321886,0.12429146297405506,3.069479551803371,0.0036011777942307997,0.0015404910643732667,832.0,892.0,263.0,266.0,0.0627155848546243,0.2494543181032798,1.750547049761895,2.1827252834036988,1.7506291007530226,2.209333955815432,0.1091754971450258,0.1385596711781455,3.027800646446085,3.110352820159525,0.000841671407084,0.0027817571790516,28.0713376952364,35.22782990761707,0.0025050097806957,0.0051773078554589,1927.2800000035204,1959.219999960624,9
17,803,764,718.0,263,263,263.0,1975.25499999756,1991.214999987278,2007.2199999704023,29.0,39.0,46.0,1.8170426076868715,2.436738521782027,2.869619463709326,1.8085438062487789,2.4436090241306205,2.874101846204442,0.0,0.0,0.0,0.1138497875223967,0.1522485800906784,0.1790155623152043,3.141592653589793,3.141592653589793,3.141592653589793,0.004446988750922,0.0,0.0,0.0002915054796759,0.0024059393855275,0.0016724137614963,18.0,761.6666666666666,263.0,1991.2299999850802,38.0,2.374466864392742,2.3754182255279472,2.3754182255279472,0.14837130997609313,3.141592653589793,0.0014823295836406665,0.0014566195422332333,718.0,803.0,263.0,263.0,0.0,0.0,1.8085438062487789,2.874101846204442,1.8170426076868715,2.869619463709326,0.1138497875223967,0.1790155623152043,3.141592653589793,3.141592653589793,0.0002915054796759,0.0024059393855275,29.0,46.0,0.0,0.004446988750922,1975.25499999756,2007.2199999704023,9
18,669,603,572.0,263,263,263.0,2023.2499999692664,2047.1449999604372,2063.254999986384,49.0,66.0,31.0,2.050638209587987,4.096834257833699,1.9356852949075785,3.05676855916863,2.762084119036881,1.9242706362552224,0.0,0.0,0.0,0.0858187156453515,0.2543038020630271,0.1208670180942399,3.141592653589793,3.141592653589793,3.141592653589793,0.0,0.0,0.0,0.0058139018513074,0.0070510603255881,0.008282854360886,19.0,614.6666666666666,263.0,2044.5499999720294,48.666666666666664,2.6943859207764214,2.5810411048202444,2.5810411048202444,0.15366317860087284,3.141592653589793,0.0,0.0070492721792605,572.0,669.0,263.0,263.0,0.0,0.0,1.9242706362552224,3.05676855916863,1.9356852949075785,4.096834257833699,0.0858187156453515,0.2543038020630271,3.141592653589793,3.141592653589793,0.0058139018513074,0.008282854360886,31.0,66.0,0.0,0.0,2023.2499999692664,2063.254999986384,9
19,544,519,497.0,263,263,261.0,2079.2699999874458,2095.254999992904,2111.1500000115484,28.0,25.0,22.09072203437452,1.751642163931206,1.5728216401808504,1.3695425932687937,1.7483609115294256,1.5639662177957194,1.3840830433591484,0.0,0.0,0.125825731214468,0.1095803668021999,0.0989507164728472,0.0849065463708605,3.141592653589793,3.141592653589793,3.050932766389048,0.0,0.0,0.0057036732994274,0.0007047549978952,0.0006649765608835,0.0008835589861914,20.0,520.0,262.3333333333333,2095.224999997299,25.03024067812484,1.56466879912695,1.5654700575614313,1.607411967966254,0.09781254321530253,3.1113726911895445,0.0019012244331424665,0.0007510968483233667,497.0,544.0,261.0,263.0,0.0,0.125825731214468,1.3840830433591484,1.7483609115294256,1.3695425932687937,1.751642163931206,0.0849065463708605,0.1095803668021999,3.050932766389048,3.141592653589793,0.0006649765608835,0.0008835589861914,22.09072203437452,28.0,0.0,0.0057036732994274,2079.2699999874458,2111.1500000115484,9
20,473,449,429.0,261,259,255.0,2127.280000015162,2143.225000007078,2159.219999972265,24.0,24.08318915758459,20.396078054371134,1.5051740365109845,1.505669847452406,1.2751533619593092,1.4879107250231487,1.5051740365109845,1.250390749829925,0.0,0.1254311697092487,0.250078149965985,0.094397870007782,0.0941337824776161,0.0797219981303049,3.141592653589793,3.058451421701352,2.9441970937399127,0.0056205757706407,0.0052142509834175,0.0071431277405509,0.0005884267597517,1.6562403907170742e-05,0.000901018091821,21.0,450.3333333333333,258.3333333333333,2143.241666664835,22.826422403985244,1.4286657486408998,1.4144918371213526,1.4978512204433476,0.08941788353856767,3.0480803896770197,0.005992651498203033,0.0005020024184932902,429.0,473.0,255.0,261.0,0.0,0.250078149965985,1.250390749829925,1.5051740365109845,1.2751533619593092,1.505669847452406,0.0797219981303049,0.094397870007782,2.9441970937399127,3.141592653589793,1.6562403907170742e-05,0.000901018091821,20.396078054371134,24.08318915758459,0.0052142509834175,0.0071431277405509,2127.280000015162,2159.219999972265,9
21,406,378,346.0,254,252,249.0,2175.21499999566,2191.46499998169,2207.2499999776483,23.021728866442675,28.0713376952364,32.14031735997639,1.416721777614403,1.7783552551425026,1.3436587521191954,1.4379493570715491,1.723076924558222,2.027241052150395,0.0625195372639804,0.1230769231827301,0.1900538486390995,0.0871828786973743,0.1126610868291334,0.0561730247379187,3.0981417581982624,3.070285188804503,3.048115872431204,0.0096245491861947,0.001714250425705,0.0014044546328144,0.000466450800635,0.001567889732533,0.0035785912008665,22.0,376.6666666666667,251.66666666666666,2191.3099999849996,27.74446130721849,1.5129119282920336,1.7294224445933886,1.7927737274730884,0.08533899675480879,3.072180939811323,0.004247751414904699,0.0018709772446781666,346.0,406.0,249.0,254.0,0.0625195372639804,0.1900538486390995,1.4379493570715491,2.027241052150395,1.3436587521191954,1.7783552551425026,0.0561730247379187,0.1126610868291334,3.048115872431204,3.0981417581982624,0.000466450800635,0.0035785912008665,23.021728866442675,32.14031735997639,0.0014044546328144,0.0096245491861947,2175.21499999566,2207.2499999776483,9
22,300,282,271.0,247,246,244.0,2231.1699999845587,2247.2199999610893,2263.214999984484,46.04345773288535,18.027756377319943,11.180339887498947,2.86875126481078,1.1270869866178146,0.6972460182307673,1.923076922521352,1.1214953287427254,0.6877149099037844,0.083612040109624,0.0623052960412625,0.1250390745279608,0.1787383968227819,0.0704649568595998,0.0434827576648398,3.0981417581982624,3.086094148344076,2.961739153797315,0.0020913831836373,0.0007506298985547,0.0077746167155283,0.0051239704034052,0.0067460087303119,0.0016869146080209,23.0,284.3333333333333,245.66666666666666,2247.2016666433774,25.083851332568077,1.564361423219787,1.2440957203892873,1.2857754118986076,0.0975620371157405,3.0486583534465512,0.0035388765992400996,0.004518964580579333,271.0,300.0,244.0,247.0,0.0623052960412625,0.1250390745279608,0.6877149099037844,1.923076922521352,0.6972460182307673,2.86875126481078,0.0434827576648398,0.1787383968227819,2.961739153797315,3.0981417581982624,0.0016869146080209,0.0067460087303119,11.180339887498947,46.04345773288535,0.0007506298985547,0.0077746167155283,2231.1699999845587,2263.214999984484,9
23,267,264,261.0,243,243,243.0,2279.2499999632128,2295.219999970868,2311.214999994263,4.123105625617661,3.0,3.0,0.2581781855755282,0.1875586117919412,0.1874999999618012,0.2494543190088085,0.1878522228279212,0.1875586117919412,0.0623635797522021,0.0,0.0,0.0161664486820141,0.0117260776191067,0.0117187499952251,2.896613990462929,3.141592653589793,3.141592653589793,0.0040614383174791,0.0153399288045979,0.0,0.0017035428137862,0.0002780445247826,4.5811965431890636e-07,24.0,264.0,243.0,2295.228333309448,3.374368541872554,0.2110789324430902,0.2082883845428903,0.2082883845428903,0.013203758765448636,3.0599330992141716,0.006467122374025667,0.0006606818194077064,261.0,267.0,243.0,243.0,0.0,0.0623635797522021,0.1875586117919412,0.2494543190088085,0.1874999999618012,0.2581781855755282,0.0117187499952251,0.0161664486820141,2.896613990462929,3.141592653589793,4.5811965431890636e-07,0.0017035428137862,3.0,4.123105625617661,0.0,0.0153399288045979,2279.2499999632128,2311.214999994263,9
24,258,256,252.0,243,243,243.0,2327.2149999975227,2343.219999980647,2359.209999965969,3.0,2.0,4.0,0.1874414247524636,0.1250781739734742,0.2498438472644649,0.1874999999618012,0.1249609498349757,0.2501563479469484,0.0,0.0,0.0,0.0117114292377444,0.0078222748022693,0.0156054870039773,3.141592653589793,3.141592653589793,3.141592653589793,0.0,0.0,0.0,4.57547342448016e-07,0.0002429962161559,0.0004867549849188,25.0,255.33333333333334,243.0,2343.2149999813796,3.0,0.18745448199680093,0.18753909924790846,0.18753909924790846,0.011713063681330333,3.141592653589793,0.0,0.00024340291613904935,252.0,258.0,243.0,243.0,0.0,0.0,0.1249609498349757,0.2501563479469484,0.1250781739734742,0.2498438472644649,0.0078222748022693,0.0156054870039773,3.141592653589793,3.141592653589793,4.57547342448016e-07,0.0004867549849188,2.0,4.0,0.0,0.0,2327.2149999975227,2359.209999965969,9
25,250,251,255.0,243,243,243.0,2375.2199999871664,2439.3249999848194,2447.314999997616,2.0,1.0,4.0,0.0311988144461933,0.125156445356502,0.2514142046426745,0.1249219236322324,0.0155994072230966,0.5006257814260083,0.0,0.0,0.0,0.0004866830114239,0.015664135814275,0.0158022755740271,3.141592653589793,0.0,0.0,0.0,0.0490069831324359,0.0,0.0009443350388842,0.000236759266881,1.7289081292969308e-05,26.0,252.0,243.0,2420.619999989867,2.3333333333333335,0.13592315481512326,0.21371570409377913,0.21371570409377913,0.010651031466575334,1.0471975511965976,0.0163356610441453,0.0003994611290193898,250.0,255.0,243.0,243.0,0.0,0.0,0.0155994072230966,0.5006257814260083,0.0311988144461933,0.2514142046426745,0.0004866830114239,0.0158022755740271,0.0,3.141592653589793,1.7289081292969308e-05,0.0009443350388842,1.0,4.0,0.0,0.0490069831324359,2375.2199999871664,2447.314999997616,9
26,264,271,285.0,239,237,231.0,2463.225000014063,2479.14499999024,2495.2249999623746,9.848857801796104,7.280109889280518,15.231546211727816,0.6186468477722532,0.4527431531030027,0.9522692209721568,0.5656819604460176,0.4396984931202914,0.8706467676779056,0.2514142046426745,0.1256281408915118,0.3731343290048167,0.0388597266770111,0.0281556687741023,0.0595354310459103,0.4182243295792291,0.2782996590051113,0.4048917862850834,0.0262868842958444,0.0087892381145418,0.0078726447449841,0.001449242682536,0.0006723654471687,0.0019514777566036,27.0,273.3333333333333,235.66666666666666,2479.1983333222256,10.786837967601478,0.6745530739491375,0.6253424070814049,0.7497205167496771,0.042183608832341235,0.3671385916231413,0.014316255718456766,0.0013576952954361,264.0,285.0,231.0,239.0,0.1256281408915118,0.3731343290048167,0.4396984931202914,0.8706467676779056,0.4527431531030027,0.9522692209721568,0.0281556687741023,0.0595354310459103,0.2782996590051113,0.4182243295792291,0.0006723654471687,0.0019514777566036,7.280109889280518,15.231546211727816,0.0078726447449841,0.0262868842958444,2463.225000014063,2495.2249999623746,9
27,301,321,338.0,224,213,207.0,2511.2199999857694,2527.2600000025705,2543.224999972153,17.46424919657298,22.825424421026653,18.027756377319943,1.088793589668335,1.4297165339501618,1.124976995690891,1.0003125962236863,1.246882791711412,1.0648293161533924,0.4376367608478628,0.6857855354412766,0.3758221115835502,0.0678798995341571,0.089553181125844,0.0702013725027854,0.4124104415973873,0.5028432109278608,0.3392926144540447,0.0004700628509726,0.0056379531942487,0.0102443217529231,0.000521692308599,0.0013512020928295,0.0012121395966131,28.0,320.0,214.66666666666666,2527.234999986831,19.43914333163986,1.2144957064364625,1.1040082346961635,1.2292822718906804,0.07587815105426217,0.4181820889930976,0.005450779266048133,0.0010283446660138667,301.0,338.0,207.0,224.0,0.3758221115835502,0.6857855354412766,1.0003125962236863,1.246882791711412,1.088793589668335,1.4297165339501618,0.0678798995341571,0.089553181125844,0.3392926144540447,0.5028432109278608,0.000521692308599,0.0013512020928295,17.46424919657298,22.825424421026653,0.0004700628509726,0.0102443217529231,2511.2199999857694,2543.224999972153,9
28,349,358,367.0,202,198,195.0,2559.2499999911524,2575.23499999661,2599.110000010114,12.083045973594572,9.848857801796104,9.486832980505138,0.75589902843098,0.4125176040303829,0.58851321271308,0.6864274562844667,0.563027838406459,0.3769633505721223,0.312012480129303,0.2502345948473151,0.1256544501907074,0.0472880217812263,0.0172782242428085,0.036508263848388,0.4266274931268761,0.4182243295792291,0.3217505543966422,0.0054499144193003,0.0005256905564452,0.0040407863927966,0.0014298502773412,0.0018773723821189,0.0008054466845948,29.0,358.0,198.33333333333334,2577.864999999292,10.47291225196527,0.5856432817248143,0.542139548421016,0.5840243651512518,0.0336915032908076,0.38886745903424913,0.003338797122847367,0.0013708897813516335,349.0,367.0,195.0,202.0,0.1256544501907074,0.312012480129303,0.3769633505721223,0.6864274562844667,0.4125176040303829,0.75589902843098,0.0172782242428085,0.0472880217812263,0.3217505543966422,0.4266274931268761,0.0008054466845948,0.0018773723821189,9.486832980505138,12.083045973594572,0.0005256905564452,0.0054499144193003,2559.2499999911524,2599.110000010114,9
29,374,382,395.0,194,193,193.0,2615.2299999957904,2631.215000001248,2647.57999998983,7.071067811865476,8.06225774829855,13.0,0.442356447260012,0.4926524750335265,0.8384392122062182,0.4342431765645153,0.5004691896946303,0.7943782468115015,0.0620347395092164,0.0625586487118287,0.0,0.0276732215895517,0.0301040314926522,0.0540754086588449,0.1418970546041639,0.1243549945467614,0.0,0.0111571650094473,0.0010974075728128,0.0075988386577161,0.0005480795450798,0.0001520681828133,0.0014647954282259,30.0,383.6666666666667,193.33333333333334,2631.3416666622893,9.377775186721342,0.5911493781665856,0.5763635376902156,0.5763635376902156,0.0372842205803496,0.08875068305030843,0.006617803746658733,0.0007216477187063333,374.0,395.0,193.0,194.0,0.0,0.0625586487118287,0.4342431765645153,0.7943782468115015,0.442356447260012,0.8384392122062182,0.0276732215895517,0.0540754086588449,0.0,0.1418970546041639,0.0001520681828133,0.0014647954282259,7.071067811865476,13.0,0.0010974075728128,0.0111571650094473,2615.2299999957904,2647.57999998983,9
30,409,428,453.0,193,193,193.0,2663.0850000074133,2679.219999990892,2695.2199999941517,14.0,19.0,25.0,0.8676789596737217,1.1874999997580744,1.56298843159951,0.9029345362220812,1.1775643024143363,1.5624999996816769,0.0,0.0,0.0,0.0537761983614622,0.0742187499697593,0.0977173134925558,0.0,0.0,0.0,0.0,0.0,0.0,1.929766507857521e-05,0.0012669694223259,0.0014686602198755,31.0,430.0,193.0,2679.1749999974854,19.333333333333332,1.2060557970104353,1.2143329461060315,1.2143329461060315,0.07523742060792576,0.0,0.0,0.0009183091024266584,409.0,453.0,193.0,193.0,0.0,0.0,0.9029345362220812,1.5624999996816769,0.8676789596737217,1.56298843159951,0.0537761983614622,0.0977173134925558,0.0,0.0,1.929766507857521e-05,0.0014686602198755,14.0,25.0,0.0,0.0,2663.0850000074133,2695.2199999941517,9
31,486,535,590.0,193,193,193.0,2711.215000017546,2727.260000014212,2743.22999996366,33.0,49.0,55.0,2.056715488118253,3.068252984039255,3.4342803619328004,2.063144729711353,3.0539108762968,3.44395743106447,0.0,0.0,0.0,0.1281841999716819,0.1921260484503223,0.214441483715587,0.0,0.0,0.0,0.0,0.0,0.0,0.0019047756445491,0.0039851572759069,0.0013973347110772,32.0,537.0,193.0,2727.2349999984726,45.666666666666664,2.8530829446967694,2.853671012357541,2.853671012357541,0.17825057737919706,0.0,0.0,0.0024290892105110666,486.0,590.0,193.0,193.0,0.0,0.0,2.063144729711353,3.44395743106447,2.056715488118253,3.4342803619328004,0.1281841999716819,0.214441483715587,0.0,0.0,0.0013973347110772,0.0039851572759069,33.0,55.0,0.0,0.0,2711.215000017546,2743.22999996366,9
32,625,635,619.0,193,193,196.0,2759.244999964721,2775.259999965783,2831.230000010692,35.0,10.0,16.278820596099706,2.185451139411782,0.1786671429690253,1.0180625773009673,2.185451139411782,0.6244146112605091,0.2858674287504406,0.0,0.0,0.0536001428907076,0.1364627623644644,0.0031921947976714,0.0636687040797669,0.0,0.0,2.9562447035940984,0.0,0.0,0.052818379510847,0.0048691052979052,0.0083216089639686,0.0010805165130171,33.0,626.3333333333334,194.0,2788.578333313732,20.426273532033235,1.127393619893925,1.0319110598075774,1.0497777741044798,0.0677745537473009,0.9854149011980328,0.017606126503615666,0.004757076924963633,619.0,635.0,193.0,196.0,0.0,0.0536001428907076,0.2858674287504406,2.185451139411782,0.1786671429690253,2.185451139411782,0.0031921947976714,0.1364627623644644,0.0,2.9562447035940984,0.0010805165130171,0.0083216089639686,10.0,35.0,0.0,0.052818379510847,2759.244999964721,2831.230000010692,9
33,589,532,451.0,202,210,219.0,2847.219999996014,2863.214999961201,2879.2149999644607,30.59411708155671,57.55866572463264,81.49846624323675,1.9127300498996107,3.59741660705665,5.092062857405256,1.8761726096021132,3.5636136370152864,5.062499998968633,0.3752345219204226,0.50015629993197,0.5624999998854037,0.1195829980658102,0.2248385378952349,0.3181545044833029,2.9441970937399127,3.002152596498456,3.0309354324158977,0.0007534465206531,0.0036233512275512,0.0017989272444736,0.0034968288953951,0.0065805276685533,0.005832247910566,34.0,524.0,210.33333333333334,2863.2166666405587,56.5504163498087,3.5340698381205056,3.500762081862011,3.688262081823812,0.22085868014811597,2.9924283742180893,0.0020585749975593,0.0053032014915048,451.0,589.0,202.0,219.0,0.3752345219204226,0.5624999998854037,1.8761726096021132,5.062499998968633,1.9127300498996107,5.092062857405256,0.1195829980658102,0.3181545044833029,2.9441970937399127,3.0309354324158977,0.0034968288953951,0.0065805276685533,30.59411708155671,81.49846624323675,0.0007534465206531,0.0036233512275512,2847.219999996014,2879.2149999644607,9
34,363,303,269.0,228,228,229.0,2895.220000005793,2911.2249999889173,2927.495000010822,88.45903006477066,60.0,34.0147027033899,5.526962209187208,3.687768894850677,2.1589782737306145,5.498281772742549,3.748828495049272,2.08973570708205,0.5623242722123061,0.0,0.0614628149141779,0.3453272236810247,0.2266606570304696,0.137034482620255,3.0396742861089194,3.141592653589793,3.112189365385788,0.0005460077269886,0.00636790800302,0.0018072088607509,0.0016977643940986,0.0074143434411544,0.0055086769692408,35.0,311.6666666666667,228.33333333333334,2911.3133333351775,60.824577589386855,3.7912364592561665,3.77894865829129,3.799436263262683,0.23634078777724976,3.0978187683615004,0.002907041530253167,0.004873594934831266,269.0,363.0,228.0,229.0,0.0,0.5623242722123061,2.08973570708205,5.498281772742549,2.1589782737306145,5.526962209187208,0.137034482620255,0.3453272236810247,3.0396742861089194,3.141592653589793,0.0016977643940986,0.0074143434411544,34.0147027033899,88.45903006477066,0.0005460077269886,0.00636790800302,2895.220000005793,2927.495000010822,9
35,258,258,259.0,231,232,232.0,2943.250000011176,3143.44000001438,3151.2600000132807,11.180339887498947,1.0,1.0,0.0558486432255358,0.1278772378696332,0.0626566416443748,0.698191050444488,0.0,0.1278772378696332,0.1269438273535432,0.0049952545081372,0.0,0.0002789781868457,0.0163525879651667,0.0039258547421516,2.961739153797315,1.5707963267948966,0.0,0.0095493628425955,0.006948113427145,0.2008690955262971,0.0086801335722207,8.029177170719727e-05,0.0015890963203019,36.0,258.3333333333333,231.66666666666666,3079.316666679612,4.3934466291663155,0.08212750757984794,0.27535609610470707,0.27535609610470707,0.006852473631388,1.5108451601974038,0.07245552393201253,0.0034498405547432657,258.0,259.0,231.0,232.0,0.0,0.1269438273535432,0.0,0.698191050444488,0.0558486432255358,0.1278772378696332,0.0002789781868457,0.0163525879651667,0.0,2.961739153797315,8.029177170719727e-05,0.0086801335722207,1.0,11.180339887498947,0.006948113427145,0.2008690955262971,2943.250000011176,3151.2600000132807,9
36,263,275,304.0,232,232,230.0,3167.220000002999,3183.214999968186,3199.209999991581,4.0,12.0,29.068883707497267,0.250078149965985,0.7502344471677648,1.8168052313484475,0.2506265665774995,0.750234449897955,1.813066580655432,0.0,0.0,0.1250390745279608,0.0156347702726024,0.0469043104764268,0.1135503269361447,0.0,0.0,0.0688564893010446,0.0,0.0,0.0043048758487235,0.0007336413244357,0.0019549571911148,0.0041666781095491,37.0,280.6666666666667,231.33333333333334,3183.2149999875887,15.02296123583242,0.9390392761607324,0.9379758657102956,0.9796555572196158,0.0586964692283913,0.0229521631003482,0.0014349586162411667,0.0022850922083665335,263.0,304.0,230.0,232.0,0.0,0.1250390745279608,0.2506265665774995,1.813066580655432,0.250078149965985,1.8168052313484475,0.0156347702726024,0.1135503269361447,0.0,0.0688564893010446,0.0007336413244357,0.0041666781095491,4.0,29.068883707497267,0.0,0.0043048758487235,3167.220000002999,3199.209999991581,9
37,367,464,578.0,230,230,230.0,3215.2099999948405,3231.214999977965,3247.2199999610893,63.0,97.0,114.0,3.936269919801736,6.060606066996323,7.1272272480937655,3.9374999991978257,6.060606066996323,7.1227741405936165,0.0,0.0,0.0,0.2459400139926343,0.3786695453537385,0.4455909495260546,0.0,0.0,0.0,0.0043035305804385,0.0,0.0,0.0082743554393448,0.0082930041550173,0.0041812811148314,38.0,469.6666666666667,230.0,3231.214999977965,91.33333333333333,5.708034411630609,5.706960068929256,5.706960068929256,0.3567335029574758,0.0,0.0014345101934795,0.006916213569731167,367.0,578.0,230.0,230.0,0.0,0.0,3.9374999991978257,7.1227741405936165,3.936269919801736,7.1272272480937655,0.2459400139926343,0.4455909495260546,0.0,0.0,0.0041812811148314,0.0082930041550173,63.0,114.0,0.0,0.0043035305804385,3215.2099999948405,3247.2199999610893,9
38,705,821,894.0,230,230,230.0,3263.214999984484,3279.229999985546,3295.429999998305,127.0,116.0,73.0,7.930065563008466,7.160493821520889,4.615871010998907,7.93998123252551,7.243209490621906,4.506172835957111,0.0,0.0,0.0,0.4951648805796282,0.442005791103783,0.2918666464408229,0.0,0.0,0.0,0.0,0.0,0.0,0.0030993392298258,0.0033193312190022,0.0092678484286858,39.0,806.6666666666666,230.0,3279.291666656112,105.33333333333333,6.568810131842755,6.563121186368176,6.563121186368176,0.40967910604141133,0.0,0.0,0.0052288396258379334,705.0,894.0,230.0,230.0,0.0,0.0,4.506172835957111,7.93998123252551,4.615871010998907,7.930065563008466,0.2918666464408229,0.4951648805796282,0.0,0.0,0.0030993392298258,0.0092678484286858,73.0,127.0,0.0,0.0,3263.214999984484,3295.429999998305,9
39,943,992,1015.0,234,242,245.0,3311.244999989867,3335.0900000077672,3351.2149999733083,49.16299421312742,49.64876634922564,23.194827009486403,2.06177371256958,3.078993268547254,1.4501298515511645,3.098324377245841,2.054938140625564,1.426356592195394,0.2529244389588442,0.3355001045919287,0.1860465120254862,0.0864656620264979,0.1909453193877225,0.0906614472916633,0.0814520443058709,0.1618374312384229,0.1297025371559121,0.0051503031520283,0.0033711632154417,0.0019928616527865,0.0129877321861468,0.0043816169965524,0.0062191548719605,40.0,983.3333333333334,240.33333333333334,3332.5166666569808,40.66886252394649,2.1969656108893325,2.1932063700222666,2.2552218740307617,0.12269080956862789,0.12433067090006862,0.003504776006752167,0.007862834684886565,943.0,1015.0,234.0,245.0,0.1860465120254862,0.3355001045919287,1.426356592195394,3.098324377245841,1.4501298515511645,3.078993268547254,0.0864656620264979,0.1909453193877225,0.0814520443058709,0.1618374312384229,0.0043816169965524,0.0129877321861468,23.194827009486403,49.64876634922564,0.0019928616527865,0.0051503031520283,3311.244999989867,3351.2149999733083,9
40,1043,1082,1114.0,248,252,255.0,3367.209999996703,3383.2099999999627,3399.2100000032224,28.16025568065745,39.20459156782532,32.14031735997639,1.760015979682528,2.450286972489893,0.5021924586473211,1.7505470433914512,2.437499999503416,1.9999999995925464,0.1875586117919412,0.2499999999490683,0.1874999999618012,0.1100009987077478,0.153142935749419,0.0078467571647657,0.1067356726491356,0.1022067181072535,0.0934767811585894,0.0014358777413681,0.0002830596588099,0.0005456210591803,0.0012090998054265,0.0026963710645551,0.0090810111596907,41.0,1079.6666666666667,251.66666666666666,3383.2099999999627,33.16838820281972,1.5708318036065807,2.0626823474958047,2.1251823474830718,0.09033023054064415,0.10080639063832615,0.0007548528197861,0.0043288273432241,1043.0,1114.0,248.0,255.0,0.1874999999618012,0.2499999999490683,1.7505470433914512,2.437499999503416,0.5021924586473211,2.450286972489893,0.0078467571647657,0.153142935749419,0.0934767811585894,0.1067356726491356,0.0012090998054265,0.0090810111596907,28.16025568065745,39.20459156782532,0.0002830596588099,0.0014358777413681,3367.209999996703,3399.2100000032224,9
41,1140,1152,1164.0,255,255,255.0,3463.210000016261,3478.9599999785423,3495.114999997895,26.0,12.0,12.0,1.65079365474702,0.7428040845326276,0.5006257826417052,0.406249999917236,0.7619047637293939,0.7428040845326276,0.0,0.0,0.0,0.1048122957905009,0.0459798256665295,0.0208855145204683,0.0,0.0,0.0,0.0014605747053054,0.0,0.0,0.0015150865407184,0.0037353949374517,0.0015533464014855,42.0,1152.0,255.0,3479.094999997566,16.666666666666668,0.9647411739737842,0.6369862827264191,0.6369862827264191,0.057225878659166236,0.0,0.0004868582351018,0.0022679426265518666,1140.0,1164.0,255.0,255.0,0.0,0.0,0.406249999917236,0.7619047637293939,0.5006257826417052,1.65079365474702,0.0208855145204683,0.1048122957905009,0.0,0.0,0.0015150865407184,0.0037353949374517,12.0,26.0,0.0,0.0014605747053054,3463.210000016261,3495.114999997895,9
42,1189,1213,1258.0,255,255,260.0,3519.0849999780767,3535.2699999930337,3551.225000002887,25.0,24.0,45.27692569068709,1.5446400974295185,1.5042306477704936,2.830692453218601,1.0429703805035526,1.4828544935323378,2.8204324645696754,0.0,0.0,0.3133813849521861,0.0954365212234829,0.0942795767371682,0.1769735829558958,0.0,0.0,0.1106572211738956,0.0,0.0,0.0069355826452871,0.0031101796731186,7.148251376246153e-05,0.0051829524392139,43.0,1220.0,256.6666666666667,3535.1933333246657,31.425641896895694,1.9598543994728708,1.7820857795351888,1.8865462411859175,0.12222989363884895,0.036885740391298535,0.0023118608817623665,0.0027882048753649874,1189.0,1258.0,255.0,260.0,0.0,0.3133813849521861,1.0429703805035526,2.8204324645696754,1.5042306477704936,2.830692453218601,0.0942795767371682,0.1769735829558958,0.0,0.1106572211738956,7.148251376246153e-05,0.0051829524392139,24.0,45.27692569068709,0.0,0.0069355826452871,3519.0849999780767,3551.225000002887,9
43,1334,1365,1365.0,270,281,287.0,3567.2199999680743,3583.219999971334,3599.2149999947287,76.6550715869472,32.89376840679705,6.0,4.790941973208157,2.056503179661489,0.744416871422585,4.751484849353715,1.9374999996052795,0.0,0.6251953749149625,0.6874999998599378,0.3751172235838824,0.2994338732645071,0.1285716271743406,0.0923594130764315,0.1308273960740569,0.3409789534963494,1.5707963267948966,0.0012610300058806,0.0131344723362174,0.076887613097829,0.0076561607111687,0.0106788903784598,0.0022639708687054,44.0,1354.6666666666667,279.3333333333333,3583.218333311379,38.51627999791475,2.530620674764077,2.2296616163196648,2.3547006908476256,0.1734549711717597,0.6808675587884343,0.030427705146642336,0.0068663406527779665,1334.0,1365.0,270.0,287.0,0.3751172235838824,0.6874999998599378,0.0,4.751484849353715,0.744416871422585,4.790941973208157,0.0923594130764315,0.2994338732645071,0.1308273960740569,1.5707963267948966,0.0022639708687054,0.0106788903784598,6.0,76.6550715869472,0.0012610300058806,0.076887613097829,3567.2199999680743,3599.2149999947287,9
44,1365,1365,1361.0,288,289,290.0,3607.275000016671,3639.3350000143982,3647.270000015851,1.0,1.0,4.123105625617661,0.0311915159098839,0.1260239445263899,0.2584209111948238,0.0,0.0,0.5040957781055599,0.1240694785704308,0.0311915159098839,0.1260239445263899,0.0009729106647565,0.0158820345939906,0.0161968606692579,1.5707963267948966,1.5707963267948966,2.896613990462929,0.0,0.0,0.167084771698208,0.0113382757025919,0.0004650381762411,3.96756238449556e-05,45.0,1363.6666666666667,289.0,3631.293333348973,2.04103520853922,0.13854545721036585,0.16803192603518666,0.21003990754398327,0.011017268642668332,2.012735548017574,0.05569492389940267,0.0039476631675593185,1361.0,1365.0,288.0,290.0,0.0311915159098839,0.1260239445263899,0.0,0.5040957781055599,0.0311915159098839,0.2584209111948238,0.0009729106647565,0.0161968606692579,1.5707963267948966,2.896613990462929,3.96756238449556e-05,0.0113382757025919,1.0,4.123105625617661,0.0,0.167084771698208,3607.275000016671,3647.270000015851,9
45,1342,1318,1263.0,290,290,291.0,3663.224999967497,3679.239999968559,3703.039999993052,19.0,24.0,55.00909015790027,1.1863877613949674,1.0084033603067388,3.3945751424214072,1.1908492671628108,1.498595067025222,2.31092436736961,0.0,0.0,0.0420168066794474,0.0740797852835664,0.0423698890449134,0.2094770221515906,3.141592653589793,3.141592653589793,3.123412838516815,0.0153543506029027,0.0,0.0007638577753894,0.0036278862293783,0.0019800122532969,0.0070213081064999,46.0,1307.6666666666667,290.3333333333333,3681.834999976369,32.669696719300084,1.8631220880410375,1.6667895671858808,1.680795169412363,0.10864223216002346,3.135532715232134,0.005372736126097367,0.004209735529725033,1263.0,1342.0,290.0,291.0,0.0,0.0420168066794474,1.1908492671628108,2.31092436736961,1.0084033603067388,3.3945751424214072,0.0423698890449134,0.2094770221515906,3.123412838516815,3.141592653589793,0.0019800122532969,0.0070213081064999,19.0,55.00909015790027,0.0,0.0153543506029027,3663.224999967497,3703.039999993052,9
46,1229,1203,1192.0,296,302,302.0,3719.244999985676,3735.214999993332,3751.185000000987,34.36568055487916,26.68332812825267,11.0,2.1518898270761078,1.6708408337796865,0.6859993772742234,2.098117865811532,1.6280525978419844,0.688791483702378,0.3085467449722841,0.3757044456558425,0.0,0.1347457624323459,0.1046237215390571,0.042781376874602,2.995580395878518,2.9147938055359077,3.141592653589793,0.0078884568155805,0.0050586468568493,0.0142015559139114,0.0046116173868102,0.0018861641126392,0.0038724073033694,47.0,1208.0,300.0,3735.2149999933317,24.01633622771061,1.5029100127100057,1.4716539824519648,1.4716539824519648,0.09405028694866834,3.017322285001406,0.009049553195447067,0.0034567296009396,1192.0,1229.0,296.0,302.0,0.0,0.3757044456558425,0.688791483702378,2.098117865811532,0.6859993772742234,2.1518898270761078,0.042781376874602,0.1347457624323459,2.9147938055359077,3.141592653589793,0.0018861641126392,0.0046116173868102,11.0,34.36568055487916,0.0050586468568493,0.0142015559139114,3719.244999985676,3751.185000000987,9
47,1186,1184,1183.0,302,303,303.0,3767.219999979716,3775.235000008252,3879.350000002887,6.0,2.23606797749979,1.0,0.7485963791189346,0.0214769051300485,0.1246882791711412,0.3741814785132127,0.2495321263729782,0.0096047639634204,0.0,0.1247660631864891,0.0,0.0933994231383299,0.0002062806044388,0.0155471669626604,3.141592653589793,2.677945044588987,3.141592653589793,0.0,0.0578474868808591,0.004453225846657,0.0031567225650686,0.0116273415099309,0.0001473455924603,48.0,1184.3333333333333,302.6666666666667,3807.268333330285,3.0786893258332633,0.29825385447337477,0.2111061229498704,0.2111061229498704,0.03638429023514303,2.9870434505895247,0.020766904242505366,0.0049771365558199335,1183.0,1186.0,302.0,303.0,0.0,0.1247660631864891,0.0096047639634204,0.3741814785132127,0.0214769051300485,0.7485963791189346,0.0002062806044388,0.0933994231383299,2.677945044588987,3.141592653589793,0.0001473455924603,0.0116273415099309,1.0,6.0,0.0,0.0578474868808591,3767.219999979716,3879.350000002887,9
48,1182,1181,1177.0,302,301,298.0,3887.370000011288,3903.234999976121,3919.2249999614432,1.4142135623730951,1.4142135623730951,5.0,0.0891404705646312,0.0884436249950743,0.3119151590988398,0.1246882791711412,0.0630318312144106,0.2501563479469484,0.1246882791711412,0.0630318312144106,0.1876172609602113,0.0056186870950029,0.0055311835569893,0.0194582132951309,2.356194490192345,2.356194490192345,2.498091544796509,0.0979299454582026,0.0,0.0088741122410515,0.0012379650694835,5.515508238740816e-06,0.0008709837242605,49.0,1180.0,300.3333333333333,3903.2766666496173,2.60947570824873,0.1631664182195151,0.14595881944416675,0.20849790643090382,0.010202694649041033,2.403493508393733,0.03560135256641803,0.0007048214339942469,1177.0,1182.0,298.0,302.0,0.0630318312144106,0.1876172609602113,0.0630318312144106,0.2501563479469484,0.0884436249950743,0.3119151590988398,0.0055311835569893,0.0194582132951309,2.356194490192345,2.498091544796509,5.515508238740816e-06,0.0012379650694835,1.4142135623730951,5.0,0.0,0.0979299454582026,3887.370000011288,3919.2249999614432,9
49,1170,1161,1153.0,294,291,288.0,3935.254999960307,3951.215000008233,3967.230000009295,8.06225774829855,9.486832980505138,8.54400374531753,0.5051539927373816,0.5923717127615493,0.534835915617661,0.4366812227383757,0.5639097727427406,0.4995316890084073,0.2495321272790718,0.1879699242475802,0.1873243833781527,0.0316512525827361,0.0369885552745724,0.0334795565593412,2.62244653934327,2.819842099193151,2.782821983319221,0.0077576415817576,0.0123681428105969,0.0023115901262239,0.0007606387578583,0.0003344174608902,0.0002191070068684,50.0,1161.3333333333333,291.0,3951.233333325945,8.697698158040405,0.5441205403721973,0.5000408948298412,0.562482355955892,0.03403978813888323,2.741703540618547,0.007479124839526133,0.0004380544085389667,1153.0,1170.0,288.0,294.0,0.1873243833781527,0.2495321272790718,0.4366812227383757,0.5639097727427406,0.5051539927373816,0.5923717127615493,0.0316512525827361,0.0369885552745724,2.62244653934327,2.819842099193151,0.0002191070068684,0.0007606387578583,8.06225774829855,9.486832980505138,0.0023115901262239,0.0123681428105969,3935.254999960307,3967.230000009295,9
50,1143,1135,1134.0,283,281,280.0,3983.204999996815,3999.2099999799393,4007.259999983944,11.180339887498947,8.246211251235321,1.4142135623730951,0.6985529459098672,1.0243740679668352,0.0588030587087705,0.6259780912558393,0.4998437993399029,0.1242236024226737,0.3129890456279196,0.1249609498349757,0.1242236024226737,0.0436459198154587,0.127251436951209,0.0024450336254057,2.677945044588987,2.896613990462929,2.356194490192345,0.0065650665923107,0.0136625395879103,0.067132857143073,0.0006363920666077,0.0052237124163638,0.0155039010265484,51.0,1137.3333333333333,281.3333333333333,3996.5583333202326,6.946921567035788,0.5939100241951576,0.41668183100613865,0.45808969848036324,0.05778079679735781,2.6435845084147536,0.029120154441098,0.007121335169839967,1134.0,1143.0,280.0,283.0,0.1242236024226737,0.3129890456279196,0.1242236024226737,0.6259780912558393,0.0588030587087705,1.0243740679668352,0.0024450336254057,0.127251436951209,2.356194490192345,2.896613990462929,0.0006363920666077,0.0155039010265484,1.4142135623730951,11.180339887498947,0.0065650665923107,0.067132857143073,3983.204999996815,4007.259999983944,9
51,1133,1132,1132.0,279,278,276.0,4031.309999991208,4047.2699999809274,4071.149999974296,1.4142135623730951,1.4142135623730951,2.0,0.0886098723862258,0.0592216734826547,0.1242236024226737,0.0415800415674823,0.0626566416443748,0.0,0.0415800415674823,0.0626566416443748,0.0837520938256014,0.0055519970202575,0.0024799695770142,0.0077157516994332,2.356194490192345,2.356194490192345,1.5707963267948966,0.0,0.0,0.032889370335659,0.0001291876671065,0.0001924829226329,0.0002192538577836,52.0,1132.3333333333333,277.6666666666667,4049.9099999821433,1.6094757082487299,0.09068504943051807,0.03474556107061904,0.06266292567915284,0.005249239432234967,2.0943951023931953,0.010963123445219667,0.00018030814917433335,1132.0,1133.0,276.0,279.0,0.0415800415674823,0.0837520938256014,0.0,0.0626566416443748,0.0592216734826547,0.1242236024226737,0.0024799695770142,0.0077157516994332,1.5707963267948966,2.356194490192345,0.0001291876671065,0.0002192538577836,1.4142135623730951,2.0,0.0,0.032889370335659,4031.309999991208,4071.149999974296,9
52,1132,1132,1131.0,275,274,274.0,4087.249999982305,4127.329999988433,4302.759999991395,1.0,1.0,1.0,0.0249500997965844,0.0057002793135901,0.1170960186007692,0.0,0.0,0.0057002793135901,0.0621118012113368,0.0249500997965844,0.0,0.0006225074798595,3.249318425294367e-05,0.0137114775721516,1.5707963267948966,1.5707963267948966,3.141592653589793,0.0,0.0,0.0089539778074923,0.0004405741749096,1.472091555679557e-05,7.797403173726167e-05,53.0,1131.6666666666667,274.3333333333333,4172.446666654044,1.0,0.04924879923698123,0.0019000931045300333,0.0019000931045300333,0.004788826078754681,2.0943951023931953,0.0029846592691641,0.00017775637406788574,1131.0,1132.0,274.0,275.0,0.0,0.0621118012113368,0.0,0.0057002793135901,0.0057002793135901,0.1170960186007692,3.249318425294367e-05,0.0137114775721516,1.5707963267948966,3.141592653589793,1.472091555679557e-05,0.0004405741749096,1.0,1.0,0.0,0.0089539778074923,4087.249999982305,4302.759999991395,9
53,1130,1129,1126.0,272,273,275.0,4311.300000001211,5367.489999975078,5375.224999967031,2.23606797749979,1.4142135623730951,3.605551275463989,0.0021171076961106,0.1828330399281557,0.2254878840305502,0.1170960186007692,0.0009467993448382,0.387847447074449,0.2341920372015384,0.0009467993448382,0.2585649647162994,2.004476179629651e-06,0.0236371092589986,0.0141018063425077,2.0344439357957027,2.356194490192345,2.5535900500422257,0.1296427068526346,0.000304633214104,0.0255197879838693,0.0016053247166526,2.237770172355716e-05,0.0012327476310808,54.0,1128.3333333333333,273.3333333333333,5018.004999981106,2.4186109384456245,0.13681267721827217,0.1686300883400188,0.2548184099121186,0.012580306692561978,2.3147428253434246,0.05182237601686931,0.0009534833498189857,1126.0,1130.0,272.0,275.0,0.0009467993448382,0.2585649647162994,0.0009467993448382,0.387847447074449,0.0021171076961106,0.2254878840305502,2.004476179629651e-06,0.0236371092589986,2.0344439357957027,2.5535900500422257,2.237770172355716e-05,0.0016053247166526,1.4142135623730951,3.605551275463989,0.000304633214104,0.1296427068526346,4311.300000001211,5375.224999967031,9
54,1117,1099,1068.0,280,287,298.0,5391.215000010561,5407.209999975748,5423.199999961071,10.295630140987,19.313207915827967,32.89376840679705,0.6436780345980156,1.207830389840905,2.0507336890487875,0.5628517808317106,1.1253516748469323,1.9387116965888505,0.3126954337953948,0.4376367624404737,0.6879299568541083,0.0402424530165032,0.0755366098154849,0.1278512273628897,2.6344941491974563,2.770701364777131,2.800613700093444,0.005059668476234,0.0085156121210457,0.0018706901403233,0.0016348121702834,0.0022065743592246,0.003271708417475,55.0,1094.6666666666667,288.3333333333333,5407.208333315793,20.83420215453734,1.3007473711625694,1.2089717174224976,1.438281703040534,0.08121009673162594,2.735269738022677,0.005148656912534333,0.002371031648994333,1068.0,1117.0,280.0,298.0,0.3126954337953948,0.6879299568541083,0.5628517808317106,1.9387116965888505,0.6436780345980156,2.0507336890487875,0.0402424530165032,0.1278512273628897,2.6344941491974563,2.800613700093444,0.0016348121702834,0.003271708417475,10.295630140987,32.89376840679705,0.0018706901403233,0.0085156121210457,5391.215000010561,5423.199999961071,9
55,1035,1003,957.0,307,313,320.0,5439.239999977872,5455.205000005662,5471.205000008922,34.20526275297414,32.55764119219941,46.52956049652737,2.1425156713706364,2.034852574097909,2.9071890375250127,2.0573566063238298,2.004384587804373,2.8749999994142854,0.5610972562701354,0.3758221102133199,0.4374999999108695,0.1342007934632701,0.1271782858552096,0.1816425517394772,2.875340604438868,2.9562447035940984,2.9905773106684337,0.0046587845553086,0.0050675915449044,0.0021457879417088,0.0003958582352699,0.0004398689380417,0.0034040166170732,56.0,998.3333333333334,313.3333333333333,5455.216666664152,37.764154813900305,2.361519094331186,2.3122470645141626,2.458080397817786,0.14767387701931897,2.940720872900467,0.003957388013973933,0.0014132479301282666,957.0,1035.0,307.0,320.0,0.3758221102133199,0.5610972562701354,2.004384587804373,2.8749999994142854,2.034852574097909,2.9071890375250127,0.1271782858552096,0.1816425517394772,2.875340604438868,2.9905773106684337,0.0003958582352699,0.0034040166170732,32.55764119219941,46.52956049652737,0.0021457879417088,0.0050675915449044,5439.239999977872,5471.205000008922,9
56,885,801,731.0,325,325,325.0,5487.209999992047,5503.209999995306,5519.220000016503,72.17340230306452,84.0,70.0,4.510837643022554,5.246720792553765,2.9057700335691723,4.498594194059127,5.249999998930434,4.372267327128137,0.3124023745874393,0.0,0.0,0.2819273526314734,0.3277152270835238,0.1206214212569798,3.0722595199015847,3.141592653589793,3.141592653589793,0.0051035432251968,0.0043333208546302,0.0,0.0062658419867376,0.0028617421526701,0.0129352782980859,57.0,805.6666666666666,325.0,5503.213333334618,75.3911341010215,4.221109489715164,4.706953840039232,4.706953840039232,0.24342133365732566,3.1184816090270573,0.003145621359942333,0.007354287479164533,731.0,885.0,325.0,325.0,0.0,0.3124023745874393,4.372267327128137,5.249999998930434,2.9057700335691723,5.246720792553765,0.1206214212569798,0.3277152270835238,3.0722595199015847,3.141592653589793,0.0028617421526701,0.0129352782980859,70.0,84.0,0.0,0.0051035432251968,5487.209999992047,5519.220000016503,9
57,611,503,392.0,325,325,325.0,5543.309999979101,5559.199999959674,5575.205000001006,120.0,108.0,111.0,7.551919455425681,6.747891266547673,6.937499998586645,4.981320057547153,6.796727509883113,6.935332690618442,0.0,0.0,0.0,0.4752623955103076,0.421611449492133,0.4335937498233306,3.141592653589793,3.141592653589793,3.141592653589793,0.0,0.0,0.0,0.0147215016523013,0.0033763968586387,0.0007486598125744,58.0,502.0,325.0,5559.23833331326,113.0,7.07910357352,6.237793419349569,6.237793419349569,0.44348919827525707,3.141592653589793,0.0,0.006282186107838133,392.0,611.0,325.0,325.0,0.0,0.0,4.981320057547153,6.935332690618442,6.747891266547673,7.551919455425681,0.421611449492133,0.4752623955103076,3.141592653589793,3.141592653589793,0.0007486598125744,0.0147215016523013,108.0,120.0,0.0,0.0,5543.309999979101,5575.205000001006,9
58,319,276,245.0,325,322,317.0,5591.2050000042655,5607.199999969453,5623.199999972712,73.0,43.10452412450461,31.400636936215164,4.563926236879226,2.694032757232692,1.9613139846746648,4.562499999070496,2.688340112134339,1.9374999996052795,0.0,0.1875586124744887,0.3124999999363353,0.2853345574749941,0.1683770472927403,0.122505557906179,3.141592653589793,3.071938079861225,2.981679530431574,0.0,0.0043547717336774,0.0056411593382039,0.0092661995198832,0.0073121294427514,0.002866968086076,59.0,280.0,321.3333333333333,5607.20166664881,49.168387020239926,3.073090992928861,3.062780036936705,3.16694670358215,0.19207238755797115,3.065070087960864,0.0033319770239604338,0.006481765682903534,245.0,319.0,317.0,325.0,0.0,0.3124999999363353,1.9374999996052795,4.562499999070496,1.9613139846746648,4.563926236879226,0.122505557906179,0.2853345574749941,2.981679530431574,3.141592653589793,0.002866968086076,0.0092661995198832,31.400636936215164,73.0,0.0,0.0056411593382039,5591.2050000042655,5623.199999972712,9
59,213,173,143.0,313,309,303.0,5639.209999993909,5655.205000017304,5671.204999962356,32.2490309931942,40.19950248448356,30.59411708155671,2.016194494906264,2.5124689139086738,1.912730042938964,1.99875077811572,2.500781490559216,1.8750000064392225,0.2498438472644649,0.2500781490559216,0.3750000012878445,0.1260515468557242,0.1570293076585703,0.1195829971954573,3.017237659043032,3.0419240010986317,2.9441970937399127,0.0022209949134528,0.0015433786820564,0.006107931730896,0.0002214858803779,0.0019367152708682,0.002340394411982,60.0,176.33333333333334,308.3333333333333,5655.206666657857,34.34755018641149,2.147131150584634,2.1248440917047193,2.249844092134001,0.13422128390325058,3.001119584627192,0.0032907684421350663,0.001499531854409367,143.0,213.0,303.0,313.0,0.2498438472644649,0.3750000012878445,1.8750000064392225,2.500781490559216,1.912730042938964,2.5124689139086738,0.1195829971954573,0.1570293076585703,2.9441970937399127,3.0419240010986317,0.0002214858803779,0.002340394411982,30.59411708155671,40.19950248448356,0.0015433786820564,0.006107931730896,5639.209999993909,5671.204999962356,9
60,127,124,123.0,299,299,298.0,5687.199999985751,5695.124999969266,5759.3549999874085,16.492422502470642,3.0,1.4142135623730951,2.081062780665708,0.0467071461801748,0.088832510332247,1.0003125962236863,0.3785488966864549,0.0155690487267249,0.2500781490559216,0.0,0.0155690487267249,0.2625946731854165,0.0007271858347654,0.0055799315618831,2.896613990462929,3.141592653589793,2.356194490192345,0.0029748735984612,0.030912134212799,0.0122279022758151,0.0089410238062385,0.0330432161382143,7.555263468390175e-05,61.0,124.66666666666667,298.6666666666667,5713.893333314142,6.968878688281246,0.7388674790593766,0.464810180545622,0.4699998634545303,0.08963393019402166,2.7981337114150224,0.015371636695691767,0.014019930859712234,123.0,127.0,298.0,299.0,0.0,0.2500781490559216,0.0155690487267249,1.0003125962236863,0.0467071461801748,2.081062780665708,0.0007271858347654,0.2625946731854165,2.356194490192345,3.141592653589793,7.555263468390175e-05,0.0330432161382143,1.4142135623730951,16.492422502470642,0.0029748735984612,0.030912134212799,5687.199999985751,5759.3549999874085,9
61,123,126,132.0,297,293,289.0,5775.274999963585,5791.144999966491,5807.204999960959,1.0,5.0,7.211102550927978,0.0630119722631949,0.3113325032205671,0.4505531104220977,0.0,0.1890359167895849,0.3735990038646806,0.0628140704457559,0.2520478890527799,0.2490660025764537,0.0039705086484976,0.0193855855123168,0.028150772212344,1.5707963267948966,0.9272952180016122,0.5880026035475675,0.0493340555636146,0.0405482740186176,0.0211265637964457,0.0001010944042584,0.0009713343957779,0.000545777503303,62.0,127.0,293.0,5791.208333297011,4.403700850309327,0.2749658619686199,0.18754497355142183,0.27056697441023975,0.01716895545771947,1.0286980494480253,0.0370029644595593,0.0005394021011131,123.0,132.0,289.0,297.0,0.0628140704457559,0.2520478890527799,0.0,0.3735990038646806,0.0630119722631949,0.4505531104220977,0.0039705086484976,0.028150772212344,0.5880026035475675,1.5707963267948966,0.0001010944042584,0.0009713343957779,1.0,7.211102550927978,0.0211265637964457,0.0493340555636146,5775.274999963585,5807.204999960959,9
62,136,144,154.0,287,282,274.0,5823.210000002291,5839.1049999627285,5855.21000000881,4.47213595499958,9.433981132056603,12.806248474865695,0.2813548893444923,0.5857796401777584,0.8008910873433953,0.2499218987610249,0.5033029267009729,0.6209251767393124,0.1249609493805124,0.314564329188108,0.4967401413914498,0.0177008424060889,0.0363725326607665,0.050086997378271,0.4636476090008061,0.5585993153435624,0.6747409422235526,0.0077697590893858,0.005973683962195,0.0072115260197249,0.0006529165747746,0.0011746895439541,0.0008515656428601,63.0,144.66666666666666,281.0,5839.174999991276,8.90412185397396,0.5560085389552154,0.45805000073377,0.6236300478642532,0.03472012414837547,0.5656626221893071,0.006984989690435234,0.0008930572538629333,136.0,154.0,274.0,287.0,0.1249609493805124,0.4967401413914498,0.2499218987610249,0.6209251767393124,0.2813548893444923,0.8008910873433953,0.0177008424060889,0.050086997378271,0.4636476090008061,0.6747409422235526,0.0006529165747746,0.0011746895439541,4.47213595499958,12.806248474865695,0.005973683962195,0.0077697590893858,5823.210000002291,5855.21000000881,9
63,163,173,185.0,270,264,259.0,5871.199999994133,5887.214999995194,5911.365000007208,9.848857801796104,11.6619037896906,13.0,0.6149770715668547,0.4828945666206657,0.8209662156780466,0.562851782880634,0.6244146112605091,0.4968944096906948,0.2501563479469484,0.3746487667563055,0.2070393373711228,0.0384000669076543,0.0199956342186516,0.051845040560364,0.4182243295792291,0.5404195002705842,0.3947911196997615,0.0160423147517064,0.0076300450005154,0.0060301606831625,0.0007308899613098,0.0011491996682973,0.0013188159969303,64.0,173.66666666666666,264.3333333333333,5889.926666665512,11.503587197162235,0.639612617955189,0.5613869346106126,0.6304000470676535,0.036746913895556635,0.4511449831831916,0.0099008401451281,0.0010663018755124665,163.0,185.0,259.0,270.0,0.2070393373711228,0.3746487667563055,0.4968944096906948,0.6244146112605091,0.4828945666206657,0.8209662156780466,0.0199956342186516,0.051845040560364,0.3947911196997615,0.5404195002705842,0.0007308899613098,0.0013188159969303,9.848857801796104,13.0,0.0060301606831625,0.0160423147517064,5871.199999994133,5911.365000007208,9
64,194,202,205.0,257,255,254.0,5927.1999999764375,5943.220000015572,5959.18000000529,9.219544457292889,8.246211251235321,3.1622776601683795,0.5755021494863349,0.5166799032924637,0.3894430637580869,0.5683612262386476,0.4993757790547654,0.1879699249331246,0.1263024947196994,0.1248439447636913,0.0626566416443748,0.0359239792809288,0.0323734275454461,0.0479609687092466,0.2186689458739419,0.2449786631268641,0.3217505543966422,0.0111223349648287,0.001642304443736,0.0048102688796513,0.0010054348790889,0.0002216324423726,0.0009766629808171,65.0,200.33333333333334,255.33333333333334,5943.199999999099,6.876011122898863,0.49387503884562856,0.4185689767421792,0.43945452395697077,0.03875279184520717,0.2617993877991494,0.005858302762738667,0.0007345767674262,194.0,205.0,254.0,257.0,0.0626566416443748,0.1263024947196994,0.1879699249331246,0.5683612262386476,0.3894430637580869,0.5755021494863349,0.0323734275454461,0.0479609687092466,0.2186689458739419,0.3217505543966422,0.0002216324423726,0.0010054348790889,3.1622776601683795,9.219544457292889,0.001642304443736,0.0111223349648287,5927.1999999764375,5959.18000000529,9
65,206,208,212.0,253,253,253.0,5967.2999999602325,5983.269999967888,6007.2049999726005,1.4142135623730951,2.0,4.0,0.0885543870817263,0.0835596406770932,0.2497658445042036,0.1231527100429728,0.1252348152186141,0.1671192813541864,0.1231527100429728,0.0,0.0,0.0055450461514888,0.0034911067750424,0.0155957442702245,0.7853981633974483,0.0,0.0,0.0570994595533939,0.0491795969330591,0.0,0.0052236358119607,0.0001286123591397,0.0005057295798119,66.0,208.66666666666666,253.0,5985.924999966907,2.471404520791032,0.14062662408767437,0.13850226887192443,0.13850226887192443,0.008210632398918567,0.2617993877991494,0.035426352162151,0.0019526592503041,206.0,212.0,253.0,253.0,0.0,0.1231527100429728,0.1231527100429728,0.1671192813541864,0.0835596406770932,0.2497658445042036,0.0034911067750424,0.0155957442702245,0.0,0.7853981633974483,0.0001286123591397,0.0052236358119607,1.4142135623730951,4.0,0.0,0.0570994595533939,5967.2999999602325,6007.2049999726005,9
66,213,215,216.0,253,253,253.0,6023.219999973662,6031.264999997802,6055.259999993723,1.0,2.0,1.0,0.1243008075822738,0.083350698076266,0.128040973423485,0.0624414611260509,0.2486016151645477,0.041675349038133,0.0,0.0,0.0,0.0154506907656054,0.0034736694349004,0.0163944908752335,0.0,0.0,0.0,0.0,0.0,0.0,9.057352769867134e-06,0.0014887534238367,0.0005384797433852,67.0,214.66666666666666,253.0,6036.581666655063,1.3333333333333333,0.1118974930273416,0.11757280844291056,0.11757280844291056,0.011772950358579767,0.0,0.0,0.0006787635066639224,213.0,216.0,253.0,253.0,0.0,0.0,0.041675349038133,0.2486016151645477,0.083350698076266,0.128040973423485,0.0034736694349004,0.0163944908752335,0.0,0.0,9.057352769867134e-06,0.0014887534238367,1.0,2.0,0.0,0.0,6023.219999973662,6055.259999993723,9
67,218,223,226.0,253,259,266.0,6063.069999974687,6095.384999993257,6111.284999991767,2.0,7.810249675906654,7.615773105863909,0.0618907627680845,0.4912106714867053,0.4767307112246244,0.25608194684697,0.1547269069202114,0.1886792453007015,0.0,0.1856722883042537,0.4402515723683035,0.0019152332580076,0.0308937529265874,0.0298422980655429,0.0,0.8760580505981934,1.1659045405098132,0.0,0.0271099504903217,0.0182293389898606,0.001853938239759,0.0008967513430891,6.612923654987957e-05,68.0,222.33333333333334,259.3333333333333,6089.913333319903,5.8086742605901875,0.3432773818264714,0.19982936635596096,0.3465798904787288,0.020883761416712634,0.6806541970360023,0.015113096493394101,0.0009389396064659932,218.0,226.0,253.0,266.0,0.0,0.4402515723683035,0.1547269069202114,0.25608194684697,0.0618907627680845,0.4912106714867053,0.0019152332580076,0.0308937529265874,0.0,1.1659045405098132,6.612923654987957e-05,0.001853938239759,2.0,7.810249675906654,0.0,0.0271099504903217,6063.069999974687,6111.284999991767,9
68,230,233,235.0,273,277,282.0,6127.259999979287,6143.225000007078,6159.210000012536,8.06225774829855,5.0,5.385164807134504,0.504995786674875,0.3127932435591439,0.3366780130575317,0.2503912365023357,0.1879110551066599,0.1251172974236575,0.4381846638790875,0.2505480734755466,0.3127932435591439,0.0316314303661645,0.0195679226432499,0.0210489536599128,1.0516502125483738,0.9272952180016122,1.1902899496825317,0.007152070613502,0.0077892260776883,0.0164525950322883,0.0001119957622547,0.0007556221548334,9.265129910273316e-05,69.0,232.66666666666666,277.3333333333333,6143.2316666663,6.149140851811018,0.3848223477638502,0.18780652967755104,0.2920709441972657,0.02408276888977573,1.0564117934108392,0.010464630574492867,0.0003200897387302777,230.0,235.0,273.0,282.0,0.2505480734755466,0.4381846638790875,0.1251172974236575,0.2503912365023357,0.3127932435591439,0.504995786674875,0.0195679226432499,0.0316314303661645,0.9272952180016122,1.1902899496825317,9.265129910273316e-05,0.0007556221548334,5.0,8.06225774829855,0.007152070613502,0.0164525950322883,6127.259999979287,6159.210000012536,9
69,238,241,243.0,282,282,284.0,6175.204999977723,6191.200000001118,6207.194999966305,3.0,3.0,2.8284271247461903,0.1875586117919412,0.1875586124744887,0.1768319550240223,0.1875586124744887,0.1875586117919412,0.1250390749829925,0.0,0.0,0.1250390749829925,0.0117260776191067,0.0117260777044518,0.0110554520015868,0.0,0.0,0.7853981633974483,0.0744163771349282,0.0,0.049102729922279,0.0005828618981617,5.335736967578227e-12,4.19272087730257e-05,70.0,240.66666666666666,282.6666666666667,6191.199999981715,2.942809041582063,0.18398305976348406,0.16671876641647412,0.20839845807747162,0.011502535775048435,0.2617993877991494,0.041173035685735736,0.00020826303742348755,238.0,243.0,282.0,284.0,0.0,0.1250390749829925,0.1250390749829925,0.1875586124744887,0.1768319550240223,0.1875586124744887,0.0110554520015868,0.0117260777044518,0.0,0.7853981633974483,5.335736967578227e-12,0.0005828618981617,2.8284271247461903,3.0,0.0,0.0744163771349282,6175.204999977723,6207.194999966305,9
70,246,248,252.0,284,284,285.0,6223.1899999897,6239.204999990761,6263.169999991078,3.0,2.0,4.123105625617661,0.1873243833781527,0.0834550385968526,0.250188448291012,0.1875586117919412,0.1248829222521018,0.1669100771937053,0.0,0.0,0.0417275192984263,0.0116968082026683,0.003482371733601,0.0151813378899036,0.0,0.0,0.2449786631268641,0.0491027297435885,0.0,0.0102223518933289,4.009729291300037e-05,0.0005129214154556,0.0004881688360587,71.0,248.66666666666666,284.3333333333333,6241.854999990513,3.0410352085392205,0.17365595675533907,0.15978387041258277,0.1736930435120582,0.010120172608724299,0.08165955437562136,0.019775027212305802,0.0003470625148091001,246.0,252.0,284.0,285.0,0.0,0.0417275192984263,0.1248829222521018,0.1875586117919412,0.0834550385968526,0.250188448291012,0.003482371733601,0.0151813378899036,0.0,0.2449786631268641,4.009729291300037e-05,0.0005129214154556,2.0,4.123105625617661,0.0,0.0491027297435885,6223.1899999897,6263.169999991078,9
71,254,255,256.0,285,285,285.0,6279.649999982212,6294.935000012629,7599.385000008624,2.0,1.0,1.0,0.1308472355917579,0.0007666066158174,0.0631911534330442,0.1213592233662617,0.0654236177958789,0.0007666066158174,0.0,0.0,0.0,0.0085604995310025,5.876857034150803e-07,0.0039931218721985,0.0,0.0,0.0,0.0148652101491906,0.0,0.0,0.0004017499006349,0.0005600204009332,3.0607031212444973e-06,72.0,255.0,285.0,6724.656666667822,1.3333333333333333,0.06493499854687317,0.06251648259265268,0.06251648259265268,0.004184736362968139,0.0,0.0049550700497302,0.00032161033489644814,254.0,256.0,285.0,285.0,0.0,0.0,0.0007666066158174,0.1213592233662617,0.0007666066158174,0.1308472355917579,5.876857034150803e-07,0.0085604995310025,0.0,0.0,3.0607031212444973e-06,0.0005600204009332,1.0,2.0,0.0,0.0148652101491906,6279.649999982212,7599.385000008624,9
72,259,264,267.0,287,299,318.0,7615.209999959916,7631.219999981113,7647.249999979977,3.605551275463989,13.0,19.235384061671343,0.2252062005428054,0.8109794136569836,1.206358361331038,0.1895734602991328,0.3123048090805812,0.1871490954593039,0.1263823068660885,0.749531541793395,1.1852776045755913,0.0140665958928567,0.0505913545673403,0.0756574701751423,0.5880026035475675,1.176005207095135,1.4141944498128811,0.0371565627398038,0.0367272081679615,0.0148589671075876,0.0006365544424432,0.0022813715569097,0.0015637002875594,73.0,263.3333333333333,301.3333333333333,7631.226666640335,11.946978445711778,0.7475146585102758,0.22967578827967264,0.6247683231382031,0.04677180687844643,1.0594007534851946,0.0295809126717843,0.0014938754289707667,259.0,267.0,287.0,318.0,0.1263823068660885,1.1852776045755913,0.1871490954593039,0.3123048090805812,0.2252062005428054,1.206358361331038,0.0140665958928567,0.0756574701751423,0.5880026035475675,1.4141944498128811,0.0006365544424432,0.0022813715569097,3.605551275463989,19.235384061671343,0.0148589671075876,0.0371565627398038,7615.209999959916,7647.249999979977,9
73,270,270,270.0,336,362,387.0,7663.194999971893,7679.200000013225,7695.194999978412,18.24828759089466,26.0,25.0,1.1401616709634106,1.6255079747789023,1.5624999996816769,0.188146754563873,0.0,0.0,1.1288805273832383,1.624492341946662,1.5629884372874063,0.0712378424254296,0.1016260067719157,0.0976562499602096,1.40564764938027,1.5707963267948966,1.5707963267948966,0.0005360175877669,0.0103185677593338,0.0,0.0002771795391629,0.0018986669333339,0.0002481873598215,74.0,270.0,361.6666666666667,7679.1966666545095,23.082762530298222,1.4427232151413298,0.06271558485462433,0.5837117306170931,0.09017336638585165,1.5157467676566878,0.003618195115700233,0.0008080112774394333,270.0,270.0,336.0,387.0,1.1288805273832383,1.624492341946662,0.0,0.188146754563873,1.1401616709634106,1.6255079747789023,0.0712378424254296,0.1016260067719157,1.40564764938027,1.5707963267948966,0.0002481873598215,0.0018986669333339,18.24828759089466,26.0,0.0,0.0103185677593338,7663.194999971893,7695.194999978412,9
74,270,269,265.0,411,436,459.0,7711.194999981672,7727.199999964796,7743.235000001732,24.0,25.019992006393608,23.345235059857504,1.499531398019709,1.5603362612261074,0.9719082035189384,0.0,0.0624804749174878,0.2494543181032798,1.4999999996944098,1.5620118729371968,1.434362329093859,0.0936914339019559,0.0973081545139949,0.0404624564132864,1.5707963267948966,1.610775013918187,1.7429871413178355,0.0,0.0024978873580408,0.0082452215213658,0.0002478010035903,0.000225974421484,0.0035451012142042,75.0,268.0,435.3333333333333,7727.209999982733,24.121742355417037,1.3439252875882515,0.10397826434025587,0.5820990407048755,0.07715401494307907,1.6415194940103064,0.0035810362931355338,0.0013396255464261668,265.0,270.0,411.0,459.0,1.434362329093859,1.5620118729371968,0.0,0.2494543181032798,0.9719082035189384,1.5603362612261074,0.0404624564132864,0.0973081545139949,1.5707963267948966,1.7429871413178355,0.000225974421484,0.0035451012142042,23.345235059857504,25.019992006393608,0.0,0.0082452215213658,7711.194999981672,7743.235000001732,9
75,262,260,259.0,481,487,490.0,7767.255000013392,7783.189999987371,7799.189999990631,22.20360331117452,6.324555320336759,3.1622776601683795,1.3933858391861955,0.3952847074405173,0.197149479853869,0.1248959200059822,0.1255098841083095,0.062499999987267,0.9159034133772032,0.3765296523249285,0.1874999999618012,0.0874418475972095,0.0247052942099992,0.0122911146912322,1.7063240407803977,1.892546881191539,1.892546881191539,0.001526357223965,0.0116864035591612,0.0,0.001955844761079,0.0039370287724917,0.0007758862197648,76.0,260.3333333333333,486.0,7783.2116666637985,10.563478763893219,0.6619400088268605,0.10430193470051957,0.16680193468778662,0.041479418832813635,1.8304726010544918,0.0044042535943754,0.0022229199177785,259.0,262.0,481.0,490.0,0.1874999999618012,0.9159034133772032,0.062499999987267,0.1255098841083095,0.197149479853869,1.3933858391861955,0.0122911146912322,0.0874418475972095,1.7063240407803977,1.892546881191539,0.0007758862197648,0.0039370287724917,3.1622776601683795,22.20360331117452,0.0,0.0116864035591612,7767.255000013392,7799.189999990631,9
76,258,255,253.0,494,500,504.0,7815.230000007432,7831.18999999715,7847.245000011753,4.123105625617661,6.708203932499369,4.47213595499958,0.2583399516462318,0.4178264669198251,0.2802090199173329,0.0623441395855706,0.1879699249331246,0.1245717843775061,0.2493765583422824,0.3759398498662493,0.2491435687550122,0.016186713772723,0.0260246942721758,0.0175569561464818,1.8157749899217608,2.0344439357957027,2.0344439357957027,0.0047862775055712,0.0137010617803767,0.0,0.0002428677729058,0.0006164148186585,0.0005274206239795,77.0,255.33333333333334,499.3333333333333,7831.2216666721115,5.101148504372204,0.3187918128277966,0.1249619496320671,0.20800980588373785,0.019922788063793533,1.9615542871710554,0.0061624464286492995,0.0004622344051812667,253.0,258.0,494.0,504.0,0.2491435687550122,0.3759398498662493,0.0623441395855706,0.1879699249331246,0.2583399516462318,0.4178264669198251,0.016186713772723,0.0260246942721758,1.8157749899217608,2.0344439357957027,0.0002428677729058,0.0006164148186585,4.123105625617661,6.708203932499369,0.0,0.0137010617803767,7815.230000007432,7847.245000011753,9
77,251,251,251.0,509,513,514.0,7863.205000001471,7879.205000004731,7887.249999970663,5.385164807134504,4.0,1.0,0.3365728003773375,0.4972032339264898,0.0417362270094498,0.1253132832887497,0.0,0.0,0.3132832082218744,0.2499999999490683,0.1243008084816224,0.021035800019298,0.0618027639567399,0.0017419126449843,1.9513027039072612,1.5707963267948966,1.5707963267948966,0.0052093503723059,0.0237816485646778,0.0,0.0002179726738757,0.002547935245571,0.0074656123761457,78.0,251.0,512.0,7876.553333325622,3.461721602378168,0.291837420437759,0.04177109442958323,0.0832046972567907,0.028193492207007398,1.6976317858323515,0.0096636663123279,0.0034105067651974664,251.0,251.0,509.0,514.0,0.1243008084816224,0.3132832082218744,0.0,0.1253132832887497,0.0417362270094498,0.4972032339264898,0.0017419126449843,0.0618027639567399,1.5707963267948966,1.9513027039072612,0.0002179726738757,0.0074656123761457,1.0,5.385164807134504,0.0,0.0237816485646778,7863.205000001471,7887.249999970663,9
78,249,249,249.0,517,521,528.0,7911.209999991115,7927.235000010114,7951.230000006035,3.605551275463989,4.0,7.0,0.2249953991381782,0.166701396152532,0.4374999999108695,0.0834724540188996,0.0,0.0,0.1252086810283494,0.2496099841034424,0.2917274432669311,0.014040274500557,0.0069473388698008,0.0273437499888586,2.158798930342464,1.5707963267948966,1.5707963267948966,0.0245410101438087,0.0366928301310727,0.0,0.0005132872222485,0.0004426168875099,0.0008500275525119,79.0,249.0,522.0,7929.891666669088,4.86851709182133,0.27639893173385993,0.027824151339633202,0.12506663242861024,0.016110454453072135,1.7667971946440855,0.02041128009162713,0.0006019772207567667,249.0,249.0,517.0,528.0,0.1252086810283494,0.2917274432669311,0.0,0.0834724540188996,0.166701396152532,0.4374999999108695,0.0069473388698008,0.0273437499888586,1.5707963267948966,2.158798930342464,0.0004426168875099,0.0008500275525119,3.605551275463989,7.0,0.0,0.0366928301310727,7911.209999991115,7951.230000006035,9
79,249,249,249.0,532,535,539.0,7967.230000009295,7983.219999994617,7999.209999979939,4.0,3.0,4.0,0.2501563479469484,0.1876172609602113,0.2502345948473151,0.0,0.0,0.0,0.2499999999490683,0.1876172609602113,0.2501563479469484,0.0156445496045386,0.011733412203404,0.0156543381145999,1.5707963267948966,1.5707963267948966,1.5707963267948966,0.0,0.0,0.0,0.000731200023871,0.0002445989621466,0.0002452111266288,80.0,249.0,535.3333333333334,7983.219999994617,3.6666666666666665,0.22933606791815828,0.0,0.08338544931564947,0.014344099974180832,1.5707963267948966,0.0,0.00040700337088213335,249.0,249.0,532.0,539.0,0.1876172609602113,0.2501563479469484,0.0,0.0,0.1876172609602113,0.2502345948473151,0.011733412203404,0.0156543381145999,1.5707963267948966,1.5707963267948966,0.0002445989621466,0.000731200023871,3.0,4.0,0.0,0.0,7967.230000009295,7999.209999979939,9
80,249,249,249.0,545,550,553.0,8015.194999985397,8031.209999986459,8039.244999992661,6.0,5.0,3.0,0.3746487667563055,0.6222775353005919,0.1251303440131754,0.0,0.0,0.0,0.3753518922709726,0.3122073056302545,0.3733665211803552,0.0233936164053367,0.0774458661879558,0.0052192009976185,1.5707963267948966,1.5707963267948966,1.5707963267948966,0.0,0.0,0.0,0.0004841587918732,0.003375101453577,0.0089890062395248,81.0,249.0,549.3333333333334,8028.549999988172,4.666666666666667,0.37401888202335765,0.0,0.12445550706011839,0.035352894530303665,1.5707963267948966,0.0,0.004282755494991667,249.0,249.0,545.0,553.0,0.3122073056302545,0.3753518922709726,0.0,0.0,0.1251303440131754,0.6222775353005919,0.0052192009976185,0.0774458661879558,1.5707963267948966,1.5707963267948966,0.0004841587918732,0.0089890062395248,3.0,6.0,0.0,0.0,8015.194999985397,8039.244999992661,9
81,249,249,249.0,556,557,556.0,8063.220000010915,8071.255000017118,8406.689999974333,3.0,1.0,1.0,0.3733665211803552,0.0029812035122379,0.0604047114275667,0.0,0.0,0.0,0.1251303440131754,0.1244555070601183,0.0029812035122379,0.0464675197127735,8.887574381380137e-06,0.0036487291626476,1.5707963267948966,1.5707963267948966,1.5707963267948966,0.0,0.0,0.0,0.0017204721035974,0.0057820326201031,1.0851108526929188e-05,82.0,249.0,556.3333333333334,8180.388333334122,1.6666666666666667,0.1455841453733866,0.0,0.0009937345040793,0.016708378816600828,1.5707963267948966,0.0,0.0025044519440758097,249.0,249.0,556.0,557.0,0.0029812035122379,0.1251303440131754,0.0,0.0,0.0029812035122379,0.3733665211803552,8.887574381380137e-06,0.0464675197127735,1.5707963267948966,1.5707963267948966,1.0851108526929188e-05,0.0057820326201031,1.0,3.0,0.0,0.0,8063.220000010915,8406.689999974333,9
82,250,250,250.0,555,554,553.0,8423.245000012685,8431.264999962877,8439.269999973476,1.4142135623730951,1.0,1.0,0.1763358567526032,0.1249219236322324,0.0417798203385466,0.0604047114275667,0.0,0.0,0.0604047114275667,0.1246882800761054,0.1249219236322324,0.0219870146942286,0.0156054870039773,0.0017455533875212,0.7853981633974483,1.5707963267948966,1.5707963267948966,0.0474417494157637,0.0979299461689598,0.0,0.0011077188456114,0.0007957017119554,0.0017314095687827,83.0,250.0,554.0,8431.259999983013,1.1380711874576983,0.11434586690779407,0.0201349038091889,0.061775545019933036,0.013112685028575701,1.3089969389957472,0.048457231861574496,0.0012116100421164999,250.0,250.0,553.0,555.0,0.0604047114275667,0.1249219236322324,0.0,0.0604047114275667,0.0417798203385466,0.1763358567526032,0.0017455533875212,0.0219870146942286,0.7853981633974483,1.5707963267948966,0.0007957017119554,0.0017314095687827,1.0,1.4142135623730951,0.0,0.0979299461689598,8423.245000012685,8439.269999973476,9
83,250,250,250.0,551,550,549.0,8463.204999978188,8471.129999961704,8495.289999991655,2.0,1.0,1.0,0.2523659311243033,0.0413907284255087,0.0417101146710584,0.0,0.0,0.0,0.0835596406770932,0.1261829655621516,0.0413907284255087,0.0318442815961182,0.0017131923995942,0.0017397336658728,1.5707963267948966,1.5707963267948966,1.5707963267948966,0.0,0.0,0.0,0.0012575194569739,0.0038020301904351,1.0985623446076978e-06,84.0,250.0,550.0,8476.541666643849,1.3333333333333333,0.11182225807362346,0.0,0.013796909475169566,0.011765735887195067,1.5707963267948966,0.0,0.001686882736584536,250.0,250.0,549.0,551.0,0.0413907284255087,0.1261829655621516,0.0,0.0,0.0413907284255087,0.2523659311243033,0.0017131923995942,0.0318442815961182,1.5707963267948966,1.5707963267948966,1.0985623446076978e-06,0.0038020301904351,1.0,2.0,0.0,0.0,8463.204999978188,8495.289999991655,9
84,250,250,251.0,548,547,546.0,8519.26500000991,8535.265000013169,8551.269999996293,1.0,1.0,1.4142135623730951,0.062499999987267,0.0624804749174878,0.0441527805894268,0.0,0.0,0.0624804749174878,0.0417101146710584,0.062499999987267,0.0624804749174878,0.0039062499984083,0.0039038097459148,0.0013784820663908,1.5707963267948966,1.5707963267948966,0.7853981633974483,0.0,0.0,0.0490720502483953,9.03656446667783e-05,1.5251578081605953e-07,0.0001577836727389,85.0,250.33333333333334,547.0,8535.266666673124,1.1380711874576983,0.056377751831393874,0.020826824972495935,0.04165364994499187,0.0030628472702379666,1.3089969389957472,0.016357350082798434,8.276727772883144e-05,250.0,251.0,546.0,548.0,0.0417101146710584,0.062499999987267,0.0,0.0624804749174878,0.0441527805894268,0.062499999987267,0.0013784820663908,0.0039062499984083,0.7853981633974483,1.5707963267948966,1.5251578081605953e-07,0.0001577836727389,1.0,1.4142135623730951,0.0,0.0490720502483953,8519.26500000991,8551.269999996293,9
85,251,253,254.0,545,538,537.0,8583.299999998417,9287.360000016632,9463.400000007823,1.0,7.280109889280518,1.4142135623730951,0.0014203334942677,0.0413548619043675,0.1796967684083459,0.0,0.0028406669885354,0.005680527153204,0.0312207305630254,0.0099423344598739,0.005680527153204,2.0173472349387325e-06,0.0002349174159647,0.0228331345671848,1.5707963267948966,1.2924966677897851,0.7853981633974483,0.0245207044441267,0.0003952783271282,0.0028805868235498,4.2974234126277975e-05,3.3079576843422506e-07,0.0001283697861415,86.0,252.66666666666666,540.0,9111.353333340958,3.231441150551204,0.0741573212689937,0.0028403980472464668,0.004733907098314467,0.007690023110128147,1.2162303859940433,0.009265523198268233,5.72249386787374e-05,251.0,254.0,537.0,545.0,0.005680527153204,0.0312207305630254,0.0,0.005680527153204,0.0014203334942677,0.1796967684083459,2.0173472349387325e-06,0.0228331345671848,0.7853981633974483,1.5707963267948966,3.3079576843422506e-07,0.0001283697861415,1.0,7.280109889280518,0.0003952783271282,0.0245207044441267,8583.299999998417,9463.400000007823,9
86,257,283,372.0,535,535,535.0,9471.269999979995,9487.120000005234,9503.295000002254,3.605551275463989,26.0,89.0,0.2274795753768244,1.6074188565558258,5.574694655155995,0.3811944104965498,1.6403785462838325,5.502318393594942,0.2541296069976999,0.0,0.0,0.0143520236602268,0.0993767454004322,0.3491822527890429,0.5880026035475675,0.0,0.0,0.0250820280238705,0.0370979560007102,0.0,0.0010776506908445,0.0053643357479379,0.0154439262710749,87.0,304.0,535.0,9487.228333329162,39.535183758487996,2.4698643623628818,2.5079637834584414,2.5079637834584414,0.15430367394990063,0.19600086784918916,0.020726661341526897,0.007295304236619099,257.0,372.0,535.0,535.0,0.0,0.2541296069976999,0.3811944104965498,5.502318393594942,0.2274795753768244,5.574694655155995,0.0143520236602268,0.3491822527890429,0.0,0.5880026035475675,0.0010776506908445,0.0154439262710749,3.605551275463989,89.0,0.0,0.0370979560007102,9471.269999979995,9503.295000002254,9
87,510,701,928.0,535,556,586.0,9519.259999971837,9534.954999980982,9550.924999988638,138.0,192.15098230297968,228.9737976275888,8.79260910605839,12.03199638139443,14.310862348808795,8.643908566421656,12.169480719254729,14.21415152731271,0.0,1.3380057335306246,1.878522228279213,0.5602172093618907,0.7534124217674829,0.8944288966183306,0.0,0.1095077963927375,0.1313971316550736,0.0,0.0069772409257041,0.0013706534284184,0.013218600499525,0.0123093477090166,0.0088300860853631,88.0,713.0,559.0,9535.046666647153,186.37492664352283,11.711822612087206,11.675846937663032,12.302021013756104,0.7360195092492346,0.0803016426826037,0.0027826314513741666,0.011452678097968233,510.0,928.0,535.0,586.0,0.0,1.878522228279213,8.643908566421656,14.21415152731271,8.79260910605839,14.310862348808795,0.5602172093618907,0.8944288966183306,0.0,0.1313971316550736,0.0088300860853631,0.013218600499525,138.0,228.9737976275888,0.0,0.0069772409257041,9519.259999971837,9550.924999988638,9
88,1120,1363,1360.0,615,622,617.0,9566.924999991896,9919.479999982286,9927.274999965448,194.17775361765828,243.10080213771408,5.830951894845301,0.5507729393228061,31.186761085676263,0.7325316434989271,11.999999997555278,0.6892541589443479,0.3848620919153852,1.8124999996307447,0.0198550580765861,0.6414368198589754,0.001562232671038,4.000867370499566,0.0920265881805007,0.1499085365111105,0.0287986202404511,2.1112158270654806,0.0011569628032666,0.0003435206316006,0.2671478141530914,0.0558041664853369,0.0113437765396535,0.5014548801491621,89.0,1281.0,618.0,9804.559999979878,147.70316921673924,10.823355222832665,4.35803874947167,4.571851022757996,1.364818730450368,0.7633076612723474,0.08954943252931953,0.18953427439138415,1120.0,1363.0,615.0,622.0,0.0198550580765861,1.8124999996307447,0.3848620919153852,11.999999997555278,0.5507729393228061,31.186761085676263,0.001562232671038,4.000867370499566,0.0287986202404511,2.1112158270654806,0.0113437765396535,0.5014548801491621,5.830951894845301,243.10080213771408,0.0003435206316006,0.2671478141530914,9566.924999991896,9927.274999965448,9
89,1356,1351,1336.0,613,608,595.0,9935.23499998264,9951.26000000164,9975.534999975936,5.656854249492381,7.071067811865476,19.849433241279208,0.3530018248228209,0.2912901264409039,1.2667155870856175,0.5025125617287307,0.312012480129303,0.6179196710971501,0.5025125617287307,0.312012480129303,0.5355303816175301,0.0220281949706276,0.0119995932749473,0.0808369870847886,2.356194490192345,2.356194490192345,2.427501954977635,0.03077621389419,0.0,0.0029374856791265,0.008793767972197,0.0006258097774596,0.0028357319828108,90.0,1347.6666666666667,605.3333333333334,9954.009999986738,10.859118434212355,0.6370025127831141,0.4774815709850612,0.6559916981909045,0.0382882584434545,2.379963645120775,0.011237899857772167,0.004085103244155799,1336.0,1356.0,595.0,613.0,0.312012480129303,0.5355303816175301,0.312012480129303,0.6179196710971501,0.2912901264409039,1.2667155870856175,0.0119995932749473,0.0808369870847886,2.356194490192345,2.427501954977635,0.0006258097774596,0.008793767972197,5.656854249492381,19.849433241279208,0.0,0.03077621389419,9935.23499998264,9975.534999975936,9
90,1318,1299,1283.0,588,581,574.0,9991.20499996934,10007.214999990538,10033.509999979287,19.313207915827967,20.248456731316587,17.46424919657298,1.2063215421772446,0.7700496953785867,3.1130569017332133,1.148691768192355,1.1867582745062086,0.6084807000131446,0.446713465408138,0.4372267327128137,0.2662103062557507,0.0753480037838913,0.0292850236055544,0.554912104399569,2.770701364777131,2.788602265762883,2.729182211992406,0.0219016853825086,0.0011181074929451,0.0022597472445673,0.0003502861074158,0.0028771380460556,0.0199896208792129,91.0,1300.0,581.0,10010.643333313055,19.008637947905843,1.6964760464296813,0.9813102475705694,1.0700470163224862,0.21984837726300488,2.7628286141774736,0.008426513373340333,0.007739015010894766,1283.0,1318.0,574.0,588.0,0.2662103062557507,0.446713465408138,0.6084807000131446,1.1867582745062086,0.7700496953785867,3.1130569017332133,0.0292850236055544,0.554912104399569,2.729182211992406,2.788602265762883,0.0003502861074158,0.0199896208792129,17.46424919657298,20.248456731316587,0.0011181074929451,0.0219016853825086,9991.20499996934,10033.509999979287,9
91,1278,1269,1259.0,574,570,567.0,10039.119999972172,10054.8950000084,10070.959999982731,5.0,9.848857801796104,10.44030650891055,0.3169572100486296,0.6130630449755211,0.6549753137401028,0.8912655982783647,0.5705229780875333,0.6224712117010348,0.0,0.2535657680389037,0.1867413635103104,0.0200923746003622,0.0381614096455038,0.0410900447456031,3.141592653589793,2.723368324010564,2.8501358591119264,0.0735134477933079,0.0265118433355782,0.0078909141178898,0.0953332852901126,0.0011454221872358,0.0001822991039388,92.0,1268.6666666666667,570.3333333333334,10054.991666654436,8.429721436902218,0.5283318562547512,0.6947532626889776,0.7570003838590811,0.033114609663823034,2.9050322789040948,0.035972068415591966,0.03222033552709574,1259.0,1278.0,567.0,574.0,0.0,0.2535657680389037,0.5705229780875333,0.8912655982783647,0.3169572100486296,0.6549753137401028,0.0200923746003622,0.0410900447456031,2.723368324010564,3.141592653589793,0.0001822991039388,0.0953332852901126,5.0,10.44030650891055,0.0078909141178898,0.0735134477933079,10039.119999972172,10070.959999982731,9
92,1248,1239,1235.0,564,563,560.0,10086.899999994785,10102.94499999145,10118.925000017043,11.40175425099138,9.055385138137416,5.0,0.710611047264609,0.5666699076116883,0.627352573962127,0.6900878288383648,0.5609224058504326,0.2503128907130041,0.1882057715013722,0.0623247117611591,0.1877346680347531,0.0442886286950622,0.0354611956635881,0.0787142504113811,2.875340604438868,3.0309354324158977,2.498091544796509,0.0015812261799175,0.0096974028051955,0.033344423452191,0.0002006639866399,0.0005501672192775,0.0027066992915219,93.0,1240.6666666666667,562.3333333333334,10102.923333334425,8.485713129709598,0.6348778429461414,0.5004410418006006,0.5630192644788515,0.05282135825667713,2.801455860550425,0.014874350812434664,0.0011525101658130998,1235.0,1248.0,560.0,564.0,0.0623247117611591,0.1882057715013722,0.2503128907130041,0.6900878288383648,0.5666699076116883,0.710611047264609,0.0354611956635881,0.0787142504113811,2.498091544796509,3.0309354324158977,0.0002006639866399,0.0027066992915219,5.0,11.40175425099138,0.0015812261799175,0.033344423452191,10086.899999994785,10118.925000017043,9
93,1234,1229,1217.0,560,559,557.0,10126.894999993963,10159.325000015087,10175.194999959784,1.0,5.0990195135927845,12.16552506059644,0.0308356459866998,0.3212992773384534,0.7603453161323747,0.1254705147924253,0.1541782299334994,0.7561436699317081,0.0,0.0308356459866998,0.126023944988618,0.000950837063417,0.0202457012260919,0.0475215822485919,3.141592653589793,2.9441970937399127,2.976443976175166,0.0807404153897899,0.0060868196028773,0.0020319396690374,0.0097570155047852,0.0005949696006817,0.0017187070647478,94.0,1226.6666666666667,558.6666666666666,10153.804999989612,6.088181524729741,0.37082674648584263,0.345264138219211,0.38727211988208365,0.02290604017936693,3.0207445745016237,0.02961972488723487,0.004023564056738233,1217.0,1234.0,557.0,560.0,0.0,0.126023944988618,0.1254705147924253,0.7561436699317081,0.0308356459866998,0.7603453161323747,0.000950837063417,0.0475215822485919,2.9441970937399127,3.141592653589793,0.0005949696006817,0.0097570155047852,1.0,12.16552506059644,0.0020319396690374,0.0807404153897899,10126.894999993963,10175.194999959784,9
94,1202,1193,1186.0,555,554,552.0,10191.194999963043,10207.224999961909,10223.219999985304,15.132745950421556,9.055385138137416,7.280109889280518,0.9440265721456128,0.5661384885834766,0.4516197205799877,0.937499999809006,0.5614472863779116,0.4376367608478628,0.1249999999745341,0.0623830318197679,0.1250390745279608,0.0588912396888662,0.0353947163335682,0.0280161117234046,3.0090411212931194,3.0309354324158977,2.8632929945846817,0.002037321569457,0.0013658335074441,0.0104809276390132,0.0007106035898723,0.0014657843641274,0.0004613069458812,95.0,1193.6666666666667,553.6666666666666,10207.21333330342,10.48941365927983,0.6539282604363591,0.6455280156782601,0.6872077071875804,0.04076735591527966,2.9677565160979,0.004628027571971433,0.0008792316332936334,1186.0,1202.0,552.0,555.0,0.0623830318197679,0.1250390745279608,0.4376367608478628,0.937499999809006,0.4516197205799877,0.9440265721456128,0.0280161117234046,0.0588912396888662,2.8632929945846817,3.0309354324158977,0.0004613069458812,0.0014657843641274,7.280109889280518,15.132745950421556,0.0013658335074441,0.0104809276390132,10191.194999963043,10223.219999985304,9
95,1175,1166,1158.0,548,544,539.0,10239.33999997098,10254.949999973178,10270.894999965094,11.704699910719626,9.848857801796104,9.433981132056603,0.7498206219776796,0.6176768771896726,0.587970154815642,0.6823821346013812,0.5765534912705177,0.5017246788369948,0.2481389580368659,0.2562459961202301,0.3135779242731217,0.0480346330475402,0.0387379666041282,0.036645070423049,2.7928216500058864,2.723368324010564,2.5829933382462307,0.0043716715038097,0.0044492841758836,0.0088036993311697,0.0012418437557024,0.0005955583883474,0.0001312572080363,96.0,1166.3333333333333,543.6666666666666,10255.061666636417,10.329179614857445,0.6518225513276646,0.5868867682362979,0.6914127429940051,0.04113922335823913,2.6997277707542273,0.005874885003621,0.0006562197840287,1158.0,1175.0,539.0,548.0,0.2481389580368659,0.3135779242731217,0.5017246788369948,0.6823821346013812,0.587970154815642,0.7498206219776796,0.036645070423049,0.0480346330475402,2.5829933382462307,2.7928216500058864,0.0001312572080363,0.0012418437557024,9.433981132056603,11.704699910719626,0.0043716715038097,0.0088036993311697,10239.33999997098,10270.894999965094,9
96,1149,1138,1129.0,532,526,520.0,10286.93999996176,10302.93000000529,10319.214999966787,11.40175425099138,12.529964086141668,10.816653826391969,0.7130552983084472,0.7694175078762613,0.4485446323864757,0.5609224058504326,0.6879299543498685,0.5526558195442267,0.4362729823281142,0.3752345205544737,0.3684372130294845,0.0445938271649329,0.0472470070430035,0.0186002335354231,2.4805494847391065,2.642245931909663,2.5535900500422257,0.0063847836415339,0.0101123481382342,0.0054440210056516,0.0004954039727974,0.0001659274465821,0.0017590895655699,97.0,1138.6666666666667,526.0,10303.02833331128,11.582790721175007,0.643672479523728,0.6005027265815093,0.7233151309246707,0.0368136892477865,2.558795155563665,0.007313717595139901,0.0008068069949831334,1129.0,1149.0,520.0,532.0,0.3684372130294845,0.4362729823281142,0.5526558195442267,0.6879299543498685,0.4485446323864757,0.7694175078762613,0.0186002335354231,0.0472470070430035,2.4805494847391065,2.642245931909663,0.0001659274465821,0.0017590895655699,10.816653826391969,12.529964086141668,0.0054440210056516,0.0101123481382342,10286.93999996176,10319.214999966787,9
97,1122,1119,1117.0,514,510,508.0,10343.330000003334,10359.215000004042,10375.194999971429,9.219544457292889,5.0,2.8284271247461903,0.5803931039900586,0.312891114530971,0.3515757757935603,0.2902757615339765,0.1888574126450315,0.1251564458123884,0.2488077956005513,0.2518098835267087,0.1251564458123884,0.0365371799788604,0.0195801699104866,0.043701152857504,2.432966381462123,2.214297435588181,2.356194490192345,0.0050020181794444,0.0137657504478564,0.0088796655127517,0.0007438086840661,0.0010674856825696,0.0015094482475749,98.0,1119.3333333333333,510.6666666666667,10359.246666659601,5.682657194013026,0.4149533314381966,0.20142987333046547,0.2431486886012616,0.033272834248950334,2.3344861024142163,0.0092158113800175,0.0011069142047368666,1117.0,1122.0,508.0,514.0,0.1251564458123884,0.2518098835267087,0.1251564458123884,0.2902757615339765,0.312891114530971,0.5803931039900586,0.0195801699104866,0.043701152857504,2.214297435588181,2.432966381462123,0.0007438086840661,0.0015094482475749,2.8284271247461903,9.219544457292889,0.0050020181794444,0.0137657504478564,10343.330000003334,10375.194999971429,9
98,1117,1117,1117.0,507,506,508.0,10383.239999995569,10495.400000014342,10615.319999982605,1.0,1.0,2.0,0.0089158345206187,0.0083388925972704,0.2520478890527799,0.0,0.0,0.0,0.1243008075822738,0.0089158345206187,0.0166777851945408,7.94921051990573e-05,6.953712974881187e-05,0.0317640691879812,1.5707963267948966,1.5707963267948966,1.5707963267948966,0.0976256259839375,0.0,0.0,0.0054222076595914,8.87569137712106e-08,0.0002642972987543,99.0,1117.0,507.0,10497.98666666417,1.3333333333333333,0.08976753872355635,0.0,0.0055592617315136,0.01063769947430969,1.5707963267948966,0.03254187532797916,0.0018955312384198236,1117.0,1117.0,506.0,508.0,0.0089158345206187,0.1243008075822738,0.0,0.0,0.0083388925972704,0.2520478890527799,6.953712974881187e-05,0.0317640691879812,1.5707963267948966,1.5707963267948966,8.87569137712106e-08,0.0054222076595914,1.0,2.0,0.0,0.0976256259839375,10383.239999995569,10615.319999982605,9
99,1117,1117,1117.0,509,514,518.0,10623.254999984056,10639.239999989511,10655.18499998143,1.0,5.0,4.0,0.0625586487118287,0.3135779242731217,0.2499218996699514,0.0,0.0,0.0,0.1260239445263899,0.3127932435591439,0.2508623394184974,0.0039135845286499,0.0196662229182879,0.0156152389836593,1.5707963267948966,1.5707963267948966,1.5707963267948966,0.0,0.0,0.0,0.0035098279337406,0.0009854637713018,0.0002540598266969,100.0,1117.0,513.6666666666666,10639.226666651666,3.3333333333333335,0.20868615755163392,0.0,0.0836207798061658,0.013065015476865699,1.5707963267948966,0.0,0.0015831171772464332,1117.0,1117.0,509.0,518.0,0.1260239445263899,0.3127932435591439,0.0,0.0,0.0625586487118287,0.3135779242731217,0.0039135845286499,0.0196662229182879,1.5707963267948966,1.5707963267948966,0.0002540598266969,0.0035098279337406,1.0,5.0,0.0,0.0,10623.254999984056,10655.18499998143,9
100,1119,1122,1124.0,522,525,526.0,10671.189999964554,10687.210000003688,10711.390000011306,4.47213595499958,4.242640687119285,2.23606797749979,0.2791595470708428,0.1754607396932418,0.1414785182683513,0.1249609498349757,0.187265917145537,0.0827129859127326,0.2499218996699514,0.187265917145537,0.0413564929563663,0.0174256895373846,0.0072564408452423,0.0089515038598195,1.1071487177940904,0.7853981633974483,0.4636476090008061,0.028968922804728,0.0200843042203907,0.0133064745366116,0.0001131178104113,0.000634784561005,7.010186162295737e-05,101.0,1121.6666666666667,524.3333333333334,10689.929999993183,3.6502815398728843,0.19869960167747866,0.13164661763108176,0.14543211528320385,0.011211211414148799,0.7853981633974483,0.020786567187243435,0.00027266807767975244,1119.0,1124.0,522.0,526.0,0.0413564929563663,0.2499218996699514,0.0827129859127326,0.187265917145537,0.1414785182683513,0.2791595470708428,0.0072564408452423,0.0174256895373846,0.4636476090008061,1.1071487177940904,7.010186162295737e-05,0.000634784561005,2.23606797749979,4.47213595499958,0.0133064745366116,0.028968922804728,10671.189999964554,10711.390000011306,9
101,1126,1128,1128.0,527,527,526.0,10727.194999984931,10743.190000008326,12127.259999979287,2.23606797749979,2.0,1.0,0.1397979352440914,0.0014450136192836,0.1250781739734742,0.1265422336815918,0.1250390745279608,0.0,0.0632711168407959,0.0,0.0007225068096418,0.0087401022219204,1.0440321799576582e-06,0.0156445496045386,0.4636476090008061,0.0,1.5707963267948966,0.0,0.0289870339682813,0.0011349110426697,1.3375617731846168e-05,0.0005463618741455,1.130253930269924e-05,102.0,1127.3333333333333,526.6666666666666,11199.214999990849,1.74535599249993,0.08877370761228305,0.08386043606985087,0.0841012716730648,0.008128565286212986,0.6781479785985676,0.010040648336983668,0.00019034667706001513,1126.0,1128.0,526.0,527.0,0.0,0.0632711168407959,0.0,0.1265422336815918,0.0014450136192836,0.1397979352440914,1.0440321799576582e-06,0.0156445496045386,0.0,1.5707963267948966,1.130253930269924e-05,0.0005463618741455,1.0,2.23606797749979,0.0,0.0289870339682813,10727.194999984931,12127.259999979287,9
102,1126,1121,1111.0,525,525,522.0,12135.254999971949,12143.229999986945,12159.229999990202,2.23606797749979,5.0,10.44030650891055,0.2803846988458456,0.3124999999363353,0.4351034178239392,0.2501563479469484,0.6269592464701178,0.6249999998726707,0.1250781739734742,0.0,0.1874999999618012,0.0351579559020284,0.0195312499920419,0.0181330868054972,2.677945044588987,3.141592653589793,2.8501358591119264,0.1384801399387581,0.0581376311133634,0.0182160496511555,0.0024407012276925,0.001959461552427,8.738519914123653e-05,103.0,1119.3333333333333,524.0,12145.904999983031,5.892124828803446,0.3426627055353734,0.500705198096579,0.5632051980838461,0.0242740975665225,2.889891185763569,0.071611273567759,0.0014958493264202453,1111.0,1126.0,522.0,525.0,0.0,0.1874999999618012,0.2501563479469484,0.6269592464701178,0.2803846988458456,0.4351034178239392,0.0181330868054972,0.0351579559020284,2.677945044588987,3.141592653589793,8.738519914123653e-05,0.0024407012276925,2.23606797749979,10.44030650891055,0.0182160496511555,0.1384801399387581,12135.254999971949,12159.229999990202,9
103,1087,1068,1041.0,520,516,511.0,12183.224999986123,12199.175000016112,12215.174999961164,24.08318915758459,19.4164878389476,27.459060435491963,1.5099178126836543,1.2135304941017946,1.715655130557972,1.0002083769151924,1.1912225682932238,1.6875000057953002,0.083350698076266,0.2507836985880471,0.3125000010732037,0.0946656934071952,0.0758456561418352,0.1071949469620356,3.058451421701352,2.93409642715459,2.958481836327309,0.0086816237809893,0.0077965513675833,0.001524088078529,0.0031895230929238,0.0011799396382429,0.0019593306829913,104.0,1065.3333333333333,515.6666666666666,12199.191666654466,23.652912477341385,1.4797011457811404,1.2929769836679055,1.3971436506923067,0.09256876550368869,2.98367656172775,0.006000754409033866,0.002109597804719333,1041.0,1087.0,511.0,520.0,0.083350698076266,0.3125000010732037,1.0002083769151924,1.6875000057953002,1.2135304941017946,1.715655130557972,0.0758456561418352,0.1071949469620356,2.93409642715459,3.058451421701352,0.0011799396382429,0.0031895230929238,19.4164878389476,27.459060435491963,0.001524088078529,0.0086816237809893,12183.224999986123,12215.174999961164,9
104,1007,975,949.0,501,488,474.0,12231.180000002496,12247.165000007952,12263.089999963997,35.4400902933387,34.539832078341085,29.5296461204668,2.2170841589764687,2.168906258943974,1.8324322748878503,2.124336139468712,2.001876758778521,1.6326530657311684,0.6248047469025624,0.8132624332537741,0.8791208815475523,0.1386977890659692,0.1361950558826307,0.1137097284658412,2.8555412118724752,2.75570998419172,2.647651284670212,0.0064317790808494,0.0062453067029509,0.0067854756558735,0.0019683125287459,0.0001565676060359,0.001411951490038,105.0,977.0,487.6666666666667,12247.144999991482,33.16985616404886,2.072807564269431,1.9196219879928007,2.2126622818419848,0.12953419113814704,2.752967493578136,0.006487520479891267,0.0011789438749399334,949.0,1007.0,474.0,501.0,0.6248047469025624,0.8791208815475523,1.6326530657311684,2.124336139468712,1.8324322748878503,2.2170841589764687,0.1137097284658412,0.1386977890659692,2.647651284670212,2.8555412118724752,0.0001565676060359,0.0019683125287459,29.5296461204668,35.4400902933387,0.0062453067029509,0.0067854756558735,12231.180000002496,12263.089999963997,9
105,930,915,899.0,457,444,429.0,12279.204999969808,12295.189999975264,12311.179999960586,25.495097567963924,19.849433241279208,21.93171219946131,1.5949388526280557,1.2413654321137917,1.365610966844765,1.1790257519794072,0.9383797306774316,1.000625391787794,1.054917778086838,0.8132624332537741,0.9380863048010568,0.0997772193984057,0.0776338607412929,0.0850318158384596,2.4116929954380617,2.427501954977635,2.388441372627599,0.0146421525998795,0.0009889871463356,0.0024428131573415,0.0008645677357996,0.0013852585955303,0.0004626613573456,106.0,914.6666666666666,443.3333333333333,12295.191666635219,22.425414336234812,1.4006384171955375,1.0393436248148775,1.3520390597485632,0.08748096532605272,2.4092121076810984,0.0060246509678522,0.0009041625628918333,899.0,930.0,429.0,457.0,0.8132624332537741,1.054917778086838,0.9383797306774316,1.1790257519794072,1.2413654321137917,1.5949388526280557,0.0776338607412929,0.0997772193984057,2.388441372627599,2.427501954977635,0.0004626613573456,0.0013852585955303,19.849433241279208,25.495097567963924,0.0009889871463356,0.0146421525998795,12279.204999969808,12311.179999960586,9
106,880,867,863.0,414,404,401.0,12327.240000013262,12343.204999982843,12367.32999997912,24.20743687382041,16.401219466856727,5.0,1.516281673657447,0.679843294067952,0.3154574127468909,1.183063507950275,0.8142812417643588,0.1658031088338928,0.9339975062765328,0.6263701859725838,0.1243523316254196,0.0949753633915635,0.0281800329190852,0.0199026758513924,2.473303234759209,2.485897027348257,2.498091544796509,0.0052840511739271,0.0007888376206102,0.0005054722259123,0.000619149907876,0.0041838603570146,0.0003431028836879,107.0,870.0,406.3333333333333,12345.924999991743,15.20288544689238,0.8371941268240964,0.7210492861828421,0.7625000633913154,0.047686024054013704,2.485763935634658,0.0021927870068165333,0.001715371049526167,863.0,880.0,401.0,414.0,0.1243523316254196,0.9339975062765328,0.1658031088338928,1.183063507950275,0.3154574127468909,1.516281673657447,0.0199026758513924,0.0949753633915635,2.473303234759209,2.498091544796509,0.0003431028836879,0.0041838603570146,5.0,24.20743687382041,0.0005054722259123,0.0052840511739271,12327.240000013262,12367.32999997912,9
107,859,848,831.0,398,395,392.0,12383.18000000436,12399.059999966994,12415.180000010878,5.0,11.40175425099138,17.26267650163207,0.3148614616980285,0.7073048523543468,1.0795920273594706,0.2523659301975127,0.6926952157356626,1.054590567848662,0.1892744476481345,0.188916877018817,0.1861042178556462,0.0198275480125238,0.0438774721109696,0.0675166997092218,2.498091544796509,2.875340604438868,2.9669204545815537,0.0,0.0237562380686399,0.0056811321273806,4.739926734953668e-06,0.0015144788510726,0.0014664533209614,108.0,846.0,395.0,12399.139999994077,11.221476917541148,0.7005861138039485,0.6665505712606125,0.7285853105458279,0.04374057327757173,2.780117534605644,0.009812456732006833,0.0009952240329229847,831.0,859.0,392.0,398.0,0.1861042178556462,0.1892744476481345,0.2523659301975127,1.054590567848662,0.3148614616980285,1.0795920273594706,0.0198275480125238,0.0675166997092218,2.498091544796509,2.9669204545815537,4.739926734953668e-06,0.0015144788510726,5.0,17.26267650163207,0.0,0.0237562380686399,12383.18000000436,12415.180000010878,9
108,815,803,788.0,390,389,386.0,12431.1699999962,12447.225000010803,12463.179999962447,16.1245154965971,12.041594578792296,15.297058540778355,1.004329833816925,0.754722319980341,0.95576747899247,1.000625391787794,0.7474307062650368,0.9401441582864296,0.1250781739734742,0.062285892188753,0.1880288316572859,0.0625555797510692,0.0473031853505266,0.059716805780959,3.017237659043032,3.058451421701352,2.9441970937399127,0.0031467920267458,0.0025670359776289,0.0071610359327925,0.0003102639126145,0.0009500089932525,0.0007780395153904,109.0,802.0,388.3333333333333,12447.191666656485,14.487722872055917,0.9049398775965787,0.8960667521130867,0.958743029332182,0.056525190294184936,3.006628724828099,0.004291621312389067,0.0006794374737524667,788.0,815.0,386.0,390.0,0.062285892188753,0.1880288316572859,0.7474307062650368,1.000625391787794,0.754722319980341,1.004329833816925,0.0473031853505266,0.0625555797510692,2.9441970937399127,3.058451421701352,0.0003102639126145,0.0009500089932525,12.041594578792296,16.1245154965971,0.0025670359776289,0.0071610359327925,12431.1699999962,12463.179999962447,9
109,766,735,690.0,386,385,384.0,12479.18500000378,12495.179999968968,12511.215000005905,22.0,31.016124838541646,45.01110973970759,1.3754298248129175,1.934276567951152,2.814953707381143,1.3745704431856371,1.938105662236384,2.806361078661898,0.0,0.0625195374914962,0.0623635795258199,0.0859912364993133,0.1206284105703517,0.1760446347695474,3.141592653589793,3.109345771154539,3.1193740882630743,0.0123333682811694,0.0020160601753947,0.0006254017515082,0.001641638903499,0.0021655001029337,0.0034559541048672,110.0,730.3333333333334,385.0,12495.193333326219,32.67574485941641,2.0415533667150707,2.0396790613613063,2.0604669212032465,0.1275547606130708,3.123437504335802,0.0049916100693574335,0.0024210310370999665,690.0,766.0,384.0,386.0,0.0,0.0625195374914962,1.3745704431856371,2.806361078661898,1.3754298248129175,2.814953707381143,0.0859912364993133,0.1760446347695474,3.109345771154539,3.141592653589793,0.001641638903499,0.0034559541048672,22.0,45.01110973970759,0.0006254017515082,0.0123333682811694,12479.18500000378,12511.215000005905,9
110,633,587,580.0,376,369,368.0,12527.204999991229,12551.329999987502,12567.174999974668,57.55866572463264,46.52956049652737,7.071067811865476,2.3858514293687305,2.936545316138459,0.1472678915078422,3.564727958244016,1.906735751589768,0.441779741601113,0.5003126958938969,0.2901554404593124,0.0631113916573018,0.0988953960512806,0.1853294615662296,0.0030671225967841,3.002152596498456,2.9905773106684337,2.999695598985629,0.0073309250701825,0.0004798045940646,0.0005754678652307,0.0048248429511622,0.0035827591928827,0.0115028298590765,111.0,600.0,371.0,12548.569999984466,37.053098011008494,1.8232215456716772,1.9710811504782992,1.9921182810307332,0.09576399340476477,2.997475168717506,0.0027953991764926,0.0066368106677071334,580.0,633.0,368.0,376.0,0.0631113916573018,0.5003126958938969,0.441779741601113,3.564727958244016,0.1472678915078422,2.936545316138459,0.0030671225967841,0.1853294615662296,2.9905773106684337,3.002152596498456,0.0035827591928827,0.0115028298590765,7.071067811865476,57.55866572463264,0.0004798045940646,0.0073309250701825,12527.204999991229,12567.174999974668,9
111,579,579,579.0,367,366,364.0,12615.189999982247,12647.300000011455,12655.254999990577,1.4142135623730951,1.0,2.0,0.0440427767389215,0.125707102781244,0.2509410295848507,0.0208268249472479,0.0,0.0,0.0208268249472479,0.0311429460943765,0.251414205562488,0.0013716218218268,0.0158022756896542,0.0314857001645524,2.356194490192345,1.5707963267948966,1.5707963267948966,0.0134020849461977,0.024459612665309,0.0,3.5311897837957885e-05,0.0004494130755123,0.0019715178524279,112.0,579.0,365.6666666666667,12639.248333328092,1.4714045207910316,0.14023030303500542,0.006942274982415966,0.09074701016991198,0.01621986589201113,1.832595714594046,0.012620565870502233,0.0008187476085927192,579.0,579.0,364.0,367.0,0.0208268249472479,0.251414205562488,0.0,0.0208268249472479,0.0440427767389215,0.2509410295848507,0.0013716218218268,0.0314857001645524,1.5707963267948966,2.356194490192345,3.5311897837957885e-05,0.0019715178524279,1.0,2.0,0.0,0.024459612665309,12615.189999982247,12655.254999990577,9
112,579,579,579.0,363,360,358.0,12663.224999967497,12679.159999999683,12695.224999974016,1.0,3.0,2.0,0.0627549418249223,0.1867413635103104,0.124494241889132,0.0,0.0,0.0,0.1254705147924253,0.188264825474767,0.1244942423402069,0.0039381827234493,0.0116241122818966,0.0077494081317748,1.5707963267948966,1.5707963267948966,1.5707963267948966,0.0,0.0,0.0,0.0034564011945885,0.0004823300623108,0.0002411891787309,113.0,579.0,360.3333333333333,12679.203333313731,2.0,0.1246635157414549,0.0,0.04149808078006897,0.007770567712373566,1.5707963267948966,0.0,0.0013933068118767331,579.0,579.0,358.0,363.0,0.1244942423402069,0.188264825474767,0.0,0.0,0.0627549418249223,0.1867413635103104,0.0039381827234493,0.0116241122818966,1.5707963267948966,1.5707963267948966,0.0002411891787309,0.0034564011945885,1.0,3.0,0.0,0.0,12663.224999967497,12695.224999974016,9
113,579,587,597.0,353,347,340.0,12711.290000006557,12735.240000009073,12751.17499998305,5.0,10.0,12.206555615733702,0.2087682672014629,0.6275494205415475,0.7629097258279313,0.0,0.3340292275223407,0.6275494205415475,0.3112356047228301,0.2505219206417555,0.4392845943790832,0.0087168378780602,0.0393818275222032,0.0476818578545316,1.5707963267948966,0.6435011087932844,0.6107259643892086,0.0,0.0387179631692798,0.0020568022878943,6.021971642239976e-05,0.0012803753503517,0.0005208679225529,114.0,587.6666666666666,346.6666666666667,12732.568333332893,9.068851871911233,0.5330758045236472,0.32052621602129605,0.4669544141476571,0.03192684108493166,0.9416744666591298,0.0135915884857247,0.0006204876631089999,579.0,597.0,340.0,353.0,0.2505219206417555,0.4392845943790832,0.0,0.6275494205415475,0.2087682672014629,0.7629097258279313,0.0087168378780602,0.0476818578545316,0.6107259643892086,1.5707963267948966,6.021971642239976e-05,0.0012803753503517,5.0,12.206555615733702,0.0,0.0387179631692798,12711.290000006557,12751.17499998305,9
114,612,620,623.0,334,331,331.0,12767.17499998631,12783.179999969434,12799.254999961704,16.15549442140351,8.54400374531753,3.0,1.0094029639761173,0.5315087869005338,0.093647572849563,0.937499999809006,0.4998437993399029,0.1866251944909865,0.3749999999236024,0.1874414247524636,0.0,0.0630679765723477,0.0330643102429934,0.0029232893002047,0.3805063771123649,0.3587706702705722,0.0,0.0143887242018713,0.0013580572861424,0.0223185487056357,0.0009616324196675,0.0018746433215238,0.0018750246318682,115.0,618.3333333333334,332.0,12783.203333305815,9.233166055573681,0.544853107908738,0.5413229978799651,0.5413229978799651,0.0330185253718486,0.24642568246097904,0.012688443397883132,0.0015704334576865,612.0,623.0,331.0,334.0,0.0,0.3749999999236024,0.1866251944909865,0.937499999809006,0.093647572849563,1.0094029639761173,0.0029232893002047,0.0630679765723477,0.0,0.3805063771123649,0.0009616324196675,0.0018750246318682,3.0,16.15549442140351,0.0013580572861424,0.0223185487056357,12767.17499998631,12799.254999961704,9
115,624,625,628.0,331,331,331.0,12831.2900000019,12847.260000009555,12879.194999986794,1.0,1.0,3.0,0.062617407609307,0.031313605784022,0.1875586117919412,0.031215857616521,0.062617407609307,0.0939408173520662,0.0,0.0,0.0,0.0039209397357101,0.0009805419071971,0.0117260776191067,0.0,0.0,0.0,0.0,0.0,0.0,3.114251394579576e-05,0.0001841200893615,0.0003364814692208,116.0,625.6666666666666,331.0,12852.581666666083,1.6666666666666667,0.09382987506175673,0.06259136085929806,0.06259136085929806,0.005542519754004633,0.0,0.0,0.0001839146908426986,624.0,628.0,331.0,331.0,0.0,0.0,0.031215857616521,0.0939408173520662,0.031313605784022,0.1875586117919412,0.0009805419071971,0.0117260776191067,0.0,0.0,3.114251394579576e-05,0.0003364814692208,1.0,3.0,0.0,0.0,12831.2900000019,12879.194999986794,9
116,632,636,637.0,337,344,346.0,12895.190000010189,12919.270000013055,12935.224999964705,7.211102550927978,8.06225774829855,2.23606797749979,0.29946439161416,0.505312301644159,0.007551987494896,0.2500781490559216,0.1661129567908434,0.0626762772190953,0.3751172235838824,0.290697674383976,0.1253525544381906,0.0124362288861497,0.0316710939000684,2.5505716148592065e-05,0.982793723247329,1.0516502125483738,1.1071487177940904,0.0614438088033674,0.0028594887580084,0.0034784397000259,4.439832860296346e-05,0.0007987900752336,0.0019834276577766,117.0,635.0,342.3333333333333,12916.56166666265,5.836476092242106,0.27077622691773834,0.15962246102195343,0.20140664583468362,0.014710942834122229,1.0471975511965976,0.022593912420467235,0.0009422053538710545,632.0,637.0,337.0,346.0,0.1253525544381906,0.3751172235838824,0.0626762772190953,0.2500781490559216,0.007551987494896,0.505312301644159,2.5505716148592065e-05,0.0316710939000684,0.982793723247329,1.1071487177940904,4.439832860296346e-05,0.0019834276577766,2.23606797749979,8.06225774829855,0.0028594887580084,0.0614438088033674,12895.190000010189,12935.224999964705,9
117,638,639,641.0,346,346,345.0,13231.314999982716,13663.394999981392,13679.230000008827,1.0,1.0,2.23606797749979,0.0023143862247802,0.0631512471277129,0.1398853911001788,0.0033773514807631,0.0023143862247802,0.1263024942554258,0.0,0.0,0.0631512471277129,5.356383597452688e-06,0.0039880800137854,0.0087510410417528,0.0,0.0,0.4636476090008061,0.0037392303614669,0.0,0.0292799247361831,6.805137812798018e-08,9.217560706814034e-06,0.0003007869289368,118.0,639.3333333333334,345.6666666666667,13524.646666657645,1.4120226591665965,0.06845034148422396,0.043998077320323035,0.06504849302956067,0.00424815914637855,0.1545492030002687,0.01100638503255,0.000103357513673914,638.0,641.0,345.0,346.0,0.0,0.0631512471277129,0.0023143862247802,0.1263024942554258,0.0023143862247802,0.1398853911001788,5.356383597452688e-06,0.0087510410417528,0.0,0.4636476090008061,6.805137812798018e-08,0.0003007869289368,1.0,2.23606797749979,0.0,0.0292799247361831,13231.314999982716,13679.230000008827,9
118,643,644,645.0,343,342,342.0,13695.215000014286,13711.209999979474,13719.214999990072,2.8284271247461903,1.4142135623730951,1.0,0.1768319556675343,0.1766662786384392,0.0621697233052791,0.1251172974236575,0.0625195374914962,0.1249219236322324,0.1251172974236575,0.0625195374914962,0.0,0.011055452082051,0.0220694913684618,0.0038650744958549,0.7853981633974483,0.7853981633974483,0.0,0.0201282799053356,0.0,0.0981134493888317,0.0001441608407576,0.0006885926420995,0.0022741307743291,119.0,644.0,342.3333333333333,13708.546666661277,1.7475468957064286,0.13855598587041754,0.1041862528491287,0.1041862528491287,0.012330005982122567,0.5235987755982988,0.03941390976472243,0.0010356280857287334,643.0,645.0,342.0,343.0,0.0,0.1251172974236575,0.0625195374914962,0.1251172974236575,0.0621697233052791,0.1768319556675343,0.0038650744958549,0.0220694913684618,0.0,0.7853981633974483,0.0001441608407576,0.0022741307743291,1.0,2.8284271247461903,0.0,0.0981134493888317,13695.215000014286,13719.214999990072,9
119,646,647,647.0,341,340,339.0,13735.30000000028,13759.284999978265,13903.370000014547,1.4142135623730951,1.4142135623730951,1.0,0.0589624166633829,0.009815133858604,0.0417449384569222,0.0621697233052791,0.0416927246578247,0.0,0.0621697233052791,0.0416927246578247,0.0069403477096725,0.0024583038031063,6.812044179569221e-05,0.0017426398867722,0.7853981633974483,0.7853981633974483,1.5707963267948966,0.0488279865028937,0.0,0.0054509363445165,8.745854472215692e-05,9.965325676483977e-05,1.1621747194745078e-05,120.0,646.6666666666666,340.0,13799.31833333103,1.2761423749153968,0.036840829659636365,0.03462081598770126,0.036934265224258765,0.0014230213772247306,1.0471975511965976,0.01809297428247007,6.624451622724725e-05,646.0,647.0,339.0,341.0,0.0069403477096725,0.0621697233052791,0.0,0.0621697233052791,0.009815133858604,0.0589624166633829,6.812044179569221e-05,0.0024583038031063,0.7853981633974483,1.5707963267948966,1.1621747194745078e-05,9.965325676483977e-05,1.0,1.4142135623730951,0.0,0.0488279865028937,13735.30000000028,13903.370000014547,9
120,648,650,651.0,339,339,339.0,13927.324999996928,13935.174999991432,14071.315000008326,1.0,2.0,1.0,0.1273885351210159,0.0146907595104437,0.0249906285287667,0.0417449384569222,0.2547770702420318,0.0073453797552218,0.0,0.0,0.0,0.0162278388802783,0.0001079092074968,0.0006245315142628,0.0,0.0,0.0,0.0655727959904124,0.0,0.0,0.0006046837405201,0.0020534942272694,3.7947870332147215e-06,121.0,649.6666666666666,339.0,13977.938333332228,1.3333333333333333,0.05568997438674211,0.10128912948472525,0.10128912948472525,0.005653426534012633,0.0,0.021857598663470798,0.0008873242516075716,648.0,651.0,339.0,339.0,0.0,0.0,0.0073453797552218,0.2547770702420318,0.0146907595104437,0.1273885351210159,0.0001079092074968,0.0162278388802783,0.0,0.0,3.7947870332147215e-06,0.0020534942272694,1.0,2.0,0.0,0.0655727959904124,13927.324999996928,14071.315000008326,9
121,652,653,651.0,339,338,338.0,14111.329999985172,14135.24500001222,14239.289999997707,1.0,1.4142135623730951,2.0,0.0418147605632069,0.0135923260374868,0.1258653242570946,0.0249906285287667,0.0418147605632069,0.0192224518264108,0.0,0.0418147605632069,0.0,0.0017484742009583,0.0001306389162322,0.0079210399251717,0.0,0.7853981633974483,3.141592653589793,0.0,0.0328412361492467,0.0226459175406885,2.808803417083175e-05,6.764939506152953e-05,7.487530405138166e-05,122.0,652.0,338.3333333333333,14161.954999998366,1.4714045207910316,0.060424136952596096,0.0286759469727948,0.0286759469727948,0.0032667176807873997,1.3089969389957472,0.01849571789664507,5.687091109458098e-05,651.0,653.0,338.0,339.0,0.0,0.0418147605632069,0.0192224518264108,0.0418147605632069,0.0135923260374868,0.1258653242570946,0.0001306389162322,0.0079210399251717,0.0,3.141592653589793,2.808803417083175e-05,7.487530405138166e-05,1.0,2.0,0.0,0.0328412361492467,14111.329999985172,14239.289999997707,9
122,646,630,605.0,338,338,338.0,14255.179999978282,14271.019999985583,14287.199999962468,5.0,16.0,25.0,0.3156565655110613,0.9888751559244914,1.564455566956276,0.3146633106427367,1.0101010096353964,1.5451174311320175,0.0,0.0,0.0,0.0199278134700477,0.0611171296252929,0.0979008488392193,3.141592653589793,3.141592653589793,3.141592653589793,0.0,0.0,0.0,0.0007556182227536,0.0026003356146627,0.0022734066295721,123.0,627.0,338.0,14271.133333308777,15.333333333333334,0.9563290961306096,0.9566272504700501,0.9566272504700501,0.05964859731151997,3.141592653589793,0.0,0.0018764534889961334,605.0,646.0,338.0,338.0,0.0,0.0,0.3146633106427367,1.5451174311320175,0.3156565655110613,1.564455566956276,0.0199278134700477,0.0979008488392193,3.141592653589793,3.141592653589793,0.0007556182227536,0.0026003356146627,5.0,25.0,0.0,0.0,14255.179999978282,14287.199999962468,9
123,570,544,517.0,338,338,338.0,14303.17999998806,14319.175000011455,14335.17999999458,35.0,26.0,27.0,2.188183804239314,1.6244923478546849,1.6880275122703987,2.190237793738786,1.6255079688634904,1.6869728227721723,0.0,0.0,0.0,0.1368042388895781,0.1014990533937856,0.1055346993400663,3.141592653589793,3.141592653589793,3.141592653589793,0.0,0.0,0.0,0.0024345050055102,0.0022072638602159,0.0002521490753224,124.0,543.6666666666666,338.0,14319.178333331365,29.333333333333332,1.8335678881214656,1.8342395284581494,1.8342395284581494,0.11461266387447666,3.141592653589793,0.0,0.0016313059803495,517.0,570.0,338.0,338.0,0.0,0.0,1.6255079688634904,2.190237793738786,1.6244923478546849,2.188183804239314,0.1014990533937856,0.1368042388895781,3.141592653589793,3.141592653589793,0.0002521490753224,0.0024345050055102,26.0,35.0,0.0,0.0,14303.17999998806,14335.17999999458,9
124,483,453,419.0,335,334,331.0,14351.174999959769,14367.189999960829,14383.209999999965,34.132096331752024,30.01666203960727,34.132096331752024,2.131257966249719,1.87369924883156,1.4218744558236855,2.1256642747108727,1.8732438337815276,2.1223470609827526,0.1875586124744887,0.0624414611260509,0.187265917145537,0.1330788614491681,0.1169600027624486,0.0592324288691038,3.0535852800620527,3.108271657711546,3.0535852800620527,0.0055021802887956,0.0034146973241253,0.0034136315552998,0.0017220482756518,0.0010064850880831,0.0036034690232413,125.0,451.6666666666667,333.3333333333333,14367.191666640187,32.7602849010371,1.8089438903016548,2.0404183898250507,2.1028403622068965,0.10309043102690683,3.071814072611884,0.0041101697227402334,0.0021106674623254,419.0,483.0,331.0,335.0,0.0624414611260509,0.1875586124744887,1.8732438337815276,2.1256642747108727,1.4218744558236855,2.131257966249719,0.0592324288691038,0.1330788614491681,3.0535852800620527,3.108271657711546,0.0010064850880831,0.0036034690232413,30.01666203960727,34.132096331752024,0.0034136315552998,0.0055021802887956,14351.174999959769,14383.209999999965,9
125,384,368,359.0,326,324,323.0,14407.21500001382,14423.17500000354,14439.1750000068,35.35533905932738,16.1245154965971,9.055385138137416,2.2152468096556457,1.0077822183320064,1.1248925631841709,1.4580295763297026,1.0025062663099982,0.5624999998854037,0.2082899394756718,0.1253132832887497,0.062499999987267,0.1387999255064385,0.0629863886329183,0.1397382065372128,2.999695598985629,3.017237659043032,3.0309354324158977,0.0022449356819543,0.0010991265707207,0.0008561108356297,0.0033146218117642,0.0047502216116767,0.0047969886180411,126.0,370.3333333333333,324.3333333333333,14423.188333341386,20.178413231353964,1.4493071970572744,1.007678614175035,1.0285119475041238,0.11384150689218986,3.0159562301481864,0.0014000576961015667,0.004287277347160667,359.0,384.0,323.0,326.0,0.062499999987267,0.2082899394756718,0.5624999998854037,1.4580295763297026,1.0077822183320064,2.2152468096556457,0.0629863886329183,0.1397382065372128,2.999695598985629,3.0309354324158977,0.0033146218117642,0.0047969886180411,9.055385138137416,35.35533905932738,0.0008561108356297,0.0022449356819543,14407.21500001382,14439.1750000068,9
126,357,356,353.0,322,321,320.0,14447.225000010803,14463.225000014065,14487.179999996442,2.23606797749979,1.4142135623730951,3.1622776601683795,0.1397542485652651,0.0590362581262095,0.1977659576654858,0.2484472048453474,0.062499999987267,0.1252348153707666,0.1242236024226737,0.062499999987267,0.0417449384569222,0.0087346405335495,0.0024644649622055,0.0123681024294571,2.677945044588987,2.356194490192345,2.819842099193151,0.0438497375964355,0.0201094096456933,0.0193549409034377,0.0162737348991915,0.0003918859731291,0.00041342673657,127.0,355.3333333333333,321.0,14465.87666667377,2.2708530666804214,0.1321854881189868,0.14539400673446035,0.15930898622010106,0.0078557359750707,2.6179938779914944,0.027771362715188833,0.0056930158696302,353.0,357.0,320.0,322.0,0.0417449384569222,0.1242236024226737,0.062499999987267,0.2484472048453474,0.0590362581262095,0.1977659576654858,0.0024644649622055,0.0123681024294571,2.356194490192345,2.819842099193151,0.0003918859731291,0.0162737348991915,1.4142135623730951,3.1622776601683795,0.0193549409034377,0.0438497375964355,14447.225000010803,14487.179999996442,9
127,347,336,327.0,318,313,311.0,14503.169999981765,14519.17499996489,14535.21499998169,6.324555320336759,12.083045973594572,9.219544457292889,0.3951612200565653,0.7533071047966469,0.5773039732544366,0.3752345219204226,0.6872852240923666,0.5610972562701354,0.1250781739734742,0.3124023745874393,0.1246882791711412,0.0246898606981081,0.0469642832922442,0.0361492782077455,2.819842099193151,2.714965160462917,2.922923707715851,0.0,0.0065527609397572,0.0129649966979494,0.0007705915121927,0.0013917165021944,0.0006742521866066,128.0,336.6666666666667,314.0,14519.186666642781,9.209048583741406,0.5752574327025496,0.5412056674276416,0.5827684271513554,0.0359344740660326,2.8192436557906397,0.006505919212568867,0.0009455200669979,327.0,347.0,311.0,318.0,0.1246882791711412,0.3124023745874393,0.3752345219204226,0.6872852240923666,0.3951612200565653,0.7533071047966469,0.0246898606981081,0.0469642832922442,2.714965160462917,2.922923707715851,0.0006742521866066,0.0013917165021944,6.324555320336759,12.083045973594572,0.0,0.0129649966979494,14503.169999981765,14535.21499998169,9
128,318,309,302.0,308,303,302.0,14551.184999989346,14567.204999970272,14591.075000003912,9.486832980505138,10.295630140987,7.071067811865476,0.5921868284519479,0.4313209102001523,0.43865184976108,0.5635566684837638,0.5617977534778678,0.2932551315515325,0.1878522228279212,0.3121098630432599,0.0418935902216475,0.0369654699848319,0.0180695814659532,0.0272116532351645,2.819842099193151,2.6344941491974563,2.999695598985629,0.0064547030978889,0.011569784657701,0.0152995998857772,5.1107813193184005e-05,0.0011795186355415,0.0003829942084762,129.0,309.6666666666667,304.3333333333333,14569.82166665451,8.951176977785872,0.48738652947106015,0.47286985117105473,0.4868343812449372,0.027415568228649868,2.8180106157920783,0.011108029213789034,0.000537873552403628,302.0,318.0,302.0,308.0,0.0418935902216475,0.3121098630432599,0.2932551315515325,0.5635566684837638,0.4313209102001523,0.5921868284519479,0.0180695814659532,0.0369654699848319,2.6344941491974563,2.999695598985629,5.1107813193184005e-05,0.0011795186355415,7.071067811865476,10.295630140987,0.0064547030978889,0.0152995998857772,14551.184999989346,14591.075000003912,9
129,296,286,281.0,299,296,295.0,14607.194999989588,14623.17500001518,14639.1350000049,6.708203932499369,10.44030650891055,5.0990195135927845,0.4197874794590648,0.6541545435862429,0.3184896642960855,0.3722084370552988,0.6257822267825104,0.3132832082218744,0.1861042185276494,0.1877346680347531,0.0626566416443748,0.026269554367131,0.0409871268175228,0.0198931708327512,2.677945044588987,2.8501358591119264,2.9441970937399127,0.0199597118289416,0.0107753951343659,0.0058935610707132,5.8442857870384255e-05,0.0009209995260839,0.001321676441,130.0,287.6666666666667,296.6666666666667,14623.168333336556,7.415843318334235,0.4641438957804644,0.43709129068656116,0.45797683790135274,0.029049950672468336,2.824092665813609,0.012209556011340232,0.0007670396083180947,281.0,296.0,295.0,299.0,0.0626566416443748,0.1877346680347531,0.3132832082218744,0.6257822267825104,0.3184896642960855,0.6541545435862429,0.0198931708327512,0.0409871268175228,2.677945044588987,2.9441970937399127,5.8442857870384255e-05,0.001321676441,5.0990195135927845,10.44030650891055,0.0058935610707132,0.0199597118289416,14607.194999989588,14639.1350000049,9
130,278,275,271.0,294,294,292.0,14655.144999967888,14671.174999966752,14687.169999990148,3.1622776601683795,3.0,4.47213595499958,0.1972724678972254,0.1875586117919412,0.2795084971305303,0.1873828861296179,0.1871490954593039,0.2500781490559216,0.0624609620432059,0.0,0.1250390745279608,0.0123064546419967,0.0117260776191067,0.0174692810670991,2.819842099193151,3.141592653589793,2.677945044588987,0.0077673325942683,0.0200717750729537,0.0289870339682813,0.0004738735920232,3.620567828641311e-05,0.0003590624219813,131.0,274.6666666666667,293.3333333333333,14671.163333308263,3.54480453838932,0.22144652560656564,0.20820337688161442,0.2498830683909347,0.0138339377760675,2.8797932657906435,0.018942047211834432,0.00028971389743030437,271.0,278.0,292.0,294.0,0.0,0.1250390745279608,0.1871490954593039,0.2500781490559216,0.1875586117919412,0.2795084971305303,0.0117260776191067,0.0174692810670991,2.677945044588987,3.141592653589793,3.620567828641311e-05,0.0004738735920232,3.0,4.47213595499958,0.0077673325942683,0.0289870339682813,14655.144999967888,14687.169999990148,9
131,265,261,262.0,290,289,288.0,14703.169999993406,14719.17499997653,14783.259999996517,6.324555320336759,4.123105625617661,1.4142135623730951,0.3951612200565653,0.0643380763725019,0.0884712894520024,0.3749999999236024,0.2499218996699514,0.01560427556664,0.1249999999745341,0.0624804749174878,0.01560427556664,0.0246898606981081,0.001003949073144,0.0055346443179103,2.819842099193151,2.896613990462929,0.7853981633974483,0.0088685659109534,0.0047967442268494,0.0329439935461817,0.0004512862268461,0.0014799070071814,7.069821710779899e-05,132.0,262.6666666666667,289.0,14735.201666655485,3.953958169442505,0.18265686196035655,0.21350872505339794,0.21871015024227794,0.010409484696387467,2.1672847510178426,0.015536434561328166,0.000667297150378433,261.0,265.0,288.0,290.0,0.01560427556664,0.1249999999745341,0.01560427556664,0.3749999999236024,0.0643380763725019,0.3951612200565653,0.001003949073144,0.0246898606981081,0.7853981633974483,2.896613990462929,7.069821710779899e-05,0.0014799070071814,1.4142135623730951,6.324555320336759,0.0047967442268494,0.0329439935461817,14703.169999993406,14783.259999996517,9
132,263,265,268.0,288,288,287.0,14799.245000001974,14807.224999996834,14815.234999987297,1.0,2.0,3.1622776601683795,0.1253132832887497,0.2496878904346079,0.1320366455046498,0.0625586487118287,0.2506265665774995,0.3745318356519118,0.0,0.0,0.1248439452173039,0.0157034189686064,0.0311720213148423,0.0055130123378199,0.0,0.0,0.3217505543966422,0.0491334478028964,0.0,0.0401686085867315,0.0006361448012026,0.0019384213478948,0.0032033719110577,133.0,265.3333333333333,287.6666666666667,14807.234999995368,2.05409255338946,0.1690126064093358,0.22923901698041335,0.27085366538618133,0.017462817540422868,0.10725018479888072,0.029767352129875968,0.0019259793533850334,263.0,268.0,287.0,288.0,0.0,0.1248439452173039,0.0625586487118287,0.3745318356519118,0.1253132832887497,0.2496878904346079,0.0055130123378199,0.0311720213148423,0.0,0.3217505543966422,0.0006361448012026,0.0032033719110577,1.0,3.1622776601683795,0.0,0.0491334478028964,14799.245000001974,14815.234999987297,9
133,272,273,274.0,286,285,285.0,14839.184999989811,14855.174999975134,14871.189999976195,4.123105625617661,1.4142135623730951,1.0,0.257855261376008,0.0883055611788536,0.0046258818085344,0.1670146137611703,0.0625390869867371,0.0624414611260509,0.0417536534402925,0.0625390869867371,0.0,0.016126032621182,0.0055139282655634,2.139878250652992e-05,0.2449786631268641,0.7853981633974483,0.0,0.0032055069420341,0.033797342136751,0.0490414088882535,0.0004431323708662,0.0006636713174083,0.0003429615661999,134.0,273.0,285.3333333333333,14855.183333313713,2.1791063959969184,0.11692890145446533,0.09733172062465277,0.09733172062465277,0.007220453223083977,0.34345894217477074,0.0286814193223462,0.00048325508482479994,272.0,274.0,285.0,286.0,0.0,0.0625390869867371,0.0624414611260509,0.1670146137611703,0.0046258818085344,0.257855261376008,2.139878250652992e-05,0.016126032621182,0.0,0.7853981633974483,0.0003429615661999,0.0006636713174083,1.0,4.123105625617661,0.0032055069420341,0.0490414088882535,14839.184999989811,14871.189999976195,9
134,275,277,284.0,285,285,285.0,15087.364999984857,15103.300000017043,15143.004999961704,1.0,2.0,7.0,0.0627549418249223,0.0503714898070146,0.2884219194403768,0.0046258818085344,0.1255098836498447,0.1763002143245513,0.0,0.0,0.0,0.0039381827234493,0.001268643492689,0.0118838862305244,0.0,0.0,0.0,0.0,0.0,0.0,1.8118579580367425e-05,0.0001675267791257,0.0002673527956839,135.0,278.6666666666667,285.0,15111.2233333212,3.3333333333333335,0.13384945035743792,0.10214532659431014,0.10214532659431014,0.005696904148887567,0.0,0.0,0.0001509993847966558,275.0,284.0,285.0,285.0,0.0,0.0,0.0046258818085344,0.1763002143245513,0.0503714898070146,0.2884219194403768,0.001268643492689,0.0118838862305244,0.0,0.0,1.8118579580367425e-05,0.0002673527956839,1.0,7.0,0.0,0.0,15087.364999984857,15143.004999961704,9
135,285,286,287.0,285,285,285.0,15167.275000014342,15199.30999999633,15215.250000008382,1.0,1.0,1.0,0.0312158576732403,0.062735257167124,0.0208051596878888,0.0412031313486252,0.0312158576732403,0.062735257167124,0.0,0.0,0.0,0.0009744297702759,0.0039357124918251,0.0004328546696385,0.0,0.0,0.0,0.0,0.0,0.0,0.0004495037674737,9.24389799661054e-05,0.0002197526862947,136.0,286.0,285.0,15193.945000006352,1.0,0.0382520915094177,0.045051415396329834,0.045051415396329834,0.0017809989772464999,0.0,0.0,0.0002538984779115018,285.0,287.0,285.0,285.0,0.0,0.0,0.0312158576732403,0.062735257167124,0.0208051596878888,0.062735257167124,0.0004328546696385,0.0039357124918251,0.0,0.0,9.24389799661054e-05,0.0004495037674737,1.0,1.0,0.0,0.0,15167.275000014342,15215.250000008382,9
136,288,290,291.0,285,285,285.0,15263.314999989234,15279.214999987744,15295.164999959525,1.0,2.0,1.0,0.0628930817669005,0.1253918497516264,0.0312989045057704,0.0208051596878888,0.125786163533801,0.0626959248758132,0.0,0.0,0.0,0.003955539734138,0.0078615579920672,0.0009796214232613,0.0,0.0,0.0,0.0,0.0,0.0,7.329002529705263e-05,0.0002456615256789,0.0004314693781179,137.0,289.6666666666667,285.0,15279.2316666455,1.3333333333333333,0.07319461200809911,0.069762416032501,0.069762416032501,0.004265573049822166,0.0,0.0,0.00025014030969795086,288.0,291.0,285.0,285.0,0.0,0.0,0.0208051596878888,0.125786163533801,0.0312989045057704,0.1253918497516264,0.0009796214232613,0.0078615579920672,0.0,0.0,7.329002529705263e-05,0.0004314693781179,1.0,2.0,0.0,0.0,15263.314999989234,15295.164999959525,9
137,293,294,295.0,285,285,286.0,15327.114999992771,15343.194999964908,15359.1749999905,2.0,1.0,1.4142135623730951,0.1243781096682722,0.062578222678251,0.0033995518324107,0.0625978090115409,0.0621890548341361,0.062578222678251,0.0,0.0,0.062578222678251,0.0077349570823263,0.0039160339535687,8.171999596619757e-06,0.0,0.0,0.7853981633974483,0.0,0.0,0.0491488211601749,0.0002114346056975,0.0002374952198616,0.0002445470555515,138.0,294.0,285.3333333333333,15343.161666649394,1.4714045207910316,0.06345196139297797,0.06245502884130933,0.08331443640072633,0.0038863876784972066,0.2617993877991494,0.016382940386724967,0.0002311589603702,293.0,295.0,285.0,286.0,0.0,0.062578222678251,0.0621890548341361,0.0625978090115409,0.0033995518324107,0.1243781096682722,8.171999596619757e-06,0.0077349570823263,0.0,0.7853981633974483,0.0002114346056975,0.0002445470555515,1.0,2.0,0.0,0.0491488211601749,15327.114999992771,15359.1749999905,9
138,295,288,281.0,306,317,326.0,15775.175000017043,15791.314999980386,15806.779999984428,20.0,13.038404810405298,11.40175425099138,1.2391573758007195,0.8430911611378968,0.7084034936970282,0.0,0.4337050815302518,0.4526349820996105,0.0480769230738555,0.6815365566903958,0.5819592626994993,0.0767755501000662,0.0545160789471416,0.0440138858315176,1.5707963267948966,2.137525544318403,2.231839495645584,0.0018879763542003,0.0351133344988011,0.0060985419529602,0.0001845369665758,0.0013791493930284,0.0006790942846995,139.0,288.0,316.3333333333333,15791.089999993952,14.813386353798892,0.9302173435452148,0.29544668787662076,0.48943310877645385,0.05843517162624181,1.980053788919628,0.014366617601987201,0.0007475935481012333,281.0,295.0,306.0,326.0,0.0480769230738555,0.6815365566903958,0.0,0.4526349820996105,0.7084034936970282,1.2391573758007195,0.0440138858315176,0.0767755501000662,1.5707963267948966,2.231839495645584,0.0001845369665758,0.0013791493930284,11.40175425099138,20.0,0.0018879763542003,0.0351133344988011,15775.175000017043,15806.779999984428,9
139,277,269,257.0,331,335,335.0,15822.875000012573,15838.809999986552,15854.809999989811,6.4031242374328485,8.94427190999916,12.0,0.4018276904856522,0.5590169942610607,0.500730231581116,0.248524386020838,0.502039536433238,0.7499999998472049,0.3106554825260476,0.251019768216619,0.0,0.0252166734321819,0.0349385621341983,0.0208942304016065,2.2455372690184494,2.677945044588987,3.141592653589793,0.000851057679336,0.027135724899695,0.0289779755566467,0.001167891417612,0.0006100965621519,0.0008777707331081,140.0,267.6666666666667,333.6666666666667,15838.831666662978,9.11579871581067,0.48719163877594296,0.5001879741004269,0.5001879741004269,0.027016488655995565,2.688358322399077,0.018988252711892566,0.0008852529042906667,257.0,277.0,331.0,335.0,0.0,0.3106554825260476,0.248524386020838,0.7499999998472049,0.4018276904856522,0.5590169942610607,0.0208942304016065,0.0349385621341983,2.2455372690184494,3.141592653589793,0.0006100965621519,0.001167891417612,6.4031242374328485,12.0,0.000851057679336,0.0289779755566467,15822.875000012573,15854.809999989811,9
140,250,240,234.0,335,335,333.0,15878.774999990128,15895.13999997871,15911.169999977574,7.0,10.0,6.324555320336759,0.4277421328985008,0.6238303181976796,0.196201499054037,0.2920926350889843,0.6110601898550012,0.3742981909186078,0.0,0.0,0.1247660636395359,0.0261376188937941,0.0389164265902618,0.0060865983901302,3.141592653589793,3.141592653589793,2.819842099193151,0.0,0.0,0.0200717750729537,0.0002187935944969,0.0007808620657124,0.0020480242172463,141.0,241.33333333333334,334.3333333333333,15895.028333315471,7.774851773445587,0.41592465005007256,0.42581700528753114,0.4674056931673764,0.023713547958062034,3.0343424687909124,0.0066905916909845665,0.0010158932924851998,234.0,250.0,333.0,335.0,0.0,0.1247660636395359,0.2920926350889843,0.6110601898550012,0.196201499054037,0.6238303181976796,0.0060865983901302,0.0389164265902618,2.819842099193151,3.141592653589793,0.0002187935944969,0.0020480242172463,6.324555320336759,10.0,0.0,0.0200717750729537,15878.774999990128,15911.169999977574,9
141,233,234,237.0,333,329,326.0,15943.40499996906,15959.2549999943,15967.239999969024,1.0,4.123105625617661,4.242640687119285,0.0630914825493781,0.5163563730330787,0.5316592343173548,0.0310221808675064,0.0630914825493781,0.3757044470252149,0.0,0.2523659301975127,0.3757044470252149,0.0039805351702784,0.0646657951994461,0.0666239642430904,3.141592653589793,1.3258176636680326,0.7853981633974483,0.009981403892713,0.114559936090246,0.0676793365036009,6.533467412464353e-05,0.0038287230241347,0.0002452309392414,142.0,234.66666666666666,329.3333333333333,15956.633333310796,3.121915437578982,0.37036902996660387,0.15660603681403312,0.28184085248910473,0.04509009820427163,1.7509361602184246,0.06407355882885331,0.0013797628791669145,233.0,237.0,326.0,333.0,0.0,0.3757044470252149,0.0310221808675064,0.3757044470252149,0.0630914825493781,0.5316592343173548,0.0039805351702784,0.0666239642430904,0.7853981633974483,3.141592653589793,6.533467412464353e-05,0.0038287230241347,1.0,4.242640687119285,0.009981403892713,0.114559936090246,15943.40499996906,15967.239999969024,9
142,240,240,240.0,324,325,335.0,15975.219999963883,16183.365000004414,16191.259999992326,3.605551275463989,1.0,10.0,0.0173223054830137,0.1266624447791219,0.6279434845244763,0.3759398498662493,0.0,0.0,0.2506265665774995,0.0048043431252505,1.266624447791219,8.322229926080689e-05,0.0160433749174241,0.0394313019756741,0.5880026035475675,1.5707963267948966,1.5707963267948966,0.0247362857114094,0.0047216782678226,0.0,0.0083384388454507,7.667804950902232e-05,0.0029623720195137,143.0,240.0,328.0,16116.614999986874,4.86851709182133,0.2573094115955373,0.12531328328874977,0.5475214325524894,0.018519299730786337,1.2431984190457868,0.009819321326410667,0.003792496304824474,240.0,240.0,324.0,335.0,0.0048043431252505,1.266624447791219,0.0,0.3759398498662493,0.0173223054830137,0.6279434845244763,8.322229926080689e-05,0.0394313019756741,0.5880026035475675,1.5707963267948966,7.667804950902232e-05,0.0083384388454507,1.0,10.0,0.0,0.0247362857114094,15975.219999963883,16191.259999992326,9
143,240,240,236.0,380,438,531.0,16207.185000006575,16223.194999969564,16247.154999990016,45.0,58.0,93.08598175880188,2.8107432919442688,2.4207011665480884,5.847109415709732,0.0,0.0,0.1669449080377992,2.8257456803601437,3.6227357985059454,3.881469111878832,0.1755617300713267,0.1010309334090909,0.3672807427424338,1.5707963267948966,1.5707963267948966,1.6137805866626678,0.0,0.0,0.0017940008276744,0.0085482215368192,0.0046552652613698,0.0111122624835591,144.0,238.66666666666666,449.6666666666667,16225.844999988718,65.36199391960064,3.6928512914006966,0.055648302679266404,1.3494713399722105,0.21462446874095045,1.585124413417487,0.0005980002758914667,0.008105249760582701,236.0,240.0,380.0,531.0,2.8257456803601437,3.881469111878832,0.0,0.1669449080377992,2.4207011665480884,5.847109415709732,0.1010309334090909,0.3672807427424338,1.5707963267948966,1.6137805866626678,0.0046552652613698,0.0111122624835591,45.0,93.08598175880188,0.0,0.0017940008276744,16207.185000006575,16247.154999990016,9
144,236,238,241.0,615,624,619.0,16263.074999966191,16439.59999998333,16447.210000013,84.0,9.219544457292889,5.830951894845301,0.4758532785262462,1.2115038661426043,0.365233442277144,0.0,0.0113298399649106,0.3942181324970807,5.276381917443497,0.0509842798420978,0.6570302208284678,0.0026956707462402,0.1591989305412436,0.0228771339162541,1.5707963267948966,1.3521273809209546,1.0303768265243125,0.0027000163273928,0.0012387420810237,0.0422799675613815,0.0229010723958398,0.0008865784437321,0.01791350802805,145.0,238.33333333333334,619.3333333333334,16383.294999987507,33.016832117379394,0.6841968623153315,0.13518265748733044,0.35419273109681976,0.06159057840124596,1.3177668447467212,0.015406241989932666,0.0139003862892073,236.0,241.0,615.0,624.0,0.0509842798420978,5.276381917443497,0.0,0.3942181324970807,0.365233442277144,1.2115038661426043,0.0026956707462402,0.1591989305412436,1.0303768265243125,1.5707963267948966,0.0008865784437321,0.0229010723958398,5.830951894845301,84.0,0.0012387420810237,0.0422799675613815,16263.074999966191,16447.210000013,9
145,244,250,260.0,614,609,600.0,16463.174999982584,16479.189999983646,16495.174999989104,5.830951894845301,7.810249675906654,13.45362404707371,0.3640931560698557,0.4885986658267189,0.8411143499466076,0.1879110557917751,0.3746487667563055,0.6255864871182878,0.3131850929862919,0.3122073056302545,0.563027838406459,0.022734508650997,0.0305660722965219,0.0525860799447555,1.0303768265243125,0.6947382761967031,0.7328151017865066,0.0,0.0209577614926855,0.002382034756134,8.933621392346447e-06,0.0004890142769282,0.0013775419230976,146.0,251.33333333333334,607.6666666666666,16479.17999998511,9.03160853927522,0.5646020572810607,0.3960487698887894,0.5837247160242757,0.03529555363075813,0.8193100681691741,0.007779932082939833,0.0006251632738060488,244.0,260.0,600.0,614.0,0.3122073056302545,0.563027838406459,0.1879110557917751,0.6255864871182878,0.3640931560698557,0.8411143499466076,0.022734508650997,0.0525860799447555,0.6947382761967031,1.0303768265243125,8.933621392346447e-06,0.0013775419230976,5.830951894845301,13.45362404707371,0.0,0.0209577614926855,16463.174999982584,16495.174999989104,9
146,266,273,280.0,594,585,577.0,16511.1700000125,16527.15999999782,16543.20000001462,8.48528137423857,11.40175425099138,10.63014581273465,0.5306617499704461,0.7108325585441795,0.6600525191392939,0.3751172235838824,0.4377736089071598,0.4364089770989942,0.3751172235838824,0.562851782880634,0.4987531166845648,0.0331871013419358,0.0443162442518466,0.0409843228585074,0.7853981633974483,0.9097531579442096,0.8519663271732721,0.0032874686798394,0.0077770478211951,0.003602670243791,0.0012128151656421,0.0006960064365307,0.0002077257724344,147.0,273.0,585.3333333333334,16527.17666667498,10.172393812654866,0.6338489425513065,0.4164332698633455,0.5826843087582004,0.0394958894840966,0.8490392161716432,0.0048890622482751665,0.0007055157915357334,266.0,280.0,577.0,594.0,0.3751172235838824,0.562851782880634,0.3751172235838824,0.4377736089071598,0.5306617499704461,0.7108325585441795,0.0331871013419358,0.0443162442518466,0.7853981633974483,0.9097531579442096,0.0002077257724344,0.0012128151656421,8.48528137423857,11.40175425099138,0.0032874686798394,0.0077770478211951,16511.1700000125,16543.20000001462,9
147,287,294,297.0,569,558,551.0,16559.305000002496,16575.205000001006,16591.220000002068,10.63014581273465,13.038404810405298,7.615773105863909,0.6685626297943953,0.8141370471146377,0.4745029979439362,0.4346476252884482,0.4402515723683035,0.1873243833781527,0.496740143186798,0.6918238994359055,0.4370902278823564,0.0420479641419529,0.0508359067786865,0.0295640497593635,0.8519663271732721,1.0040671092713902,1.1659045405098132,0.0,0.0095660869253064,0.0101053656714139,6.6044165429763e-05,0.0005527007948149,0.0013282458331509,148.0,292.6666666666667,559.3333333333334,16575.24333333519,10.428107909667952,0.6524008916176564,0.3540745270116348,0.49977126963908686,0.04081597356000097,1.0073126589848251,0.0065571508655734335,0.0006489969311318544,287.0,297.0,551.0,569.0,0.4370902278823564,0.6918238994359055,0.1873243833781527,0.4402515723683035,0.4745029979439362,0.8141370471146377,0.0295640497593635,0.0508359067786865,0.8519663271732721,1.1659045405098132,6.6044165429763e-05,0.0013282458331509,7.615773105863909,13.038404810405298,0.0,0.0101053656714139,16559.305000002496,16591.220000002068,9
148,302,302,297.0,544,542,540.0,16607.2699999786,16623.25000000419,17815.284999960568,8.602325267042627,2.0,5.385164807134504,0.5383182261117387,0.0016778030847023,0.2241950376569672,0.3115264802063126,0.0,0.0041945077117559,0.4361370722888376,0.125156445356502,0.0016778030847023,0.0336869978253814,1.407511595518396e-06,0.0093336818296475,0.9505468408120752,1.5707963267948966,2.761086276477428,0.0134179252344328,0.0388141104499037,0.0009985360746337,0.0002568814998159,0.0021079843717044,7.828859319058241e-06,149.0,300.3333333333333,542.0,17015.268333314452,5.329163358059044,0.2547303556178027,0.10524032930602283,0.10579959700092358,0.01434069572220814,1.7608098146948,0.017743523919656733,0.0007908982436131195,297.0,302.0,540.0,544.0,0.0016778030847023,0.4361370722888376,0.0,0.3115264802063126,0.0016778030847023,0.5383182261117387,1.407511595518396e-06,0.0336869978253814,0.9505468408120752,2.761086276477428,7.828859319058241e-06,0.0021079843717044,2.0,8.602325267042627,0.0009985360746337,0.0388141104499037,16607.2699999786,17815.284999960568,9
149,296,295,296.0,540,540,541.0,17839.304999972228,17855.240000004414,17919.345000002068,1.0,1.0,1.4142135623730951,0.0627549418249223,0.0155994072230966,0.0896774611628701,0.0416319733353274,0.0627549418249223,0.0155994072230966,0.0,0.0,0.0155994072230966,0.0039381827234493,0.0002433415057119,0.0056865859970422,3.141592653589793,3.141592653589793,0.7853981633974483,0.015841231345864,0.0,0.0367552373493269,0.00022462527492,0.0002318695456714,8.491138743513817e-05,150.0,295.6666666666667,540.3333333333334,17871.29666665957,1.1380711874576983,0.05601060340362968,0.03999544079444877,0.045195243202147635,0.003289370075401133,2.356194490192345,0.0175321562317303,0.00018046873600884605,295.0,296.0,540.0,541.0,0.0,0.0155994072230966,0.0155994072230966,0.0627549418249223,0.0155994072230966,0.0896774611628701,0.0002433415057119,0.0056865859970422,0.7853981633974483,3.141592653589793,8.491138743513817e-05,0.0002318695456714,1.0,1.4142135623730951,0.0,0.0367552373493269,17839.304999972228,17919.345000002068,9
150,321,391,510.0,550,568,586.0,17935.115000000224,17951.15999999689,17967.164999980014,26.570660511172846,72.27724399837061,120.3536455617361,1.656008757662462,4.515916530745345,7.522102846076052,1.585288522696468,4.362729823281143,7.435176515181056,0.5707038681707285,1.1218448117008653,1.1246485485147817,0.1032102684952682,0.2821566095287033,0.4701314277839749,0.3455555805817121,0.2516899717581867,0.1501224860157622,0.0278910959332382,0.0058501470142119,0.0063459847453618,0.0061841269822212,0.0111527791256229,0.0117447559171178,151.0,407.3333333333333,568.0,17951.146666659042,73.06718335709319,4.564676044827953,4.461064953719556,4.8359478032244825,0.28516610193598213,0.24912267945188696,0.013362409230937301,0.009693887341653967,321.0,510.0,550.0,586.0,0.5707038681707285,1.1246485485147817,1.585288522696468,7.435176515181056,1.656008757662462,7.522102846076052,0.1032102684952682,0.4701314277839749,0.1501224860157622,0.3455555805817121,0.0061841269822212,0.0117447559171178,26.570660511172846,120.3536455617361,0.0058501470142119,0.0278910959332382,17935.115000000224,17967.164999980014,9
151,651,778,1182.0,607,623,617.0,17983.164999983273,17999.16000000667,18288.040000014007,142.55525244620063,128.00390619039715,404.04455199891015,8.912488417486374,0.4431040784656096,26.75791742089595,8.812499998204657,7.93998123252551,1.3985045693358371,1.3124999997326086,1.0003125962236863,0.0207698698416213,0.5572046517318331,0.0015338690060037,1.772047515951702,0.1478493652587555,0.1253239864915465,0.0148503933790795,0.0001420700472839,0.0014082762572217,0.0003824203583136,0.0054420764956324,0.0347402802071326,0.006128889666646,152.0,870.3333333333334,615.6666666666666,18090.121666667983,224.8679035451693,12.03783663894931,6.050328600022002,6.057251889969209,0.776928678896513,0.09600791504312717,0.0006442555542730667,0.015437082123137,651.0,1182.0,607.0,623.0,0.0207698698416213,1.3124999997326086,1.3985045693358371,8.812499998204657,0.4431040784656096,26.75791742089595,0.0015338690060037,1.772047515951702,0.0148503933790795,0.1478493652587555,0.0054420764956324,0.0347402802071326,128.00390619039715,404.04455199891015,0.0001420700472839,0.0014082762572217,17983.164999983273,18288.040000014007,9
152,1192,1200,1205.0,604,588,580.0,18303.13999997452,18319.14500001585,18335.414999979548,16.401219466856727,17.88854381999832,9.433981132056603,1.0247559777882795,1.0994802618262265,0.6086439425225437,0.6622516573609963,0.4998437975220499,0.3073140756703386,0.8609271545692952,0.9996875950440998,0.4917025210725417,0.0640272399338893,0.0675771520761817,0.0392673510349313,0.9151007005533603,1.1071487177940904,1.012197011451334,0.0596192257965913,0.0119992512805233,0.0058359991736091,0.1131139258598982,0.0002218001957591,0.0017400000678806,153.0,1199.0,590.6666666666666,18319.233333323307,14.57458147297055,0.9109600607123499,0.48980317685112823,0.6537040172086421,0.05695724768166743,1.0114821432662617,0.025818158750241228,0.03835857537451263,1192.0,1205.0,580.0,604.0,0.4917025210725417,0.9996875950440998,0.3073140756703386,0.6622516573609963,0.6086439425225437,1.0994802618262265,0.0392673510349313,0.0675771520761817,0.9151007005533603,1.1071487177940904,0.0002218001957591,0.1131139258598982,9.433981132056603,17.88854381999832,0.0058359991736091,0.0596192257965913,18303.13999997452,18335.414999979548,9
153,1209,1209,1209.0,575,573,572.0,18350.915000017267,18358.989999978803,18374.95999998646,6.4031242374328485,2.0,1.0,0.7929565656882762,0.1252348152186141,0.0309501702446173,0.2580645155010437,0.0,0.0,0.3225806443763045,0.2476780197556153,0.062617407609307,0.0981989559709428,0.0078418794714202,0.0009579130381707,0.8960553845713439,1.5707963267948966,1.5707963267948966,0.0074930081675719,0.0835592502089837,0.0,0.0038020390188776,0.0111897308891542,0.0004310561321195,154.0,1209.0,573.3333333333334,18361.62166666084,3.1343747458109497,0.3163805170505026,0.08602150516701457,0.1068939743701169,0.035666249493511236,1.3458826793870458,0.0303507527921852,0.005140942013383767,1209.0,1209.0,572.0,575.0,0.062617407609307,0.3225806443763045,0.0,0.2580645155010437,0.0309501702446173,0.7929565656882762,0.0009579130381707,0.0981989559709428,0.8960553845713439,1.5707963267948966,0.0004310561321195,0.0111897308891542,1.0,6.4031242374328485,0.0,0.0835592502089837,18350.915000017267,18374.95999998646,9
154,1209,1208,1206.0,571,570,570.0,18407.26999996696,18423.454999981917,18431.234999967277,1.0,1.4142135623730951,2.0,0.0617856038971807,0.1817755224979897,0.0830220007585166,0.0,0.0617856038971807,0.2570694092241127,0.0309501702446173,0.0617856038971807,0.0,0.0038174608489393,0.0233644630899813,0.0034463263049735,1.5707963267948966,2.356194490192345,3.141592653589793,0.0,0.0485262998252479,0.1009509209351425,8.850349156590848e-05,0.0012077233378423,0.0025601718280835,155.0,1207.6666666666667,570.3333333333334,18420.653333305385,1.4714045207910316,0.10886104238456233,0.10628500437376447,0.10628500437376447,0.0102094167479647,2.356194490192345,0.04982574025346347,0.0012854662191639028,1206.0,1209.0,570.0,571.0,0.0,0.0617856038971807,0.0,0.2570694092241127,0.0617856038971807,0.1817755224979897,0.0034463263049735,0.0233644630899813,1.5707963267948966,3.141592653589793,8.850349156590848e-05,0.0025601718280835,1.0,2.0,0.0,0.1009509209351425,18407.26999996696,18431.234999967277,9
155,1193,1180,1170.0,570,571,571.0,18455.32499998808,18471.16000001552,18487.159999960568,13.0,13.038404810405298,10.0,0.820966212660268,0.8149003034489042,0.6253908675907895,0.539643004930358,0.820966212660268,0.6250000021464075,0.0,0.0631512471277129,0.0,0.0518450401792111,0.0509312691404673,0.039111373726596,3.141592653589793,3.064820762320015,3.141592653589793,0.0,0.0048482406780396,0.0047982432208394,0.002009079029989,5.7705780685855816e-05,0.0007387434659039,156.0,1181.0,570.6666666666666,18471.214999988053,12.012801603468432,0.7537524612333207,0.6618697399123445,0.6618697399123445,0.04729589434875814,3.1160020231665335,0.0032154946329596666,0.0009351760921929186,1170.0,1193.0,570.0,571.0,0.0,0.0631512471277129,0.539643004930358,0.820966212660268,0.6253908675907895,0.820966212660268,0.039111373726596,0.0518450401792111,3.064820762320015,3.141592653589793,5.7705780685855816e-05,0.002009079029989,10.0,13.038404810405298,0.0,0.0048482406780396,18455.32499998808,18487.159999960568,9
156,1161,1156,1155.0,571,571,571.0,18503.150000004094,18519.135000009555,18527.20999997109,9.0,5.0,1.0,0.563027838406459,0.6191950493890384,0.0311623558805795,0.5628517808317106,0.3127932435591439,0.1238390098778076,0.0,0.0,0.0,0.0352222607578499,0.0766805018375787,0.0009710924240278,3.141592653589793,3.141592653589793,3.141592653589793,0.0,0.0,0.0,0.0002432215733682,0.002593571539917,0.0093757783002077,157.0,1157.3333333333333,571.0,18516.498333328247,5.0,0.40446174789202566,0.33316134475622067,0.33316134475622067,0.037624618339818804,3.141592653589793,0.0,0.004070857137830967,1155.0,1161.0,571.0,571.0,0.0,0.0,0.1238390098778076,0.5628517808317106,0.0311623558805795,0.6191950493890384,0.0009710924240278,0.0766805018375787,3.141592653589793,3.141592653589793,0.0002432215733682,0.0093757783002077,1.0,9.0,0.0,0.0,18503.150000004094,18527.20999997109,9
157,1154,1153,1153.0,570,569,566.0,18559.299999964423,18575.19499998307,18583.20499997353,1.4142135623730951,1.4142135623730951,3.0,0.0889722277895062,0.1765560005064749,0.1880877739410353,0.0311623558805795,0.062912865607234,0.0,0.0311623558805795,0.062912865607234,0.3745318356519118,0.0055974978096974,0.0220419476550166,0.0117923369020313,2.356194490192345,2.356194490192345,1.5707963267948966,0.0244748570757448,0.0,0.0980522052849621,0.000144169691076,0.0010345674631034,0.0012796018433443,158.0,1153.3333333333333,568.3333333333334,18572.56666664034,1.9428090415820634,0.15120533407900547,0.0313584071626045,0.15620235237990843,0.013143927455581766,2.0943951023931953,0.04084235412023563,0.0008194463325078999,1153.0,1154.0,566.0,570.0,0.0311623558805795,0.3745318356519118,0.0,0.062912865607234,0.0889722277895062,0.1880877739410353,0.0055974978096974,0.0220419476550166,1.5707963267948966,2.356194490192345,0.000144169691076,0.0012796018433443,1.4142135623730951,3.0,0.0,0.0980522052849621,18559.299999964423,18583.20499997353,9
158,1152,1152,1152.0,562,556,551.0,18599.15500000352,18615.170000004586,18639.28000000305,4.123105625617661,6.0,5.0,0.257452739640607,0.2488593944579054,0.6261740783753582,0.0626959246470117,0.0,0.0,0.2507836985880471,0.3746487667563055,0.2073828287149212,0.0160757252340642,0.0103218330349925,0.0784187952858458,1.8157749899217608,1.5707963267948966,1.5707963267948966,0.0153591638035275,0.015296825670348,0.0,0.000268550992099,0.0003592814360718,0.002824428131695,159.0,1152.0,556.3333333333334,18617.868333337054,5.0410352085392205,0.37749540415795685,0.020898641549003897,0.09002625112064429,0.03493878451830084,1.652455881170518,0.0102186631579585,0.0011507535199552666,1152.0,1152.0,551.0,562.0,0.2073828287149212,0.3746487667563055,0.0,0.0626959246470117,0.2488593944579054,0.6261740783753582,0.0103218330349925,0.0784187952858458,1.5707963267948966,1.8157749899217608,0.000268550992099,0.002824428131695,4.123105625617661,6.0,0.0,0.0153591638035275,18599.15500000352,18639.28000000305,9
159,1152,1152,1152.0,549,546,545.0,18647.26499997778,18671.17499996675,18687.180000008084,2.0,3.0,1.0,0.0836470096579826,0.1874414240707687,0.0625978091255839,0.0,0.0,0.0,0.2504696313501433,0.1254705144869738,0.0624804746902562,0.0034984111123613,0.0117114291525592,0.003918485707323,1.5707963267948966,1.5707963267948966,1.5707963267948966,0.0,0.0,0.0,0.0093826405022718,0.0003434971996648,0.0004869068056926,160.0,1152.0,546.6666666666666,18668.539999984205,2.0,0.11122874761811173,0.0,0.020826824896752066,0.0063761086574145006,1.5707963267948966,0.0,0.003404348169209733,1152.0,1152.0,545.0,549.0,0.0624804746902562,0.2504696313501433,0.0,0.0,0.0625978091255839,0.1874414240707687,0.0034984111123613,0.0117114291525592,1.5707963267948966,1.5707963267948966,0.0003434971996648,0.0093826405022718,1.0,3.0,0.0,0.0,18647.26499997778,18687.180000008084,9
160,1152,1152,1152.0,543,540,538.0,18703.154999995604,18719.154999998864,18735.14999996405,2.0,3.0,2.0,0.1249999999745341,0.1875586124744887,0.1246882791711412,0.0,0.0,0.0,0.1251956182511678,0.1874999999618012,0.1250390749829925,0.0078124999968167,0.0117260777044518,0.0077735834813302,1.5707963267948966,1.5707963267948966,1.5707963267948966,0.0,0.0,0.0,0.000243756763226,0.0002445986066773,0.0002471081107673,161.0,1152.0,540.3333333333334,18719.153333319508,2.3333333333333335,0.145748963873388,0.0,0.0416796916609975,0.009104053727532901,1.5707963267948966,0.0,0.0002451544935568667,1152.0,1152.0,538.0,543.0,0.1250390749829925,0.1874999999618012,0.0,0.0,0.1246882791711412,0.1875586124744887,0.0077735834813302,0.0117260777044518,1.5707963267948966,1.5707963267948966,0.000243756763226,0.0002471081107673,2.0,3.0,0.0,0.0,18703.154999995604,18735.14999996405,9
161,1152,1151,1150.0,536,532,529.0,18751.18999998085,18767.14999997057,18783.164999971632,2.0,4.123105625617661,3.1622776601683795,0.1253132832887497,0.257452739640607,0.1976423537202586,0.0,0.0626566416443748,0.0624414611260509,0.1246882791711412,0.2506265665774995,0.1873243833781527,0.0078517094843032,0.0160757252340642,0.0123526471049996,1.5707963267948966,1.8157749899217608,1.892546881191539,0.0,0.0153495403060579,0.0047937490642952,4.870698434611677e-06,0.0005152892077104,0.0002324744382652,162.0,1151.0,532.3333333333334,18767.168333307683,3.09512776192868,0.1934694588832051,0.0416993675901419,0.10414082871619279,0.012093360607789002,1.7597060659693986,0.0067144297901177005,0.00025087811480340393,1150.0,1152.0,529.0,536.0,0.1246882791711412,0.2506265665774995,0.0,0.0626566416443748,0.1253132832887497,0.257452739640607,0.0078517094843032,0.0160757252340642,1.5707963267948966,1.892546881191539,4.870698434611677e-06,0.0005152892077104,2.0,4.123105625617661,0.0,0.0153495403060579,18751.18999998085,18783.164999971632,9
162,1150,1150,1150.0,526,525,524.0,18799.16499997489,18815.194999973755,18855.304999975488,3.0,1.0,1.0,0.1871490954593039,0.0249314385429272,0.0011061273927018,0.0,0.0,0.0,0.1874999999618012,0.0623830318197679,0.0249314385429272,0.0116749279770785,0.0006215766278197,1.2235178088854294e-06,1.5707963267948966,1.5707963267948966,1.5707963267948966,0.0201094096456933,0.0,0.0,4.235744548643665e-05,0.0006895415689358,1.546629543714988e-05,163.0,1150.0,525.0,18823.221666641377,1.6666666666666667,0.07106222046497764,0.0,0.008310479514309067,0.004099242707569028,1.5707963267948966,0.006703136548564433,0.0002491217699531288,1150.0,1150.0,524.0,526.0,0.0249314385429272,0.1874999999618012,0.0,0.0,0.0011061273927018,0.1871490954593039,1.2235178088854294e-06,0.0116749279770785,1.5707963267948966,1.5707963267948966,1.546629543714988e-05,0.0006895415689358,1.0,3.0,0.0,0.0201094096456933,18799.16499997489,18855.304999975488,9
163,1149,1147,1144.0,523,523,524.0,19759.359999967277,19775.280000001658,19791.184999980032,1.4142135623730951,2.0,3.1622776601683795,0.0888325100074522,0.1257466207305444,0.1310788667629714,0.0011061273927018,0.1256281404321826,0.1886199310958167,0.0011061273927018,0.0,0.0628733103652722,0.0055799315210797,0.0079061063125756,0.005433320902931,2.356194490192345,3.141592653589793,2.819842099193151,0.0008687504227116,0.0493340553832364,0.0202295224667784,6.17076173830303e-06,0.0001461165066879,0.0001554722045273,164.0,1146.6666666666667,523.3333333333334,19775.274999982987,2.192163740847158,0.11521933250032268,0.10511806630690036,0.12607583642865777,0.0063064529121954335,2.7725430809917633,0.023477442757575472,0.000102586490984501,1144.0,1149.0,523.0,524.0,0.0,0.0628733103652722,0.0011061273927018,0.1886199310958167,0.0888325100074522,0.1310788667629714,0.005433320902931,0.0079061063125756,2.356194490192345,3.141592653589793,6.17076173830303e-06,0.0001554722045273,1.4142135623730951,3.1622776601683795,0.0008687504227116,0.0493340553832364,19759.359999967277,19791.184999980032,9
164,1143,1143,1144.0,524,526,527.0,19815.309999976307,19855.16999999527,19871.155000000726,1.0,2.0,1.4142135623730951,0.0250878073137052,0.1251172974236575,0.0881954202837004,0.0414507772084732,0.0,0.0625586487118287,0.0,0.0501756146274105,0.0625586487118287,0.0006293980758096,0.0078271690572999,0.0055001821266415,3.141592653589793,1.5707963267948966,0.7853981633974483,0.0133368105469979,0.0394078355757063,0.0491334478028964,0.0001991263348337,0.0001805762914718,0.000145573157952,165.0,1143.3333333333333,525.6666666666666,19847.211666657433,1.4714045207910316,0.07946684167368769,0.034669808640100636,0.05552269154404354,0.004652249753250333,1.832595714594046,0.033959364641866864,0.00017509192808583336,1143.0,1144.0,524.0,527.0,0.0,0.0625586487118287,0.0,0.0625586487118287,0.0250878073137052,0.1251172974236575,0.0006293980758096,0.0078271690572999,0.7853981633974483,3.141592653589793,0.000145573157952,0.0001991263348337,1.0,2.0,0.0133368105469979,0.0491334478028964,19815.309999976307,19871.155000000726,9
165,1146,1147,1148.0,527,527,527.0,19887.18999997945,19895.11499996297,19911.03999997722,2.0,1.0,1.0,0.2523659311243033,0.0627943484524476,0.0069331299608335,0.1247271595044042,0.1261829655621516,0.0627943484524476,0.0,0.0,0.0,0.0318442815961182,0.0039431301975674,4.8068291053807216e-05,0.0,0.0,0.0,0.0489802410002698,0.0,0.0,0.0016429123482646,0.0035206500260677,0.0002445878746014,166.0,1147.0,527.0,19897.781666639883,1.3333333333333333,0.10736446984586145,0.10456815783966779,0.10456815783966779,0.01194516002824647,0.0,0.016326747000089934,0.0018027167496445665,1146.0,1148.0,527.0,527.0,0.0,0.0,0.0627943484524476,0.1261829655621516,0.0069331299608335,0.2523659311243033,4.8068291053807216e-05,0.0318442815961182,0.0,0.0,0.0002445878746014,0.0035206500260677,1.0,2.0,0.0,0.0489802410002698,19887.18999997945,19911.03999997722,9
166,1148,1148,1146.0,528,529,529.0,20055.274999991525,20063.229999970645,20087.17999997316,1.0,1.0,2.0,0.125707102781244,0.0417536534402925,0.2512562808643653,0.0,0.0,0.0835073068805851,0.0069331299608335,0.125707102781244,0.0,0.0158022756896542,0.001743367575612,0.0315648593368964,1.5707963267948966,1.5707963267948966,3.141592653589793,0.0108905350756689,0.0,0.0655864854542787,0.0001092259673244,0.0017673046072839,0.0012451562320732,167.0,1147.3333333333333,528.6666666666666,20068.56166664511,1.3333333333333333,0.1395723456953006,0.02783576896019503,0.02783576896019503,0.016370167534054198,2.0943951023931953,0.025492340176649197,0.0010405622688938333,1146.0,1148.0,528.0,529.0,0.0,0.125707102781244,0.0,0.0835073068805851,0.0417536534402925,0.2512562808643653,0.001743367575612,0.0315648593368964,1.5707963267948966,3.141592653589793,0.0001092259673244,0.0017673046072839,1.0,2.0,0.0,0.0655864854542787,20055.274999991525,20087.17999997316,9
167,1137,1110,981.0,529,518,436.0,20095.13999999035,20103.19499997422,20127.150000014808,9.0,29.154759474226505,152.85614151874958,1.1173184379916714,1.217063637020643,9.523747149050813,1.130653263889644,3.3519553139750142,5.385097047857853,0.0,1.3656114242120427,3.4230849451499528,0.1387111657640165,0.0508062465021318,0.5933798855437409,3.141592653589793,2.7547169358587653,2.5753651921706924,0.0,0.0480292636257931,0.0074870274842077,0.0134605912306159,0.0109130874534969,0.0226497031151043,168.0,1076.0,494.3333333333333,20108.494999993127,63.67030033099203,3.9527097413543757,3.2892352085741705,4.430263523624155,0.26096576593662973,2.8238915938730833,0.018505430370000266,0.015674460599739034,981.0,1137.0,436.0,529.0,0.0,3.4230849451499528,1.130653263889644,5.385097047857853,1.1173184379916714,9.523747149050813,0.0508062465021318,0.5933798855437409,2.5753651921706924,3.141592653589793,0.0109130874534969,0.0226497031151043,9.0,152.85614151874958,0.0,0.0480292636257931,20095.13999999035,20127.150000014808,9
168,901,829,776.0,371,329,299.0,20143.19999999134,20159.155000001192,20175.15500000445,103.07764064044152,83.35466393669883,60.90155991434045,6.460522756301062,5.209666494982328,3.8339036771562354,4.984423683301002,4.512691943311481,3.312499999325155,4.049844242682064,2.632403633598364,1.874999999618012,0.4049215137769483,0.3256041558700612,0.2413537095993329,2.459276098715045,2.6135182051634334,2.626519836571012,0.0072329653349158,0.0096673209873476,0.000812601962808,0.0117419546443843,0.0049713166943217,0.0052656528908477,169.0,835.3333333333334,333.0,20159.169999998994,82.44462149716027,5.168030976146542,4.269871875312546,4.894871875185217,0.32395979308211414,2.5664380468164967,0.0059042960950238,0.0073263080765179,776.0,901.0,299.0,371.0,1.874999999618012,4.049844242682064,3.312499999325155,4.984423683301002,3.8339036771562354,6.460522756301062,0.2413537095993329,0.4049215137769483,2.459276098715045,2.626519836571012,0.0049713166943217,0.0117419546443843,60.90155991434045,103.07764064044152,0.000812601962808,0.0096673209873476,20143.19999999134,20175.15500000445,9
169,752,741,739.0,282,274,271.0,20191.04000000516,20207.17499998864,20223.14999997616,29.410882339705484,13.601470508735444,3.605551275463989,1.8228002708287063,0.8514222547330803,0.2252765552110488,1.5108593011602522,0.6817477540293527,0.1251956182511678,1.070192004988512,0.4958165483849838,0.1877934273767517,0.1129718173346878,0.0532971677870556,0.014075386106172,2.525295716193722,2.5127963671743605,2.158798930342464,0.0063723084905747,0.0007746730109798,0.022159463981749,0.0080819573345246,0.0036984598455988,0.0024551976032252,170.0,744.0,275.6666666666667,20207.12166665665,15.539301374634972,0.966499693590945,0.7726008911469243,0.8351987002725082,0.06011479040930514,2.398963671236849,0.009768815161101166,0.004745204927782866,739.0,752.0,271.0,282.0,0.1877934273767517,1.070192004988512,0.1251956182511678,1.5108593011602522,0.2252765552110488,1.8228002708287063,0.014075386106172,0.1129718173346878,2.158798930342464,2.525295716193722,0.0024551976032252,0.0080819573345246,3.605551275463989,29.410882339705484,0.0007746730109798,0.022159463981749,20191.04000000516,20223.14999997616,9
170,737,736,736.0,268,267,265.0,20239.15500001749,20255.14999998268,20271.275000006422,3.605551275463989,1.4142135623730951,2.0,0.2254173981438829,0.0877031665296283,0.0356792436040785,0.1249609493805124,0.0625195374914962,0.0,0.1874414240707687,0.0625195374914962,0.1240310075692664,0.014092991474492,0.0054389560558424,0.0006365042120795,2.158798930342464,2.356194490192345,1.5707963267948966,0.0,0.0123410791046895,0.0487068627746184,1.0999917697292002e-06,0.0005410462918089,0.0002978264704923,171.0,736.3333333333334,266.6666666666667,20255.19333333553,2.3399216126123616,0.11626660275919655,0.062493495624002866,0.10383716481375833,0.0067228172474713,2.0285965824432353,0.0203493139597693,0.0002799909180236431,736.0,737.0,265.0,268.0,0.0625195374914962,0.1874414240707687,0.0,0.1249609493805124,0.0356792436040785,0.2254173981438829,0.0006365042120795,0.014092991474492,1.5707963267948966,2.356194490192345,1.0999917697292002e-06,0.0005410462918089,1.4142135623730951,3.605551275463989,0.0,0.0487068627746184,20239.15500001749,20271.275000006422,9
171,735,734,730.0,265,265,267.0,20327.330000000075,20343.219999980647,20359.10999996122,1.0,1.0,4.47213595499958,0.0629326621285473,0.0629326621285473,0.2787245833409149,0.0178396218020392,0.0629326621285473,0.2517306485141893,0.0,0.0,0.1258653242570946,0.0039605199625858,0.0039605199625858,0.017371429254452,3.141592653589793,3.141592653589793,2.677945044588987,0.0280224123980534,0.0,0.0291785783239565,5.929918385305422e-05,0.0,0.0008439842233016,172.0,733.0,265.6666666666667,20343.219999980647,2.1573786516665265,0.13486330253266984,0.11083431081492527,0.15278941890062347,0.008430823059874533,2.9870434505895247,0.019066996907336636,0.0003010944690515514,730.0,735.0,265.0,267.0,0.0,0.1258653242570946,0.0178396218020392,0.2517306485141893,0.0629326621285473,0.2787245833409149,0.0039605199625858,0.017371429254452,2.677945044588987,3.141592653589793,0.0,0.0008439842233016,1.0,4.47213595499958,0.0,0.0291785783239565,20327.330000000075,20359.10999996122,9
172,725,715,704.0,276,289,302.0,20375.155000016093,20391.154999961145,20407.154999964405,10.295630140987,16.401219466856727,17.029386365926403,0.6434768860215493,1.0250762164697098,1.0643366476535665,0.3116235576752955,0.6250000021464075,0.6874999998599378,0.5609224038155319,0.8125000027903297,0.812499999834472,0.0402173055144631,0.0640672635163046,0.0665210404647957,2.0778948311872334,2.2264919530364327,2.273053258303904,0.0373979564568149,0.0092873201474699,0.002910081578624,0.0014238626476708,0.0014906223802342,0.0001533610592494,173.0,714.6666666666666,289.0,20391.154999980547,14.57541199125671,0.9109632500482752,0.5413745198938803,0.8122078531720375,0.0569352031651878,2.1924800141758567,0.0165317860609696,0.0010226153623848,704.0,725.0,276.0,302.0,0.5609224038155319,0.8125000027903297,0.3116235576752955,0.6874999998599378,0.6434768860215493,1.0643366476535665,0.0402173055144631,0.0665210404647957,2.0778948311872334,2.273053258303904,0.0001533610592494,0.0014906223802342,10.295630140987,17.029386365926403,0.002910081578624,0.0373979564568149,20375.155000016093,20407.154999964405,9
173,694,685,673.0,313,324,331.0,20423.154999967664,20439.309999987017,20455.279999994676,14.866068747318506,14.212670403551895,13.892443989449804,0.9202147155375858,0.8899605758759441,0.8715460463580006,0.6249999998726707,0.5571030633994707,0.7514088913116851,0.6874999998599378,0.6809037441549086,0.4383218532651496,0.0569616041123623,0.0557270241358376,0.0546766653512594,2.308611386915361,2.256525837701183,2.6135182051634334,0.0022223830377633,0.003224113225118,0.0223539365867952,0.0005974647719053,7.642092077039743e-05,6.577074414995314e-05,174.0,684.0,322.6666666666667,20439.248333316453,14.32372771344007,0.8939071125905101,0.6445039848612755,0.790611269282992,0.055788431199819764,2.3928851432599925,0.009266810949892167,0.0002465521456085502,673.0,694.0,313.0,331.0,0.4383218532651496,0.6874999998599378,0.5571030633994707,0.7514088913116851,0.8715460463580006,0.9202147155375858,0.0546766653512594,0.0569616041123623,2.256525837701183,2.6135182051634334,6.577074414995314e-05,0.0005974647719053,13.892443989449804,14.866068747318506,0.0022223830377633,0.0223539365867952,20423.154999967664,20455.279999994676,9
174,662,646,639.0,337,344,350.0,20471.220000006724,20495.189999986906,20511.149999976624,12.529964086141668,17.46424919657298,9.219544457292889,0.5227352564247609,1.0942512034977352,0.57406877088846,0.6900878288383648,0.6675010435222737,0.4385964915106242,0.3764115430027444,0.2920317065409947,0.3759398498662493,0.0218078955718382,0.0685621055264835,0.0357452534922917,2.642245931909663,2.729182211992406,2.432966381462123,0.0018022413252515,0.0036268786046984,0.0185598891429268,0.0020620307248789,0.0019505302458615,0.0020561937378028,175.0,649.0,343.6666666666667,20492.519999990083,13.071252580002513,0.7303517436036521,0.5987284546237542,0.724041737912504,0.04203841819687113,2.6014648417880637,0.007996336357625566,0.0020229182361810667,639.0,662.0,337.0,350.0,0.2920317065409947,0.3764115430027444,0.4385964915106242,0.6900878288383648,0.5227352564247609,1.0942512034977352,0.0218078955718382,0.0685621055264835,2.432966381462123,2.729182211992406,0.0019505302458615,0.0020620307248789,9.219544457292889,17.46424919657298,0.0018022413252515,0.0185598891429268,20471.220000006724,20511.149999976624,9
175,637,635,634.0,351,351,351.0,20527.20999997109,21606.88500001561,21663.364999985788,2.23606797749979,2.0,1.0,0.0020710565470234,0.0354107648912178,0.0096264921053806,0.1245330012882268,0.0018524092897562,0.0177053824456089,0.0622665006441134,0.0,0.0,1.9182221936583704e-06,0.0006269611350905,9.266935025495552e-05,2.677945044588987,3.141592653589793,3.141592653589793,0.0152539640853829,0.0004294325690431,0.0,0.0022256124086183,5.789176491732439e-07,9.45984038806123e-06,176.0,635.3333333333334,351.0,21265.81999999083,1.74535599249993,0.015702771181207265,0.0480302643411973,0.0480302643411973,0.0002405162358463713,2.9870434505895247,0.005227798884808667,0.0007452170555518448,634.0,637.0,351.0,351.0,0.0,0.0622665006441134,0.0018524092897562,0.1245330012882268,0.0020710565470234,0.0354107648912178,1.9182221936583704e-06,0.0006269611350905,2.677945044588987,3.141592653589793,5.789176491732439e-07,0.0022256124086183,1.0,2.23606797749979,0.0,0.0152539640853829,20527.20999997109,21663.364999985788,9
176,632,631,629.0,351,351,351.0,21767.24499999545,21831.24999998836,21847.175000002608,2.0,1.0,2.0,0.0312475587879345,0.0627943484524476,0.2487562193365444,0.0192529842107612,0.0156237793939672,0.1255886969048952,0.0,0.0,0.0,0.0004882049651027,0.0039431301975674,0.0309398283293055,3.141592653589793,3.141592653589793,3.141592653589793,0.0,0.0,0.0,3.807620473728822e-06,5.397898965467963e-05,0.0016952400695499,177.0,630.6666666666666,351.0,21815.223333328806,1.6666666666666667,0.11426604219230883,0.05348848683654119,0.05348848683654119,0.011790387830658533,3.141592653589793,0.0,0.0005843422265594361,629.0,632.0,351.0,351.0,0.0,0.0,0.0156237793939672,0.1255886969048952,0.0312475587879345,0.2487562193365444,0.0004882049651027,0.0309398283293055,3.141592653589793,3.141592653589793,3.807620473728822e-06,0.0016952400695499,1.0,2.0,0.0,0.0,21767.24499999545,21847.175000002608,9
177,626,622,610.0,351,351,351.0,21855.214999988675,21863.22499997914,21879.09999996191,3.0,4.0,12.0,0.3745318356519118,0.2519685042104745,0.7474307062650368,0.3731343290048167,0.4993757808692158,0.7559055126314236,0.0,0.0,0.0,0.0467580319722635,0.0158720317785159,0.0465543883889876,3.141592653589793,3.141592653589793,3.141592653589793,0.0,0.0,0.0,0.0019674382674589,0.0038559301161698,0.0019327468751982,178.0,619.3333333333334,351.0,21865.84666664324,6.333333333333333,0.45797701537580765,0.5428052075018187,0.5428052075018187,0.03639481737992233,3.141592653589793,0.0,0.0025853717529423,610.0,626.0,351.0,351.0,0.0,0.0,0.3731343290048167,0.7559055126314236,0.2519685042104745,0.7474307062650368,0.0158720317785159,0.0467580319722635,3.141592653589793,3.141592653589793,0.0019327468751982,0.0038559301161698,3.0,12.0,0.0,0.0,21855.214999988675,21879.09999996191,9
178,583,534,447.0,351,351,351.0,21895.154999976512,21911.15499997977,21927.169999980837,27.0,49.0,87.0,1.687499999656211,3.0596315951764947,5.437499998892236,1.681719089096333,3.062499999376086,5.43240711796643,0.0,0.0,0.0,0.1054687499570263,0.1910478673102502,0.3398437498615294,3.141592653589793,3.141592653589793,3.141592653589793,0.0,0.0,0.0,0.003669533572996,0.0053486948334868,0.0092910323160421,179.0,521.3333333333334,351.0,21911.159999979038,54.333333333333336,3.3948771979083134,3.3922087354796164,3.3922087354796164,0.21212012237626862,3.141592653589793,0.0,0.006103086907508301,447.0,583.0,351.0,351.0,0.0,0.0,1.681719089096333,5.43240711796643,1.687499999656211,5.437499998892236,0.1054687499570263,0.3398437498615294,3.141592653589793,3.141592653589793,0.003669533572996,0.0092910323160421,27.0,87.0,0.0,0.0,21895.154999976512,21927.169999980837,9
179,358,287,267.0,351,351,350.0,21943.169999984093,21967.004999984056,21983.13999996753,89.0,71.0,20.024984394500787,3.73400461506772,4.400371866916731,1.2511705306333825,5.56249999886677,2.978812670447282,1.2395413709624594,0.0,0.0,0.0619770685481229,0.1566605670263711,0.2727221488331301,0.0781737286724335,3.141592653589793,3.141592653589793,3.0916342578678506,0.0,0.0,0.003096274916213,0.0114489489248649,0.0048693762033539,0.0120575407722285,180.0,304.0,350.6666666666667,21964.438333311893,60.008328131500264,3.128515670872611,3.260284680092171,3.280943702941545,0.16918548151064491,3.1249398550158123,0.0010320916387376667,0.009458621966815767,267.0,358.0,350.0,351.0,0.0,0.0619770685481229,1.2395413709624594,5.56249999886677,1.2511705306333825,4.400371866916731,0.0781737286724335,0.2727221488331301,3.0916342578678506,3.141592653589793,0.0048693762033539,0.0120575407722285,20.024984394500787,89.0,0.0,0.003096274916213,21943.169999984093,21983.13999996753,9
180,253,248,241.0,347,345,343.0,21999.145000008863,22015.14500001213,22031.194999988656,14.317821063276352,5.385164807134504,7.280109889280518,0.8948638162724644,0.3355242875395036,0.4554338371470106,0.8747266456635873,0.3124999999363353,0.4361370722888376,0.1874414240707687,0.1249999999745341,0.124610592082525,0.0559289885056347,0.0209049400641824,0.02849132542956,2.930499320367047,2.761086276477428,2.8632929945846817,0.0100677873842349,0.010588315240944,0.0063680198290782,0.0013898619249829,0.0021890030271448,0.0004726719860729,181.0,247.33333333333334,345.0,22015.161666669883,8.994365253230457,0.5619406469863262,0.5411212392962533,0.5826581033237618,0.03510841799979237,2.851626197143052,0.0090080408180857,0.0013505123127335334,241.0,253.0,343.0,347.0,0.124610592082525,0.1874414240707687,0.3124999999363353,0.8747266456635873,0.3355242875395036,0.8948638162724644,0.0209049400641824,0.0559289885056347,2.761086276477428,2.930499320367047,0.0004726719860729,0.0021890030271448,5.385164807134504,14.317821063276352,0.0063680198290782,0.010588315240944,21999.145000008863,22031.194999988656,9
181,233,224,216.0,338,333,330.0,22047.179999994118,22063.154999981634,22079.13999998709,9.433981132056603,10.295630140987,8.54400374531753,0.5905465501988395,0.644080709256922,0.5340002339735554,0.5004691896946303,0.5633802821302554,0.5004691896946303,0.3127932435591439,0.3129890456279196,0.1876759461354863,0.036966920229119,0.0402928188324693,0.0333750146165478,2.5829933382462307,2.6344941491974563,2.782821983319221,0.0175351677349234,0.0032238379337376,0.0092791888690098,0.0005302217576894,0.0002081939659435,0.000432768483801,182.0,224.33333333333334,333.6666666666667,22063.158333320946,9.424538339453711,0.5895424978097723,0.5214395538398386,0.5839982025516673,0.03687825122604537,2.666769823587636,0.010012731512556933,0.0003903947358113,216.0,233.0,330.0,338.0,0.1876759461354863,0.3129890456279196,0.5004691896946303,0.5633802821302554,0.5340002339735554,0.644080709256922,0.0333750146165478,0.0402928188324693,2.5829933382462307,2.782821983319221,0.0002081939659435,0.0005302217576894,8.54400374531753,10.295630140987,0.0032238379337376,0.0175351677349234,22047.179999994118,22079.13999998709,9
182,212,211,211.0,328,327,326.0,22095.13999999035,22103.07000001194,22119.15499996394,4.47213595499958,1.4142135623730951,1.0,0.5639515690825928,0.0879212661854739,0.041718815118834,0.2499999999490683,0.1261034044486346,0.0,0.1249999999745341,0.1261034044486346,0.0621697235302561,0.0711162128054643,0.0054660408111809,0.0017404595349194,2.677945044588987,2.356194490192345,1.5707963267948966,0.0065548086693042,0.0405738402926521,0.0488279866795902,0.0023588248863267,0.0082787101911175,0.0002316183579346,183.0,211.33333333333334,327.0,22105.788333322078,2.295449839124225,0.23119721679563357,0.12536780146590096,0.14609104264265302,0.026107571050521538,2.201645287192076,0.03198554521384883,0.003623051145126267,211.0,212.0,326.0,328.0,0.0621697235302561,0.1261034044486346,0.0,0.2499999999490683,0.041718815118834,0.5639515690825928,0.0017404595349194,0.0711162128054643,1.5707963267948966,2.677945044588987,0.0002316183579346,0.0082787101911175,1.0,4.47213595499958,0.0065548086693042,0.0488279866795902,22095.13999999035,22119.15499996394,9
183,211,211,211.0,325,323,320.0,22143.12500000233,22159.2149999924,22183.139999979176,1.0,2.0,3.0,0.062150404015974,0.0835945663993947,0.1874414247524636,0.0,0.0,0.0,0.041718815118834,0.1243008080319481,0.1253918495990921,0.0038626727193488,0.0034940257657514,0.0117114292377444,1.5707963267948966,1.5707963267948966,1.5707963267948966,0.0,0.0,0.0,8.853621948396016e-05,2.2911557105336247e-05,0.000343465140085,184.0,211.0,322.6666666666667,22161.82666665797,2.0,0.11106213172261077,0.0,0.04179728319969737,0.006356042574281534,1.5707963267948966,0.0,0.00015163763889143212,211.0,211.0,320.0,325.0,0.041718815118834,0.1253918495990921,0.0,0.0,0.062150404015974,0.1874414247524636,0.0034940257657514,0.0117114292377444,1.5707963267948966,1.5707963267948966,2.2911557105336247e-05,0.000343465140085,1.0,3.0,0.0,0.0,22143.12500000233,22183.139999979176,9
184,214,219,223.0,317,313,309.0,22199.1449999623,22215.150000003632,22231.14499996882,4.242640687119285,6.4031242374328485,5.656854249492381,0.2650822040714078,0.4003203658248913,0.3526717109455812,0.1874414247524636,0.3124023734512812,0.250078149965985,0.1874414247524636,0.2499218987610249,0.250078149965985,0.0165624619423209,0.0250278441197987,0.0219870143750733,0.7853981633974483,0.6747409422235526,0.7853981633974483,0.0490720502483953,0.0069139157068496,0.0069182382878861,0.0003030948272222,0.0005289210968832,0.0001901112692306,185.0,218.66666666666666,313.0,22215.146666644916,5.43420639134817,0.33935809361396013,0.24997398272324325,0.3333333660452382,0.021192440145730965,0.7485124230061496,0.020968068081043668,0.00034070906444533337,214.0,223.0,309.0,317.0,0.1874414247524636,0.250078149965985,0.1874414247524636,0.3124023734512812,0.2650822040714078,0.4003203658248913,0.0165624619423209,0.0250278441197987,0.6747409422235526,0.7853981633974483,0.0001901112692306,0.0005289210968832,4.242640687119285,6.4031242374328485,0.0069139157068496,0.0490720502483953,22199.1449999623,22231.14499996882,9
185,227,230,234.0,304,300,296.0,22247.18499998562,22263.28999997349,22279.180000012275,6.4031242374328485,5.0,5.656854249492381,0.3975861063181562,0.3146633094900737,0.3479000152590473,0.2493765583422824,0.1862775536950492,0.251730647592059,0.311720697927853,0.248370071593399,0.251730647592059,0.0246871224226953,0.0198025996678491,0.0213960648938597,0.8960553845713439,0.9272952180016122,0.7853981633974483,0.0068988292430167,0.0019397599164103,0.0089299593617279,0.000168335913017,0.0003032923165801,0.0001002810083147,186.0,230.33333333333334,300.0,22263.218333323795,5.6866594956417424,0.3533831436890924,0.22912825320979688,0.31303846907381655,0.02196192899480137,0.8695829219901348,0.005922849507051633,0.00019063641263726666,227.0,234.0,296.0,304.0,0.248370071593399,0.311720697927853,0.1862775536950492,0.251730647592059,0.3146633094900737,0.3975861063181562,0.0198025996678491,0.0246871224226953,0.7853981633974483,0.9272952180016122,0.0001002810083147,0.0003032923165801,5.0,6.4031242374328485,0.0019397599164103,0.0089299593617279,22247.18499998562,22279.180000012275,9
186,241,246,251.0,289,285,281.0,22295.44000001624,22311.18499999866,22335.01999999862,9.899494936611664,6.4031242374328485,6.4031242374328485,0.6287389614269302,0.2686437691396205,0.3969698844388336,0.4305043049380075,0.3175611308722639,0.2097755401723438,0.4305043049380075,0.2540489046978111,0.167820432137875,0.0399326111228377,0.0112709783570396,0.0246106561903225,0.7853981633974483,0.6747409422235526,0.6747409422235526,0.0,0.0070280864590329,0.0,0.0011400089928939,0.0018203641027504,0.0005596676246403,187.0,246.0,285.0,22313.881666671175,7.5685811371591205,0.43145087166846147,0.3192803253275384,0.3752204693734968,0.025271415223399932,0.7116266826148512,0.0023426954863443,0.0011733469067615335,241.0,251.0,281.0,289.0,0.167820432137875,0.4305043049380075,0.2097755401723438,0.4305043049380075,0.2686437691396205,0.6287389614269302,0.0112709783570396,0.0399326111228377,0.6747409422235526,0.7853981633974483,0.0005596676246403,0.0018203641027504,6.4031242374328485,9.899494936611664,0.0,0.0070280864590329,22295.44000001624,22335.01999999862,9
187,254,257,259.0,278,276,274.0,22351.150000002235,22367.165000003297,22383.14499997068,4.242640687119285,3.605551275463989,2.8284271247461903,0.2649166835365608,0.2256289914156983,0.1767766952606227,0.1859888406278936,0.1873243833781527,0.1251564458123884,0.1859888406278936,0.1248829222521018,0.1251564458123884,0.0165417847966904,0.0141194613189113,0.011048543451538,0.7853981633974483,0.5880026035475675,0.7853981633974483,0.006860336091079,0.0123256671768213,0.0123526633449788,0.0005002400118923,0.0001512534172724,0.0001921725828311,188.0,256.6666666666667,276.0,22367.153333325405,3.558873029109821,0.2224407900709606,0.1661565566061449,0.20787537187694102,0.013903263189046567,0.719599643447488,0.0105128888709597,0.0002812220039986,254.0,259.0,274.0,278.0,0.1248829222521018,0.1859888406278936,0.1251564458123884,0.1873243833781527,0.1767766952606227,0.2649166835365608,0.011048543451538,0.0165417847966904,0.5880026035475675,0.7853981633974483,0.0001512534172724,0.0005002400118923,2.8284271247461903,4.242640687119285,0.006860336091079,0.0123526633449788,22351.150000002235,22383.14499997068,9
188,261,262,0.0,273,272,0.0,22399.14499997394,22423.23999997461,0.0,2.23606797749979,1.4142135623730951,0.0,0.092802157187697,7.784015523701099e-05,0.0,0.1249999999745341,0.0415023863860622,0.0,0.062499999987267,0.0415023863860622,0.0,0.0038515109850638,4.284423462291385e-09,0.0,0.4636476090008061,0.7853981633974483,0.0,0.0201094096456933,0.0133534158284991,0.0,0.0004498145290629,0.0001598467192584,0.0,189.0,174.33333333333334,181.66666666666666,14940.79499998285,1.2167605132909616,0.030959999114311337,0.0555007954535321,0.0555007954535321,0.0012838384231624207,0.41634859079941816,0.011154275158064131,0.0002032204161071,0.0,262.0,0.0,273.0,0.0,0.062499999987267,0.0,0.1249999999745341,0.0,0.092802157187697,0.0,0.0038515109850638,0.0,0.7853981633974483,0.0,0.0004498145290629,0.0,2.23606797749979,0.0,0.0201094096456933,0.0,22423.23999997461,9
