,x0,x1,x2,y0,y1,y2,t0,t1,t2,d0,d1,d2,TV0,TV1,TV2,HV0,HV1,HV2,VV0,VV1,VV2,A0,A1,A2,AM0,AM1,AM2,AV0,AV1,AV2,J0,J1,J2,Seg_id,avg_x,avg_y,avg_t,avg_d,avg_tv,avg_hv,avg_vv,avg_a,avg_am,avg_av,avg_j,min_x,max_x,min_y,max_y,min_vv,max_vv,min_hv,max_hv,min_tv,max_tv,min_a,max_a,min_am,max_am,min_j,max_j,min_d,max_d,min_av,max_av,min_t,max_t,label
0,728,729,730,214,213,212,28630.89999999944,28643.700000000183,28656.0,0.0,1.4142135623730951,1.4142135623730951,0.0,0.1149767123897976,0.1198486069826626,0.0,0.0781249999954525,0.0813008130093612,0.0,0.0781249999954525,0.0813008130093612,0.0,0.009347700194434,0.0101566616088605,0.0,0.7853981633974483,0.7853981633974483,0.0,0.061359231511854,0.0,0.0,0.0007302890776476,6.576922068607689e-05,1.0,729.0,213.0,28643.53333333321,0.9428090415820635,0.07827510645748674,0.05314193766827124,0.08024220867139163,0.006501453934431499,0.5235987755982988,0.020453077170618,0.0002653527661112256,728,730,212,214,0.0,0.0813008130093612,0.0,0.0813008130093612,0.0,0.1198486069826626,0.0,0.0101566616088605,0.0,0.7853981633974483,0.0,0.0007302890776476,0.0,1.4142135623730951,0.0,0.061359231511854,28630.89999999944,28656.0,4
1,730,732,733,210,209,207,28667.799999999814,28681.5,28692.299999999814,2.0,2.23606797749979,2.23606797749979,0.1459854014578692,0.2070433312535513,0.1746928107447131,0.0,0.1459854014578692,0.0925925925941895,0.1694915254264042,0.0729927007289346,0.185185185188379,0.0106558687194076,0.0191706788201039,0.0136478758396293,1.5707963267948966,0.4636476090008061,1.1071487177940904,0.0665591663906649,0.0808137750203677,0.0595834360004057,4.230568733516566e-05,0.0006215189854438,0.000511370646349,2.0,731.6666666666666,208.66666666666666,28680.53333333321,2.1573786516665265,0.1759071811520445,0.0795259980173529,0.1412543930801459,0.0144914744597136,1.0471975511965976,0.0689854591371461,0.0003917317730426552,730,733,207,210,0.0729927007289346,0.185185185188379,0.0,0.1459854014578692,0.1459854014578692,0.2070433312535513,0.0106558687194076,0.0191706788201039,0.4636476090008061,1.5707963267948966,4.230568733516566e-05,0.0006215189854438,2.0,2.23606797749979,0.0595834360004057,0.0808137750203677,28667.799999999814,28692.299999999814,4
2,735,742,752,206,202,199,28705.099999999627,28729.200000000183,28744.39999999944,2.23606797749979,8.06225774829855,10.44030650891055,0.0927829036285453,0.530411693993009,0.984934576260394,0.1562500000022737,0.290456431528535,0.6578947368743533,0.0781250000011368,0.1659751037305914,0.1973684210623059,0.0038499130135433,0.034895506185461,0.0929183562460822,0.4636476090008061,0.5191461142465229,0.2914567944778671,0.0502735241252069,0.0023028425412626,0.01497956051183,0.0007654658457991,0.0012881988867716,0.0038172927673332,3.0,743.0,202.33333333333334,28726.233333333086,6.912877411569629,0.5360430579606494,0.36820038946838735,0.4339898631558226,0.04388792514836217,0.4247501725750653,0.022518642392766502,0.0019569858333013,735,752,199,206,0.0781250000011368,0.1973684210623059,0.1562500000022737,0.6578947368743533,0.0927829036285453,0.984934576260394,0.0038499130135433,0.0929183562460822,0.2914567944778671,0.5191461142465229,0.0007654658457991,0.0038172927673332,2.23606797749979,10.44030650891055,0.0023028425412626,0.0502735241252069,28705.099999999627,28744.39999999944,4
3,768,844,889,194,182,180,28755.0,28779.5,28794.0,16.76305461424021,76.94153624668537,45.044422518220834,0.6842063107853147,5.306312844598991,4.021823439059975,1.5094339621845791,3.1020408163265305,3.103448275862069,0.4716981131826809,0.4897959183673469,0.1379310344827586,0.0279267881953189,0.3659526099723442,0.3590913784815258,0.3028848683749714,0.1566018769820153,0.0444152152469108,0.0010781201789152,0.0059707343425696,0.0077370111541451,0.0061312800044657,0.0137969723174296,0.0004731883786771,4.0,833.6666666666666,185.33333333333334,28776.166666666668,46.24967112638214,3.337447531481427,2.5716410181243927,2.617618029618646,0.250990258883063,0.1679673202012992,0.0049286218918766335,0.0068004802335241326,768,889,180,194,0.1379310344827586,0.4897959183673469,1.5094339621845791,3.103448275862069,0.6842063107853147,5.306312844598991,0.0279267881953189,0.3659526099723442,0.0444152152469108,0.3028848683749714,0.0004731883786771,0.0137969723174296,16.76305461424021,76.94153624668537,0.0010781201789152,0.0077370111541451,28755.0,28794.0,4
4,937,1029,1071,183,200,212,28805.200000000183,28828.700000000183,28842.099999999627,48.0936586256442,93.55746896961249,43.68065933568311,2.0465386649210298,6.981900669665217,1.8827870403160525,4.285714285643011,3.914893617021277,3.13432835833966,0.2678571428526882,0.723404255319149,0.8955223880970457,0.0870867516987672,0.5210373634295798,0.0811546138060748,0.0624188099959573,0.1827215607620975,0.2782996590051113,0.0016074638168524,0.0051192659900485,0.0071326938990298,0.0242861273909138,0.0184659834779069,0.0328270708687946,5.0,1012.3333333333334,198.33333333333334,28825.333333333332,61.77726231031327,3.637075458300767,3.778312087001316,4.076819549700331,0.22975957631147395,0.17448000992105536,0.0046198079019769,0.0251930605792051,937,1071,183,212,0.2678571428526882,0.8955223880970457,3.13432835833966,4.285714285643011,1.8827870403160525,6.981900669665217,0.0811546138060748,0.5210373634295798,0.0624188099959573,0.2782996590051113,0.0184659834779069,0.0328270708687946,43.68065933568311,93.55746896961249,0.0016074638168524,0.0071326938990298,28805.200000000183,28842.099999999627,4
5,1152,1192,1226,236,253,270,28865.299999999814,28879.200000000183,28890.5,84.48076704197234,43.46262762420146,38.01315561749642,6.077753024439439,3.8462502322936176,1.5144683513171555,3.4913793103167965,2.8776978416494945,3.0088495575717205,1.034482758612384,1.2230215827010351,1.5044247787858602,0.4372484190127015,0.3403761267572582,0.0603373845155232,0.2880554470506258,0.4018706474404565,0.4636476090008061,0.0004205081054067,0.008188143912718,0.0054669877487936,0.0153488709139555,0.0069692296584782,0.0247821895793231,6.0,1190.0,253.0,28878.333333333332,55.318850094556744,3.812823869350071,3.1259755698460037,3.6274504961079574,0.27932064342849433,0.3845245678306295,0.0046918799223061,0.015700096717252268,1152,1226,236,270,1.034482758612384,1.5044247787858602,2.8776978416494945,3.4913793103167965,1.5144683513171555,6.077753024439439,0.0603373845155232,0.4372484190127015,0.2880554470506258,0.4636476090008061,0.0069692296584782,0.0247821895793231,38.01315561749642,84.48076704197234,0.0004205081054067,0.008188143912718,28865.299999999814,28890.5,4
6,1290,1310,1305,298,303,303,28915.599999999627,28927.700000000183,29275.39999999944,69.85699678629192,20.615528128088304,5.0,5.773305519261639,0.0592911364053278,0.4347826086956521,2.5498007968505925,1.6528925619071384,0.0143802128271806,1.1155378486221343,0.4132231404767846,0.0,0.4771326875202495,0.0001705238320548,0.0378071833648393,0.4124104415973873,0.2449786631268641,3.141592653589793,0.002041321410525,0.0138373370630405,0.0083307851322091,0.0166053905582036,0.0394183606335676,0.0001082446348371,7.0,1301.6666666666667,301.3333333333333,29039.56666666642,31.82417497146007,2.0891264214542065,1.405691190528304,1.405691190528304,0.17170346490571453,1.266327252771348,0.0080698145352582,0.0187106652755361,1290,1310,298,303,0.0,1.1155378486221343,0.0143802128271806,2.5498007968505925,0.0592911364053278,5.773305519261639,0.0001705238320548,0.4771326875202495,0.2449786631268641,3.141592653589793,0.0001082446348371,0.0394183606335676,5.0,69.85699678629192,0.002041321410525,0.0138373370630405,28915.599999999627,29275.39999999944,4
7,1298,1288,1274,302,299,296,29286.89999999944,29298.700000000183,29312.200000000183,7.071067811865476,10.44030650891055,14.317821063276352,0.5992430348660174,0.7733560376970778,1.2670638109302976,0.6086956521739131,0.8474576270651352,1.037037037037037,0.0869565217391304,0.2542372881195405,0.2222222222222222,0.0507833080362865,0.0572856324220057,0.1121295407921401,2.999695598985629,2.8501358591119264,2.930499320367047,0.0123388743134055,0.0126745542257847,0.0059528489818607,0.0011283586670823,0.0005510444394329,0.004062511731121,8.0,1286.6666666666667,299.0,29299.266666666605,10.609731794684127,0.8798876278311308,0.8310634387586951,0.9051375128327693,0.0733994937501441,2.9267769261548673,0.010322092507016966,0.0019139716125454002,1274,1298,296,302,0.0869565217391304,0.2542372881195405,0.6086956521739131,1.037037037037037,0.5992430348660174,1.2670638109302976,0.0507833080362865,0.1121295407921401,2.8501358591119264,2.999695598985629,0.0005510444394329,0.004062511731121,7.071067811865476,14.317821063276352,0.0059528489818607,0.0126745542257847,29286.89999999944,29312.200000000183,4
8,1256,1234,1190,291,286,280,29323.5,29336.5,29360.0,18.68154169226941,22.56102834535696,44.40720662234904,1.437041668636108,0.9600437593768916,3.1719433301677884,1.592920354008558,1.6923076923076923,1.872340425531915,0.4424778761134883,0.3846153846153846,0.2553191489361702,0.1105416668181621,0.0408529259309315,0.2265673807262706,2.8706458032513726,2.91811605244916,3.0060649396042924,0.0052967714262531,0.003651557630599,0.0037425058363886,0.0001405198207083,0.0053606723759408,0.0079027427572484,9.0,1226.6666666666667,285.6666666666667,29340.0,28.549925553325135,1.8563429193935963,1.7191894906160552,1.8042958735947785,0.12598732449178807,2.931608931768275,0.0042302782977469006,0.004467978317965833,1190,1256,280,291,0.2553191489361702,0.4424778761134883,1.592920354008558,1.872340425531915,0.9600437593768916,3.1719433301677884,0.0408529259309315,0.2265673807262706,2.8706458032513726,3.0060649396042924,0.0001405198207083,0.0079027427572484,18.68154169226941,44.40720662234904,0.003651557630599,0.0052967714262531,29323.5,29360.0,4
9,1167,1134,1123,279,278,278,29374.0,29399.0,29409.700000000183,23.021728866442675,33.015148038438355,11.0,0.920869154657707,3.0855278540059468,0.0342039800995421,1.6428571428571428,1.32,1.028037383159674,0.0714285714285714,0.04,0.0,0.0368347661863082,0.2883670891544144,0.0001063556595136,3.0981417581982624,3.111298893671018,3.141592653589793,0.0065769156138549,0.0005262854189102,0.002831192515724,0.0135523296099973,0.0100612929187242,0.0269402554663441,10.0,1141.3333333333333,278.3333333333333,29394.233333333395,22.345625634960342,1.3468669962543984,1.330298175338939,1.330298175338939,0.10843607033341207,3.1170111018196915,0.003311464516163033,0.016851292665021864,1123,1167,278,279,0.0,0.0714285714285714,1.028037383159674,1.6428571428571428,0.0342039800995421,3.0855278540059468,0.0001063556595136,0.2883670891544144,3.0981417581982624,3.141592653589793,0.0100612929187242,0.0269402554663441,11.0,33.015148038438355,0.0005262854189102,0.0065769156138549,29374.0,29409.700000000183,4
10,1124,1129,1131,279,283,285,29731.299999999814,29757.599999999627,29768.0,1.4142135623730951,6.4031242374328485,2.8284271247461903,0.0537723787978369,0.6156850228080277,0.2095131203515696,0.003109452736322,0.190114068442411,0.1923076923008038,0.003109452736322,0.1520912547539288,0.1923076923008038,0.0020445771406166,0.0592004829601897,0.0155194903964125,0.7853981633974483,0.6747409422235526,0.7853981633974483,0.0073264754048354,0.0042074989039802,0.0106401174201857,6.026808088013884e-06,0.002173228358174,0.0042000954386742,11.0,1128.0,282.3333333333333,29752.299999999814,3.5485883081840446,0.2929901739858114,0.12851040449317894,0.19261296859344687,0.025588183499072933,0.7485124230061496,0.0073913639096671,0.002126450201645405,1124,1131,279,285,0.003109452736322,0.1923076923008038,0.003109452736322,0.1923076923008038,0.0537723787978369,0.6156850228080277,0.0020445771406166,0.0592004829601897,0.6747409422235526,0.7853981633974483,6.026808088013884e-06,0.0042000954386742,1.4142135623730951,6.4031242374328485,0.0042074989039802,0.0106401174201857,29731.299999999814,29768.0,4
11,1133,1135,1136,288,289,290,29781.5,29795.700000000183,29807.099999999627,3.605551275463989,2.23606797749979,1.4142135623730951,0.253912061649063,0.1961463138253855,0.1297443635160331,0.1481481481481481,0.1408450704206877,0.0877192982499137,0.2222222222222222,0.0704225352103438,0.0877192982499137,0.0178811311018121,0.0172058170030701,0.011903152615743,0.982793723247329,0.4636476090008061,0.7853981633974483,0.0146218933222133,0.0365595855098389,0.0282237328431941,0.0001749363485481,4.7557330896697465e-05,0.0004651459989111,12.0,1134.6666666666667,289.0,29794.766666666605,2.418610938445625,0.19326757966349387,0.12557083893958318,0.15481060502288774,0.015663366906875066,0.7439464985485277,0.02646840389174877,0.00022921322611863245,1133,1136,288,290,0.0704225352103438,0.2222222222222222,0.0877192982499137,0.1481481481481481,0.1297443635160331,0.253912061649063,0.011903152615743,0.0178811311018121,0.4636476090008061,0.982793723247329,4.7557330896697465e-05,0.0004651459989111,1.4142135623730951,3.605551275463989,0.0146218933222133,0.0365595855098389,29781.5,29807.099999999627,4
12,1137,1139,1139,290,292,294,29818.0,29843.39999999944,29856.0,1.0,2.8284271247461903,2.0,0.0393700787410236,0.2244783432238693,0.1709401709374495,0.0917431192629195,0.0787401574820472,0.0,0.0,0.0787401574820472,0.1587301587231192,0.0015500031000743,0.0178157415249138,0.0146102710200622,0.0,0.7853981633974483,1.5707963267948966,0.07205487737345,0.0309211875360128,0.0623331875684616,0.0009498302307628,0.0006403834025668,0.0002544024210086,13.0,1138.3333333333333,292.0,29839.133333333146,1.9428090415820634,0.14492953096744746,0.0568277589149889,0.1097378118226953,0.0113253385483501,0.7853981633974483,0.055103084159308126,0.0006148720181127333,1137,1139,290,294,0.0,0.1587301587231192,0.0,0.0917431192629195,0.0393700787410236,0.2244783432238693,0.0015500031000743,0.0178157415249138,0.0,1.5707963267948966,0.0002544024210086,0.0009498302307628,1.0,2.8284271247461903,0.0309211875360128,0.07205487737345,29818.0,29856.0,4
13,1140,1140,1140,294,295,294,29867.700000000183,29916.799999999814,31970.099999999627,1.0,1.0,1.0,0.0203665987781585,0.0027847396268477,0.0757575757565067,0.0854700854687247,0.0,0.0,0.0,0.0203665987781585,0.0006415191172697,0.0004147983457904,7.754774789336307e-06,0.0057392102845028,0.0,1.5707963267948966,1.5707963267948966,0.1342560963051187,0.0319917785500369,0.001007695872976,0.0012132882627389,8.290093095809435e-06,3.681813115539867e-06,14.0,1140.0,294.3333333333333,30584.86666666654,1.0,0.03296963805383763,0.0284900284895749,0.028703868195331467,0.002053921135027512,1.0471975511965976,0.0557518569093772,0.00040842005631674976,1140,1140,294,295,0.0,0.0203665987781585,0.0,0.0854700854687247,0.0027847396268477,0.0757575757565067,7.754774789336307e-06,0.0057392102845028,0.0,1.5707963267948966,3.681813115539867e-06,0.0012132882627389,1.0,1.0,0.001007695872976,0.1342560963051187,29867.700000000183,31970.099999999627,4
14,1135,1124,1099,291,285,275,31983.299999999814,31994.200000000183,32008.299999999814,5.830951894845301,12.529964086141668,26.92582403567252,0.5349497151051391,0.8886499352108309,1.1506762408223872,0.3787878787825337,1.009174311892115,1.7730496454369158,0.2272727272695202,0.5504587155775172,0.7092198581747663,0.0490779555125556,0.063024818101724,0.0491741983249601,2.601173153319209,2.642245931909663,2.761086276477428,0.0780588504931646,0.0037681448246835,0.008428393231979,0.0032832382748061,0.0012795286778616,0.0009823134593709,15.0,1119.3333333333333,283.6666666666667,31995.266666666605,15.095580005553161,0.8580919637127856,1.0536706120371881,1.290077231428777,0.053758990646413235,2.6681684539021,0.030085129516609035,0.0018483601373462,1099,1135,275,291,0.2272727272695202,0.7092198581747663,0.3787878787825337,1.7730496454369158,0.5349497151051391,1.1506762408223872,0.0490779555125556,0.063024818101724,2.601173153319209,2.761086276477428,0.0009823134593709,0.0032832382748061,5.830951894845301,26.92582403567252,0.0037681448246835,0.0780588504931646,31983.299999999814,32008.299999999814,4
15,1001,935,861,241,222,207,32031.700000000183,32044.5,32055.89999999944,103.73041983911952,68.6804193347711,75.50496672405067,8.10393905004914,6.024598187555931,2.94941276259385,4.1880341879675145,5.156250000075033,6.491228070493619,1.4529914529683212,1.4843750000216005,1.3157894737487066,0.6331202382943022,0.5284735252501086,0.1152114360363074,2.807647581744899,2.861292997251342,2.941599696983612,0.001989799370373,0.0041910480865018,0.0070444473452812,0.0249549589726515,0.0081755244566965,0.0362510604591279,16.0,932.3333333333334,223.33333333333334,32044.03333333321,82.63860196598044,5.692650000066307,5.278504086178722,5.71710057742829,0.4256017331935727,2.870180091993284,0.004408431600718667,0.023127181296158632,861,1001,207,241,1.3157894737487066,1.4843750000216005,4.1880341879675145,6.491228070493619,2.94941276259385,8.10393905004914,0.1152114360363074,0.6331202382943022,2.807647581744899,2.941599696983612,0.0081755244566965,0.0362510604591279,68.6804193347711,103.73041983911952,0.001989799370373,0.0070444473452812,32031.700000000183,32055.89999999944,4
16,706,630,566,185,178,174,32081.5,32093.0,32106.89999999944,156.55350523063993,76.32168761236873,64.1248781675256,13.61334828092521,5.490768893196902,2.752140693797214,6.054687499867839,6.608695652173913,4.604316546947688,0.8593749999812417,0.6086956521739131,0.2877697841842305,1.183769415732627,0.3950193448501897,0.118117626339451,3.000598941106669,3.049746527325056,3.079173843593836,0.0023046579735066,0.0042737031494249,0.0021170731129469,0.0417405460809763,0.0685869626854293,0.0199209869440194,17.0,634.0,179.0,32093.799999999814,99.0000236701781,7.285419289306442,5.755899899663146,5.85182316105789,0.5656354623074226,3.0431731040085204,0.002898478078626133,0.04341616523680833,566,706,174,185,0.2877697841842305,0.8593749999812417,4.604316546947688,6.608695652173913,2.752140693797214,13.61334828092521,0.118117626339451,1.183769415732627,3.000598941106669,3.079173843593836,0.0199209869440194,0.0685869626854293,64.1248781675256,156.55350523063993,0.0021170731129469,0.0042737031494249,32081.5,32106.89999999944,4
17,479,454,435,171,171,172,32130.200000000183,32142.299999999814,32154.599999999627,87.05170877128145,25.0,19.026297590440446,7.1943560970216165,2.032520325234032,0.7734267313011488,3.7339055792797433,2.066115702542949,1.544715447177864,0.1287553648027497,0.0,0.0813008130093612,0.5945748840696787,0.1652455548995781,0.0314401110277878,3.107123552590285,3.141592653589793,3.089009591978852,0.0011995583259895,0.0028486860331048,0.0042750456594908,0.020448809343991,0.035481762742423,0.010878491371855,18.0,456.0,171.33333333333334,32142.36666666654,43.69266878724063,3.3334343845189323,2.4482455763335187,2.475345847336639,0.26375351666568153,3.1125752660529766,0.0027744300061950337,0.022269687819422998,435,479,171,172,0.0,0.1287553648027497,1.544715447177864,3.7339055792797433,0.7734267313011488,7.1943560970216165,0.0314401110277878,0.5945748840696787,3.089009591978852,3.141592653589793,0.010878491371855,0.035481762742423,19.026297590440446,87.05170877128145,0.0011995583259895,0.0042750456594908,32130.200000000183,32154.599999999627,4
18,402,389,380,181,188,195,32179.200000000183,32192.200000000183,32204.299999999814,34.20526275297414,14.7648230602334,11.40175425099138,2.631174057921088,1.2202333108006589,0.0485387579862635,1.3414634146036748,1.0,0.7438016529154617,0.3658536585282749,0.5384615384615384,0.5785123967120258,0.2023980044554683,0.1008457281684485,0.0002066358364673,2.875340604438868,2.647651284670212,2.4805494847391065,0.008685731200615,0.0175145630591273,0.0138100661104339,0.0069495078627559,0.0078117135605399,0.008317280358271,19.0,390.3333333333333,188.0,32191.900000000063,20.123946688066308,1.2999820422360033,1.0284216891730456,1.2212591547437208,0.10115012282012803,2.667847124616062,0.013336786790058735,0.007692833927188933,380,402,181,195,0.3658536585282749,0.5785123967120258,0.7438016529154617,1.3414634146036748,0.0485387579862635,2.631174057921088,0.0002066358364673,0.2023980044554683,2.4805494847391065,2.875340604438868,0.0069495078627559,0.008317280358271,11.40175425099138,34.20526275297414,0.008685731200615,0.0175145630591273,32179.200000000183,32204.299999999814,4
19,377,372,366,197,200,204,32439.200000000183,32454.200000000183,32464.200000000183,3.605551275463989,5.830951894845301,7.211102550927978,0.2403700850309326,0.5830951894845301,0.5381419814349767,0.0127713920817166,0.3333333333333333,0.6,0.0085142613878111,0.2,0.4,0.0160246723353955,0.058309518948453,0.0401598493624938,2.5535900500422257,2.601173153319209,2.5535900500422257,0.0003109432324521,0.0031722068851322,0.0047583103276983,6.733944869690526e-05,0.0028189897742038,0.0018149669585959,20.0,371.6666666666667,200.33333333333334,32452.533333333515,5.54920190707909,0.4538690853168131,0.3153682418050166,0.4487015751383499,0.03816468021544744,2.5694510844678873,0.0027471534817608665,0.0015670987271655349,366,377,197,204,0.0085142613878111,0.4,0.0127713920817166,0.6,0.2403700850309326,0.5830951894845301,0.0160246723353955,0.058309518948453,2.5535900500422257,2.601173153319209,6.733944869690526e-05,0.0028189897742038,3.605551275463989,7.211102550927978,0.0003109432324521,0.0047583103276983,32439.200000000183,32464.200000000183,4
20,358,349,331,209,216,229,32477.599999999627,32488.89999999944,32512.89999999944,9.433981132056603,11.40175425099138,22.20360331117452,0.8348655869214255,0.4750730937913074,1.8816612974383533,0.5970149253980305,0.796460177004279,0.75,0.373134328373769,0.6194690265588836,0.5416666666666666,0.0738819103482466,0.0197947122413044,0.159462821806741,2.5829933382462307,2.4805494847391065,2.516107613350564,0.0021942752391963,0.0090658277441427,0.001481588692144,0.0025165717154596,0.0047864777086578,0.0058195045652265,21.0,346.0,218.0,32493.133333332837,14.3464462314075,1.0638666593836954,0.7144917008007697,0.8950472563563253,0.084379814798764,2.5265501454453,0.004247230558494334,0.004374184663114633,331,358,209,229,0.373134328373769,0.6194690265588836,0.5970149253980305,0.796460177004279,0.4750730937913074,1.8816612974383533,0.0197947122413044,0.159462821806741,2.4805494847391065,2.5829933382462307,0.0025165717154596,0.0058195045652265,9.433981132056603,22.20360331117452,0.001481588692144,0.0090658277441427,32477.599999999627,32512.89999999944,4
21,323,316,304,235,239,245,32524.700000000183,32537.700000000183,32563.299999999814,10.0,8.06225774829855,13.41640786499874,0.7692307692307693,0.3149319432974949,1.0241532721664326,0.6779661016521081,0.5384615384615384,0.4687500000068212,0.5084745762390811,0.3076923076923077,0.2343750000034106,0.0591715976331361,0.0123020290352374,0.0781796390988974,2.498091544796509,2.62244653934327,2.677945044588987,0.0015267854705862,0.0095657688112893,0.0021679103611923,0.008499256285362,0.0036053514306075,0.0025733441431491,22.0,314.3333333333333,239.66666666666666,32541.900000000063,10.492888537765763,0.7027719948982322,0.5617258800401559,0.6398508800412928,0.04988442192242363,2.599494376242922,0.0044201548810226,0.0048926506197062,304,323,235,245,0.2343750000034106,0.5084745762390811,0.4687500000068212,0.6779661016521081,0.3149319432974949,1.0241532721664326,0.0123020290352374,0.0781796390988974,2.498091544796509,2.677945044588987,0.0025733441431491,0.008499256285362,8.06225774829855,13.41640786499874,0.0015267854705862,0.0095657688112893,32524.700000000183,32563.299999999814,4
22,301,299,294,246,248,252,32576.39999999944,32588.0,32611.89999999944,3.1622776601683795,2.8284271247461903,6.4031242374328485,0.2726101431048316,0.1183442311636954,0.4814379125619661,0.2290076335942986,0.1724137930951428,0.2092050209253934,0.0763358778647662,0.1724137930951428,0.1673640167403147,0.0235008744044568,0.0049516414714,0.0361983392883455,2.819842099193151,2.356194490192345,2.4668517113662407,0.0108318362296335,0.0399696214636613,0.0046300092542461,0.0041739515035111,0.0015990718044968,0.0013073932141287,23.0,298.0,248.66666666666666,32592.099999999627,4.131276340782473,0.29079742894349775,0.20354214920494493,0.2593301547850498,0.021550285054734098,2.547629433583912,0.018477155649180302,0.0023601388407122003,294,301,246,252,0.0763358778647662,0.1724137930951428,0.1724137930951428,0.2290076335942986,0.1183442311636954,0.4814379125619661,0.0049516414714,0.0361983392883455,2.356194490192345,2.819842099193151,0.0013073932141287,0.0041739515035111,2.8284271247461903,6.4031242374328485,0.0046300092542461,0.0399696214636613,32576.39999999944,32611.89999999944,4
23,293,292,290,253,256,259,32625.200000000183,32637.799999999814,32661.200000000183,1.4142135623730951,3.1622776601683795,3.605551275463989,0.1122391716202307,0.1351400709452152,0.2773500981126146,0.0751879699206,0.0793650793674258,0.0854700854687247,0.0751879699206,0.2380952381022775,0.1282051282030872,0.0089078707637737,0.0057752167069685,0.0213346229317395,2.356194490192345,1.892546881191539,2.158798930342464,0.00832009181712,0.0367974292868661,0.0113782926985763,0.0020519149265445,0.000248623337849,0.0006649318899368,24.0,291.6666666666667,256.0,32641.400000000063,2.7273474993351545,0.17490978022602013,0.08000771158558351,0.1227427543199459,0.012005903467493898,2.135846767242116,0.018831937934187467,0.0009884900514434334,290,293,253,259,0.0751879699206,0.2380952381022775,0.0751879699206,0.0854700854687247,0.1122391716202307,0.2773500981126146,0.0057752167069685,0.0213346229317395,1.892546881191539,2.356194490192345,0.000248623337849,0.0020519149265445,1.4142135623730951,3.605551275463989,0.00832009181712,0.0367974292868661,32625.200000000183,32661.200000000183,4
24,288,287,285,262,263,267,32674.200000000183,32685.700000000183,32711.099999999627,3.605551275463989,1.4142135623730951,4.47213595499958,0.3135261978664338,0.0556776993072522,0.3413844240312073,0.1538461538461538,0.0869565217391304,0.0787401574820472,0.2307692307692307,0.0869565217391304,0.1574803149640944,0.0272631476405594,0.0021920354058455,0.0260598796959271,2.158798930342464,2.356194490192345,2.0344439357957027,0.0,0.0171648312912939,0.0126673446615638,0.0004560403622169,0.002180096716062,0.000939678909079,25.0,286.6666666666667,264.0,32690.333333333332,3.1639669309455543,0.23686277373496445,0.10651427768911047,0.15900771601047525,0.018505020914110666,2.183145785443504,0.009944058650952567,0.0011919386624526334,285,288,262,267,0.0869565217391304,0.2307692307692307,0.0787401574820472,0.1538461538461538,0.0556776993072522,0.3413844240312073,0.0021920354058455,0.0272631476405594,2.0344439357957027,2.356194490192345,0.0004560403622169,0.002180096716062,1.4142135623730951,4.47213595499958,0.0,0.0171648312912939,32674.200000000183,32711.099999999627,4
25,283,279,277,269,276,278,32724.200000000183,32748.099999999627,32761.299999999814,2.8284271247461903,8.06225774829855,2.8284271247461903,0.1183442311636954,0.6107771021352109,0.2110766510945939,0.1526717557186784,0.1673640167403147,0.1515151515130134,0.1526717557186784,0.2928870292955507,0.1515151515130134,0.0049516414714,0.0462709925853478,0.0157519888872183,2.356194490192345,2.08994244104142,2.356194490192345,0.0245611110215967,0.0111402531028096,0.0201706097838763,0.0016113158949333,0.0017288431428834,0.0023120457346741,26.0,279.6666666666667,274.3333333333333,32744.53333333321,4.573037332596976,0.3133993281311667,0.15718364132400217,0.20768869182833996,0.02232487431465537,2.2674438071420364,0.018623991302760868,0.0018840682574969333,277,283,269,278,0.1515151515130134,0.2928870292955507,0.1515151515130134,0.1673640167403147,0.1183442311636954,0.6107771021352109,0.0049516414714,0.0462709925853478,2.08994244104142,2.356194490192345,0.0016113158949333,0.0023120457346741,2.8284271247461903,8.06225774829855,0.0111402531028096,0.0245611110215967,32724.200000000183,32761.299999999814,4
26,275,271,269,282,286,290,32774.700000000186,32798.09999999963,32809.799999999814,4.47213595499958,5.656854249492381,4.47213595499958,0.191116921158392,0.4834918161882327,0.3387981784042783,0.1492537313391342,0.170940170944253,0.1709401709374495,0.2985074626782684,0.170940170944253,0.3418803418748991,0.0081673897932887,0.0413240868530372,0.0256665286666286,2.0344439357957027,2.356194490192345,2.0344439357957027,0.0240112354020669,0.0137500236924925,0.0275000473838905,0.0005660148577402,0.001416952865835,0.0013382528364238,27.0,271.6666666666667,286.0,32794.19999999987,4.867042053163846,0.33780230525030097,0.1637113577402789,0.2776714716985786,0.0250526684376515,2.1416941205945834,0.021753768826149964,0.0011070735199996667,269,275,282,290,0.170940170944253,0.3418803418748991,0.1492537313391342,0.170940170944253,0.191116921158392,0.4834918161882327,0.0081673897932887,0.0413240868530372,2.0344439357957027,2.356194490192345,0.0005660148577402,0.001416952865835,4.47213595499958,5.656854249492381,0.0137500236924925,0.0275000473838905,32774.700000000186,32809.799999999814,4
27,267,264,262,292,296,297,32823.0,32847.89999999944,32860.200000000186,2.8284271247461903,5.0,2.23606797749979,0.1135914507955688,0.4065040650160269,0.173338602914469,0.1515151515130134,0.1204819277135471,0.1626016260064107,0.1515151515130134,0.1606425702847295,0.0813008130032053,0.0045619056545428,0.0330491109749108,0.0134371010017036,2.356194490192345,2.214297435588181,2.677945044588987,0.0243750419994016,0.0056986768918613,0.0376949275587578,0.0015988350766505,0.0011440644707231,0.0015944723554487,28.0,264.3333333333333,295.0,32843.69999999987,3.35483170074866,0.23114470624202157,0.14486623507765706,0.17196650607872552,0.017016039210385733,2.4161456567898374,0.022589548816673567,0.0014457906342741,262,267,292,297,0.0813008130032053,0.1606425702847295,0.1204819277135471,0.1626016260064107,0.1135914507955688,0.4065040650160269,0.0045619056545428,0.0330491109749108,2.214297435588181,2.677945044588987,0.0011440644707231,0.0015988350766505,2.23606797749979,5.0,0.0056986768918613,0.0376949275587578,32823.0,32860.200000000186,4
28,262,261,261,298,300,308,32873.09999999963,32898.09999999963,34740.59999999963,1.0,2.23606797749979,8.0,0.04,0.0056911885403351,0.6956521739130435,0.0,0.04,0.0,0.0775193798483191,0.08,0.0060400151000377,0.0016,1.4485081548306762e-05,0.0604914933837429,1.5707963267948966,2.0344439357957027,1.5707963267948966,0.0858254820032596,0.0185459043600322,0.0011859541916156,0.0009176047288539,6.342059673806773e-05,4.567119168270511e-05,29.0,261.3333333333333,302.0,33503.93333333296,3.74535599249993,0.24711445415112618,0.013333333333333334,0.015346671700012568,0.020701992821763736,1.7253455297951652,0.03518578018496913,0.000342232172424891,261,262,298,308,0.0060400151000377,0.08,0.0,0.04,0.0056911885403351,0.6956521739130435,1.4485081548306762e-05,0.0604914933837429,1.5707963267948966,2.0344439357957027,4.567119168270511e-05,0.0009176047288539,1.0,8.0,0.0011859541916156,0.0858254820032596,32873.09999999963,34740.59999999963,4
29,261,261,261,325,347,378,34752.09999999963,34762.59999999963,34778.39999999944,17.0,22.0,31.0,1.619047619047619,1.3924050633075542,2.4031007751244013,0.0,0.0,0.0,1.4782608695652173,2.095238095238096,1.9620253164788264,0.1541950113378684,0.0881269027420233,0.1862868817872096,1.5707963267948966,1.5707963267948966,1.5707963267948966,0.0,0.0,0.0,0.0081481319960109,0.0062922008186519,0.0062126569016673,30.0,261.0,350.0,34764.36666666623,23.333333333333332,1.8048511524931916,0.0,0.6540084388262755,0.1428695986223671,1.5707963267948966,0.0,0.006884329905443367,261,261,325,378,1.4782608695652173,2.095238095238096,0.0,0.0,1.3924050633075542,2.4031007751244013,0.0881269027420233,0.1862868817872096,1.5707963267948966,1.5707963267948966,0.0062126569016673,0.0081481319960109,17.0,31.0,0.0,0.0,34752.09999999963,34778.39999999944,4
30,261,261,261,408,461,481,34791.299999999814,34813.09999999963,34826.59999999963,30.0,53.0,20.0,1.3761467890025838,3.925925925925926,0.843881856533452,0.0,0.0,0.0,2.3255813952816786,2.4311926605712317,1.4814814814814814,0.0631259994960707,0.2908093278463649,0.0356068293893172,1.5707963267948966,1.5707963267948966,1.5707963267948966,0.0,0.0,0.0,0.0095473552160916,0.0104441893739559,0.0189038887745961,31.0,261.0,450.0,34810.33333333302,34.333333333333336,2.048651523820654,0.0,0.49382716049382713,0.12984738557725092,1.5707963267948966,0.0,0.0129651444548812,261,261,408,481,1.4814814814814814,2.4311926605712317,0.0,0.0,0.843881856533452,3.925925925925926,0.0356068293893172,0.2908093278463649,1.5707963267948966,1.5707963267948966,0.0095473552160916,0.0189038887745961,20.0,53.0,0.0,0.0,34791.299999999814,34826.59999999963,4
31,264,267,271,510,520,527,34850.299999999814,34863.39999999944,34875.09999999963,29.154759474226505,10.44030650891055,8.06225774829855,2.2255541584011898,0.8923338896362685,0.3345335165191541,0.1265822784800178,0.2290076335942986,0.3418803418748991,1.2236286919735055,0.7633587786476621,0.5982905982810734,0.1698896304171357,0.0762678538138515,0.0138810587764065,1.4677147182721964,1.2793395323170296,1.0516502125483738,0.0043494349587295,0.0143797851878262,0.0194606256209428,0.0056659409715933,0.0071467005042707,0.0053322047039702,32.0,267.3333333333333,519.0,34862.93333333296,15.8857745771452,1.1508071881855375,0.2324900846497385,0.43192028407676303,0.0866795143357979,1.2662348210458667,0.012729948589166165,0.006048282059944734,264,271,510,527,0.5982905982810734,1.2236286919735055,0.1265822784800178,0.3418803418748991,0.3345335165191541,2.2255541584011898,0.0138810587764065,0.1698896304171357,1.0516502125483738,1.4677147182721964,0.0053322047039702,0.0071467005042707,8.06225774829855,29.154759474226505,0.0043494349587295,0.0194606256209428,34850.299999999814,34875.09999999963,4
32,275,275,277,532,533,533,34899.200000000186,34913.89999999944,34925.5,6.4031242374328485,1.0,2.0,0.4355866828406385,0.0862068965475714,0.0047630388187727,0.1659751037305914,0.0,0.1724137930951428,0.2074688796632393,0.0680272108878016,0.0,0.029631747133518,0.0074316290123636,1.1343269394567876e-05,0.8960553845713439,1.5707963267948966,0.0,0.0064562169283577,0.0459007443712756,0.1354134764413128,0.0006535555334749,0.0015102121171618,0.0006396798053975,33.0,275.6666666666667,532.6666666666666,34912.866666666545,3.1343747458109497,0.17551887273566089,0.1127962989419114,0.1127962989419114,0.012358239805092056,0.8222839037887469,0.0625901459136487,0.0009344824853447332,275,277,532,533,0.0,0.2074688796632393,0.0,0.1724137930951428,0.0047630388187727,0.4355866828406385,1.1343269394567876e-05,0.029631747133518,0.0,1.5707963267948966,0.0006396798053975,0.0015102121171618,1.0,6.4031242374328485,0.0064562169283577,0.1354134764413128,34899.200000000186,34925.5,4
33,277,277,275,534,538,542,35345.39999999944,35358.799999999814,35370.89999999944,1.0,4.0,4.47213595499958,0.0746268656695671,0.3305785124068719,0.4028951310607607,0.0,0.0,0.1652892562034359,0.0023815194093863,0.2985074626782684,0.3305785124068719,0.0055691690796636,0.027320538216285,0.0362968586522953,1.5707963267948966,1.5707963267948966,2.0344439357957027,0.0037408819404548,0.0,0.0383179842161223,1.3236070041144185e-05,0.0016232365026878,0.0007418446641559,34.0,276.3333333333333,538.0,35358.36666666623,3.1573786516665265,0.2693668363790666,0.05509641873447863,0.16528925620343593,0.023062188649414634,1.7253455297951652,0.014019622052192366,0.0007927724122949479,275,277,534,542,0.0023815194093863,0.3305785124068719,0.0,0.1652892562034359,0.0746268656695671,0.4028951310607607,0.0055691690796636,0.0362968586522953,1.5707963267948966,2.0344439357957027,1.3236070041144185e-05,0.0016232365026878,1.0,4.47213595499958,0.0,0.0383179842161223,35345.39999999944,35370.89999999944,4
34,274,273,272,548,554,565,35382.0,35395.09999999963,35418.200000000186,6.082762530298219,6.082762530298219,11.04536101718726,0.4643330175932211,0.2633230532532933,0.777842325194845,0.0900900900855548,0.0763358778647662,0.0432900432889961,0.5405405405133288,0.4580152671885972,0.476190476178957,0.0354452685195744,0.0113992663743256,0.0547776285377223,1.7359450042095237,1.7359450042095237,1.6614562139956417,0.0268917956370407,0.0,0.0032246229529038,7.671983177279321e-05,0.0018355726828956,0.0018778511758591,35.0,273.0,555.6666666666666,35398.43333333327,7.736962025927899,0.5018327986804532,0.06990533707977237,0.22863549580609135,0.033874054477207434,1.7111154074715629,0.010038806196648167,0.001263381230175831,272,274,548,565,0.4580152671885972,0.5405405405133288,0.0432900432889961,0.0900900900855548,0.2633230532532933,0.777842325194845,0.0113992663743256,0.0547776285377223,1.6614562139956417,1.7359450042095237,7.671983177279321e-05,0.0018778511758591,6.082762530298219,11.04536101718726,0.0,0.0268917956370407,35382.0,35418.200000000186,4
35,271,271,271,568,569,571,35432.39999999944,35445.700000000186,35456.299999999814,3.1622776601683795,1.0,2.0,0.2377652375933256,0.0943396226448249,0.0775193798455209,0.0704225352149626,0.0,0.0,0.2112676056448877,0.0751879699206,0.1886792452896498,0.0178770855323312,0.0088999644007679,0.003004627125817,1.892546881191539,1.5707963267948966,1.5707963267948966,0.0162739906484522,0.0241917710059111,0.0,0.0025986297892483,0.0006749715136135,0.0005561638938828,36.0,271.0,569.3333333333334,35444.799999999814,2.05409255338946,0.1365414133612238,0.02347417840498753,0.08636726016820413,0.009927225686305366,1.6780465115937773,0.0134885872181211,0.0012765883989148666,271,271,568,571,0.0751879699206,0.2112676056448877,0.0,0.0704225352149626,0.0775193798455209,0.2377652375933256,0.003004627125817,0.0178770855323312,1.5707963267948966,1.892546881191539,0.0005561638938828,0.0025986297892483,1.0,3.1622776601683795,0.0,0.0241917710059111,35432.39999999944,35456.299999999814,4
36,271,271,271,572,573,572,35482.09999999963,35505.59999999963,37372.700000000186,1.0,1.0,1.0,0.0425531914893617,0.0023052097740904,0.0819672131197598,0.0,0.0,0.0,0.0387596899227604,0.0425531914893617,0.0007708911501694,0.0018107741059302,5.31399210256206e-06,0.0067186240266201,1.5707963267948966,1.5707963267948966,1.5707963267948966,0.0,0.0,0.0012109129870449,4.627337286416318e-05,7.682808995011588e-05,5.179327803437534e-06,37.0,271.0,572.3333333333334,36120.13333333315,1.0,0.04227520479440396,0.0,0.00025696371672313334,0.0028449040415509537,1.5707963267948966,0.0004036376623483,4.2760263539238864e-05,271,271,572,573,0.0007708911501694,0.0425531914893617,0.0,0.0,0.0023052097740904,0.0819672131197598,5.31399210256206e-06,0.0067186240266201,1.5707963267948966,1.5707963267948966,5.179327803437534e-06,7.682808995011588e-05,1.0,1.0,0.0,0.0012109129870449,35482.09999999963,37372.700000000186,4
37,273,282,306,571,569,563,37384.89999999944,37397.89999999944,37410.0,2.23606797749979,9.219544457292889,24.73863375370596,0.1720052290384453,0.7619458228815799,0.9095085938800204,0.1639344262395197,0.6923076923076923,1.983471074288566,0.0819672131197598,0.1538461538461538,0.4958677685721415,0.0132311714644957,0.0629707291608588,0.0334378159512423,0.4636476090008061,0.2186689458739419,0.2449786631268641,0.090749894906697,0.0188445125482203,0.0021743567976617,0.0005338153637929,0.0038261198227971,0.0024407366287812,38.0,287.0,567.6666666666666,37397.59999999963,12.064748729499547,0.6144865486000152,0.9465710642785927,1.1118603204693065,0.03654657219219894,0.30909840600053734,0.03725625475085967,0.0022668906051237334,273,306,563,571,0.0819672131197598,0.4958677685721415,0.1639344262395197,1.983471074288566,0.1720052290384453,0.9095085938800204,0.0132311714644957,0.0629707291608588,0.2186689458739419,0.4636476090008061,0.0005338153637929,0.0038261198227971,2.23606797749979,24.73863375370596,0.0021743567976617,0.090749894906697,37384.89999999944,37410.0,4
38,408,475,541,553,549,549,37437.200000000186,37447.200000000186,37459.39999999944,102.48902380255166,67.11929677819934,66.0,10.248902380255164,5.501581703467077,2.629482071654608,3.74999999997432,6.7,5.409836065904151,0.3676470588210118,0.4,0.0,1.0248902380255165,0.4509493199838574,0.1047602418962577,0.0977269073587187,0.0596307131311693,0.0,0.0054136674914388,0.0038096194227549,0.0048877633717058,0.0364504566936575,0.0573940918041659,0.0283761539433394,39.0,474.6666666666667,550.3333333333334,37447.93333333327,78.53610686025034,6.126655385125616,5.286612021959491,5.286612021959491,0.5268665999685439,0.052452540163296,0.0047036834286331665,0.040740234147054265,408,541,549,553,0.0,0.4,3.74999999997432,6.7,2.629482071654608,10.248902380255164,0.1047602418962577,1.0248902380255165,0.0,0.0977269073587187,0.0283761539433394,0.0573940918041659,66.0,102.48902380255166,0.0038096194227549,0.0054136674914388,37437.200000000186,37459.39999999944,4
39,680,741,796,547,547,547,37484.5,37495.79999999981,37507.79999999981,139.01438774457844,61.0,55.0,12.3021582076876,5.083333333333333,2.1317829457518247,5.537848605454402,5.398230088584557,4.583333333333333,0.0796812748986244,0.0,0.0,1.0886865670699457,0.4236111111111111,0.0826272459599695,0.0143874963889256,0.0,0.0,0.0005732070274344,0.0012732297689524,0.0,0.039200251998079,0.0588562350415749,0.0284153220959284,40.0,739.0,547.0,37496.03333333321,85.00479591485949,6.505758162257585,5.17313734245743,5.17313734245743,0.5316416413803421,0.0047958321296418666,0.0006154789321289334,0.04215726971186077,680,796,547,547,0.0,0.0796812748986244,4.583333333333333,5.537848605454402,2.1317829457518247,12.3021582076876,0.0826272459599695,1.0886865670699457,0.0,0.0143874963889256,0.0284153220959284,0.0588562350415749,55.0,139.01438774457844,0.0,0.0012732297689524,37484.5,37507.79999999981,4
40,882,907,924,547,547,547,37533.59999999963,37549.200000000186,37559.200000000186,86.0,25.0,17.0,5.512820512623043,2.5,0.6772908366634387,3.3333333333573987,1.6025641025066986,1.7,0.0,0.0,0.0,0.3533859302836906,0.25,0.0269836986722506,0.0,0.0,0.0,0.0,0.0,0.0,0.010494522648282,0.0066273032230761,0.0223016301327749,41.0,904.3333333333334,547.0,37547.333333333336,42.666666666666664,2.8967037830954943,2.211965811954699,2.211965811954699,0.2101232096519804,0.0,0.0,0.013141152001377667,882,924,547,547,0.0,0.0,1.6025641025066986,3.3333333333573987,0.6772908366634387,5.512820512623043,0.0269836986722506,0.3533859302836906,0.0,0.0,0.0066273032230761,0.0223016301327749,17.0,86.0,0.0,0.0,37533.59999999963,37559.200000000186,4
41,953,966,980,547,547,548,37584.29999999981,37595.59999999963,37607.5,29.0,13.0,14.0356688476182,2.566371681458232,1.0924369747557172,0.5547695196727879,1.1553784860729248,1.1504424778950697,1.1764705881984647,0.0,0.0,0.0840336134427474,0.227112538185888,0.0918014264471864,0.0219276489990858,0.0,0.0,0.0713074647852903,0.0,0.0,0.0059922239313494,0.0079732605385102,0.0119744346673391,0.0058717460038582,42.0,966.3333333333334,547.3333333333334,37595.799999999814,18.6785562825394,1.4045260586289123,1.1607638507221532,1.188775055203069,0.11361387121072007,0.0237691549284301,0.001997407977116467,0.008606480403235832,953,980,547,548,0.0,0.0840336134427474,1.1504424778950697,1.1764705881984647,0.5547695196727879,2.566371681458232,0.0219276489990858,0.227112538185888,0.0,0.0713074647852903,0.0058717460038582,0.0119744346673391,13.0,29.0,0.0,0.0059922239313494,37584.29999999981,37607.5,4
42,994,997,997,551,553,554,37632.79999999981,37644.89999999944,37658.39999999944,14.317821063276352,3.605551275463989,1.0,1.1832909970014185,0.2670778722565918,0.0763358778593392,0.5533596837985404,0.2479338843051539,0.0,0.1185770750996872,0.1652892562034359,0.074074074074074,0.0977926443832933,0.0197835460930808,0.0058271662485559,0.2110933332227465,0.5880026035475675,1.5707963267948966,0.005525133139861,0.0311495264740847,0.0727995350553577,0.0029986164183701,0.0064470329167449,0.0010338059144092,43.0,996.0,552.6666666666666,37645.36666666623,6.307790779580113,0.5089015823724499,0.26709785603456476,0.2917892140592561,0.04113445224164333,0.7899640878550702,0.036491398223101136,0.0034931517498413994,994,997,551,554,0.074074074074074,0.1652892562034359,0.0,0.5533596837985404,0.0763358778593392,1.1832909970014185,0.0058271662485559,0.0977926443832933,0.2110933332227465,1.5707963267948966,0.0010338059144092,0.0064470329167449,1.0,14.317821063276352,0.005525133139861,0.0727995350553577,37632.79999999981,37658.39999999944,4
43,997,999,1006,556,556,555,37671.5,37992.29999999981,38003.5,2.0,2.0,7.071067811865476,0.0062344139650909,0.1785714285684587,0.5567769930521077,0.0,0.0062344139650909,0.6249999999896058,0.1526717557186784,0.0,0.0892857142842293,1.943395874406023e-05,0.01594387755049,0.0438407081136962,1.5707963267948966,0.0,0.1418970546041639,0.0,0.0048964972780417,0.012669379875161,0.0004433383427148,4.963978675734188e-05,0.0024907884431019,44.0,1000.6666666666666,555.6666666666666,37889.09999999994,3.690355937288492,0.24719427852855244,0.21041147131823223,0.24017337607964198,0.01993467320764342,0.5708977937996869,0.005855292384400901,0.0009945888575246806,997,1006,555,556,0.0,0.1526717557186784,0.0,0.6249999999896058,0.0062344139650909,0.5567769930521077,1.943395874406023e-05,0.0438407081136962,0.0,1.5707963267948966,4.963978675734188e-05,0.0024907884431019,2.0,7.071067811865476,0.0,0.012669379875161,37671.5,38003.5,4
44,1018,1034,1081,551,549,543,38016.200000000186,38029.0,38054.59999999963,12.649110640673518,16.1245154965971,47.38143096192854,0.988211768816999,0.6298638865949899,4.268597383742637,0.9448818897499214,1.25000000001819,1.8359375000267164,0.3149606299166405,0.1562500000022737,0.2343750000034106,0.0772040444399515,0.0246040580704748,0.3845583228403377,0.3217505543966422,0.1243549945467614,0.1269727896140789,0.0141616928968378,0.0154215281134963,0.0001022576198185,0.0026270343563595,0.0041093739351751,0.0140607134677773,45.0,1044.3333333333333,547.6666666666666,38033.266666666605,25.385019033066385,1.9622243463848754,1.3436064632649425,1.4217314632660794,0.162122141783588,0.19102611285249416,0.009895159543384201,0.006932373919770633,1018,1081,543,551,0.1562500000022737,0.3149606299166405,0.9448818897499214,1.8359375000267164,0.6298638865949899,4.268597383742637,0.0246040580704748,0.3845583228403377,0.1243549945467614,0.3217505543966422,0.0026270343563595,0.0140607134677773,12.649110640673518,47.38143096192854,0.0001022576198185,0.0154215281134963,38016.200000000186,38054.59999999963,4
45,1101,1115,1127,542,540,540,38065.700000000186,38077.79999999981,38090.700000000186,20.024984394500787,14.142135623730953,12.0,1.6549573880262238,1.0962895832032986,0.4938271604976124,1.801801801711096,1.1570247934240516,0.9302325581126716,0.0900900900855548,0.1652892562034359,0.0,0.1367733378576178,0.0849836886179565,0.0203221053704278,0.0499583957219427,0.1418970546041639,0.0,0.0069382336836269,0.0075982362714918,0.0109997716744237,0.022322971618941,0.0042801363009302,0.005012525832997,46.0,1114.3333333333333,540.6666666666666,38078.06666666673,15.389040006077247,1.0816913772423784,1.2963530510826065,1.2963530510826065,0.08069304394866737,0.06395181677536887,0.008512080543180799,0.0105385445842894,1101,1127,540,542,0.0,0.1652892562034359,0.9302325581126716,1.801801801711096,0.4938271604976124,1.6549573880262238,0.0203221053704278,0.1367733378576178,0.0,0.1418970546041639,0.0042801363009302,0.022322971618941,12.0,20.024984394500787,0.0069382336836269,0.0109997716744237,38065.700000000186,38090.700000000186,4
46,1141,1142,1144,540,540,540,38115.0,38127.200000000186,38139.79999999981,14.0,1.0,2.0,1.1475409835890371,0.0793650793674258,0.0323624595470231,0.5761316872472145,0.0819672131135026,0.1587301587348517,0.0,0.0,0.0,0.094060736358321,0.0062988158229978,0.0005236643939663,0.0,0.0,0.0,0.0,0.0,0.0,0.003034511563311,0.0071936000437691,0.0004583453515239,47.0,1142.3333333333333,540.0,38127.333333333336,5.666666666666667,0.4197561741678287,0.2722763530318563,0.2722763530318563,0.03362773885842837,0.0,0.0,0.0035621523195346664,1141,1144,540,540,0.0,0.0,0.0819672131135026,0.5761316872472145,0.0323624595470231,1.1475409835890371,0.0005236643939663,0.094060736358321,0.0,0.0,0.0004583453515239,0.0071936000437691,1.0,14.0,0.0,0.0,38115.0,38139.79999999981,4
47,1143,1142,1140,541,541,542,38201.59999999963,38215.39999999944,38226.39999999944,1.4142135623730951,1.0,2.23606797749979,0.1024792436516074,0.0909090909090909,0.181794144501166,0.0161812297735115,0.0724637681169201,0.1818181818181818,0.0161812297735115,0.0,0.0909090909090909,0.0074260321487674,0.0082644628099173,0.014780011747167,2.356194490192345,3.141592653589793,2.677945044588987,0.0381261244368842,0.0569129103918876,0.0421497826364369,0.0001116887986217,6.075584501168336e-05,0.000592322630659,48.0,1141.6666666666667,541.3333333333334,38214.46666666617,1.5500938466242948,0.12506082635395477,0.09015439323620446,0.12045742353923476,0.010156835568617233,2.725244062790375,0.045729605821736234,0.00025492242476412777,1140,1143,541,542,0.0,0.0909090909090909,0.0161812297735115,0.1818181818181818,0.0909090909090909,0.181794144501166,0.0074260321487674,0.014780011747167,2.356194490192345,3.141592653589793,6.075584501168336e-05,0.000592322630659,1.0,2.23606797749979,0.0381261244368842,0.0569129103918876,38201.59999999963,38226.39999999944,4
48,1137,1136,1134,543,544,544,38238.700000000186,38251.79999999981,38262.79999999981,3.1622776601683795,1.4142135623730951,2.0,0.241395241241092,0.128564869306645,0.1515151515130134,0.2439024390096161,0.0763358778647662,0.1818181818181818,0.0813008130032053,0.0763358778647662,0.0,0.0184271176525157,0.0116877153915131,0.0114784205690057,2.819842099193151,2.356194490192345,3.141592653589793,0.0115363459020787,0.0353929472529764,0.0713998330361316,0.0002965126752136,0.0005144581878774,1.902680204613322e-05,49.0,1135.6666666666667,543.6666666666666,38251.09999999994,2.192163740847158,0.17382508735358349,0.1673521662308547,0.1673521662308547,0.013864417871011501,2.7725430809917633,0.039443042063728895,0.00027666588837904437,1134,1137,543,544,0.0,0.0813008130032053,0.0763358778647662,0.2439024390096161,0.128564869306645,0.241395241241092,0.0114784205690057,0.0184271176525157,2.356194490192345,3.141592653589793,1.902680204613322e-05,0.0005144581878774,1.4142135623730951,3.1622776601683795,0.0115363459020787,0.0713998330361316,38238.700000000186,38262.79999999981,4
49,1132,1132,1129,545,546,546,38276.0,38324.700000000186,40131.200000000186,2.23606797749979,1.0,3.0,0.0459151535419145,0.0029832935560925,0.2479338843051539,0.1515151515130134,0.0,0.0022434938677831,0.0757575757565067,0.0205338809034122,0.0,0.0009428162944915,8.900040441823331e-06,0.0204904036622138,2.677945044588987,1.5707963267948966,3.141592653589793,0.0351248188632017,0.0227340599135494,0.002349381284467,0.000798151838967,1.9176925134418143e-05,1.5323364988192466e-05,50.0,1131.0,545.6666666666666,38910.633333333455,2.0786893258332633,0.0989441104677203,0.05125288179359883,0.05125288179359883,0.007147373332382374,2.4634446749912255,0.020069420020406032,0.0002775507096965369,1129,1132,545,546,0.0,0.0757575757565067,0.0,0.1515151515130134,0.0029832935560925,0.2479338843051539,8.900040441823331e-06,0.0204904036622138,1.5707963267948966,3.141592653589793,1.5323364988192466e-05,0.000798151838967,1.0,3.0,0.002349381284467,0.0351248188632017,38276.0,40131.200000000186,4
50,1122,1108,1089,546,542,536,40143.29999999981,40154.5,40167.39999999944,7.0,14.560219778561036,19.92485884517128,0.6249999999896058,1.1286992076892826,1.5688865232188227,0.5785123967120258,1.2499999999792115,1.4728682171180645,0.0,0.3571428571369175,0.465116279089915,0.0558035714267153,0.0874960626153623,0.1235343719051821,3.141592653589793,2.8632929945846817,2.835713782184941,0.0,0.0248481838393288,0.0021379234419329,0.0029184436169908,0.002829686713225,0.0027936673869287,51.0,1106.3333333333333,541.3333333333334,40155.06666666642,13.828359541244104,1.1075285769659038,1.1004602046031007,1.255498964299739,0.08894466864908657,2.9468664767864716,0.0089953690937539,0.0028472659057148333,1089,1122,536,546,0.0,0.465116279089915,0.5785123967120258,1.4728682171180645,0.6249999999896058,1.5688865232188227,0.0558035714267153,0.1235343719051821,2.835713782184941,3.141592653589793,0.0027936673869287,0.0029184436169908,7.0,19.92485884517128,0.0,0.0248481838393288,40143.29999999981,40167.39999999944,4
51,1056,1019,930,525,512,485,40180.09999999963,40191.700000000186,40216.79999999981,34.785054261852174,39.21734310225516,93.00537618869136,2.998711574153148,1.5624439483202075,7.561412698382097,2.598425196812284,3.1896551722601414,3.5458167331203554,0.8661417322707613,1.120689655118428,1.075697211171344,0.2585096184490253,0.062248762882207,0.6147489998777725,2.819842099193151,2.8037144653495147,2.847046270590364,0.0012497388182328,0.0013903132623154,0.0017263667426889,0.0106279721686506,0.0169190392721865,0.0220119616336161,52.0,1001.6666666666666,507.3333333333333,40196.19999999987,55.6692578509329,4.040856073618484,3.11129903406426,3.4698647711213746,0.31183579373633497,2.8235342783776765,0.0014554729410790335,0.0165196576914844,930,1056,485,525,0.8661417322707613,1.120689655118428,2.598425196812284,3.5458167331203554,1.5624439483202075,7.561412698382097,0.062248762882207,0.6147489998777725,2.8037144653495147,2.847046270590364,0.0106279721686506,0.0220119616336161,34.785054261852174,93.00537618869136,0.0012497388182328,0.0017263667426889,40180.09999999963,40216.79999999981,4
52,886,817,789,474,456,448,40229.09999999963,40254.79999999981,40266.89999999944,45.35416188179427,71.30918594402827,29.120439557122072,1.7647533806017728,5.893321152580471,2.3869212751374977,3.5772357724118957,2.6848249027042765,2.3140495868481032,0.8943089431029738,0.7003891050532896,0.6611570248137438,0.0686674467155246,0.487051334939001,0.1956492848443488,2.896613990462929,2.8864102629689747,2.8632929945846817,0.0040298959246597,0.0003970321982054,0.0019105180483475,0.0443968742415054,0.0162795287245309,0.0240828140581507,53.0,830.6666666666666,459.3333333333333,40250.26666666629,48.59459579431487,3.3483319361065806,2.858703420654759,3.079089095592673,0.2504560221662915,2.882105749338862,0.0021124820570708664,0.028253072341395666,789,886,448,474,0.6611570248137438,0.8943089431029738,2.3140495868481032,3.5772357724118957,1.7647533806017728,5.893321152580471,0.0686674467155246,0.487051334939001,2.8632929945846817,2.896613990462929,0.0162795287245309,0.0443968742415054,29.120439557122072,71.30918594402827,0.0003970321982054,0.0040298959246597,40229.09999999963,40266.89999999944,4
53,764,730,718,442,431,428,40279.09999999963,40303.5,40320.0,25.70992026436488,35.73513677041127,12.36931687685298,1.0536852567201784,2.1657658648734106,0.9514859136040754,2.049180327837566,1.3934426229295451,0.7272727272727273,0.4918032786810159,0.4508196721242646,0.1818181818181818,0.0431838219960693,0.1312585372650551,0.0731912241233904,2.90604767286893,2.8286914257094087,2.896613990462929,0.0035044818265242,0.0031703379982926,0.0041165190759709,0.0124971690857337,0.003609619478182,0.0035192310994948,54.0,737.3333333333334,433.6666666666667,40300.866666666545,24.60479130387638,1.3903123450658879,1.3899652260132795,1.45057128661934,0.08254452779483827,2.877117696347089,0.003597112966929233,0.006542006554470166,718,764,428,442,0.1818181818181818,0.4918032786810159,0.7272727272727273,2.049180327837566,0.9514859136040754,2.1657658648734106,0.0431838219960693,0.1312585372650551,2.8286914257094087,2.90604767286893,0.0035192310994948,0.0124971690857337,12.36931687685298,35.73513677041127,0.0031703379982926,0.0041165190759709,40279.09999999963,40320.0,4
54,706,688,682,423,416,414,40333.0,40353.700000000186,40366.39999999944,13.0,19.313207915827967,6.324555320336759,0.6280193236658465,1.5207250328315745,0.5697797585602135,0.9230769230769232,0.8695652173834798,0.472440944909606,0.3846153846153846,0.3381642512046866,0.1574803149698686,0.030339097761362,0.1197421285764401,0.0513315097776152,2.746801533890032,2.770701364777131,2.819842099193151,0.011524035120992,0.0011545812022649,0.0038693491668427,0.0032963174124637,0.0043189869958586,0.0053866628978612,55.0,692.0,417.6666666666667,40351.03333333321,12.879254412054907,0.9061747050192114,0.7550276951233363,0.8075211334466258,0.0671375787051391,2.779114999286771,0.005515988496699866,0.004333989102061166,682,706,414,423,0.1574803149698686,0.3846153846153846,0.472440944909606,0.9230769230769232,0.5697797585602135,1.5207250328315745,0.030339097761362,0.1197421285764401,2.746801533890032,2.819842099193151,0.0032963174124637,0.0053866628978612,6.324555320336759,19.313207915827967,0.0011545812022649,0.011524035120992,40333.0,40366.39999999944,4
55,678,675,675,411,409,408,40377.5,40401.700000000186,40415.09999999963,5.0,3.605551275463989,1.0,0.2066115702463436,0.2690709907174883,0.0266666666666666,0.3603603603422192,0.1239669421478061,0.0,0.2702702702566644,0.0826446280985374,0.0746268656747538,0.0085376681919319,0.0200799246812469,0.0007111111111111,2.498091544796509,2.5535900500422257,1.5707963267948966,0.0289865364306706,0.0022933266630285,0.0733428151707696,0.0038553010435611,0.0004769527474886,0.0014454338485778,56.0,676.0,409.3333333333333,40398.09999999994,3.2018504251546633,0.1674497425434995,0.16144243416334178,0.18631805605492638,0.009776234661429966,2.207492640544544,0.034874226088156234,0.0019258958798758334,675,678,408,411,0.0746268656747538,0.2702702702566644,0.0,0.3603603603422192,0.0266666666666666,0.2690709907174883,0.0007111111111111,0.0200799246812469,1.5707963267948966,2.5535900500422257,0.0004769527474886,0.0038553010435611,1.0,5.0,0.0022933266630285,0.0733428151707696,40377.5,40415.09999999963,4
56,675,674,674,406,406,404,40452.59999999963,40465.0,40476.79999999981,2.0,1.0,2.0,0.1612903225757995,0.0847457627132021,0.1526717557295324,0.0,0.0806451612878997,0.0,0.0533333333333333,0.0,0.1694915254264042,0.0130072840783027,0.0071818442978423,0.011654332498769,1.5707963267948966,3.141592653589793,1.5707963267948966,0.0,0.1266771231248149,0.1331183327813298,0.0003278979457917,0.0004697935306681,0.0003790244238133,57.0,674.3333333333334,405.3333333333333,40464.799999999814,1.6666666666666667,0.13290261367284467,0.0268817204292999,0.08337889557143463,0.010614486958304666,2.0943951023931953,0.08659848530204824,0.00039223863342436666,674,675,404,406,0.0,0.1694915254264042,0.0,0.0806451612878997,0.0847457627132021,0.1612903225757995,0.0071818442978423,0.0130072840783027,1.5707963267948966,3.141592653589793,0.0003278979457917,0.0004697935306681,1.0,2.0,0.0,0.1331183327813298,40452.59999999963,40476.79999999981,4
57,674,673,672,402,399,397,40489.89999999944,40502.700000000186,40514.5,2.0,3.1622776601683795,2.23606797749979,0.156249999990905,0.2679896322218895,0.2032789070454354,0.0,0.0781249999954525,0.0847457627132021,0.1526717557295324,0.2343749999863575,0.1694915254264042,0.0122070312485789,0.0227109857818745,0.0184799006404941,1.5707963267948966,1.892546881191539,2.0344439357957027,0.0,0.0251367620607745,0.0120251741191867,4.219074426149795e-05,0.0008206214478659,0.0003585665374107,58.0,673.0,399.3333333333333,40502.366666666545,2.4661152125560566,0.20917284641940995,0.054290254236218194,0.11078742937835291,0.017799305890315833,1.832595714594046,0.012387312059987067,0.00040712624317936597,672,674,397,402,0.1526717557295324,0.2343749999863575,0.0,0.0847457627132021,0.156249999990905,0.2679896322218895,0.0122070312485789,0.0227109857818745,1.5707963267948966,2.0344439357957027,4.219074426149795e-05,0.0008206214478659,2.0,3.1622776601683795,0.0,0.0251367620607745,40489.89999999944,40514.5,4
58,672,671,670,395,390,387,40525.5,40550.29999999981,40563.700000000186,2.0,5.0990195135927845,3.1622776601683795,0.0806451612909282,0.3805238442873901,0.1301348831354987,0.0,0.0403225806454641,0.0746268656695671,0.1818181818181818,0.2016129032273207,0.2238805970087013,0.0032518210198199,0.0283973018117023,0.0053553449850409,1.5707963267948966,1.7681918866447774,1.892546881191539,0.0421497826364369,0.0079594983811033,0.0092802234733809,0.0013843708746067,0.0010139306770996,0.0017195490168672,59.0,671.0,390.6666666666667,40546.5,3.4204323912537213,0.197101296237939,0.0383164821050104,0.1129433477745775,0.012334822605521033,1.7438450315437377,0.0197965014969737,0.0013726168561911667,670,672,387,395,0.1818181818181818,0.2238805970087013,0.0,0.0746268656695671,0.0806451612909282,0.3805238442873901,0.0032518210198199,0.0283973018117023,1.5707963267948966,1.892546881191539,0.0010139306770996,0.0017195490168672,2.0,5.0990195135927845,0.0079594983811033,0.0421497826364369,40525.5,40563.700000000186,4
59,668,667,667,381,378,374,40588.0,40600.39999999944,40613.200000000186,6.324555320336759,3.1622776601683795,4.0,0.5100447839211104,0.2470529421862742,0.1587301587348517,0.082304526749602,0.0806451612939567,0.0,0.2469135802488062,0.2419354838818703,0.3124999999818101,0.0411326438664592,0.0193010111071792,0.0062988158229978,1.892546881191539,1.892546881191539,1.5707963267948966,0.0,0.0,0.0251367620607745,0.001472316826407,0.0017606155451825,0.0010157965065175,60.0,667.3333333333334,377.6666666666667,40600.53333333321,4.495610993501713,0.3052759616140788,0.05431656268118623,0.1584832293417896,0.022244156932212062,1.785296696392658,0.008378920686924833,0.0014162429593689999,667,668,374,381,0.2419354838818703,0.3124999999818101,0.0,0.082304526749602,0.1587301587348517,0.5100447839211104,0.0062988158229978,0.0411326438664592,1.5707963267948966,1.892546881191539,0.0010157965065175,0.0017606155451825,3.1622776601683795,6.324555320336759,0.0,0.0251367620607745,40588.0,40613.200000000186,4
60,666,666,666,369,368,367,40638.39999999944,40651.89999999944,40663.59999999963,5.0990195135927845,1.0,1.0,0.377705149155021,0.0854700854687247,0.043103448275516,0.0396825396837129,0.0,0.0,0.1984126984185646,0.074074074074074,0.0854700854687247,0.0279781591966682,0.0073051355100311,0.00185790725324,1.7681918866447774,1.5707963267948966,1.5707963267948966,0.0078331571371316,0.0146218933222133,0.0,0.0008602914037425,0.001531335087899,0.0004655750646755,61.0,666.0,368.0,40651.2999999995,2.3663398378642615,0.16875956096642056,0.013227513227904301,0.041717541717479205,0.0123804006533131,1.6365948467448568,0.007485016819781633,0.0009524005187723333,666,666,367,369,0.074074074074074,0.1984126984185646,0.0,0.0396825396837129,0.043103448275516,0.377705149155021,0.00185790725324,0.0279781591966682,1.5707963267948966,1.7681918866447774,0.0004655750646755,0.001531335087899,1.0,5.0990195135927845,0.0,0.0146218933222133,40638.39999999944,40663.59999999963,4
61,666,666,668,365,364,365,40686.79999999981,40712.200000000186,41070.200000000186,2.0,1.0,2.23606797749979,0.0787401574791601,0.0027932960893854,0.176068344695352,0.0,0.0,0.0055865921787709,0.086206896551032,0.03937007873958,0.0027932960893854,0.0031000061999214,7.802503042976187e-06,0.0138636491894237,1.5707963267948966,1.5707963267948966,0.4636476090008061,0.0,0.0,0.0030925941837823,5.353874770135394e-05,0.0001217403030249,3.8703482364192025e-05,62.0,666.6666666666666,364.6666666666667,40823.06666666673,1.74535599249993,0.08586726608796584,0.0018621973929236332,0.0027932960893854333,0.005657152630796025,1.2017467541968665,0.0010308647279274332,7.132751103014865e-05,666,668,364,365,0.0027932960893854,0.086206896551032,0.0,0.0055865921787709,0.0027932960893854,0.176068344695352,7.802503042976187e-06,0.0138636491894237,0.4636476090008061,1.5707963267948966,3.8703482364192025e-05,0.0001217403030249,1.0,2.23606797749979,0.0,0.0030925941837823,40686.79999999981,41070.200000000186,4
62,665,665,663,364,363,362,41082.89999999944,42579.5,42592.09999999963,3.1622776601683795,1.0,2.23606797749979,0.0515869112582372,0.0793650793674258,0.1944406936956339,0.236220472454803,0.0,0.1587301587348517,0.0787401574849343,0.0007691716021841,0.0793650793674258,0.0008415483076282,0.0062988158229978,0.0169078864083159,2.819842099193151,1.5707963267948966,2.677945044588987,0.1855271252228797,0.0012082119273857,0.0878689458592717,0.0010253622742172,4.844870258437888e-06,0.0008419897290184,63.0,664.3333333333334,363.0,42084.83333333302,2.132781879222723,0.10846422810709898,0.13165021039655156,0.15810523685236016,0.008016083512980632,2.356194490192345,0.09153476100317903,0.0006240656244980127,663,665,362,364,0.0007691716021841,0.0793650793674258,0.0,0.236220472454803,0.0515869112582372,0.1944406936956339,0.0008415483076282,0.0169078864083159,1.5707963267948966,2.819842099193151,4.844870258437888e-06,0.0010253622742172,1.0,3.1622776601683795,0.0012082119273857,0.1855271252228797,41082.89999999944,42592.09999999963,4
63,653,631,586,359,352,336,42603.59999999963,42615.79999999981,42629.200000000186,10.44030650891055,23.08679276123039,47.75981574503821,0.85576282858616,1.722894982133475,1.9180648894020085,0.8695652173913043,1.8032786884970584,3.3582089551305203,0.2608695652173913,0.5737704917945186,1.1940298507130738,0.0701444941453356,0.128574252394446,0.0770307184516085,2.8501358591119264,2.833539872566017,2.7999771629419863,0.0149731143063425,0.0013603267660373,0.0025046798226192,0.0046292702380017,0.0047893244465752,0.0038465323836869,64.0,623.3333333333334,349.0,42616.19999999987,27.095638338393048,1.4989075667072145,2.0103509536729613,2.4083609039106526,0.09191648833046336,2.827884298206643,0.006279373631666334,0.0044217090227546005,586,653,336,359,0.2608695652173913,1.1940298507130738,0.8695652173913043,3.3582089551305203,0.85576282858616,1.9180648894020085,0.0701444941453356,0.128574252394446,2.7999771629419863,2.8501358591119264,0.0038465323836869,0.0047893244465752,10.44030650891055,47.75981574503821,0.0013603267660373,0.0149731143063425,42603.59999999963,42629.200000000186,4
64,494,446,356,303,287,268,42654.09999999963,42665.09999999963,42690.700000000186,97.73944955850732,50.59644256269407,91.98369420718,8.885404505318848,1.976423537562096,7.665307850598334,3.69477911654878,4.363636363636363,3.5156249999232614,1.325301204849019,1.4545454545454546,0.7421874999837996,0.807764045938077,0.0772040444343341,0.6387756542165278,2.797192251546996,2.819842099193151,2.9335365167987675,0.0001118438311266,0.0020590770587413,0.0044411881876224,0.0293467199800348,0.0664145455912493,0.0219363910066381,65.0,432.0,286.0,42669.96666666648,80.10652877612712,6.175711964493093,3.858013493369468,4.105409326697401,0.5079145815296463,2.850190289179638,0.0022040363591634333,0.039232552192640734,356,494,268,303,0.7421874999837996,1.4545454545454546,3.5156249999232614,4.363636363636363,1.976423537562096,8.885404505318848,0.0772040444343341,0.807764045938077,2.797192251546996,2.9335365167987675,0.0219363910066381,0.0664145455912493,50.59644256269407,97.73944955850732,0.0001118438311266,0.0044411881876224,42654.09999999963,42690.700000000186,4
65,316,283,240,262,257,255,42702.700000000186,42714.09999999963,42739.79999999981,40.44749683231337,33.37663853655727,43.04648650006177,3.548026038096139,1.2987018885725825,2.85076069543866,3.333333333333333,2.894736842247154,1.6731517509606362,0.5,0.4385964912495688,0.0778210116725877,0.3112303542342151,0.0505331474149093,0.1887920990403304,2.992702705980296,2.9912212255826587,3.09511452223879,0.0049305157651273,0.0001299544208517,0.0040425407258902,0.0272954416651927,0.0228681760379021,0.0053797257441408,66.0,279.6666666666667,258.0,42718.866666666545,38.9568739563108,2.565829540702461,2.6337406421803746,2.6596809794045706,0.1835185335631516,3.0263461512672483,0.0030343369706230666,0.0185144478157452,240,316,255,262,0.0778210116725877,0.5,1.6731517509606362,3.333333333333333,1.2987018885725825,3.548026038096139,0.0505331474149093,0.3112303542342151,2.9912212255826587,3.09511452223879,0.0053797257441408,0.0272954416651927,33.37663853655727,43.04648650006177,0.0001299544208517,0.0049305157651273,42702.700000000186,42739.79999999981,4
66,229,221,215,253,253,253,42754.89999999944,42765.200000000186,42789.700000000186,11.180339887498947,8.0,6.0,1.085469891911671,0.3265306122448979,0.2575107296157924,0.7284768212100251,0.7766990290700305,0.2448979591836734,0.1324503311290954,0.0,0.0,0.1053854263915682,0.0133277800916284,0.0110519626445429,2.961739153797315,3.141592653589793,3.141592653589793,0.0088328058572692,0.017461504832958,0.0,0.0055236207053523,0.0089376355624544,9.289050804430704e-05,67.0,221.66666666666666,253.0,42769.93333333327,8.393446629166315,0.5565037445907871,0.5833579364879097,0.5833579364879097,0.04325505637591317,3.0816414869923,0.008764770230075733,0.0048513822586170015,215,229,253,253,0.0,0.1324503311290954,0.2448979591836734,0.7766990290700305,0.2575107296157924,1.085469891911671,0.0110519626445429,0.1053854263915682,2.961739153797315,3.141592653589793,9.289050804430704e-05,0.0089376355624544,6.0,11.180339887498947,0.0,0.017461504832958,42754.89999999944,42789.700000000186,4
67,214,213,213,253,254,255,42813.0,42839.59999999963,42851.29999999981,1.0,1.4142135623730951,1.0,0.0375939849629325,0.1208729540470581,0.0689655172413793,0.0429184549359654,0.0375939849629325,0.0,0.0,0.0375939849629325,0.0854700854687247,0.0014133077053931,0.0103310217132593,0.0047562425683709,3.141592653589793,2.356194490192345,1.5707963267948966,0.0,0.0295262467446784,0.0671280481525593,0.0004136761776492,0.0003352524063154,0.0004764768499828,68.0,213.33333333333334,254.0,42834.63333333315,1.1380711874576983,0.07581081875045663,0.0268374799662993,0.0553275084558742,0.005500190662341101,2.356194490192345,0.032218098299079234,0.0004084684779824667,213,214,253,255,0.0,0.0854700854687247,0.0,0.0429184549359654,0.0375939849629325,0.1208729540470581,0.0014133077053931,0.0103310217132593,1.5707963267948966,3.141592653589793,0.0003352524063154,0.0004764768499828,1.0,1.4142135623730951,0.0,0.0671280481525593,42813.0,42851.29999999981,4
68,213,213,214,257,260,263,42865.79999999981,42875.09999999963,42887.59999999963,2.0,3.0,3.1622776601683795,0.2150537634451674,0.24,0.2489982409544882,0.0,0.0,0.08,0.1379310344827586,0.3225806451677511,0.24,0.023124060585965,0.0192,0.0196061607047902,1.5707963267948966,1.5707963267948966,1.2490457723982544,0.0,0.0,0.0257400443517313,0.0012667460701788,0.0004219419984993,3.24928563832208e-05,69.0,213.33333333333334,260.0,42876.16666666636,2.720759220056127,0.23468400146655188,0.02666666666666667,0.10666666666666667,0.020643407096918396,1.4635461419960158,0.008580014783910433,0.0005737269750204402,213,214,257,263,0.1379310344827586,0.3225806451677511,0.0,0.08,0.2150537634451674,0.2489982409544882,0.0192,0.023124060585965,1.2490457723982544,1.5707963267948966,3.24928563832208e-05,0.0012667460701788,2.0,3.1622776601683795,0.0,0.0257400443517313,42865.79999999981,42887.59999999963,4
69,216,219,220,266,271,273,42900.29999999981,42924.39999999944,42935.79999999981,3.605551275463989,5.830951894845301,2.23606797749979,0.1496079367435569,0.5114870083030488,0.1644167630559588,0.1574803149583202,0.124481327802754,0.0877192982427475,0.2362204724374803,0.2074688796712567,0.1754385964854951,0.0062077982052228,0.0448672814286258,0.0120894678720928,0.982793723247329,1.0303768265243125,1.1071487177940904,0.0209647282792929,0.0019744026256314,0.0067343764269534,0.0010549891731788,0.0016041279346058,0.0028752468031106,70.0,218.33333333333334,270.0,42920.16666666636,3.8908570492696932,0.2751705693675215,0.12322698033460723,0.1817065124964389,0.021054849168647135,1.0401064225219108,0.0098911691106259,0.0018447879702984,216,220,266,273,0.1754385964854951,0.2362204724374803,0.0877192982427475,0.1574803149583202,0.1496079367435569,0.5114870083030488,0.0062077982052228,0.0448672814286258,0.982793723247329,1.1071487177940904,0.0010549891731788,0.0028752468031106,2.23606797749979,5.830951894845301,0.0019744026256314,0.0209647282792929,42900.29999999981,42935.79999999981,4
70,220,220,220,274,276,278,42949.39999999944,42961.89999999944,42986.59999999963,1.0,2.0,2.0,0.08,0.0809716599184177,0.1550387596854452,0.0,0.0,0.0,0.0735294117667199,0.16,0.0809716599184177,0.0064,0.0032782048549719,0.0120185085024006,1.5707963267948966,1.5707963267948966,1.5707963267948966,0.0340917359568754,0.0,0.0,0.0004183432259006,0.0002497436116022,0.0003538584472616,71.0,220.0,276.0,42965.96666666617,1.6666666666666667,0.10533680653462096,0.0,0.026990553306139236,0.007232237785790833,1.5707963267948966,0.011363911985625134,0.0003406484282548,220,220,274,278,0.0735294117667199,0.16,0.0,0.0,0.08,0.1550387596854452,0.0032782048549719,0.0120185085024006,1.5707963267948966,1.5707963267948966,0.0002497436116022,0.0004183432259006,1.0,2.0,0.0,0.0340917359568754,42949.39999999944,42986.59999999963,4
71,220,220,220,280,281,282,42999.5,43024.5,43048.59999999963,2.0,1.0,1.0,0.08,0.0414937759342513,0.0392156862745098,0.0,0.0,0.0,0.1550387596854452,0.04,0.0414937759342513,0.0032,0.0017217334412818,0.0015378700499807,1.5707963267948966,1.5707963267948966,1.5707963267948966,0.0,0.0,0.0,0.0006836053102438,5.913066234872574e-05,7.629186361158598e-06,72.0,220.0,281.0,43024.19999999987,1.3333333333333333,0.053569820736253694,0.0,0.013831258644750433,0.002153201163754167,1.5707963267948966,0.0,0.00025012171965122816,220,220,280,282,0.04,0.1550387596854452,0.0,0.0,0.0392156862745098,0.08,0.0015378700499807,0.0032,1.5707963267948966,1.5707963267948966,7.629186361158598e-06,0.0006836053102438,1.0,2.0,0.0,0.0,42999.5,43048.59999999963,4
72,221,223,227,283,283,284,43074.09999999963,43087.5,43097.29999999981,1.4142135623730951,2.0,4.123105625617661,0.1055383255472969,0.2040816326569401,0.3076944496644056,0.0392156862745098,0.1492537313391342,0.4081632653138802,0.0392156862745098,0.0,0.10204081632847,0.0078759944436091,0.0208246563939611,0.0229622723623769,0.7853981633974483,0.0,0.2449786631268641,0.0307999279763705,0.058611803236986,0.0249978227685224,0.0002485538977893,0.0009663180559695,0.0002181240784139,73.0,223.66666666666666,283.3333333333333,43086.299999999814,2.512439729330252,0.2057714692895475,0.1988775609758414,0.2328911664186647,0.017220974399982367,0.34345894217477074,0.03813651799395963,0.00047766534405756667,221,227,283,284,0.0,0.10204081632847,0.0392156862745098,0.4081632653138802,0.1055383255472969,0.3076944496644056,0.0078759944436091,0.0229622723623769,0.0,0.7853981633974483,0.0002181240784139,0.0009663180559695,1.4142135623730951,4.123105625617661,0.0249978227685224,0.058611803236986,43074.09999999963,43097.29999999981,4
73,233,240,250,285,286,287,43110.700000000186,43123.89999999944,43135.29999999981,6.082762530298219,7.071067811865476,10.04987562112089,0.4608153432304207,0.6202691062837199,0.415284116572047,0.4477611940174026,0.5303030303329627,0.8771929824274755,0.0746268656695671,0.0757575757618518,0.0877192982427475,0.0349102532770023,0.0544095707248641,0.0171605006846632,0.1651486774146268,0.1418970546041639,0.099668652491162,0.0059574616201505,0.0017614865766496,0.003704245799265,0.0008916403667382,0.0014772210188607,0.0032674622841213,74.0,241.0,286.0,43123.299999999814,7.734568654428195,0.4987895220287292,0.6184190689259469,0.6476588350068627,0.03549344156217653,0.13557146150331756,0.0038077313320217,0.0018787745565734,233,250,285,287,0.0746268656695671,0.0877192982427475,0.4477611940174026,0.8771929824274755,0.415284116572047,0.6202691062837199,0.0171605006846632,0.0544095707248641,0.099668652491162,0.1651486774146268,0.0008916403667382,0.0032674622841213,6.082762530298219,10.04987562112089,0.0017614865766496,0.0059574616201505,43110.700000000186,43135.29999999981,4
74,265,272,276,291,292,293,43159.5,43172.700000000186,43185.39999999944,15.524174696260024,7.071067811865476,4.123105625617661,1.176073840609164,0.5567769930929375,0.2824044948945106,0.6198347107390308,0.5303030302955473,0.3149606299397373,0.1652892561970749,0.0757575757565067,0.0787401574849343,0.0890965030751945,0.043840708120126,0.0193427736221713,0.260602391747341,0.1418970546041639,0.2449786631268641,0.0066501545146669,0.0089928285713259,0.0081166620888777,0.0029725620822304,0.0034284693147295,0.0019289712204245,75.0,271.0,292.0,43172.53333333321,8.906116044581054,0.6717517761988706,0.48836612365810517,0.51461284281975,0.05075999493916392,0.21582603649278967,0.007919881724956833,0.0027766675391281332,265,276,291,293,0.0757575757565067,0.1652892561970749,0.3149606299397373,0.6198347107390308,0.2824044948945106,1.176073840609164,0.0193427736221713,0.0890965030751945,0.1418970546041639,0.260602391747341,0.0019289712204245,0.0034284693147295,4.123105625617661,15.524174696260024,0.0066501545146669,0.0089928285713259,43159.5,43185.39999999944,4
75,278,280,280,293,293,294,43200.0,43222.89999999944,43258.09999999963,2.0,2.0,1.0,0.0873362445436158,0.0568181818178811,0.0026860059092143,0.13698630136462,0.0873362445436158,0.0,0.0,0.0,0.0284090909089405,0.0038138098054911,0.0016141528925449,7.214627744334375e-06,0.0,0.0,1.5707963267948966,0.0167793604874991,0.0,0.0446248956473461,0.001063627658636,9.605488703056372e-05,4.565165524977452e-05,76.0,279.3333333333333,293.3333333333333,43226.99999999969,1.6666666666666667,0.048946810756903734,0.07477418196941193,0.08424387893905877,0.0018117257752601115,0.5235987755982988,0.020468085378281733,0.00040177806697211274,278,280,293,294,0.0,0.0284090909089405,0.0,0.13698630136462,0.0026860059092143,0.0873362445436158,7.214627744334375e-06,0.0038138098054911,0.0,1.5707963267948966,4.565165524977452e-05,0.001063627658636,1.0,2.0,0.0,0.0446248956473461,43200.0,43258.09999999963,4
76,279,272,264,299,311,333,45079.5,45088.5,45100.29999999981,5.0990195135927845,13.892443989449804,23.40939982143925,0.5665577237325317,1.1773257618363642,0.9108715883762486,0.0007615566217345,0.7777777777777778,0.677966101705617,0.0038077831086725,1.3333333333333333,1.8644067796904469,0.0629508581925035,0.0997733696487244,0.0354424742556282,1.7681918866447774,2.0988707752212563,1.919567330378804,0.0013465782397715,0.0367420987307198,0.0151952071902782,4.794064290037067e-05,0.0040913901618023,0.0054517707961111,77.0,271.6666666666667,314.3333333333333,45089.43333333327,14.133621108160613,0.8849183579817148,0.4855018120350431,1.1069707385985252,0.0660555673656187,1.9288766640816126,0.0177612947202565,0.003197033866937924,264,279,299,333,0.0038077831086725,1.8644067796904469,0.0007615566217345,0.7777777777777778,0.5665577237325317,1.1773257618363642,0.0354424742556282,0.0997733696487244,1.7681918866447774,2.0988707752212563,4.794064290037067e-05,0.0054517707961111,5.0990195135927845,23.40939982143925,0.0013465782397715,0.0367420987307198,45079.5,45100.29999999981,4
77,240,231,219,404,437,481,45126.0,45137.200000000186,45161.5,74.94664769020693,34.20526275297414,45.60701700396552,6.691664972228617,1.4076239816146638,3.7691749591214574,0.9338521400710528,0.8035714285580645,0.4938271604976124,2.7626459143768645,2.94642857137957,1.8106995884912456,0.5974700867961902,0.0579269128240927,0.3115020627469009,1.8967662654345423,1.837048375945822,1.837048375945822,0.0008872009705873,0.005331954418547,0.0,0.0218687786979178,0.0481734976752789,0.010435191354928,78.0,230.0,440.6666666666667,45141.56666666673,51.586309149048866,3.956154637654913,0.7437502430422432,1.3473167725393251,0.32229968745572796,1.8569543391087289,0.0020730517963781,0.026825822576041564,219,240,404,481,1.8106995884912456,2.94642857137957,0.4938271604976124,0.9338521400710528,1.4076239816146638,6.691664972228617,0.0579269128240927,0.5974700867961902,1.837048375945822,1.8967662654345423,0.010435191354928,0.0481734976752789,34.20526275297414,74.94664769020693,0.0,0.005331954418547,45126.0,45161.5,4
78,217,216,216,491,498,504,45173.59999999963,45186.79999999981,45211.200000000186,10.198039027185567,7.071067811865476,6.0,0.7725787141698232,0.2897978611376032,0.472440944909606,0.1652892562034359,0.0757575757565067,0.0,0.8264462810171798,0.5303030302955473,0.2459016393405079,0.0585286904665849,0.0118769615218515,0.0372000744045135,1.7681918866447774,1.7126933813990606,1.5707963267948966,0.0056906189506747,0.0042044322155252,0.0058154530574589,0.0209068902717441,0.0035342218897026,0.0010378324951752,79.0,216.33333333333334,497.6666666666667,45190.53333333321,7.7563689463503485,0.5116058400723441,0.08034894398664753,0.16231615710015015,0.035868575464316634,1.683893864946245,0.0052368347412196,0.008492981552207299,216,217,491,504,0.2459016393405079,0.8264462810171798,0.0,0.1652892562034359,0.2897978611376032,0.7725787141698232,0.0118769615218515,0.0585286904665849,1.5707963267948966,1.7681918866447774,0.0010378324951752,0.0209068902717441,6.0,10.198039027185567,0.0042044322155252,0.0058154530574589,45173.59999999963,45211.200000000186,4
79,216,217,221,509,513,520,45223.89999999944,45236.59999999963,45260.700000000186,5.0,4.123105625617661,8.06225774829855,0.3937007873958006,0.1710832209760191,0.6554681096276943,0.0,0.0787401574791601,0.1659751037305914,0.3937007874246716,0.3149606299166405,0.290456431528535,0.0310000619992146,0.0070988888370146,0.0532900902144406,1.5707963267948966,1.3258176636680326,1.0516502125483738,0.0,0.0192896585136433,0.0113762427847843,0.0004881899532017,0.0018819821387283,0.0019166473600147,80.0,218.0,514.0,45240.399999999754,5.72845445797207,0.40675070599983804,0.08157175373658383,0.17839056424609553,0.0304630136835566,1.3160880676704343,0.010221967099475865,0.0014289398173148997,216,221,509,520,0.290456431528535,0.3937007874246716,0.0,0.1659751037305914,0.1710832209760191,0.6554681096276943,0.0070988888370146,0.0532900902144406,1.0516502125483738,1.5707963267948966,0.0004881899532017,0.0019166473600147,4.123105625617661,8.06225774829855,0.0,0.0192896585136433,45223.89999999944,45260.700000000186,4
80,222,222,223,521,522,523,45273.0,45286.200000000186,45301.29999999981,1.4142135623730951,1.0,1.4142135623730951,0.107137391087359,0.0662251655645477,0.023336857465046,0.0813008130093612,0.0,0.0662251655645477,0.0813008130093612,0.0757575757565067,0.0662251655645477,0.008116469021655,0.0043857725540517,0.0003850966578414,0.7853981633974483,1.5707963267948966,0.7853981633974483,0.0216465080613786,0.0594998608626034,0.0520131234050877,0.0036726521295503,0.0002826285202689,0.0002649454235966,81.0,222.33333333333334,522.0,45286.833333333336,1.2761423749153966,0.06556647137231757,0.04917532619130297,0.07125038137948554,0.0042957794111826994,1.0471975511965976,0.04438649744302323,0.0014067420244719333,222,223,521,523,0.0662251655645477,0.0813008130093612,0.0,0.0813008130093612,0.023336857465046,0.107137391087359,0.0003850966578414,0.008116469021655,0.7853981633974483,1.5707963267948966,0.0002649454235966,0.0036726521295503,1.0,1.4142135623730951,0.0216465080613786,0.0594998608626034,45273.0,45301.29999999981,4
81,225,227,231,524,525,525,45361.89999999944,45372.09999999963,45385.0,2.23606797749979,2.23606797749979,4.0,0.2192223507312702,0.1733386029019547,0.3389830508528085,0.0330033003302358,0.1960784313689683,0.3100775193708904,0.0165016501651179,0.0980392156844841,0.0,0.0214923873262026,0.0134371009997634,0.0287273771913694,0.4636476090008061,0.4636476090008061,0.0,0.0053094150890861,0.0,0.0359416751153036,0.0003483051265427,0.000789733953558,0.0011852927279972,82.0,227.66666666666666,524.6666666666666,45372.99999999969,2.824045318333193,0.24384800149534447,0.17971975035669815,0.17971975035669815,0.021218955172445136,0.3090984060005374,0.013750363401463232,0.0007744439360326333,225,231,524,525,0.0,0.0980392156844841,0.0330033003302358,0.3100775193708904,0.1733386029019547,0.3389830508528085,0.0134371009997634,0.0287273771913694,0.0,0.4636476090008061,0.0003483051265427,0.0011852927279972,2.23606797749979,4.0,0.0,0.0359416751153036,45361.89999999944,45385.0,4
82,234,238,239,525,526,527,45396.79999999981,45421.79999999981,45435.09999999963,3.0,4.123105625617661,1.4142135623730951,0.12,0.3100079417801055,0.0294627825494394,0.2542372881396064,0.16,0.075187969925865,0.0,0.04,0.075187969925865,0.0048,0.0233088678033418,0.0006138079697799,0.0,0.2449786631268641,0.7853981633974483,0.0,0.0097991465250745,0.0406330451336956,0.002027743829809,0.0007403547121336,0.0017063954762315,83.0,237.0,526.0,45417.899999999754,2.8457730626635853,0.1531569081098483,0.16314175268849046,0.18820440933044547,0.009574225257707233,0.34345894217477074,0.016810730552923366,0.0014914980060580334,234,239,525,527,0.0,0.075187969925865,0.075187969925865,0.2542372881396064,0.0294627825494394,0.3100079417801055,0.0006138079697799,0.0233088678033418,0.0,0.7853981633974483,0.0007403547121336,0.002027743829809,1.4142135623730951,4.123105625617661,0.0,0.0406330451336956,45396.79999999981,45435.09999999963,4
83,241,242,244,530,532,537,45483.09999999963,45497.39999999944,45508.5,3.605551275463989,2.23606797749979,5.385164807134504,0.2521364528329338,0.2014475655303803,0.4723828778419709,0.0416666666666666,0.0699300699309808,0.1801801801711096,0.0625,0.1398601398619616,0.450450450427774,0.0176319197787565,0.0181484293261476,0.0414370945495724,0.982793723247329,1.1071487177940904,1.1902899496825317,0.0041124074968725,0.0086961534649217,0.0074902010706536,0.0003545439960203,3.6119548769083687e-05,0.0020980779479506,84.0,242.33333333333334,533.0,45496.33333333302,3.7422613533660942,0.30865563206842833,0.09725897225625234,0.24740912239884363,0.025739147884825498,1.0934107969079838,0.006766254010815933,0.0008295804975799945,241,244,530,537,0.0625,0.450450450427774,0.0416666666666666,0.1801801801711096,0.2014475655303803,0.4723828778419709,0.0176319197787565,0.0414370945495724,0.982793723247329,1.1902899496825317,3.6119548769083687e-05,0.0020980779479506,2.23606797749979,5.385164807134504,0.0041124074968725,0.0086961534649217,45483.09999999963,45508.5,4
84,244,246,249,539,542,552,45519.89999999944,45532.59999999963,45557.59999999963,2.0,3.605551275463989,10.44030650891055,0.1574803149583202,0.1442220510185595,0.8419602023062013,0.0,0.1574803149583202,0.12,0.1754385964998275,0.2362204724374803,0.4,0.0124000247996858,0.0057688820407423,0.0679000163129763,1.5707963267948966,0.982793723247329,1.2793395323170296,0.0333777523799137,0.0462994176014916,0.011861832362788,0.0025471113816938,0.000522137225106,0.0024852453708893,85.0,246.33333333333334,544.3333333333334,45536.69999999957,5.34861926145818,0.38122085609436035,0.09249343831944007,0.2258267716527734,0.028689641051134803,1.2776431941197517,0.030513000781397768,0.0018514979925630334,244,249,539,552,0.1754385964998275,0.4,0.0,0.1574803149583202,0.1442220510185595,0.8419602023062013,0.0057688820407423,0.0679000163129763,0.982793723247329,1.5707963267948966,0.000522137225106,0.0025471113816938,2.0,10.44030650891055,0.011861832362788,0.0462994176014916,45519.89999999944,45557.59999999963,4
85,250,253,254,561,579,583,45570.0,45594.29999999981,45606.59999999963,9.055385138137416,18.24828759089466,4.123105625617661,0.3726495941648901,1.483600617168374,0.3246539862643456,0.0806451612878997,0.1234567901244031,0.0813008130093612,0.725806451591098,0.7407407407464187,0.325203252037445,0.0153353742455862,0.1206179363569789,0.0255633060046916,1.460139105621001,1.40564764938027,1.3258176636680326,0.0145806107498822,0.002242446758895,0.0064902427409305,0.0042390840375653,0.0043326157247818,0.0077280187279452,86.0,252.33333333333334,574.3333333333334,45590.299999999814,10.475592784883245,0.7269680658658698,0.09513425480722133,0.20353533881970298,0.0538388722024189,1.397201472889768,0.0077711000832359,0.005433239496764101,250,254,561,583,0.325203252037445,0.7407407407464187,0.0806451612878997,0.1234567901244031,0.3246539862643456,1.483600617168374,0.0153353742455862,0.1206179363569789,1.3258176636680326,1.460139105621001,0.0042390840375653,0.0077280187279452,4.123105625617661,18.24828759089466,0.002242446758895,0.0145806107498822,45570.0,45606.59999999963,4
86,254,255,254,584,585,585,45619.29999999981,45633.09999999963,47550.29999999981,1.0,1.4142135623730951,1.0,0.0724637681169201,0.0029346618849802,0.0869565217391304,0.0,0.0724637681169201,0.0007705347511173,0.0787401574791601,0.0724637681169201,0.0,0.0052509976897027,6.08977357330986e-06,0.0075614366729678,1.5707963267948966,0.7853981633974483,3.141592653589793,0.0192896585136433,0.0569129103918876,0.002420706313446,0.0015993943554874,0.000380065791029,5.826349724895168e-06,87.0,254.33333333333334,584.6666666666666,46267.56666666642,1.1380711874576983,0.05411831724701024,0.024411434289345797,0.024411434289345797,0.004272841378747936,1.832595714594046,0.026207758406325634,0.000661762165413765,254,255,584,585,0.0,0.0787401574791601,0.0,0.0724637681169201,0.0029346618849802,0.0869565217391304,6.08977357330986e-06,0.0075614366729678,0.7853981633974483,3.141592653589793,5.826349724895168e-06,0.0015993943554874,1.0,1.4142135623730951,0.002420706313446,0.0569129103918876,45619.29999999981,47550.29999999981,4
87,250,246,244,582,578,574,47561.79999999981,47573.200000000186,47586.5,5.0,5.656854249492381,4.47213595499958,0.4385964912137377,0.4253273871858349,0.1855658072642617,0.3478260869565217,0.3508771929709902,0.15037593985173,0.2608695652173913,0.3508771929709902,0.3007518797034601,0.0384733764210004,0.0319795027963753,0.0076998260276817,2.498091544796509,2.356194490192345,2.0344439357957027,0.0559566181559377,0.01244711005259,0.0241917710076051,0.0026879947606984,0.0005696380372292,0.0018255396066942,88.0,246.66666666666666,578.0,47573.833333333336,5.042996734830653,0.3498298952212781,0.28302640659308065,0.3832770331609007,0.026050901748352465,2.2962433235948523,0.030865166405377596,0.0016943908015406,244,250,574,582,0.2608695652173913,0.3508771929709902,0.15037593985173,0.3508771929709902,0.1855658072642617,0.4385964912137377,0.0076998260276817,0.0384733764210004,2.0344439357957027,2.498091544796509,0.0005696380372292,0.0026879947606984,4.47213595499958,5.656854249492381,0.01244711005259,0.0559566181559377,47561.79999999981,47586.5,4
88,245,263,306,565,553,531,47610.59999999963,47624.09999999963,47637.200000000186,9.055385138137416,21.633307652783937,48.30113870293329,0.6707692694916605,1.6513975306764237,1.9555116884368524,0.0414937759342513,1.3333333333333333,3.282442747951587,0.3734439834082622,0.8888888888888888,1.6793893129054631,0.0496866125549378,0.1260608801989299,0.0791705137042849,1.460139105621001,0.5880026035475675,0.4729066036629292,0.0238300759412273,0.0646027038572913,0.0087859541892922,0.0017421903123612,0.0056573531588142,0.0035794172895148,89.0,271.3333333333333,549.6666666666666,47623.96666666648,26.32994383128488,1.4258928295349786,1.5524232857397238,2.1122197233748783,0.0849726688193842,0.8403494376104992,0.032406244662603605,0.0036596535868967336,245,306,531,565,0.3734439834082622,1.6793893129054631,0.0414937759342513,3.282442747951587,0.6707692694916605,1.9555116884368524,0.0496866125549378,0.1260608801989299,0.4729066036629292,1.460139105621001,0.0017421903123612,0.0056573531588142,9.055385138137416,48.30113870293329,0.0087859541892922,0.0646027038572913,47610.59999999963,47637.200000000186,4
89,441,528,617,495,486,484,47661.89999999944,47672.700000000186,47685.79999999981,139.71757226634023,87.46427842267951,89.02246907382428,12.936812245990884,6.67666247520357,3.7247895009387735,5.465587044699278,8.055555554999827,6.793893129964193,1.4574898785864745,0.8333333332758442,0.1526717557295324,1.1978529856572606,0.5096688912514074,0.1558489330912433,0.260602391747341,0.1030816085227002,0.0224681285858254,0.0085953122235624,0.014585257704979,0.006153700758715,0.0452907883395433,0.0637207494776275,0.0270091571122309,90.0,528.6666666666666,488.3333333333333,47673.46666666648,105.40143992094801,7.779421407377742,6.771678576554433,6.8225691617976105,0.6211236033333037,0.12871737628528887,0.009778090229085467,0.045340231643133895,441,617,484,495,0.1526717557295324,1.4574898785864745,5.465587044699278,8.055555554999827,3.7247895009387735,12.936812245990884,0.1558489330912433,1.1978529856572606,0.0224681285858254,0.260602391747341,0.0270091571122309,0.0637207494776275,87.46427842267951,139.71757226634023,0.006153700758715,0.014585257704979,47661.89999999944,47685.79999999981,4
90,781,852,939,494,509,536,47709.700000000186,47722.39999999944,47746.5,164.30459518832697,72.56721022610694,91.09335870413386,12.937369700627247,3.011087561179434,7.229631643398977,6.861924686085512,5.590551181430337,3.609958506140364,0.4184100418344824,1.1811023622740149,1.1203319501814923,1.0186905276682072,0.1249413925771625,0.5737802891756133,0.0609002082779879,0.2082059495239874,0.3009202343604251,0.0016080368071783,0.0115988772641449,0.0038470657607588,0.0361021587683478,0.0703739476490927,0.018624020605313,91.0,857.3333333333334,513.0,47726.19999999987,109.32172137285592,7.726029635068553,5.354144791218737,5.727588774612568,0.5724707364736611,0.19000879738746682,0.005684659944027333,0.041700042340917835,781,939,494,536,0.4184100418344824,1.1811023622740149,3.609958506140364,6.861924686085512,3.011087561179434,12.937369700627247,0.1249413925771625,1.0186905276682072,0.0609002082779879,0.3009202343604251,0.018624020605313,0.0703739476490927,72.56721022610694,164.30459518832697,0.0016080368071783,0.0115988772641449,47709.700000000186,47746.5,4
91,962,973,979,545,548,551,47759.09999999963,47771.89999999944,47784.79999999981,24.698178070456937,11.40175425099138,6.708203932499369,1.9295451617825268,0.883856918655978,0.2672591208206745,1.8253968254507944,0.8593750000125056,0.4651162790563357,0.7142857143068327,0.2343750000034106,0.2325581395281678,0.1507457157664535,0.0685160402039111,0.0106477737380335,0.372987721800061,0.2662520491509254,0.4636476090008061,0.0057196418604576,0.008338724425835,0.0153019813832697,0.0335741724937831,0.0064241934034171,0.0044859121290082,92.0,971.3333333333334,548.0,47771.93333333296,14.269378751315893,1.026887067086393,1.0499627015065451,1.1274820813492676,0.07663650990279935,0.3676291266505975,0.009786782556520766,0.014828092675402799,962,979,545,551,0.2325581395281678,0.7142857143068327,0.4651162790563357,1.8253968254507944,0.2672591208206745,1.9295451617825268,0.0106477737380335,0.1507457157664535,0.2662520491509254,0.4636476090008061,0.0044859121290082,0.0335741724937831,6.708203932499369,24.698178070456937,0.0057196418604576,0.0153019813832697,47759.09999999963,47784.79999999981,4
92,986,989,992,555,557,559,47809.89999999944,47822.09999999963,47833.89999999944,8.06225774829855,3.605551275463989,3.605551275463989,0.6608407990307752,0.3055551928407545,0.1430774315649737,0.2788844621555336,0.2459016393405079,0.2542372881396064,0.159362549803162,0.1639344262270053,0.1694915254264042,0.0541672786082529,0.0258945078682692,0.0056776758557109,0.5191461142465229,0.5880026035475675,0.5880026035475675,0.0022110958265553,0.0056439745327863,0.0,0.0017338448155723,0.0023174402245534,0.0017132908485489,93.0,989.0,557.0,47821.96666666617,5.091120099742176,0.36982447447883443,0.25967446321188264,0.3161716383540174,0.028579820777411,0.5650504404472193,0.0026183567864472,0.0019215252962248668,986,992,555,559,0.159362549803162,0.1694915254264042,0.2459016393405079,0.2788844621555336,0.1430774315649737,0.6608407990307752,0.0056776758557109,0.0541672786082529,0.5191461142465229,0.5880026035475675,0.0017132908485489,0.0023174402245534,3.605551275463989,8.06225774829855,0.0,0.0056439745327863,47809.89999999944,47833.89999999944,4
93,996,999,1014,562,563,569,47859.09999999963,47871.59999999963,47896.39999999944,5.0,3.1622776601683795,16.15549442140351,0.4,0.1275111959754891,1.2924395537122808,0.1587301587289855,0.24,0.6048387096819621,0.1190476190467391,0.08,0.2419354838727848,0.032,0.0051415804829212,0.1033951642969824,0.6435011087932844,0.3217505543966422,0.3805063771123649,0.0022023216367185,0.0257400443517313,0.0023691863998453,0.0010445366723847,0.0021486735613663,0.0039618380570483,94.0,1003.0,564.6666666666666,47875.69999999957,8.10592402719063,0.6066502498959233,0.3345229561369825,0.41516811742791077,0.046845581593301204,0.44858601343409715,0.010103850796098367,0.0023850160969331002,996,1014,562,569,0.08,0.2419354838727848,0.1587301587289855,0.6048387096819621,0.1275111959754891,1.2924395537122808,0.0051415804829212,0.1033951642969824,0.3217505543966422,0.6435011087932844,0.0010445366723847,0.0039618380570483,3.1622776601683795,16.15549442140351,0.0022023216367185,0.0257400443517313,47859.09999999963,47896.39999999944,4
94,1027,1042,1071,573,576,584,47908.89999999944,47920.59999999963,47946.0,13.601470508735444,15.297058540778355,30.083217912982647,1.1625188468819578,0.6022463992344095,2.118536472717468,1.04,1.2820512820308718,1.1417322834478216,0.32,0.2564102564061744,0.3149606299166405,0.0993605852020043,0.0237104881584872,0.1491927093443435,0.2984989315861793,0.1973955598498807,0.2691674927857004,0.0065605956420948,0.0086413138234776,0.002825666650975,0.0003227663275982,0.0064658202600267,0.0049402449285045,95.0,1046.6666666666667,577.6666666666666,47925.16666666636,19.660582320832148,1.294433906277945,1.1545945218262312,1.2595813984651112,0.09075459423494499,0.2550206614072535,0.006009192038849133,0.003909610505376466,1027,1071,573,584,0.2564102564061744,0.32,1.04,1.2820512820308718,0.6022463992344095,2.118536472717468,0.0237104881584872,0.1491927093443435,0.1973955598498807,0.2984989315861793,0.0003227663275982,0.0064658202600267,13.601470508735444,30.083217912982647,0.002825666650975,0.0086413138234776,47908.89999999944,47946.0,4
95,1080,1083,1084,585,585,585,47960.200000000186,47969.59999999963,47983.0,9.055385138137416,3.0,1.0,0.9633388445399708,0.2238805970087013,0.0100603621730947,0.6338028168930947,0.3191489361891849,0.0746268656695671,0.0704225352103438,0.0,0.0,0.1024828558082167,0.0167075072389908,0.0001012108870538,0.1106572211738956,0.0,0.0,0.0111626951837834,0.0117720448064333,0.0,0.0032894263053178,0.0091250370823749,0.001239275847125,96.0,1082.3333333333333,585.0,47970.93333333327,4.3517950460458055,0.39909326790725563,0.34252620625061553,0.34252620625061553,0.0397638579780871,0.036885740391298535,0.007644913330072233,0.0045512464116059,1080,1084,585,585,0.0,0.0704225352103438,0.0746268656695671,0.6338028168930947,0.0100603621730947,0.9633388445399708,0.0001012108870538,0.1024828558082167,0.0,0.1106572211738956,0.001239275847125,0.0091250370823749,1.0,9.055385138137416,0.0,0.0117720448064333,47960.200000000186,47983.0,4
96,1093,1101,1102,585,584,583,48082.39999999944,48093.89999999944,48552.0,9.0,8.06225774829855,1.4142135623730951,0.782608695652174,0.0175993402058256,0.1198486069826626,0.090543259557853,0.6956521739130435,0.0021829294913747,0.0,0.0869565217391304,0.0021829294913747,0.0680529300567107,3.841811876403438e-05,0.0101566616088605,0.0,0.1243549945467614,0.7853981633974483,0.0,0.0108134777866749,0.0014430106283559,0.0006836189051311,0.0059143053859084,2.208741211544241e-05,97.0,1098.6666666666667,584.0,48242.76666666629,6.158823770223882,0.3066855476135541,0.26279278765409037,0.26352043081788196,0.026082669928111746,0.3032510526480699,0.0040854961383436006,0.0022066705677183138,1093,1102,583,585,0.0,0.0869565217391304,0.0021829294913747,0.6956521739130435,0.0175993402058256,0.782608695652174,3.841811876403438e-05,0.0680529300567107,0.0,0.7853981633974483,2.208741211544241e-05,0.0059143053859084,1.4142135623730951,9.0,0.0,0.0108134777866749,48082.39999999944,48552.0,4
97,1106,1113,1123,581,579,576,48563.79999999981,48577.59999999963,48588.5,4.47213595499958,7.280109889280518,10.44030650891055,0.3240678228304305,0.6678999898194226,0.8847717380572332,0.3389830508528085,0.5072463768184408,0.9174311926291956,0.1694915254264042,0.1449275362338402,0.2752293577887586,0.0234831755677394,0.061275228421706,0.0749806557687457,0.4636476090008061,0.2782996590051113,0.2914567944778671,0.027266996135739,0.0134310108694345,0.0012070766488354,0.0011293655897533,0.0027385545546722,0.0012573786556487,98.0,1114.0,578.6666666666666,48576.63333333315,7.39751745106355,0.6255798502356954,0.5878868734334816,0.6796299926964012,0.05324635325273036,0.3444680208279281,0.013968361218002967,0.0017084329333580666,1106,1123,576,581,0.1449275362338402,0.2752293577887586,0.3389830508528085,0.9174311926291956,0.3240678228304305,0.8847717380572332,0.0234831755677394,0.0749806557687457,0.2782996590051113,0.4636476090008061,0.0011293655897533,0.0027385545546722,4.47213595499958,10.44030650891055,0.0012070766488354,0.027266996135739,48563.79999999981,48588.5,4
98,1133,1147,1150,574,570,570,48600.29999999981,48627.700000000186,48637.79999999981,10.198039027185567,14.560219778561036,3.0,0.3721912053666758,1.4416059187225818,0.2290076335942986,0.8474576271320213,0.5109489051025422,0.2970297029812527,0.1694915254264042,0.1459854014578692,0.0,0.0135836206336356,0.1427332592847281,0.0174814987481535,0.1973955598498807,0.2782996590051113,0.0,0.0079712910702941,0.0029527043486908,0.0275544216846907,0.0052031385708541,0.0047134904616546,0.0124011644100192,99.0,1143.3333333333333,571.3333333333334,48621.93333333327,9.252752935248868,0.6809349192278521,0.5518120784052721,0.5518120784052721,0.05793279288883907,0.158565072951664,0.012826139034558532,0.007439264480842633,1133,1150,570,574,0.0,0.1694915254264042,0.2970297029812527,0.8474576271320213,0.2290076335942986,1.4416059187225818,0.0135836206336356,0.1427332592847281,0.0,0.2782996590051113,0.0047134904616546,0.0124011644100192,3.0,14.560219778561036,0.0029527043486908,0.0275544216846907,48600.29999999981,48637.79999999981,4
99,1150,1151,1151,569,569,568,48650.89999999944,48761.700000000186,48823.89999999944,1.0,1.0,1.0,0.009025270758062,0.016077170418199,0.0268817204299729,0.0,0.009025270758062,0.0,0.0763358778647662,0.0,0.016077170418199,8.145551225633e-05,0.0002584754086558,0.0007226268932752,1.5707963267948966,0.0,1.5707963267948966,0.1199081165526386,0.0141768621550932,0.0252539602381625,0.001328247575297,1.5976524945694312e-06,7.4622425180863395e-06,100.0,1150.6666666666667,568.6666666666666,48745.49999999969,1.0,0.01732805386874463,0.003008423586020667,0.008367480392087,0.00035418593806244334,1.0471975511965976,0.05311297964863143,0.0004457691567698852,1150,1151,568,569,0.0,0.0763358778647662,0.0,0.009025270758062,0.009025270758062,0.0268817204299729,8.145551225633e-05,0.0007226268932752,0.0,1.5707963267948966,1.5976524945694312e-06,0.001328247575297,1.0,1.0,0.0141768621550932,0.1199081165526386,48650.89999999944,48823.89999999944,4
100,1151,1151,1151,567,565,564,48861.09999999963,48888.79999999981,48899.5,1.0,2.0,1.0,0.0361010830322482,0.1869158878472134,0.0892857142842293,0.0,0.0,0.0,0.0268817204299729,0.0722021660644964,0.0934579439236067,0.0013032881961012,0.017468774564856,0.007971938775245,1.5707963267948966,1.5707963267948966,1.5707963267948966,0.0,0.0,0.0,1.5609174807073892e-05,0.000583591565655,0.0008875547466771,101.0,1151.0,565.3333333333334,48883.13333333315,1.3333333333333333,0.10410089505456364,0.0,0.03115264797453557,0.008914667178734069,1.5707963267948966,0.0,0.0004955851623797246,1151,1151,564,567,0.0268817204299729,0.0934579439236067,0.0,0.0,0.0361010830322482,0.1869158878472134,0.0013032881961012,0.017468774564856,1.5707963267948966,1.5707963267948966,1.5609174807073892e-05,0.0008875547466771,1.0,2.0,0.0,0.0,48861.09999999963,48899.5,4
101,1150,1150,1150,563,562,561,48910.700000000186,48922.89999999944,48946.29999999981,1.4142135623730951,1.0,1.0,0.1159191444638903,0.0427350427343623,0.0028653295128939,0.0892857142842293,0.0,0.0,0.0892857142842293,0.0819672131197598,0.0427350427343623,0.0095015692189319,0.0018262838775077,8.210113217461269e-06,2.356194490192345,1.5707963267948966,1.5707963267948966,0.070124836016463,0.0643768986430666,0.0,0.0001365741467554,0.0006291217493354,7.769546001116986e-05,102.0,1150.0,562.0,48926.63333333315,1.1380711874576983,0.0538398389037155,0.029761904761409764,0.044006919006197194,0.0037786877365523536,1.832595714594046,0.04483391155317653,0.00028113045203399,1150,1150,561,563,0.0427350427343623,0.0892857142842293,0.0,0.0892857142842293,0.0028653295128939,0.1159191444638903,8.210113217461269e-06,0.0095015692189319,1.5707963267948966,2.356194490192345,7.769546001116986e-05,0.0006291217493354,1.0,1.4142135623730951,0.0,0.070124836016463,48910.700000000186,48946.29999999981,4
102,1146,1134,1104,557,545,517,50690.700000000186,50704.0,50715.29999999981,5.656854249492381,16.97056274847714,41.03656905736639,0.4253273871858349,1.5018197122793695,2.910394968684439,0.0031723372194454,0.9022556391103804,2.6548672566809297,0.0031723372194454,0.9022556391103804,2.4778761062355343,0.0319795027963753,0.1329043993189491,0.2064109906922931,2.356194490192345,2.356194490192345,2.390663591191853,0.0018686608693723,0.0,0.0030503629203607,2.5362441745075627e-05,0.0075883380845103,0.0065050080862438,103.0,1128.0,539.6666666666666,50703.333333333336,21.22132868511197,1.6125140227165478,1.1867650776702519,2.012723779748763,0.12376496426920584,2.367684190525514,0.0016396745965776666,0.004706236204166392,1104,1146,517,557,0.0031723372194454,2.4778761062355343,0.0031723372194454,2.6548672566809297,0.4253273871858349,2.910394968684439,0.0319795027963753,0.2064109906922931,2.356194490192345,2.390663591191853,2.5362441745075627e-05,0.0075883380845103,5.656854249492381,41.03656905736639,0.0,0.0030503629203607,50690.700000000186,50715.29999999981,4
103,1063,1013,914,489,458,414,50729.39999999944,50740.5,50764.79999999981,49.64876634922564,58.83026432033091,108.33743581975716,4.472861833038399,2.420998531719418,8.59820919229843,2.907801418516542,4.504504504277739,4.074074074105303,1.9858156028893457,2.7927927926521985,1.8106995884912456,0.4029605254786691,0.099629569207324,0.6823975549644955,2.5424173306034863,2.5865969262512065,2.723368324010564,0.0107626765543009,0.0039801437518465,0.0056284525827327,0.0139396833185509,0.0273271131762229,0.0239822216362814,104.0,996.6666666666666,453.6666666666667,50744.899999999754,72.2721554964379,5.164023185685416,3.8287933322998615,4.432359861796943,0.3949958832168295,2.617460860288419,0.006790424296293367,0.021749672710351733,914,1063,414,489,1.8106995884912456,2.7927927926521985,2.907801418516542,4.504504504277739,2.420998531719418,8.59820919229843,0.099629569207324,0.6823975549644955,2.5424173306034863,2.723368324010564,0.0139396833185509,0.0273271131762229,49.64876634922564,108.33743581975716,0.0039801437518465,0.0107626765543009,50729.39999999944,50764.79999999981,4
104,869,831,772,400,391,381,50777.39999999944,50788.700000000186,50814.39999999944,47.12748667179272,39.05124837953327,59.84145720150872,4.170574041476584,1.5195038280414548,5.158746310226384,3.571428571534164,3.3628318581853534,2.295719844424531,1.111111111143962,0.7964601769386364,0.3891050583770391,0.3690773487789027,0.0591246625714204,0.4447195094808515,2.8399736073235538,2.909035711784884,2.9736967303394186,0.0092543875647966,0.0061116906598917,0.002515992939938,0.0248666830313378,0.0274294412554907,0.0150036905416579,105.0,824.0,390.6666666666667,50793.49999999969,48.67339741761157,3.6162747265814743,3.076660091381349,3.2063617775070288,0.2909738402770582,2.907568683149286,0.005960690388208766,0.02243327160949547,772,869,381,400,0.3891050583770391,1.111111111143962,2.295719844424531,3.571428571534164,1.5195038280414548,5.158746310226384,0.0591246625714204,0.4447195094808515,2.8399736073235538,2.9736967303394186,0.0150036905416579,0.0274294412554907,39.05124837953327,59.84145720150872,0.002515992939938,0.0092543875647966,50777.39999999944,50814.39999999944,4
105,753,742,726,378,377,372,50826.0,50841.29999999981,50864.5,19.235384061671343,11.04536101718726,16.76305461424021,1.257214644568988,0.476093147288732,1.596481391832401,1.6379310344038565,0.7189542483747657,0.6896551724082561,0.2586206896427142,0.0653594771249787,0.21551724137758,0.082170891802895,0.0205212563484874,0.152045846841181,2.984990776607778,3.050932766389048,2.838707785214822,0.0009736246782599,0.0043099339726845,0.0091476284988156,0.0312541911776286,0.0040293879382456,0.0056691633832602,106.0,740.3333333333334,375.6666666666667,50843.93333333327,15.68126656436627,1.1099297278967069,1.0155134850622927,1.087352565521486,0.08491266499752113,2.9582104427372165,0.004810395716586666,0.013650914166378134,726,753,372,378,0.0653594771249787,0.2586206896427142,0.6896551724082561,1.6379310344038565,0.476093147288732,1.596481391832401,0.0205212563484874,0.152045846841181,2.838707785214822,3.050932766389048,0.0040293879382456,0.0312541911776286,11.04536101718726,19.235384061671343,0.0009736246782599,0.0091476284988156,50826.0,50864.5,4
106,722,717,711,368,364,356,50875.0,50888.29999999981,50913.700000000186,5.656854249492381,6.4031242374328485,10.0,0.4253273871858349,0.2520915054070448,0.8403361344932415,0.3809523809523809,0.3759398496293251,0.2362204724374803,0.3809523809523809,0.3007518797034601,0.3149606299166405,0.0319795027963753,0.0099248624174546,0.0706164818935043,2.356194490192345,2.4668517113662407,2.214297435588181,0.0459536471449978,0.0083200918177026,0.0099430817233998,0.0114348899090291,0.001658243637536,0.0023894338376047,107.0,716.6666666666666,362.6666666666667,50892.333333333336,7.353326162308409,0.5059183423620404,0.3310375676730621,0.43602444431194226,0.037506949035778066,2.3457812123822555,0.021405606895366733,0.005160855794723266,711,722,356,368,0.3007518797034601,0.3809523809523809,0.2362204724374803,0.3809523809523809,0.2520915054070448,0.8403361344932415,0.0099248624174546,0.0706164818935043,2.214297435588181,2.4668517113662407,0.001658243637536,0.0114348899090291,5.656854249492381,10.0,0.0083200918177026,0.0459536471449978,50875.0,50913.700000000186,4
107,710,710,707,353,352,352,50925.59999999963,50937.59999999963,51135.09999999963,3.1622776601683795,1.0,3.0,0.2635231383473649,0.0050632911392405,0.2189781021868038,0.0840336134493241,0.0,0.0151898734177215,0.2521008403479725,0.0833333333333333,0.0,0.021960261528947,2.5636917160711425e-05,0.0159838030791114,1.892546881191539,1.5707963267948966,3.141592653589793,0.0270378617152731,0.0268125461997201,0.0079533991230121,0.0040887580140203,0.0018278853843155,8.080084132633275e-05,108.0,709.0,352.3333333333333,50999.43333333296,2.3874258867227933,0.16252151055780306,0.033074495622348536,0.033074495622348536,0.012656567175073038,2.201645287192076,0.020601269012668434,0.0019991480798873776,707,710,352,353,0.0,0.2521008403479725,0.0,0.0840336134493241,0.0050632911392405,0.2635231383473649,2.5636917160711425e-05,0.021960261528947,1.5707963267948966,3.141592653589793,8.080084132633275e-05,0.0040887580140203,1.0,3.1622776601683795,0.0079533991230121,0.0270378617152731,50925.59999999963,51135.09999999963,4
108,703,701,698,353,353,353,51148.79999999981,51160.09999999963,51174.5,4.123105625617661,2.0,3.0,0.3648766040429755,0.1388888888852958,0.1229508196749468,0.2919708029157384,0.1769911504453953,0.2083333333279437,0.0729927007289346,0.0,0.0,0.0322899649600876,0.009645061727896,0.0050389680195804,2.896613990462929,3.141592653589793,3.141592653589793,0.0178816542425936,0.0216795277106993,0.0,0.0011902307942156,0.0020039737373951,0.0003198676186247,109.0,700.6666666666666,353.0,51161.13333333315,3.0410352085392205,0.20890543753440605,0.2257650955630258,0.2257650955630258,0.015657998235854665,3.0599330992141716,0.013187060651097633,0.0011713573834118,698,703,353,353,0.0,0.0729927007289346,0.1769911504453953,0.2919708029157384,0.1229508196749468,0.3648766040429755,0.0050389680195804,0.0322899649600876,2.896613990462929,3.141592653589793,0.0003198676186247,0.0020039737373951,2.0,4.123105625617661,0.0,0.0216795277106993,51148.79999999981,51174.5,4
109,692,689,687,353,353,353,51198.89999999944,51209.200000000186,51222.0,6.0,3.0,2.0,0.5825242718025229,0.2343750000034106,0.0778210116725877,0.2459016393498937,0.2912621359012614,0.1562500000022737,0.0,0.0,0.0,0.0565557545398432,0.0183105468755329,0.0030280549288725,3.141592653589793,3.141592653589793,3.141592653589793,0.0,0.0,0.0,0.0021113437098951,0.0037131269574314,0.0011939446833502,110.0,689.3333333333334,353.0,51210.03333333321,3.6666666666666665,0.2982400944928404,0.23113792508447628,0.23113792508447628,0.025964785448082863,3.141592653589793,0.0,0.0023394717835588997,687,692,353,353,0.0,0.0,0.1562500000022737,0.2912621359012614,0.0778210116725877,0.5825242718025229,0.0030280549288725,0.0565557545398432,3.141592653589793,3.141592653589793,0.0011939446833502,0.0037131269574314,2.0,6.0,0.0,0.0,51198.89999999944,51222.0,4
110,683,673,651,353,352,345,51247.700000000186,53038.59999999963,53051.700000000186,4.0,10.04987562112089,23.08679276123039,0.0107497984412899,0.7671660779154353,1.9400666186818896,0.1556420233451754,0.0077857365306791,1.6793893129054631,0.0,0.0007785736530679,0.5343511450153746,2.8889541632090165e-05,0.058562296021581,0.1630308083002513,3.141592653589793,3.0419240010986317,2.833539872566017,0.0,0.0023683618818903,0.0159071853834905,0.0001166990423042,4.559506074556717e-05,0.0079746955934514,111.0,669.0,350.0,52446.0,12.37888946078376,0.9059941650128716,0.6142723575937725,0.7923894059322306,0.07387399795448812,3.0056855090848145,0.006091849088460267,0.002712329898833722,651,683,345,353,0.0,0.5343511450153746,0.0077857365306791,1.6793893129054631,0.0107497984412899,1.9400666186818896,2.8889541632090165e-05,0.1630308083002513,2.833539872566017,3.141592653589793,4.559506074556717e-05,0.0079746955934514,4.0,23.08679276123039,0.0,0.0159071853834905,51247.700000000186,53051.700000000186,4
111,598,540,411,331,314,285,53063.59999999963,53076.09999999963,53100.29999999981,54.81788029466298,60.440052945046304,132.21951444472938,4.385430423573038,2.4975228489496324,10.410985389196078,4.45378151281418,4.64,5.3305785123556655,1.1764705882905382,1.36,1.198347107428793,0.350834433885843,0.103203423509521,0.8197626290585343,2.8833404337787547,2.856474918417197,2.920462679050277,0.0041849211105106,0.0021492412289246,0.0026441223401895,0.0157818172768412,0.0198104808301057,0.0296098845265908,112.0,516.3333333333334,310.0,53079.99999999969,82.49248256147955,5.764646220572916,4.808120008389948,5.207569044199546,0.4246001621512994,2.886759343748743,0.0029927615598749,0.021734060877845903,411,598,285,331,1.1764705882905382,1.36,4.45378151281418,5.3305785123556655,2.4975228489496324,10.410985389196078,0.103203423509521,0.8197626290585343,2.856474918417197,2.920462679050277,0.0157818172768412,0.0296098845265908,54.81788029466298,132.21951444472938,0.0021492412289246,0.0041849211105106,53063.59999999963,53100.29999999981,4
112,351,295,209,274,266,257,53113.0,53125.700000000186,53149.200000000186,61.0,56.56854249492381,86.46964785403026,4.803149606228767,2.407172021060588,6.311653128374657,4.724409448749607,4.409448818832967,3.6595744680851054,0.8661417322707613,0.629921259833281,0.3829787234042553,0.378200756390419,0.102432851960025,0.4607046079356138,2.960272879188303,2.999695598985629,3.037321041662138,0.003134661428145,0.0031041511650982,0.0016010826670854,0.0347686513906802,0.0217140082225472,0.015245606637259,113.0,285.0,265.6666666666667,53129.30000000013,68.01273011631802,4.50732491855467,4.264477578555893,4.392137153023978,0.31377940542868593,2.999096506612023,0.0026132984201095335,0.02390942208349547,209,351,257,274,0.3829787234042553,0.8661417322707613,3.6595744680851054,4.724409448749607,2.407172021060588,6.311653128374657,0.102432851960025,0.4607046079356138,2.960272879188303,3.037321041662138,0.015245606637259,0.0347686513906802,56.56854249492381,86.46964785403026,0.0016010826670854,0.003134661428145,53113.0,53149.200000000186,4
113,180,168,160,255,254,254,53162.89999999944,53174.29999999981,53199.59999999963,29.068883707497267,12.041594578792296,8.0,2.549902079521698,0.4759523548964802,0.2156334231773451,2.116788321283002,1.0526315789129703,0.3162055335991659,0.1459854014677932,0.0877192982427475,0.0,0.223675621003366,0.0188123460434776,0.0058122216488975,3.0727361642887487,3.058451421701352,3.141592653589793,0.0025850454473384,0.0012530475953447,0.003286214699172,0.0173013859084042,0.0179704627151924,0.0005138389088804,114.0,169.33333333333334,254.33333333333334,53178.93333333296,16.370159428763188,1.0804959525318412,1.1618751445983795,1.1618751445983795,0.08276672956524703,3.0909267465266317,0.0023747692472850333,0.011928562510825665,160,180,254,255,0.0,0.1459854014677932,0.3162055335991659,2.116788321283002,0.2156334231773451,2.549902079521698,0.0058122216488975,0.223675621003366,3.058451421701352,3.141592653589793,0.0005138389088804,0.0179704627151924,8.0,29.068883707497267,0.0012530475953447,0.003286214699172,53162.89999999944,53199.59999999963,4
114,160,165,173,253,253,253,53236.700000000186,53348.09999999963,53360.79999999981,1.0,5.0,8.0,0.0089766606822712,0.3937007873958006,0.6896551724359411,0.0,0.0448833034113562,0.629921259833281,0.0269541778971681,0.0,0.0,8.058043700463436e-05,0.0310000619992146,0.0594530321084559,1.5707963267948966,0.0,0.0,0.0423395236326479,0.0141005056265958,0.0,0.0001544916768681,0.0002775536944557,0.0022403913471514,115.0,166.0,253.0,53315.19999999987,4.666666666666667,0.364110873504671,0.22493485441487904,0.22493485441487904,0.03017789151489171,0.5235987755982988,0.01881334308641457,0.0008908122394917334,160,173,253,253,0.0,0.0269541778971681,0.0,0.629921259833281,0.0089766606822712,0.6896551724359411,8.058043700463436e-05,0.0594530321084559,0.0,1.5707963267948966,0.0001544916768681,0.0022403913471514,1.0,8.0,0.0,0.0423395236326479,53236.700000000186,53360.79999999981,4
115,183,194,209,253,255,257,53372.39999999944,53386.5,53397.59999999963,10.0,11.180339887498947,15.132745950421556,0.7092198581279214,1.007237827736412,1.240389012310698,0.8620689655449264,0.7801418439407136,1.3513513513967044,0.0,0.1418439716255843,0.1801801801862272,0.0502992807162989,0.0907421466459654,0.101671230515718,0.0,0.1798534997924782,0.132551532296674,0.0,0.0127555673606631,0.0042614385132785,0.0007891164993492,0.0028682883636924,0.0009846021504612,116.0,195.33333333333334,255.0,53385.49999999969,12.104361945973501,0.9856155660583438,0.9978540536274482,1.057914113689524,0.08090421929266077,0.10413501069638405,0.005672335291313867,0.0015473356711676,183,209,253,257,0.0,0.1801801801862272,0.7801418439407136,1.3513513513967044,0.7092198581279214,1.240389012310698,0.0502992807162989,0.101671230515718,0.0,0.1798534997924782,0.0007891164993492,0.0028682883636924,10.0,15.132745950421556,0.0,0.0127555673606631,53372.39999999944,53397.59999999963,4
116,231,271,284,263,276,280,53409.79999999981,53434.200000000186,53447.39999999944,22.80350850198276,42.05948168962618,13.601470508735444,0.9345700205587952,3.186324370606074,1.0462669622104188,1.8032786884970584,1.6393442622700531,0.9848484849040734,0.4918032786810159,0.5327868852377673,0.3030303030474072,0.0383020500223166,0.2413882099080244,0.080482074016186,0.2662520491509254,0.3142318990843383,0.2984989315861793,0.0109590587583778,0.0019663872923229,0.0011918914772005,0.0051941951223306,0.0083232032738773,0.0121898587803727,117.0,262.0,273.0,53430.46666666648,26.15482023344813,1.7223871177917627,1.475823811890395,1.5768339129061975,0.12005744464884234,0.2929942932738143,0.004705779175967067,0.008569085725526867,231,284,263,280,0.3030303030474072,0.5327868852377673,0.9848484849040734,1.8032786884970584,0.9345700205587952,3.186324370606074,0.0383020500223166,0.2413882099080244,0.2662520491509254,0.3142318990843383,0.0051941951223306,0.0121898587803727,13.601470508735444,42.05948168962618,0.0011918914772005,0.0109590587583778,53409.79999999981,53447.39999999944,4
117,292,299,300,285,287,288,53460.39999999944,53484.39999999944,53498.29999999981,9.433981132056603,7.280109889280518,1.4142135623730951,0.3930825471690251,0.5237489128838422,0.0634176485374398,0.6153846153846154,0.2916666666666667,0.0719424460412373,0.3846153846153846,0.0833333333333333,0.0719424460412373,0.016378439465376,0.0376797779043025,0.0028438407416129,0.5585993153435624,0.2782996590051113,0.7853981633974483,0.020007721827491,0.0116791523474354,0.0364819067898378,0.0049310488116007,0.0008875557682886,0.0025061825296227,118.0,297.0,286.6666666666667,53481.033333332896,6.042768194570073,0.3267497028634357,0.3263312426975065,0.3503120580445856,0.0189673527037638,0.5407657125820406,0.022722926988254732,0.002774929036504,292,300,285,288,0.0719424460412373,0.3846153846153846,0.0719424460412373,0.6153846153846154,0.0634176485374398,0.5237489128838422,0.0028438407416129,0.0376797779043025,0.2782996590051113,0.7853981633974483,0.0008875557682886,0.0049310488116007,1.4142135623730951,9.433981132056603,0.0116791523474354,0.0364819067898378,53460.39999999944,53498.29999999981,4
118,301,301,302,289,290,290,53520.59999999963,53533.89999999944,53546.700000000186,1.4142135623730951,1.0,1.0,0.1063318467964587,0.0781249999954525,0.0769230769230769,0.0448430493277288,0.0,0.0781249999954525,0.0448430493277288,0.075187969925865,0.0,0.0079948756990938,0.0061035156242894,0.0059171597633136,0.7853981633974483,1.5707963267948966,0.0,0.0,0.0590524934893569,0.1227184630237081,0.0002309881146871,0.0001422075244233,1.4559051637890604e-05,119.0,301.3333333333333,289.6666666666667,53533.73333333308,1.1380711874576983,0.08712664123832936,0.040989349774393766,0.040989349774393766,0.006671850362232268,0.7853981633974483,0.06059031883768834,0.00012925156358276353,301,302,289,290,0.0,0.075187969925865,0.0,0.0781249999954525,0.0769230769230769,0.1063318467964587,0.0059171597633136,0.0079948756990938,0.0,1.5707963267948966,1.4559051637890604e-05,0.0002309881146871,1.0,1.4142135623730951,0.0,0.1227184630237081,53520.59999999963,53546.700000000186,4
119,303,304,305,291,291,291,53559.700000000186,53657.700000000186,53670.79999999981,1.4142135623730951,1.0,1.0,0.0144307506364601,0.0763358778647662,0.0103199174406208,0.0769230769230769,0.010204081632653,0.0763358778647662,0.0769230769230769,0.0,0.0,0.0001472525575148,0.0058271662493845,0.0001065006959812,0.7853981633974483,0.0,0.0,0.0604152433382652,0.0080142669734433,0.0,0.0004438390158306,5.795830297826128e-05,0.0004366920269897,120.0,304.0,291.0,53629.40000000006,1.1380711874576983,0.033695515313949036,0.05448767880683203,0.05448767880683203,0.002026973167626833,0.2617993877991494,0.0228098367705695,0.00031282978193285374,303,305,291,291,0.0,0.0769230769230769,0.010204081632653,0.0769230769230769,0.0103199174406208,0.0763358778647662,0.0001065006959812,0.0058271662493845,0.0,0.7853981633974483,5.795830297826128e-05,0.0004438390158306,1.0,1.4142135623730951,0.0,0.0604152433382652,53559.700000000186,53670.79999999981,4
120,304,302,299,291,291,291,53767.700000000186,53780.5,53792.700000000186,1.0,2.0,3.0,0.0781250000011368,0.1639344262270053,0.236220472454803,0.0103199174406208,0.1562500000022737,0.2459016393405079,0.0,0.0,0.0,0.0061035156251776,0.0134372480511887,0.0186000372022567,3.141592653589793,3.141592653589793,3.141592653589793,0.0324209768171074,0.0,0.0,6.18886989594773e-05,0.0005729478457904,0.0004231794386056,121.0,301.6666666666667,291.0,53780.30000000013,2.0,0.15942663289431502,0.13749051892780081,0.13749051892780081,0.012713600292874333,3.141592653589793,0.010806992272369134,0.0003526719944518258,299,304,291,291,0.0,0.0,0.0103199174406208,0.2459016393405079,0.0781250000011368,0.236220472454803,0.0061035156251776,0.0186000372022567,3.141592653589793,3.141592653589793,6.18886989594773e-05,0.0005729478457904,1.0,3.0,0.0,0.0324209768171074,53767.700000000186,53792.700000000186,4
121,297,295,293,291,290,290,53805.39999999944,53818.0,53831.89999999944,2.0,2.23606797749979,2.0,0.1587301587231192,0.1608681998265958,0.0059790732436472,0.1574803149698686,0.1587301587231192,0.1438848920921152,0.0,0.0793650793615596,0.0,0.0125976316441333,0.0115732517865512,1.7874658426449134e-05,3.141592653589793,2.677945044588987,3.141592653589793,0.0,0.0367974292841463,0.0333559430949241,0.000472630358935,8.129998869338085e-05,0.0008313220955819,122.0,295.0,290.3333333333333,53818.43333333296,2.0786893258332633,0.10852581059778742,0.15336512192836768,0.15336512192836768,0.008062919363036982,2.9870434505895247,0.023384457459690134,0.000461750814403427,293,297,290,291,0.0,0.0793650793615596,0.1438848920921152,0.1587301587231192,0.0059790732436472,0.1608681998265958,1.7874658426449134e-05,0.0125976316441333,2.677945044588987,3.141592653589793,8.129998869338085e-05,0.0008313220955819,2.0,2.23606797749979,0.0,0.0367974292841463,53805.39999999944,53831.89999999944,4
