,x0,x1,x2,y0,y1,y2,t0,t1,t2,d0,d1,d2,TV0,TV1,TV2,HV0,HV1,HV2,VV0,VV1,VV2,A0,A1,A2,AM0,AM1,AM2,AV0,AV1,AV2,J0,J1,J2,Seg_id,avg_x,avg_y,avg_t,avg_d,avg_tv,avg_hv,avg_vv,avg_a,avg_am,avg_av,avg_j,min_x,max_x,min_y,max_y,min_vv,max_vv,min_hv,max_hv,min_tv,max_tv,min_a,max_a,min_am,max_am,min_j,max_j,min_d,max_d,min_av,max_av,min_t,max_t,label
0,648,647,644.0,206,208,210.0,231.17000000002008,238.80999999983032,262.9799999995157,0.0,2.23606797749979,3.605551275463989,0.0,0.0925141902163382,0.2255584157312391,0.0,0.1308900523592719,0.124120810924247,0.0,0.2617801047185438,0.0827472072828313,0.0,0.0038276454372173,0.0141106296985443,0.0,2.0344439357957027,2.5535900500422257,0.0,0.2662884732783027,0.0214789455628167,0.0,0.0005010007116901,0.000425444115079,1.0,646.3333333333334,208.0,244.3199999997887,1.9472064176545931,0.10602420198252577,0.08500362109450631,0.11258602352211673,0.005979425045253867,1.529344661945976,0.0959224729470398,0.00030881494225636666,644.0,648.0,206.0,210.0,0.0,0.2617801047185438,0.0,0.1308900523592719,0.0,0.2255584157312391,0.0,0.0141106296985443,0.0,2.5535900500422257,0.0,0.0005010007116901,0.0,3.605551275463989,0.0,0.2662884732783027,231.17000000002008,262.9799999995157,10
1,641,637,633.0,212,215,216.0,278.9649999995163,294.7599999997692,310.98500000007334,3.605551275463989,5.0,4.123105625617661,0.2282716856857395,0.3081664098555486,0.2577746561852223,0.1876759461995552,0.2532446976850871,0.2465331278844388,0.1251172974663701,0.1899335232638153,0.0616332819711097,0.0144521485078875,0.0189933072326515,0.0161159522469074,2.5535900500422257,2.498091544796509,2.896613990462929,0.0,0.0035136755457314,0.0245622462655747,2.1364955229481032e-05,0.0002875060920982,0.0001773408311673,2.0,637.0,214.33333333333334,294.90333333311963,4.242885633693883,0.2647375839088368,0.22915125725636035,0.2496956845800636,0.016520469329148798,2.6494318617672215,0.009358640603768701,0.0001620706261649937,633.0,641.0,212.0,216.0,0.0616332819711097,0.1899335232638153,0.1876759461995552,0.2532446976850871,0.2282716856857395,0.3081664098555486,0.0144521485078875,0.0189933072326515,2.498091544796509,2.896613990462929,2.1364955229481032e-05,0.0002875060920982,3.605551275463989,5.0,0.0,0.0245622462655747,278.9649999995163,310.98500000007334,10
2,630,626,621.0,219,222,225.0,326.9799999998213,342.98499999931664,358.9799999999741,4.242640687119285,5.0,5.830951894845301,0.2650822047643275,0.3125976867642689,0.359048761999517,0.1875586120692261,0.2499218994143159,0.3125976867642689,0.1875586120692261,0.1874414245607369,0.1875586120585613,0.0165624620289088,0.0195434627540743,0.0221089139163282,2.356194490192345,2.498091544796509,2.601173153319209,0.0337867771352985,0.0088657953519923,0.0064446144744272,2.791558499583945e-05,0.0001862543408472,0.0001603908197654,3.0,625.6666666666666,222.0,342.9816666663707,5.0245308606548615,0.31224288450937115,0.25002606608260364,0.3125456034354574,0.019404946233103768,2.485153062769354,0.01636572898723933,0.00012485358186947984,621.0,630.0,219.0,225.0,0.1874414245607369,0.1875586120692261,0.1875586120692261,0.3125976867642689,0.2650822047643275,0.359048761999517,0.0165624620289088,0.0221089139163282,2.356194490192345,2.601173153319209,2.791558499583945e-05,0.0001862543408472,4.242640687119285,5.830951894845301,0.0064446144744272,0.0337867771352985,326.9799999998213,358.9799999999741,10
3,613,598,573.0,232,241,258.0,375.2199999998993,391.6199999994205,415.3249999999389,10.63014581273465,17.4928556845359,30.23243291566195,0.6481796227466445,0.737939493109192,1.9014108752682988,0.4926108374406924,0.914634146368164,1.0546298249083883,0.4310344827606059,0.5487804878208984,0.717148280937704,0.0395231477296077,0.0311301199364292,0.1195855896438825,2.4227626539681686,2.601173153319209,2.544415995497116,0.010985868186691,0.0108786889851371,0.0023943116566484,0.0010723050377684,0.0005117699874038,0.0037315110611904,4.0,594.6666666666666,243.66666666666666,394.0549999997529,19.4518114709775,1.0958433303747117,0.8206249362390815,1.0596743632183163,0.0634129524366398,2.5227839342614984,0.008086289609492167,0.0017718620287875333,573.0,613.0,232.0,258.0,0.4310344827606059,0.717148280937704,0.4926108374406924,1.0546298249083883,0.6481796227466445,1.9014108752682988,0.0311301199364292,0.1195855896438825,2.4227626539681686,2.601173153319209,0.0005117699874038,0.0037315110611904,10.63014581273465,30.23243291566195,0.0023943116566484,0.010985868186691,375.2199999998993,415.3249999999389,10
4,549,535,524.0,273,284,296.0,431.2249999993583,447.2249999998894,463.249999999789,28.30194339616981,17.804493814764857,16.278820596099706,1.7688714622018928,1.111044855842522,1.0114209752190146,1.509433962319271,0.874999999970953,0.6864274571025849,0.9433962264495444,0.6874999999771774,0.7488299532028199,0.1105544663839482,0.0693319722838991,0.0628406943288066,2.5829933382462307,2.4756234162106834,2.312743594800814,0.002426247971731,0.0067106201269989,0.0101641074203363,0.0005679951736015,0.0025764058811675,0.0004050719472782,5.0,536.0,284.3333333333333,447.23333333301224,20.795085935678127,1.29711243108781,1.0236204731309362,1.2732304575318762,0.08090904433221797,2.4571201164192424,0.0064336585063553995,0.0011831576673490666,524.0,549.0,273.0,296.0,0.6874999999771774,0.9433962264495444,0.6864274571025849,1.509433962319271,1.0114209752190146,1.7688714622018928,0.0628406943288066,0.1105544663839482,2.312743594800814,2.5829933382462307,0.0004050719472782,0.0025764058811675,16.278820596099706,28.30194339616981,0.002426247971731,0.0101641074203363,431.2249999993583,463.249999999789,10
5,520,519,519.0,308,319,332.0,479.3449999997392,495.3199999999924,511.0549999999421,12.649110640673518,11.04536101718726,13.0,0.7918066128621615,0.7019612975673724,0.8037094281423389,0.2485243864561894,0.0625978090756901,0.0,0.7455731593685682,0.6885758998325916,0.8261836669870732,0.0495653591768144,0.0446114583774781,0.0496883726834527,1.892546881191539,1.6614562139956417,1.5707963267948966,0.026107282610163,0.0144657694643026,0.0057616706197035,0.0008248111309122,0.0003101033364167,0.000322651052176,6.0,519.3333333333334,319.6666666666667,495.23999999989127,12.231490552620258,0.7658257795239575,0.10370739851062649,0.37910195417298426,0.04795506341258173,1.7082664739940256,0.015444907564723033,0.00048585517316829995,519.0,520.0,308.0,332.0,0.6885758998325916,0.8261836669870732,0.0,0.2485243864561894,0.7019612975673724,0.8037094281423389,0.0446114583774781,0.0496883726834527,1.5707963267948966,1.892546881191539,0.0003101033364167,0.0008248111309122,11.04536101718726,13.0,0.0057616706197035,0.026107282610163,479.3449999997392,511.0549999999421,10
6,526,566,586.0,346,364,367.0,527.2299999996903,551.4549999998053,559.4149999997171,15.652475842498529,43.86342439892262,20.223748416156685,0.6461290337430031,5.5104804521870046,1.2840475185211366,0.4327666151535671,1.65118679049784,2.512562814098187,0.8655332303071342,0.7430340557240281,0.376884422114728,0.0266719931368395,0.6922714135990016,0.0815268265749926,1.1071487177940904,0.4228539261329407,0.1488899476094972,0.0286644580530462,0.028247463019934,0.0344175852420199,0.0014229600956396,0.0274757242707534,0.0767267069134139,7.0,559.3333333333334,359.0,546.0333333330709,26.579882885859277,2.480219001483715,1.5321720732498647,1.6578002139547738,0.26682341110361124,0.5596308638455094,0.030443168771666695,0.03520846375993564,526.0,586.0,346.0,367.0,0.376884422114728,0.8655332303071342,0.4327666151535671,2.512562814098187,0.6461290337430031,5.5104804521870046,0.0266719931368395,0.6922714135990016,0.1488899476094972,1.1071487177940904,0.0014229600956396,0.0767267069134139,15.652475842498529,43.86342439892262,0.028247463019934,0.0344175852420199,527.2299999996903,559.4149999997171,10
7,647,753,826.0,368,368,368.0,575.1649999992878,599.1899999999077,615.2099999999336,61.00819617067857,106.0,73.0,2.5393630039169364,6.616729088628502,4.558226662719441,3.873015873121436,4.412070759511547,4.556803994998875,0.063492063493794,0.0,0.0,0.1056966911072388,0.4130292814368167,0.2846223329962523,0.0163919743080052,0.0,0.0,0.0084125697336573,0.0006822882125944,0.0,0.0015345945735177,0.0127921993890384,0.0080154150087613,8.0,742.0,368.0,596.5216666663764,80.00273205689285,4.571439585088293,4.280630209210619,4.280630209210619,0.2677827685134359,0.0054639914360017335,0.0030316193154172333,0.007447402990439133,647.0,826.0,368.0,368.0,0.0,0.063492063493794,3.873015873121436,4.556803994998875,2.5393630039169364,6.616729088628502,0.1056966911072388,0.4130292814368167,0.0,0.0163919743080052,0.0015345945735177,0.0127921993890384,61.00819617067857,106.0,0.0,0.0084125697336573,575.1649999992878,615.2099999999336,10
8,881,921,942.0,361,352,345.0,631.2249999991764,647.2799999992276,663.2949999993798,55.44366510251645,41.0,22.13594362117865,3.4533581502547217,2.560099906313476,1.3895758707163188,3.434280362322867,2.491435689808308,1.3112706837215364,0.4370902279320012,0.5605730302068692,0.4370902279071788,0.2150954936308753,0.1598563787879577,0.0872301237083744,0.126592127279972,0.2213144423477913,0.3217505543966422,0.0079045973953142,0.0058998639095308,0.0062713775865061,0.0043413574379434,0.0034406175548266,0.00453488948354,9.0,914.6666666666666,352.6666666666667,647.2666666659279,39.5265362412317,2.4676779757615055,2.412328911950904,2.5580256545866304,0.1540606653757358,0.2232190413414685,0.006691946297117033,0.004105621492103333,881.0,942.0,345.0,361.0,0.4370902279071788,0.5605730302068692,1.3112706837215364,3.434280362322867,1.3895758707163188,3.4533581502547217,0.0872301237083744,0.2150954936308753,0.126592127279972,0.3217505543966422,0.0034406175548266,0.00453488948354,22.13594362117865,55.44366510251645,0.0058998639095308,0.0079045973953142,631.2249999991764,663.2949999993798,10
9,949,952,953.0,341,338,337.0,679.2249999998603,695.2199999996083,711.2950000000637,8.06225774829855,4.242640687119285,1.4142135623730951,0.5040486244717467,0.2639278809952766,0.0884159776427245,0.4394224733075239,0.1875586120692261,0.0622083981319854,0.2510985561757279,0.1875586120692261,0.0622083981319854,0.0315128868071077,0.0164185306990854,0.0055277260171377,0.5191461142465229,0.7853981633974483,0.7853981633974483,0.0123914350184511,0.0166459549331116,0.0,0.0034976294350022,0.0009436921605664,0.0006774995136322,10.0,951.3333333333334,338.6666666666667,695.2466666665108,4.573037332596976,0.2854641610365826,0.22972982783624515,0.25046596054690695,0.017819714507776932,0.6966474803471399,0.009679129983854234,0.0017062737030669334,949.0,953.0,337.0,341.0,0.0622083981319854,0.2510985561757279,0.0622083981319854,0.4394224733075239,0.0884159776427245,0.5040486244717467,0.0055277260171377,0.0315128868071077,0.5191461142465229,0.7853981633974483,0.0006774995136322,0.0034976294350022,1.4142135623730951,8.06225774829855,0.0,0.0166459549331116,679.2249999998603,711.2950000000637,10
10,957,964,974.0,334,332,328.0,727.2899999998117,743.254999999408,759.2299999996612,5.0,7.280109889280518,10.770329614269007,0.313185092397521,0.4557189288992255,0.4493253906626401,0.2500781494256348,0.4384591293565295,0.6259780907569015,0.1875586120692261,0.1252740369590084,0.2503912363027605,0.0196169804200087,0.0285270065034117,0.0187453229311252,0.6435011087932844,0.2782996590051113,0.3805063771123649,0.0088713382060893,0.0228751299591235,0.0063979166263307,0.0008808536669642,0.0005580974684389,0.0006123119606968,11.0,965.0,331.3333333333333,743.2583333329603,7.6834798345165085,0.40607647065312885,0.43817178984635524,0.5216355352806087,0.022296436618181866,0.4341023816369202,0.0127147949305145,0.0006837543653666333,957.0,974.0,328.0,334.0,0.1252740369590084,0.2503912363027605,0.2500781494256348,0.6259780907569015,0.313185092397521,0.4557189288992255,0.0187453229311252,0.0285270065034117,0.2782996590051113,0.6435011087932844,0.0005580974684389,0.0008808536669642,5.0,10.770329614269007,0.0063979166263307,0.0228751299591235,727.2899999998117,759.2299999996612,10
11,996,1016,1032.0,318,313,309.0,783.1999999998516,799.2449999992459,815.2199999994991,24.166091947189145,20.615528128088304,16.492422502470642,1.5061447147461104,1.2904868937565914,1.0262864033524308,0.917813934076984,1.2464942350112147,1.0015649452110422,0.4171881518531745,0.3116235587528037,0.2503912363027605,0.0938700352011818,0.0807816521900555,0.0638634974060532,0.4266274931268761,0.2449786631268641,0.2449786631268641,0.0019241183151499,0.0113212109695773,0.0,0.0031341139870446,0.0008157296984493,0.0010590394230819,12.0,1014.6666666666666,313.3333333333333,799.2216666661989,20.424680859249364,1.274306003951711,1.055291038099747,1.1387547835340004,0.07950506159909683,0.3055282731268681,0.004415109761575733,0.0016696277028586,996.0,1032.0,309.0,318.0,0.2503912363027605,0.4171881518531745,0.917813934076984,1.2464942350112147,1.0262864033524308,1.5061447147461104,0.0638634974060532,0.0938700352011818,0.2449786631268641,0.4266274931268761,0.0008157296984493,0.0031341139870446,16.492422502470642,24.166091947189145,0.0,0.0113212109695773,783.1999999998516,815.2199999994991,10
12,1045,1049,1050.0,307,305,305.0,831.2900000000809,847.2199999996519,855.3099999999176,13.152946437965904,4.47213595499958,1.0,0.8256714650546209,0.5527980166690595,0.031220730565685,0.8089607964859589,0.2510985561900639,0.1236093943099078,0.1244555071516859,0.1255492780950319,0.0,0.0518312281906375,0.0683310280161808,0.000974734017055,0.1526493283952651,0.4636476090008061,0.0,0.0057454470894994,0.0195228048094109,0.0573112001218266,0.000748741083695,0.0010357689784047,0.008325870704192,13.0,1048.0,305.6666666666667,844.6066666665502,6.2083607976551605,0.4698967374297885,0.3945562489953101,0.3945562489953101,0.0403789967412911,0.20543231246535706,0.027526484006912297,0.0033701269220972334,1045.0,1050.0,305.0,307.0,0.0,0.1255492780950319,0.1236093943099078,0.8089607964859589,0.031220730565685,0.8256714650546209,0.000974734017055,0.0683310280161808,0.0,0.4636476090008061,0.000748741083695,0.008325870704192,1.0,13.152946437965904,0.0057454470894994,0.0573112001218266,831.2900000000809,855.3099999999176,10
13,1051,1053,1072.0,305,305,305.0,887.3399999993126,895.1649999999063,911.2249999998312,1.0,2.0,19.0,0.1277955271468531,0.1245330012459122,1.188242651666629,0.031220730565685,0.2555910542937062,1.1830635118361663,0.0,0.0,0.0,0.016331696758742,0.0077542341996571,0.0743116104863022,0.0,0.0,0.0,0.0,0.0,0.0,0.0004794555960654,0.0010961613493206,0.0041442949120147,14.0,1058.6666666666667,305.0,897.9099999996834,7.333333333333333,0.48019039335313146,0.4899584322318525,0.4899584322318525,0.032799180481567096,0.0,0.0,0.0019066372858002334,1051.0,1072.0,305.0,305.0,0.0,0.0,0.031220730565685,1.1830635118361663,0.1245330012459122,1.188242651666629,0.0077542341996571,0.0743116104863022,0.0,0.0,0.0004794555960654,0.0041442949120147,1.0,19.0,0.0,0.0,887.3399999993126,911.2249999998312,10
14,1108,1140,1148.0,305,305,304.0,927.2149999997056,943.264999999883,959.2099999999846,36.0,32.0,8.06225774829855,2.2429906541807973,2.006898714317727,0.2014557158522654,2.2514071294736127,1.9937694703829307,0.5017246785794317,0.0,0.0,0.0627155848224289,0.1397501965206222,0.125863826547817,0.0050338759583955,0.0,0.0,0.1243549945467614,0.0,0.0,0.0077989962085901,0.004092469420565,0.0008651943908194,0.0075779210152807,15.0,1132.0,304.6666666666667,943.2299999998577,25.354085916099518,1.4837816947835964,1.5823004261453253,1.6032056210861347,0.09021596634227823,0.04145166484892047,0.0025996654028633665,0.004178528275555034,1108.0,1148.0,304.0,305.0,0.0,0.0627155848224289,0.5017246785794317,2.2514071294736127,0.2014557158522654,2.2429906541807973,0.0050338759583955,0.1397501965206222,0.0,0.1243549945467614,0.0008651943908194,0.0075779210152807,8.06225774829855,36.0,0.0,0.0077989962085901,927.2149999997056,959.2099999999846,10
15,1148,1148,1148.0,303,302,300.0,999.229999999443,1063.2299999997483,1079.2999999994208,1.0,1.0,2.0,0.0156249999999253,0.0622277535793648,0.1259445843834693,0.0,0.0,0.0,0.0249875062472147,0.0156249999999253,0.1244555071587296,0.0002441406249976,0.0038722933155341,0.0079310191677624,1.5707963267948966,1.5707963267948966,1.5707963267948966,0.0361429618257798,0.0,0.0,0.0001196835415657,5.668988578936185e-05,0.0002525653921786,16.0,1148.0,301.6666666666667,1047.2533333328709,1.3333333333333333,0.06793244598758647,0.0,0.041485169052909866,0.0040158177027647,1.5707963267948966,0.0120476539419266,0.00014297960651122062,1148.0,1148.0,300.0,303.0,0.0156249999999253,0.1244555071587296,0.0,0.0,0.0156249999999253,0.1259445843834693,0.0002441406249976,0.0079310191677624,1.5707963267948966,1.5707963267948966,5.668988578936185e-05,0.0002525653921786,1.0,2.0,0.0,0.0361429618257798,999.229999999443,1079.2999999994208,10
16,1148,1148,1147.0,299,298,297.0,1095.1799999993457,1103.1849999999397,1230.689999999413,1.0,1.0,1.4142135623730951,0.1249219237883566,0.0205380981722678,0.0884712894822048,0.0,0.0,0.0624414611295969,0.0629722921917346,0.1249219237883566,0.0624414611295969,0.0156054870429839,0.0004218134765337,0.0055346443216891,1.5707963267948966,1.5707963267948966,2.356194490192345,0.0,0.0,0.1471242266731158,0.0004832788334545,0.0018967737120953,0.0003455912782788,17.0,1147.6666666666667,298.0,1143.0183333328994,1.1380711874576983,0.0779771038142764,0.0208138203765323,0.0416276407530646,0.0071873149470689,1.832595714594046,0.049041408891038606,0.0009085479412761999,1147.0,1148.0,297.0,299.0,0.0624414611295969,0.1249219237883566,0.0,0.0624414611295969,0.0205380981722678,0.1249219237883566,0.0004218134765337,0.0156054870429839,1.5707963267948966,2.356194490192345,0.0003455912782788,0.0018967737120953,1.0,1.4142135623730951,0.0,0.1471242266731158,1095.1799999993457,1230.689999999413,10
17,1142,1133,1078.0,297,301,329.0,1246.6749999994136,1254.639999999199,1310.8149999998204,5.0,9.848857801796104,61.71709649683789,0.6277463904751599,0.1753245714586054,2.5624702718207533,0.3127932436659254,1.1299435028552878,0.9790832220630464,0.0,0.5021971123801279,0.4984423675957327,0.0788131061509183,0.0031210426605548,0.106392786872298,3.141592653589793,2.723368324010564,2.67069879460909,0.0491334478196696,0.0525077626604509,0.0009375973191079,0.0045842015532828,0.0095030839287384,0.00183839331038,18.0,1117.6666666666667,309.0,1270.7099999994778,25.521984766211332,1.1218470779181728,0.8072733228614198,0.9734207787266641,0.0627756452279237,2.845219924069816,0.03419293593307614,0.005308559597467066,1078.0,1142.0,297.0,329.0,0.0,0.5021971123801279,0.3127932436659254,1.1299435028552878,0.1753245714586054,2.5624702718207533,0.0031210426605548,0.106392786872298,2.67069879460909,3.141592653589793,0.00183839331038,0.0095030839287384,5.0,61.71709649683789,0.0009375973191079,0.0525077626604509,1246.6749999994136,1310.8149999998204,10
18,1031,995,954.0,353,371,388.0,1334.899999999834,1350.8449999999357,1366.83499999981,52.773099207835045,40.24922359499622,44.384682042344295,3.3096957797114377,2.5171496932653343,2.774909786998667,1.95142204691606,2.257761053607443,2.564102564122725,0.9964708324677752,1.1288805268037214,1.0631644778069838,0.2075695064089278,0.1574202434824969,0.1734860760889273,2.669470671186017,2.677945044588987,2.7485346344078607,5.099121540679371e-05,0.0005314752839709,0.004414608494023,0.004200818747626,0.0031451403528448,0.0010047425019735,19.0,993.3333333333334,370.6666666666667,1350.8599999998598,45.80233494839185,2.8672517533251463,2.257761888215409,2.6121500474844037,0.17949194199345064,2.6986501167276216,0.001665691664466898,0.002783567200814767,954.0,1031.0,353.0,388.0,0.9964708324677752,1.1288805268037214,1.95142204691606,2.564102564122725,2.5171496932653343,3.3096957797114377,0.1574202434824969,0.2075695064089278,2.669470671186017,2.7485346344078607,0.0010047425019735,0.004200818747626,40.24922359499622,52.773099207835045,5.099121540679371e-05,0.004414608494023,1334.899999999834,1366.83499999981,10
19,918,872,834.0,408,426,443.0,1382.829999999558,1398.8149999995585,1414.819999999963,41.182520563948,49.39635614091387,41.6293165929973,2.5763228379071945,3.086307787545419,2.601832287123856,2.250703344830714,2.8776978417265138,2.374258044301082,1.2503907471281743,1.1260556771973316,1.062168072450484,0.1611712754399187,0.1928339760991785,0.1626145179490863,2.6344941491974563,2.7686049317897323,2.7209293044567584,0.0071297583752548,0.0083897893395227,0.0029787958345372,0.0007699156392124,0.0019807757684866,0.0018881260949283,20.0,874.6666666666666,425.6666666666667,1398.82166666636,44.069397765953056,2.754820970858823,2.5008864102861033,2.8549424344362646,0.1722065898293945,2.708009461814649,0.006166114516438233,0.0015462725008757667,834.0,918.0,408.0,443.0,1.062168072450484,1.2503907471281743,2.250703344830714,2.8776978417265138,2.5763228379071945,3.086307787545419,0.1611712754399187,0.1928339760991785,2.6344941491974563,2.7686049317897323,0.0007699156392124,0.0019807757684866,41.182520563948,49.39635614091387,0.0029787958345372,0.0083897893395227,1382.829999999558,1414.819999999963,10
20,813,800,793.0,453,463,474.0,1430.819999999585,1446.8299999998635,1462.8249999996117,23.259406699226016,16.401219466856727,13.038404810405298,1.4528049156040834,1.025396653148807,0.814900300669601,1.3125000000310365,0.811992504670446,0.4376367614948609,0.6250000000147793,0.6246096189772662,0.6877149109204959,0.0907435924783765,0.0641073243616733,0.0509312687930544,2.6971734436886945,2.485897027348257,2.137525544318403,0.0014847412980391,0.0131965281909282,0.0217800239471924,0.0044919328420255,0.001663726927935,0.0008237608983323,21.0,802.0,463.3333333333333,1446.8249999996867,17.566343658829346,1.0977006231408304,0.8540430887321144,1.0832813923722797,0.06859406187770141,2.4401986717851183,0.0121537644787199,0.0023264735560976,793.0,813.0,453.0,474.0,0.6246096189772662,0.6877149109204959,0.4376367614948609,1.3125000000310365,0.814900300669601,1.4528049156040834,0.0509312687930544,0.0907435924783765,2.137525544318403,2.6971734436886945,0.0008237608983323,0.0044919328420255,13.038404810405298,23.259406699226016,0.0014847412980391,0.0217800239471924,1430.819999999585,1462.8249999996117,10
21,790,790,790.0,485,496,509.0,1478.8249999992331,1494.8249999997645,1518.804999999702,11.40175425099138,11.0,13.0,0.712609640663305,0.4587155963314666,1.6069221260288025,0.1875000000044338,0.0,0.0,0.6875000000162572,0.6874999999771774,0.542118432028097,0.044538102539978,0.0191290907561575,0.1986306707016097,1.837048375945822,1.5707963267948966,1.5707963267948966,0.0187798230237303,0.0166407530713804,0.0,0.0003995728908267,0.001588063236436,0.007485470389738,22.0,790.0,496.6666666666667,1497.4849999995665,11.80058475033046,0.9260824543411914,0.06250000000147793,0.2432061440108436,0.08743262133258173,1.6595470098452052,0.011806858698370233,0.0031577021723335663,790.0,790.0,485.0,509.0,0.542118432028097,0.6875000000162572,0.0,0.1875000000044338,0.4587155963314666,1.6069221260288025,0.0191290907561575,0.1986306707016097,1.5707963267948966,1.837048375945822,0.0003995728908267,0.007485470389738,11.0,13.0,0.0,0.0187798230237303,1478.8249999992331,1518.804999999702,10
22,791,792,792.0,511,512,510.0,1526.8949999999677,1543.3100000000195,1663.2049999998344,2.23606797749979,1.4142135623730951,2.0,0.1362210159910285,0.0117954340245654,0.2512562814098187,0.1236093943099078,0.0609198903440051,0.0,0.2472187886198157,0.0609198903440051,0.0166812627716175,0.0082985693567224,9.838136723452764e-05,0.031564859473945,1.1071487177940904,0.7853981633974483,1.5707963267948966,0.0573112001218266,0.0196010084919662,0.0065507165719893,0.0235268357649735,0.0004995545531198,0.0002624502948976,23.0,791.6666666666666,511.0,1577.803333333274,1.8834271799576283,0.13309091047513755,0.061509761551304304,0.0670701824751768,0.013320603399300643,1.1544477359954783,0.027820975061927367,0.0080962802043303,791.0,792.0,510.0,512.0,0.0166812627716175,0.2472187886198157,0.0,0.1236093943099078,0.0117954340245654,0.2512562814098187,9.838136723452764e-05,0.031564859473945,0.7853981633974483,1.5707963267948966,0.0002624502948976,0.0235268357649735,1.4142135623730951,2.23606797749979,0.0065507165719893,0.0573112001218266,1526.8949999999677,1663.2049999998344,10
23,789,782,732.0,504,501,479.0,1671.1649999997462,1679.309999999532,1703.074999999444,6.708203932499369,7.615773105863909,54.62600113499065,0.823597781789538,0.3204617338898411,3.3554054751585065,0.376884422114728,0.8594229588930745,2.1039343572558358,0.7537688442294561,0.368324125239889,0.9257311171925676,0.1011169775090482,0.0134846090423322,0.2061059874198241,2.0344439357957027,2.7367008673047097,2.727085779005008,0.058247187061048,0.0862193899972345,0.0004045902924358,0.0087377032708384,0.0107590384860675,0.0081052547182076,24.0,767.6666666666666,494.6666666666667,1684.5166666662408,22.98332605778464,1.4998216636126287,1.1134139127545462,1.4219909518187352,0.10690252465706818,2.49941019403514,0.048290389116906106,0.0092006654917045,732.0,789.0,479.0,504.0,0.368324125239889,0.9257311171925676,0.376884422114728,2.1039343572558358,0.3204617338898411,3.3554054751585065,0.0134846090423322,0.2061059874198241,2.0344439357957027,2.7367008673047097,0.0081052547182076,0.0107590384860675,6.708203932499369,54.62600113499065,0.0004045902924358,0.0862193899972345,1671.1649999997462,1703.074999999444,10
24,672,611,572.0,461,450,448.0,1719.3549999992683,1735.2099999998245,1751.3049999997747,62.6418390534633,61.98386886924694,39.05124837953327,3.9509201546052286,3.851125745227624,2.437655953774665,3.68550368554348,3.847366761139085,2.423112767947847,1.1056511056630445,0.693787448729999,0.1242621932280947,0.2491908012908631,0.2392746657495826,0.1521632929944271,2.8501358591119264,2.963182154238753,3.0903554861863745,0.0075583587290078,0.007130009153129,0.0079014185739679,0.0026464873385444,0.0006254263980405,0.0054123251168328,25.0,618.3333333333334,453.0,1735.2899999996225,54.558985434081166,3.4132339512025056,3.318661071543471,3.3600818026195025,0.21354292001162425,2.967891166512351,0.007529928818701566,0.0028947462844725667,572.0,672.0,448.0,461.0,0.1242621932280947,1.1056511056630445,2.423112767947847,3.847366761139085,2.437655953774665,3.9509201546052286,0.1521632929944271,0.2491908012908631,2.8501358591119264,3.0903554861863745,0.0006254263980405,0.0054123251168328,39.05124837953327,62.6418390534633,0.007130009153129,0.0079014185739679,1719.3549999992683,1751.3049999997747,10
25,547,524,508.0,448,448,448.0,1767.3249999998006,1783.184999999321,1799.3299999998271,25.0,23.0,16.0,1.5762925599467867,1.424589656195664,1.007556675067755,1.5605493133557788,1.450189155151044,0.9910188912665489,0.0,0.0,0.0,0.0993879293817437,0.0882372038495512,0.0634481533420993,3.141592653589793,3.141592653589793,3.141592653589793,0.003198325056388,0.0,0.0,0.0032943422979149,0.0007030722277761,0.0015354010843403,26.0,526.3333333333334,448.0,1783.2799999996496,21.333333333333332,1.3361462970700684,1.333919119924457,1.333919119924457,0.08369109552446474,3.141592653589793,0.0010661083521293334,0.0018442718700104332,508.0,547.0,448.0,448.0,0.0,0.0,0.9910188912665489,1.5605493133557788,1.007556675067755,1.5762925599467867,0.0634481533420993,0.0993879293817437,3.141592653589793,3.141592653589793,0.0007030722277761,0.0032943422979149,16.0,25.0,0.0,0.003198325056388,1767.3249999998006,1799.3299999998271,10
26,499,497,496.0,449,450,450.0,1815.209999999752,1831.214999999247,1839.2949999997652,9.055385138137416,2.23606797749979,1.0,0.5657847634128677,0.2767410863064782,0.0138753989176867,0.5667506297256122,0.1249609497071579,0.1237623762296842,0.0629722921917346,0.0624804748535789,0.0,0.0353505006829558,0.0342501344416738,0.0001925266951249,3.0309354324158977,2.677945044588987,3.141592653589793,0.0069683388648879,0.0220550070501743,0.0573821298231513,0.0017693735931534,6.8751405268142e-05,0.0042150504634114,27.0,497.3333333333333,449.6666666666667,1828.5733333329215,4.097151038545735,0.28546708287901085,0.2718246518874848,0.2718246518874848,0.023264387273251502,2.950157710198226,0.028801825246071167,0.002017725153944314,496.0,499.0,449.0,450.0,0.0,0.0629722921917346,0.1237623762296842,0.5667506297256122,0.0138753989176867,0.5657847634128677,0.0001925266951249,0.0353505006829558,2.677945044588987,3.141592653589793,6.8751405268142e-05,0.0042150504634114,1.0,9.055385138137416,0.0069683388648879,0.0573821298231513,1815.209999999752,1839.2949999997652,10
27,495,493,489.0,450,450,450.0,1911.3649999999325,1919.229999999516,1935.2149999995163,1.0,2.0,4.0,0.1271455816977736,0.1251172974663701,0.2498438475909064,0.0138753989176867,0.2542911633955473,0.2502345949327403,0.0,0.0,0.0,0.0161659989452652,0.007827169062644,0.015605487044757,3.141592653589793,3.141592653589793,3.141592653589793,0.0,0.0,0.0,0.0002216382995712,0.0010602453761046,0.000486601062378,28.0,492.3333333333333,450.0,1921.9366666663216,2.3333333333333335,0.16736890891835002,0.1728003857486581,0.1728003857486581,0.013199551684222066,3.141592653589793,0.0,0.0005894949126846,489.0,495.0,450.0,450.0,0.0,0.0,0.0138753989176867,0.2542911633955473,0.1251172974663701,0.2498438475909064,0.007827169062644,0.0161659989452652,3.141592653589793,3.141592653589793,0.0002216382995712,0.0010602453761046,1.0,4.0,0.0,0.0,1911.3649999999325,1935.2149999995163,10
28,484,474,462.0,450,450,449.0,1951.2249999997948,1967.214999999669,1983.2149999992907,5.0,10.0,12.041594578792296,0.3126954346491128,0.6250000000147793,0.7525996611495348,0.3123048094886331,0.6253908692982257,0.7500000000177351,0.0,0.0,0.0625000000014779,0.0195556869700795,0.0390625000018474,0.0470374788202844,3.141592653589793,3.141592653589793,3.058451421701352,0.0,0.0,0.0051963269931504,0.0002467332870239,0.0012199382759175,0.0004984361761641,29.0,473.3333333333333,449.6666666666667,1967.2183333329183,9.013864859597431,0.5634316986044756,0.562565226268198,0.583398559602024,0.03521855526407043,3.1138789096269797,0.0017321089977168,0.0006550359130351667,462.0,484.0,449.0,450.0,0.0,0.0625000000014779,0.3123048094886331,0.7500000000177351,0.3126954346491128,0.7525996611495348,0.0195556869700795,0.0470374788202844,3.058451421701352,3.141592653589793,0.0002467332870239,0.0012199382759175,5.0,12.041594578792296,0.0,0.0051963269931504,1951.2249999997948,1983.2149999992907,10
29,456,454,453.0,447,447,447.0,1999.2149999998217,2015.2149999994435,2079.424999999901,6.324555320336759,2.0,1.0,0.3952847075303947,0.0311477962931903,0.0629921259840498,0.3749999999875513,0.1250000000029558,0.0155738981465951,0.1249999999958504,0.0,0.0,0.0247052942212338,0.000485092606961,0.0039680079359904,2.819842099193151,3.141592653589793,3.141592653589793,0.0149130826562674,0.0201094096502656,0.0,0.0013957615373943,0.0015137626009278,5.424256858751837e-05,30.0,454.3333333333333,447.0,2031.2849999997222,3.10818510677892,0.1631415432692116,0.17185796604570072,0.17185796604570072,0.009719464921395067,3.0343424687909124,0.011674164102177665,0.0009879222356365396,453.0,456.0,447.0,447.0,0.0,0.1249999999958504,0.0155738981465951,0.3749999999875513,0.0311477962931903,0.3952847075303947,0.000485092606961,0.0247052942212338,2.819842099193151,3.141592653589793,5.424256858751837e-05,0.0015137626009278,1.0,6.324555320336759,0.0,0.0201094096502656,1999.2149999998217,2079.424999999901,10
30,451,451,451.0,447,449,456.0,2095.299999999952,2103.3049999996365,2119.2149999997127,2.0,2.0,7.0,0.2498438476050996,0.125707102450686,0.4354587869485354,0.1259842519680997,0.0,0.0,0.0,0.2498438476050996,0.4399748585774011,0.0312109740930601,0.0079011378032736,0.0270891935900985,3.141592653589793,1.5707963267948966,1.5707963267948966,0.0,0.1962268990451971,0.0,0.0017160923563453,0.0029119095928426,0.0012060374473119,31.0,451.0,450.6666666666667,2105.939999999767,3.6666666666666665,0.2703365790014403,0.04199475065603323,0.1886530368485003,0.022067101828810734,2.0943951023931953,0.06540896634839903,0.0019446797988332666,451.0,451.0,447.0,456.0,0.0,0.4399748585774011,0.0,0.1259842519680997,0.125707102450686,0.4354587869485354,0.0079011378032736,0.0312109740930601,1.5707963267948966,3.141592653589793,0.0012060374473119,0.0029119095928426,2.0,7.0,0.0,0.1962268990451971,2095.299999999952,2119.2149999997127,10
31,451,455,468.0,462,471,480.0,2135.2899999992587,2151.294999999664,2167.20499999974,6.0,9.848857801796104,15.811388300841896,0.3748828491001708,0.6190356883563106,0.9872861879919836,0.0,0.2499218994001139,0.8170961659294591,0.3732503888130303,0.5623242736502563,0.5656819610280871,0.0234228584249102,0.0389085913484188,0.0616475921312894,1.5707963267948966,1.1525719972156676,0.6055446636049701,0.0,0.026130854705945,0.0343826105347627,0.0002280768376542,0.0009675559464615,0.0014292269505192,32.0,458.0,471.0,2151.263333332887,10.553415367546,0.6604015751494884,0.35567268844319094,0.5442333421192199,0.041326347301539466,1.1096376625385114,0.0201711550802359,0.0008749532448783,451.0,468.0,462.0,480.0,0.3732503888130303,0.5656819610280871,0.0,0.8170961659294591,0.3748828491001708,0.9872861879919836,0.0234228584249102,0.0616475921312894,0.6055446636049701,1.5707963267948966,0.0002280768376542,0.0014292269505192,6.0,15.811388300841896,0.0,0.0343826105347627,2135.2899999992587,2167.20499999974,10
32,478,482,484.0,485,487,487.0,2183.219999999892,2199.2849999996906,2207.1599999999307,11.180339887498947,4.47213595499958,2.0,0.6959439705968946,0.5678902799826318,0.0277334812452564,0.6244146112959698,0.2489884842857233,0.2539682539605105,0.3122073056479849,0.1244942421428616,0.0,0.0433205085966772,0.0721130514241672,0.0003845729909904,0.4636476090008061,0.4636476090008061,0.0,0.0088602594194702,0.0,0.0588758868554501,0.0011443698741453,0.0017922528993371,0.009108378213459,33.0,481.3333333333333,486.3333333333333,2196.554999999838,5.884158614166175,0.43052257727492754,0.3757904498474012,0.3757904498474012,0.03860604433727827,0.3090984060005374,0.022578715424973434,0.0040150003289804665,478.0,484.0,485.0,487.0,0.0,0.3122073056479849,0.2489884842857233,0.6244146112959698,0.0277334812452564,0.6959439705968946,0.0003845729909904,0.0721130514241672,0.0,0.4636476090008061,0.0011443698741453,0.009108378213459,2.0,11.180339887498947,0.0,0.0588758868554501,2183.219999999892,2207.1599999999307,10
33,484,482,467.0,481,469,432.0,2279.2749999998705,2287.1900000000096,2303.2699999994293,6.0,12.16552506059644,39.92492955535426,0.7580543272134608,0.7565625037957397,2.492970936932551,0.0,0.2526847757378203,0.9328358209291886,0.0832004437357694,1.5161086544269216,2.3009950249586653,0.0957743938345087,0.0470499069541694,0.1556647478556888,1.5707963267948966,1.7359450042095237,1.9559538331583708,0.021781825234642,0.0208652782579563,0.0136821411042778,0.001322745903676,0.0061559680201494,0.0067546542851641,34.0,477.6666666666667,460.6666666666667,2289.9116666664363,19.36348487198357,1.335862589313917,0.39517353222233625,1.1621718738752247,0.0994963495481223,1.7542317213875969,0.018776414865625368,0.004744456069663166,467.0,484.0,432.0,481.0,0.0832004437357694,2.3009950249586653,0.0,0.9328358209291886,0.7565625037957397,2.492970936932551,0.0470499069541694,0.1556647478556888,1.5707963267948966,1.9559538331583708,0.001322745903676,0.0067546542851641,6.0,39.92492955535426,0.0136821411042778,0.021781825234642,2279.2749999998705,2303.2699999994293,10
34,445,422,400.0,392,365,350.0,2319.284999999581,2335.269999999582,2351.2199999995573,45.65084884205331,35.4682957019364,26.627053911388696,2.855855417081742,2.223717598870935,1.6543680591159384,1.3737121448511336,1.4388489208632569,1.3793103448297257,2.497658445183879,1.6890835157959974,0.9404388714748128,0.1786584558699805,0.1394180312773908,0.1027877017161263,2.073639537722757,2.2763645044801075,2.543173760111256,0.0073484673470663,0.0126821999848196,0.0167278530176528,0.0014357607251996,0.0024548279382288,0.0022965723862897,35.0,422.3333333333333,369.0,2335.258333332907,35.91539948512614,2.244647025022872,1.397290470181372,1.7107700940063095,0.14028806295449922,2.2977259341047067,0.012252840116512903,0.0020623870165727,400.0,445.0,350.0,392.0,0.9404388714748128,2.497658445183879,1.3737121448511336,1.4388489208632569,1.6543680591159384,2.855855417081742,0.1027877017161263,0.1786584558699805,2.073639537722757,2.543173760111256,0.0014357607251996,0.0024548279382288,26.627053911388696,45.65084884205331,0.0073484673470663,0.0167278530176528,2319.284999999581,2351.2199999995573,10
35,382,376,372.0,340,337,336.0,2367.314999999508,2383.2549999997354,2399.2099999995844,20.591260281974,6.708203932499369,4.123105625617661,1.2917980101430129,0.4204452480453072,0.2576135973454151,1.1183597390528524,0.3764115432819462,0.2507051081189513,0.6213109661404735,0.1882057716409731,0.0626762770297378,0.0810412804344131,0.0263519428423245,0.0160958198899655,2.6344941491974563,2.677945044588987,2.896613990462929,0.0056738359171471,0.0027259030985514,0.0137053554293959,0.0013511290016639,0.0034309496606842,0.0006428156034131,36.0,376.6666666666667,337.6666666666667,2383.259999999609,10.474189946697011,0.6566189518445783,0.5818254634845833,0.6027175558278292,0.041163014388901034,2.7363510614164572,0.007368364815031466,0.001808298088587067,372.0,382.0,336.0,340.0,0.0626762770297378,0.6213109661404735,0.2507051081189513,1.1183597390528524,0.2576135973454151,1.2917980101430129,0.0160958198899655,0.0810412804344131,2.6344941491974563,2.896613990462929,0.0006428156034131,0.0034309496606842,4.123105625617661,20.591260281974,0.0027259030985514,0.0137053554293959,2367.314999999508,2399.2099999995844,10
36,369,365,358.0,335,333,332.0,2415.214999999989,2439.089999999851,2455.4299999999785,3.1622776601683795,4.47213595499958,7.071067811865476,0.1324514203219556,0.2736925309035918,0.445983463388398,0.1874414245500854,0.1675392670166769,0.4283965728240753,0.0624804748500284,0.0837696335083384,0.0611995104034393,0.0055477034690145,0.016749848892378,0.0281288844779777,2.819842099193151,2.677945044588987,2.999695598985629,0.0047967442216704,0.0059433321300517,0.0196909764011096,0.0006590513227544,0.0004691998083111,0.000696391406702,37.0,364.0,333.3333333333333,2436.578333333273,4.901827142344479,0.2840424715379818,0.26112575479694583,0.28152559159809226,0.016808812279790065,2.832494247589256,0.0101436842509439,0.0006082141792558333,358.0,369.0,332.0,335.0,0.0611995104034393,0.0837696335083384,0.1675392670166769,0.4283965728240753,0.1324514203219556,0.445983463388398,0.0055477034690145,0.0281288844779777,2.677945044588987,2.999695598985629,0.0004691998083111,0.000696391406702,3.1622776601683795,7.071067811865476,0.0047967442216704,0.0196909764011096,2415.214999999989,2455.4299999999785,10
37,344,326,312.0,328,323,319.0,2471.284999999625,2487.204999999449,2503.2099999998536,14.560219778561036,18.68154169226941,14.560219778561036,0.914586669517735,1.167231595863597,1.810972609339119,0.883002207525196,1.1306532663441842,0.8747266479003987,0.2522863450071989,0.3140703517622734,0.2499218994001139,0.0574489114025042,0.072929184369514,0.2252453494284176,2.8632929945846817,2.8706458032513726,2.8632929945846817,0.0086031286284444,0.0004618598408776,0.0004594069769762,0.0018492606070753,0.0009723789552249,0.0095167863202156,38.0,327.3333333333333,323.3333333333333,2487.2333333329757,15.93399374979716,1.2975969582401505,0.9627940405899262,1.0461013403899642,0.11854114840014525,2.865743930806912,0.0031747984820994003,0.004112808627505266,312.0,344.0,319.0,328.0,0.2499218994001139,0.3140703517622734,0.8747266479003987,1.1306532663441842,0.914586669517735,1.810972609339119,0.0574489114025042,0.2252453494284176,2.8632929945846817,2.8706458032513726,0.0009723789552249,0.0095167863202156,14.560219778561036,18.68154169226941,0.0004594069769762,0.0086031286284444,2471.284999999625,2503.2099999998536,10
38,309,309,312.0,318,312,307.0,2511.2499999995634,2535.2249999996275,2551.224999999249,3.1622776601683795,6.0,5.830951894845301,0.1318989639274216,0.3750000000088676,0.3629599685395761,0.3731343283716754,0.0,0.1875000000044338,0.1243781094572251,0.2502606882162242,0.3125000000073896,0.0055015209145805,0.0234375000011084,0.0225932131044866,2.819842099193151,1.5707963267948966,1.0303768265243125,0.0054043402230222,0.0520978424356587,0.0337762187677102,0.0273313219554437,0.0007481117450043,5.276793104011034e-05,39.0,310.0,312.3333333333333,2532.566666666147,4.99774318500456,0.2899529774919551,0.18687810945870306,0.2910447761278329,0.017177411340058502,1.8070050841707868,0.030426133808797034,0.00937740054382937,309.0,312.0,307.0,318.0,0.1243781094572251,0.3125000000073896,0.0,0.3731343283716754,0.1318989639274216,0.3750000000088676,0.0055015209145805,0.0234375000011084,1.0303768265243125,2.819842099193151,5.276793104011034e-05,0.0273313219554437,3.1622776601683795,6.0,0.0054043402230222,0.0520978424356587,2511.2499999995634,2551.224999999249,10
39,313,313,311.0,303,300,296.0,2567.289999999957,2583.209999999781,2599.284999999327,4.123105625617661,3.0,4.47213595499958,0.2589890468381494,0.1866251944065151,0.1878654045311573,0.0622471210679068,0.0,0.1244167962710101,0.2489884842716273,0.188442211057364,0.2488335925420202,0.0162681562086066,0.0116096543957565,0.0078918464408935,1.3258176636680326,1.5707963267948966,2.0344439357957027,0.0183903415580888,0.0153881069805011,0.0288427750552971,0.0003937165823592,0.0002926194606094,0.0002312788774474,40.0,312.3333333333333,299.6666666666667,2583.261666666355,3.8650805268724135,0.21115988192527393,0.06222130577963897,0.14516583662697904,0.011923219015085534,1.6436859754195439,0.020873741197962332,0.00030587164013866667,311.0,313.0,296.0,303.0,0.188442211057364,0.2489884842716273,0.0,0.1244167962710101,0.1866251944065151,0.2589890468381494,0.0078918464408935,0.0162681562086066,1.3258176636680326,2.0344439357957027,0.0002312788774474,0.0003937165823592,3.0,4.47213595499958,0.0153881069805011,0.0288427750552971,2567.289999999957,2599.284999999327,10
40,306,300,294.0,295,293,292.0,2623.0900000000474,2639.3049999996947,2655.2849999998216,5.0990195135927845,6.324555320336759,6.082762530298219,0.3144631214125012,0.3957794318076681,0.3820830735154276,0.2100399075760824,0.3700277520894556,0.375469336667857,0.0420079815152164,0.1233425840298185,0.0625782227779761,0.0193933469885502,0.024767173454601,0.0240001930602801,2.9441970937399127,2.819842099193151,2.976443976175166,0.0382168938423302,0.0076691331822057,0.0097998671452297,0.0004831548224032,0.0003314108212252,4.79962699821539e-05,41.0,300.0,293.3333333333333,2639.2266666665214,5.83544578807592,0.364108542245199,0.31851233211113167,0.33937173970379036,0.0227202378344771,2.9134943897027434,0.0185619647232552,0.00028752063787018466,294.0,306.0,292.0,295.0,0.0420079815152164,0.1233425840298185,0.2100399075760824,0.375469336667857,0.3144631214125012,0.3957794318076681,0.0193933469885502,0.024767173454601,2.819842099193151,2.976443976175166,4.79962699821539e-05,0.0004831548224032,5.0990195135927845,6.324555320336759,0.0076691331822057,0.0382168938423302,2623.0900000000474,2655.2849999998216,10
41,292,291,289.0,292,292,292.0,2671.204999999645,2687.159999999494,2854.5899999999165,2.0,1.0,2.0,0.1253525540594756,0.0153421294874529,0.2486016159233731,0.1256281407049093,0.0626762770297378,0.0836995187268355,0.0,0.0,0.0,0.0078566314046168,0.0002353809372097,0.0309013817198561,3.141592653589793,3.141592653589793,3.141592653589793,0.0103736606417372,0.0,0.1314748965706139,0.001014042817578,0.0004776716056082,0.001293215388973,42.0,290.6666666666667,292.0,2737.651666666352,1.6666666666666667,0.1297654331567672,0.0906679788204942,0.0906679788204942,0.012997798020560869,3.141592653589793,0.04728285240411703,0.0009283099373863999,289.0,292.0,292.0,292.0,0.0,0.0,0.0626762770297378,0.1256281407049093,0.0153421294874529,0.2486016159233731,0.0002353809372097,0.0309013817198561,3.141592653589793,3.141592653589793,0.0004776716056082,0.001293215388973,1.0,2.0,0.0,0.1314748965706139,2671.204999999645,2854.5899999999165,10
42,285,282,279.0,294,295,297.0,2862.6349999995,2870.574999999917,2887.224999999489,4.47213595499958,3.1622776601683795,3.605551275463989,0.5632413041265334,0.1899265862011792,0.2256289909534016,0.4972032318467462,0.3778337531287684,0.1801801801848099,0.2486016159233731,0.1259445843762561,0.1201201201232066,0.0709371919517567,0.0114070021745381,0.0141194612610519,2.677945044588987,2.819842099193151,2.5535900500422257,0.0576317724083043,0.0178711655663363,0.0159911140635295,0.004976483559226,0.0074975050093314,0.0001629104556506,43.0,282.0,295.3333333333333,2873.4783333329688,3.746654963543983,0.3262656270937047,0.35173905505344155,0.39177909509451037,0.032154551795782235,2.6837923979414544,0.0304980173460567,0.004212299674736,279.0,285.0,294.0,297.0,0.1201201201232066,0.2486016159233731,0.1801801801848099,0.4972032318467462,0.1899265862011792,0.5632413041265334,0.0114070021745381,0.0709371919517567,2.5535900500422257,2.819842099193151,0.0001629104556506,0.0074975050093314,3.1622776601683795,4.47213595499958,0.0159911140635295,0.0576317724083043,2862.6349999995,2887.224999999489,10
43,279,251,231.0,300,361,409.0,2903.204999999616,2951.2099999992643,2967.239999999947,3.0,67.11929677819934,52.0,0.0624934902618891,4.187105226159731,3.261210410766306,0.0,0.5832725757776321,1.247660636253782,0.1877346683339285,1.270700968658413,2.994385527009077,0.0013018121083709,0.2612043185265993,0.2045287181402026,1.5707963267948966,2.0011229399174555,1.965587446494658,0.061501484558168,0.0089642040022021,0.0022168118166739,0.0008021057041664,0.0054140715846293,0.0035355957819078,44.0,253.66666666666666,356.6666666666667,2940.5516666662757,40.70643225939978,2.503603042395975,0.6103110706771381,1.6084395796801638,0.1556782829250576,1.8458355710690035,0.02422750012568133,0.0032505910235678336,231.0,279.0,300.0,409.0,0.1877346683339285,2.994385527009077,0.0,1.247660636253782,0.0624934902618891,4.187105226159731,0.0013018121083709,0.2612043185265993,1.5707963267948966,2.0011229399174555,0.0008021057041664,0.0054140715846293,3.0,67.11929677819934,0.0022168118166739,0.061501484558168,2903.204999999616,2967.239999999947,10
44,214,201,201.0,472,550,576.0,2983.1850000000486,3007.634999999937,3023.2799999994318,65.25335240430181,79.07591289387686,26.0,2.668848769104329,5.054388807697702,3.297400126828315,1.0661649419812924,0.5316973415157291,0.0,3.9510818438130246,3.1901840490943747,1.661872802866069,0.1091553688800229,0.323067357485518,0.4181864460156688,1.8343602103779344,1.7359450042095237,1.5707963267948966,0.0082299928576912,0.0040251618064974,0.0105560036701796,0.0059813953753259,0.0087489565892219,0.0060798394716025,45.0,205.33333333333334,532.6666666666666,3004.6999999998056,56.77642176605955,3.6735459012101153,0.5326207611656738,1.08657836212103,0.2834697241270699,1.7137005137941184,0.007603719444789401,0.006936730478716766,201.0,214.0,472.0,576.0,1.661872802866069,3.9510818438130246,0.0,1.0661649419812924,2.668848769104329,5.054388807697702,0.1091553688800229,0.4181864460156688,1.5707963267948966,1.8343602103779344,0.0059813953753259,0.0087489565892219,26.0,79.07591289387686,0.0040251618064974,0.0105560036701796,2983.1850000000486,3023.2799999994318,10
45,201,201,208.0,583,590,596.0,3031.164999999419,3042.284999999538,3055.209999999533,7.0,7.0,9.219544457292889,0.6294964028709593,0.5415860735011501,0.5764016541067936,0.0,0.0,0.5415860735011501,0.8877615726076233,0.6294964028709593,0.4642166344295572,0.0566093887467824,0.0419022107157704,0.0360363647462254,1.5707963267948966,1.5707963267948966,0.7086262721276703,0.0,0.0,0.0667056135139278,0.045856316711409,0.0013225879524149,0.000453837212344,46.0,203.33333333333334,589.6666666666666,3042.8866666661634,7.739848152430963,0.5824947101596344,0.18052869116705003,0.33526756931023577,0.04484932140292607,1.2834063085724878,0.0222352045046426,0.0158775806253893,201.0,208.0,583.0,596.0,0.4642166344295572,0.8877615726076233,0.0,0.5415860735011501,0.5415860735011501,0.6294964028709593,0.0360363647462254,0.0566093887467824,0.7086262721276703,1.5707963267948966,0.000453837212344,0.045856316711409,7.0,9.219544457292889,0.0,0.0667056135139278,3031.164999999419,3055.209999999533,10
46,220,232,239.0,600,603,605.0,3071.2049999992814,3087.2099999996863,3103.284999999232,12.649110640673518,12.36931687685298,7.280109889280518,0.7903224392598294,0.7694753889394923,0.3040346581345013,0.7502344482769046,0.7497656982003417,0.4354587869485354,0.2500781494256348,0.1874414245500854,0.1244167962710101,0.0493797212895869,0.0478678313506205,0.0126972085247051,0.3217505543966422,0.2449786631268641,0.2782996590051113,0.0241872908869724,0.0047967442216704,0.0020728457778655,0.0008342204778725,9.446360130759996e-05,0.0021879081074282,47.0,230.33333333333334,602.6666666666666,3087.2333333327333,10.766179135602338,0.6212774954446076,0.6451529778085939,0.6866252432322639,0.0366482537216375,0.2816762921762059,0.0103522936288361,0.0010388640622027666,220.0,239.0,600.0,605.0,0.1244167962710101,0.2500781494256348,0.4354587869485354,0.7502344482769046,0.3040346581345013,0.7903224392598294,0.0126972085247051,0.0493797212895869,0.2449786631268641,0.3217505543966422,9.446360130759996e-05,0.0021879081074282,7.280109889280518,12.649110640673518,0.0020728457778655,0.0241872908869724,3071.2049999992814,3103.284999999232,10
47,240,241,243.0,605,605,605.0,3127.230000000054,3143.134999999347,3159.09499999998,1.0,1.0,2.0,0.0628733102825807,0.0626566416015283,0.24405125077957,0.0417623721013019,0.0628733102825807,0.1253132832030567,0.0,0.0,0.0,0.0039530531458896,0.0039258547367823,0.0297805065035362,0.0,0.0,0.0,0.0116224539150369,0.0,0.0,0.0003651766706416,1.710054014996068e-06,0.0016199656494818,48.0,241.33333333333334,605.0,3143.1533333331267,1.3333333333333333,0.12319373422122633,0.07664965519564644,0.07664965519564644,0.012553138128736034,0.0,0.0038741513050123,0.0006622841247127988,240.0,243.0,605.0,605.0,0.0,0.0,0.0417623721013019,0.1253132832030567,0.0626566416015283,0.24405125077957,0.0039258547367823,0.0297805065035362,0.0,0.0,1.710054014996068e-06,0.0016199656494818,1.0,2.0,0.0,0.0116224539150369,3127.230000000054,3159.09499999998,10
48,246,262,284.0,605,603,598.0,3167.2899999994115,3191.385000000082,3207.294999999249,3.0,16.1245154965971,22.56102834535696,0.1245071591581868,1.0134830608071386,1.4135982671969531,0.366076876169355,0.6640381821769964,1.3827781270365926,0.0,0.0830047727721245,0.3142677561446801,0.005167344227214,0.0637010094821003,0.088571319996301,0.0,0.1243549945467614,0.223476601140633,0.0,0.0051610290327163,0.0062301449779423,0.0030034365195884,0.0024292867920007,0.0015631873359838,49.0,264.0,602.0,3188.6566666662475,13.895181280651352,0.8505294957207594,0.8042977284609814,0.9090536471758748,0.0524798912352051,0.11594386522913147,0.0037970580035528666,0.0023319702158576335,246.0,284.0,598.0,605.0,0.0,0.3142677561446801,0.366076876169355,1.3827781270365926,0.1245071591581868,1.4135982671969531,0.005167344227214,0.088571319996301,0.0,0.223476601140633,0.0015631873359838,0.0030034365195884,3.0,22.56102834535696,0.0,0.0062301449779423,3167.2899999994115,3207.294999999249,10
49,307,322,325.0,594,592,590.0,3223.254999999881,3239.20999999973,3255.2749999995285,23.345235059857504,15.132745950421556,3.605551275463989,1.4631924199359774,0.9419698693190954,0.1506392845389233,1.4411027568351522,0.9401441554460676,0.1867413632142925,0.2506265664061134,0.1253525540594756,0.1244942421428616,0.0917074534597198,0.0586349125011456,0.0062936822451591,0.172190814522939,0.132551532296674,0.5880026035475675,0.0032133951513573,0.0024844426340733,0.0283505179742672,0.0001964995904319,0.0020728637391969,0.003258090896772,50.0,318.0,592.0,3239.24666666638,14.027844095247682,0.8519338579313321,0.8559960918318374,0.8974941725461246,0.05221201606867484,0.2975816501223935,0.011349451919899266,0.0018424847421336002,307.0,325.0,590.0,594.0,0.1244942421428616,0.2506265664061134,0.1867413632142925,1.4411027568351522,0.1506392845389233,1.4631924199359774,0.0062936822451591,0.0917074534597198,0.132551532296674,0.5880026035475675,0.0001964995904319,0.003258090896772,3.605551275463989,23.345235059857504,0.0024844426340733,0.0283505179742672,3223.254999999881,3255.2749999995285,10
50,326,328,329.0,590,590,589.0,3279.209999999693,3335.174999999253,3359.5550000000003,1.0,2.0,1.4142135623730951,0.0178683105513778,0.0820344544683649,0.044689952990107,0.0417798203464844,0.0357366211027557,0.0410172272341824,0.0,0.0,0.0410172272341824,0.0003192765219604,0.0033648258599611,0.001412227934589,0.0,0.0,0.7853981633974483,0.0245666431394824,0.0,0.0322148549373826,0.0002496095977922,5.441882137093867e-05,8.009015280197935e-05,51.0,327.6666666666667,589.6666666666666,3324.646666666316,1.4714045207910316,0.048197572669949895,0.03951122289447417,0.05318363197253497,0.0016987767721701665,0.2617993877991494,0.018927166025621667,0.00012803952398837267,326.0,329.0,589.0,590.0,0.0,0.0410172272341824,0.0357366211027557,0.0417798203464844,0.0178683105513778,0.0820344544683649,0.0003192765219604,0.0033648258599611,0.0,0.7853981633974483,5.441882137093867e-05,0.0002496095977922,1.0,2.0,0.0,0.0322148549373826,3279.209999999693,3359.5550000000003,10
51,331,333,334.0,588,587,587.0,3391.200000000026,3407.854999999472,3423.149999999623,2.23606797749979,2.23606797749979,1.0,0.1342580592959584,0.1461960102960253,0.1250000000029558,0.0632011376204254,0.1200840588451842,0.0653808434122343,0.0316005688102127,0.0600420294225921,0.0,0.008061126346468,0.0095584184566578,0.0156250000007389,0.4636476090008061,0.4636476090008061,0.0,0.0101675005339351,0.0,0.0303136717225385,0.0002101089717766,8.990045693422978e-05,0.0003966382179811,52.0,332.6666666666667,587.3333333333334,3407.401666666374,1.8240453183331933,0.1351513565316465,0.0828886799592813,0.0828886799592813,0.011081514934621567,0.3090984060005374,0.013493724085491201,0.00023221588223064327,331.0,334.0,587.0,588.0,0.0,0.0600420294225921,0.0632011376204254,0.1200840588451842,0.1250000000029558,0.1461960102960253,0.008061126346468,0.0156250000007389,0.0,0.4636476090008061,8.990045693422978e-05,0.0003966382179811,1.0,2.23606797749979,0.0,0.0303136717225385,3391.200000000026,3423.149999999623,10
52,335,337,340.0,586,586,586.0,3431.149999999434,3479.349999999613,3503.2499999997526,1.4142135623730951,2.0,3.0,0.0293405303395818,0.0836820083677117,0.1879699248152967,0.1250000000029558,0.0414937759334558,0.1255230125515675,0.1250000000029558,0.0,0.0,0.0006087246958396,0.0035013392622268,0.0117775642116894,0.7853981633974483,0.0,0.0,0.0981747704270025,0.0162945677052807,0.0,0.0018770344131567,6.001275033976055e-05,0.0003462855627369,53.0,337.3333333333333,586.0,3471.2499999996,2.1380711874576983,0.10033082117419673,0.09733892949599303,0.09733892949599303,0.0052958760565852666,0.2617993877991494,0.0381564460440944,0.0007611109087444534,335.0,340.0,586.0,586.0,0.0,0.1250000000029558,0.0414937759334558,0.1255230125515675,0.0293405303395818,0.1879699248152967,0.0006087246958396,0.0117775642116894,0.0,0.7853981633974483,6.001275033976055e-05,0.0018770344131567,1.4142135623730951,3.0,0.0,0.0981747704270025,3431.149999999434,3503.2499999997526,10
53,356,385,477.0,585,582,582.0,3519.2099999994757,3535.129999999299,3559.314999999515,16.0312195418814,29.154759474226505,92.0,1.0069861521393844,1.2054893311542765,5.7608015026808825,1.0025062656815824,1.8216080402211856,3.804010750431198,0.0626566416050989,0.188442211057364,0.0,0.0632528990044309,0.0498445040787063,0.3607264560140251,0.0624188099959573,0.1030816085227002,0.0,0.0039109530073334,0.0025541958873865,0.0042622124673053,0.0032252716036112,0.0008422358621779,0.0128543292095324,54.0,406.0,583.0,3537.8849999994295,45.728659672035974,2.6577589953248477,2.2093750187779886,2.2093750187779886,0.15794128636572077,0.05516680617288583,0.003575787120675067,0.005640612225107166,356.0,477.0,582.0,585.0,0.0,0.188442211057364,1.0025062656815824,3.804010750431198,1.0069861521393844,5.7608015026808825,0.0498445040787063,0.3607264560140251,0.0,0.1030816085227002,0.0008422358621779,0.0128543292095324,16.0312195418814,92.0,0.0025541958873865,0.0042622124673053,3519.2099999994757,3559.314999999515,10
54,529,562,585.0,582,582,581.0,3575.2849999998944,3591.2799999996423,3607.209999999213,52.0,33.0,23.021728866442675,3.251015942533253,2.071563088568028,1.432590470790866,3.2561051971674555,2.063144732761488,1.4438166980928675,0.0,0.0,0.0627746390475159,0.2032520126654879,0.1300416251490153,0.0891468867914749,0.0,0.0,0.0434508953915308,0.0,0.0,0.0027276142744947,0.0098606414116966,0.0045770795572132,0.0025671524393372,55.0,558.6666666666666,581.6666666666666,3591.2583333329167,36.00724295548089,2.2517231672973823,2.254355542673937,2.2752804223564422,0.14081350820199268,0.014483631797176932,0.0009092047581649,0.005668291136082334,529.0,585.0,581.0,582.0,0.0,0.0627746390475159,1.4438166980928675,3.2561051971674555,1.432590470790866,3.251015942533253,0.0891468867914749,0.2032520126654879,0.0,0.0434508953915308,0.0025671524393372,0.0098606414116966,23.021728866442675,52.0,0.0,0.0027276142744947,3575.2849999998944,3607.209999999213,10
55,604,618,631.0,579,576,571.0,3623.279999999795,3639.259999999922,3655.3949999997712,19.1049731745428,14.317821063276352,13.92838827718412,1.195555267483798,0.8873765765980869,0.8771025363507704,1.1823273179410168,0.8760951188916665,0.8057018903081169,0.1244555071516859,0.1877346683339285,0.3098853424261988,0.074815723871984,0.0549969988600172,0.0552331572011923,0.1048769387302338,0.2110933332227465,0.3671738338182192,0.0038224046880198,0.0066468331972258,0.0096734118746161,0.0008917960746093,0.0012402205889743,1.463640168436778e-05,56.0,617.6666666666666,575.3333333333334,3639.311666666496,15.783727505001089,0.986678126810885,0.9547081090469334,1.0580032231889998,0.06168195997773116,0.2277147019237332,0.006714216586620567,0.0007155510217559893,604.0,631.0,571.0,579.0,0.1244555071516859,0.3098853424261988,0.8057018903081169,1.1823273179410168,0.8771025363507704,1.195555267483798,0.0549969988600172,0.074815723871984,0.1048769387302338,0.3671738338182192,1.463640168436778e-05,0.0012402205889743,13.92838827718412,19.1049731745428,0.0038224046880198,0.0096734118746161,3623.279999999795,3655.3949999997712,10
56,643,656,663.0,566,560,557.0,3671.274999999696,3687.2849999999744,3703.224999999293,13.0,14.317821063276352,7.615773105863909,0.811992504670446,0.8982321871950187,0.4745029972448392,0.7556675063008162,0.811992504670446,0.4391468005206604,0.3148614609586734,0.3747657713863597,0.1882057716517116,0.0507178328954603,0.056350827304481,0.0295640496722486,0.3947911196997615,0.4324077755705378,0.4048917862850834,0.0017391237960751,0.0023495725090644,0.0017262226654097,0.0002843403215209,0.0003518422491519,0.001680475384779,57.0,654.0,561.0,3687.261666666321,11.644531389713421,0.728242563036768,0.6689356038306409,0.731670861047878,0.045544236624063296,0.41069689385179425,0.0019383063235164,0.0007722193184839333,643.0,663.0,557.0,566.0,0.1882057716517116,0.3747657713863597,0.4391468005206604,0.811992504670446,0.4745029972448392,0.8982321871950187,0.0295640496722486,0.056350827304481,0.3947911196997615,0.4324077755705378,0.0002843403215209,0.001680475384779,7.615773105863909,14.317821063276352,0.0017262226654097,0.0023495725090644,3671.274999999696,3703.224999999293,10
57,667,670,671.0,555,553,552.0,3719.2749999994703,3743.324999999458,3759.169999999358,4.47213595499958,3.605551275463989,1.4142135623730951,0.1859515989605714,0.2275513585034334,0.0884989713618188,0.2492211837978663,0.1247401247401851,0.063111391606586,0.1246105918989331,0.0831600831601234,0.063111391606586,0.0077318752166595,0.0143610828971208,0.0055381083455016,0.4636476090008061,0.5880026035475675,0.7853981633974483,0.0036607989230574,0.0051706858439426,0.0124579084790871,0.0013602600906758,0.0002756427309964,0.0005568302020621,58.0,669.3333333333334,553.3333333333334,3740.589999999429,3.163966930945555,0.16733397627527455,0.14569090004821247,0.16672803058374117,0.0092103554864273,0.6123494586486072,0.007096464415362366,0.0007309110079114334,667.0,671.0,552.0,555.0,0.063111391606586,0.1246105918989331,0.063111391606586,0.2492211837978663,0.0884989713618188,0.2275513585034334,0.0055381083455016,0.0143610828971208,0.4636476090008061,0.7853981633974483,0.0002756427309964,0.0013602600906758,1.4142135623730951,4.47213595499958,0.0036607989230574,0.0124579084790871,3719.2749999994703,3759.169999999358,10
58,671,672,674.0,551,550,548.0,3775.149999999485,3799.3399999995754,3839.199999999437,1.0,1.4142135623730951,2.8284271247461903,0.0413393964446587,0.0354795173702453,0.3548842063418283,0.0,0.0413393964446587,0.0501756146514527,0.0625782227779761,0.0413393964446587,0.0501756146514527,0.0017089456984086,0.0008901032957944,0.0445275039292981,1.5707963267948966,0.7853981633974483,0.7853981633974483,0.0491488212384988,0.0324678860435939,0.0,0.0002396221931828,3.3850450707364594e-05,0.0010947666992888,59.0,672.3333333333334,549.6666666666666,3804.563333332832,1.7475468957064286,0.1439010400522441,0.030505003698703802,0.04723020858252137,0.015708850974500366,1.0471975511965976,0.027205569094030897,0.0004560797810596549,671.0,674.0,548.0,551.0,0.0413393964446587,0.0625782227779761,0.0,0.0501756146514527,0.0354795173702453,0.3548842063418283,0.0008901032957944,0.0445275039292981,0.7853981633974483,1.5707963267948966,3.3850450707364594e-05,0.0010947666992888,1.0,2.8284271247461903,0.0,0.0491488212384988,3775.149999999485,3839.199999999437,10
59,675,675,667.0,547,544,542.0,3847.1700000000055,3919.229999999516,3927.429999999731,1.4142135623730951,3.0,8.246211251235321,0.0196255004493853,0.3658536585269764,0.5222426378411812,0.1254705144201564,0.0,0.9756097560719372,0.1254705144201564,0.04163197335582,0.2439024390179842,0.0002723494372678,0.0446162998191911,0.0330742645888992,0.7853981633974483,1.5707963267948966,2.896613990462929,0.0,0.0108992251374241,0.1616850809308793,0.0055527169998585,0.0006153753869306,0.0014075652719498,60.0,672.3333333333334,544.3333333333334,3897.943333333084,4.220141604536138,0.3025739322725143,0.3670267568306979,0.44832756983669264,0.025987637948452703,1.7509361602184246,0.057528102022767806,0.002525219219579633,667.0,675.0,542.0,547.0,0.04163197335582,0.2439024390179842,0.0,0.9756097560719372,0.0196255004493853,0.5222426378411812,0.0002723494372678,0.0446162998191911,0.7853981633974483,2.896613990462929,0.0006153753869306,0.0055527169998585,1.4142135623730951,8.246211251235321,0.0,0.1616850809308793,3847.1700000000055,3927.429999999731,10
60,636,560,449.0,538,538,538.0,3943.219999999201,3959.2099999999846,3975.254999999379,31.25699921617557,76.0,111.0,1.9547841910346135,4.736678093042616,6.959247648913615,1.9632678911362296,4.752970606396172,6.918043004312242,0.2533248891788683,0.0,0.0,0.1222504184452031,0.2952120968040767,0.4363164670172043,3.0132694259039985,3.141592653589793,3.141592653589793,0.0073879313138053,0.0080252174909008,0.0,0.0056476348232614,0.0108168654377983,0.0087942892002775,61.0,548.3333333333334,538.0,3959.2283333328546,72.75233307205853,4.550236644330281,4.544760500614881,4.544760500614881,0.28459299408882804,3.0988182443611954,0.005137716268235367,0.0084195964871124,449.0,636.0,538.0,538.0,0.0,0.2533248891788683,1.9632678911362296,6.918043004312242,1.9547841910346135,6.959247648913615,0.1222504184452031,0.4363164670172043,3.0132694259039985,3.141592653589793,0.0056476348232614,0.0108168654377983,31.25699921617557,111.0,0.0,0.0080252174909008,3943.219999999201,3975.254999999379,10
61,320,245,213.0,549,563,573.0,3991.204999999354,4007.2799999998097,4023.229999999785,129.46814279968643,76.2954782408499,33.52610922848042,8.054005772691635,4.783415563697068,2.0940730310991365,8.08777429468339,4.665629859898907,2.006269592479601,0.6896551724148627,0.8709175738477959,0.6269592476498752,0.5010267976649101,0.2999006623012217,0.13079781580654,3.0565271136211485,2.9570498563991787,2.838707785214822,0.0053332626939671,0.0061883208223422,0.0074195655915072,0.004057074021806,0.0125117347034519,0.0106020593413757,62.0,259.3333333333333,561.6666666666666,4007.238333332983,79.76324342300559,4.977164789162614,4.919891249020632,5.128877664903924,0.31057509192422394,2.9507615850783835,0.006313716369272166,0.009056956022211201,213.0,320.0,549.0,573.0,0.6269592476498752,0.8709175738477959,2.006269592479601,8.08777429468339,2.0940730310991365,8.054005772691635,0.13079781580654,0.5010267976649101,2.838707785214822,3.0565271136211485,0.004057074021806,0.0125117347034519,33.52610922848042,129.46814279968643,0.0053332626939671,0.0074195655915072,3991.204999999354,4023.229999999785,10
62,203,202,202.0,577,578,580.0,4039.240000000064,4055.2099999995335,4071.179999999913,10.770329614269007,1.4142135623730951,2.0,0.6744101198889437,0.0885543871220718,0.1242621932280947,0.6246096189772662,0.0626174076414017,0.0,0.2498438475909064,0.0626174076414017,0.1252348152756713,0.0422298133945726,0.0055450461565414,0.0077205463329281,2.761086276477428,2.356194490192345,1.5707963267948966,0.0048483140996904,0.0253532740324683,0.0491795969554654,0.0055320426240116,0.0022971050243737,0.0001362241813609,63.0,202.33333333333334,578.3333333333334,4055.209999999837,4.728181058880701,0.29574223341303674,0.22907567553955596,0.2708206139647797,0.018498468628014034,2.22935903115489,0.026460395029208033,0.002655123943248733,202.0,203.0,577.0,580.0,0.0626174076414017,0.2498438475909064,0.0,0.6246096189772662,0.0885543871220718,0.6744101198889437,0.0055450461565414,0.0422298133945726,1.5707963267948966,2.761086276477428,0.0001362241813609,0.0055320426240116,1.4142135623730951,10.770329614269007,0.0048483140996904,0.0491795969554654,4039.240000000064,4071.179999999913,10
63,202,202,201.0,581,583,584.0,4087.274999999863,4167.230000000018,4175.139999999374,1.0,2.0,1.4142135623730951,0.0125070352072799,0.252844500652699,0.0584144387585396,0.0,0.0,0.1264222503263495,0.0621310966140473,0.0250140704145598,0.1264222503263495,0.0001564259296761,0.0319651707551563,0.0024128227491676,1.5707963267948966,1.5707963267948966,2.356194490192345,0.0,0.0,0.0992918032188873,0.0004699670955747,0.0003978330914316,0.0037360743373445,64.0,201.66666666666666,582.6666666666666,4143.214999999752,1.4714045207910316,0.10792199153950616,0.04214075010878316,0.08428150021756632,0.011511473144666667,1.832595714594046,0.0330972677396291,0.0015346248414502665,201.0,202.0,581.0,584.0,0.0250140704145598,0.1264222503263495,0.0,0.1264222503263495,0.0125070352072799,0.252844500652699,0.0001564259296761,0.0319651707551563,1.5707963267948966,2.356194490192345,0.0003978330914316,0.0037360743373445,1.0,2.0,0.0,0.0992918032188873,4087.274999999863,4175.139999999374,10
64,201,201,201.0,586,587,591.0,4199.349999999868,4207.155000000057,4223.29499999978,2.0,1.0,4.0,0.2562459961500897,0.061957868650382,0.2513352183482615,0.0,0.0,0.0,0.0826104915307393,0.1281229980750448,0.2478314746015282,0.0328310052714758,0.0038387774876979,0.015792347995542,1.5707963267948966,1.5707963267948966,1.5707963267948966,0.0324410641628015,0.0,0.0,0.0012564305048198,0.0037145711445322,0.000740617751428,65.0,201.0,588.0,4209.933333333235,2.3333333333333335,0.18984636104957775,0.0,0.08261049153384274,0.017487376918238564,1.5707963267948966,0.010813688054267167,0.0019038731335933336,201.0,201.0,586.0,591.0,0.0826104915307393,0.2478314746015282,0.0,0.0,0.061957868650382,0.2562459961500897,0.0038387774876979,0.0328310052714758,1.5707963267948966,1.5707963267948966,0.000740617751428,0.0037145711445322,1.0,4.0,0.0,0.0324410641628015,4199.349999999868,4223.29499999978,10
65,205,218,236.0,595,595,594.0,4239.20999999973,4255.284999999276,4271.264999999403,5.656854249492381,13.0,18.027756377319943,0.3519038413469457,0.8135168961136903,2.021048921175149,0.2513352183482615,0.8087091757615658,1.1264080100035712,0.2513352183482615,0.0,0.0625782227779761,0.0218913742679244,0.0509084415586502,0.2265749911576331,0.7853981633974483,0.0,0.0554985052457168,0.0493495547219553,0.0488583616435229,0.0034729978251111,0.0003832250249702,0.0018051052747462,0.0109929004754435,66.0,219.66666666666666,594.6666666666666,4255.253333332803,12.228203542270775,1.062156552878595,0.7288174680377995,0.7496768756304583,0.09979160232806923,0.2802988895477217,0.03389363806352976,0.004393743591719967,205.0,236.0,594.0,595.0,0.0,0.2513352183482615,0.2513352183482615,1.1264080100035712,0.3519038413469457,2.021048921175149,0.0218913742679244,0.2265749911576331,0.0,0.7853981633974483,0.0003832250249702,0.0109929004754435,5.656854249492381,18.027756377319943,0.0034729978251111,0.0493495547219553,4239.20999999973,4271.264999999403,10
66,244,254,258.0,591,583,580.0,4280.184999999619,4295.40999999972,4311.284999999771,8.54400374531753,12.806248474865695,5.0,0.5611825120040186,0.8066928173117865,0.6317119393445507,0.896860986525314,0.6568144499135665,0.2519685039361994,0.3363228699469927,0.5254515599308532,0.1889763779521496,0.0368592782923032,0.0508152955785321,0.0798119948620906,0.3587706702705722,0.6747409422235526,0.6435011087932844,0.0339991216387324,0.0207533840361836,0.0019678635231601,0.0212685776749691,0.0009166513816838,0.0018265637343915,67.0,252.0,584.6666666666666,4295.62666666637,8.783417406727741,0.6665290895534519,0.6018813134583599,0.6648734394424098,0.05582885624430863,0.5590042404291364,0.018906789732692036,0.008003930930348133,244.0,258.0,580.0,591.0,0.1889763779521496,0.5254515599308532,0.2519685039361994,0.896860986525314,0.5611825120040186,0.8066928173117865,0.0368592782923032,0.0798119948620906,0.3587706702705722,0.6747409422235526,0.0009166513816838,0.0212685776749691,5.0,12.806248474865695,0.0019678635231601,0.0339991216387324,4280.184999999619,4311.284999999771,10
67,258,258,258.0,579,578,577.0,4319.19999999991,4335.1749999992535,4431.384999999864,1.0,1.0,1.0,0.0625978090792539,0.0103939299448462,0.0123426314490819,0.0,0.0,0.0,0.1263423878689101,0.0625978090792539,0.0103939299448462,0.0039184857015227,0.0001080337796983,0.0001523405510878,1.5707963267948966,1.5707963267948966,1.5707963267948966,0.1171566921017452,0.0,0.0,0.0095885671710971,0.000238525941908,4.6052147790473363e-07,68.0,258.0,578.0,4361.919999999675,1.0,0.028444790157727332,0.0,0.003464643314948733,0.0013929533441029336,1.5707963267948966,0.03905223070058173,0.0032758512114943344,258.0,258.0,577.0,579.0,0.0103939299448462,0.1263423878689101,0.0,0.0,0.0103939299448462,0.0625978090792539,0.0001080337796983,0.0039184857015227,1.5707963267948966,1.5707963267948966,4.6052147790473363e-07,0.0095885671710971,1.0,1.0,0.0,0.1171566921017452,4319.19999999991,4431.384999999864,10
68,258,252,248.0,580,586,593.0,4606.634999999187,4622.9599999996935,4638.914999999543,3.0,8.48528137423857,8.06225774829855,0.1837672281719411,0.5318258460870512,0.3332888692959352,0.0,0.3675344563438822,0.2507051081189513,0.093970242758465,0.3675344563438822,0.4387339392081648,0.0112567980499994,0.0333328640609267,0.0137779606984167,1.5707963267948966,2.356194490192345,2.08994244104142,0.0492027040510072,0.0481101478329607,0.0166876871923187,0.0003526013484804,0.0013522858199229,0.0012256285404384,69.0,252.66666666666666,586.3333333333334,4622.836666666141,6.515846374179039,0.34962731451830914,0.2060798548209445,0.35232450122366615,0.01945587426978093,2.0056444193428873,0.038000179692095536,0.0009768385696139,248.0,258.0,580.0,593.0,0.093970242758465,0.4387339392081648,0.0,0.3675344563438822,0.1837672281719411,0.5318258460870512,0.0112567980499994,0.0333328640609267,1.5707963267948966,2.356194490192345,0.0003526013484804,0.0013522858199229,3.0,8.48528137423857,0.0166876871923187,0.0492027040510072,4606.634999999187,4638.914999999543,10
69,246,245,236.0,596,597,622.0,4663.104999999632,4687.229999999545,4791.159999999763,3.605551275463989,1.4142135623730951,26.570660511172846,0.1494529026104471,0.0136073661346109,1.6286031573041924,0.0826787928893174,0.0414507772022225,0.0865967478108445,0.1240181893339761,0.0414507772022225,0.2405465216967904,0.0061949389683311,0.0001309281837254,0.0998224429861607,2.158798930342464,2.356194490192345,1.9163519073766089,0.0028464857090032,0.0081821993720454,0.0042321041356183,0.0003134775415484,0.0002513579599845,0.0009592178851363,70.0,242.33333333333334,605.0,4713.831666666313,10.53014178300331,0.5972211420164167,0.07024210596746146,0.1504242798663916,0.035382770046072404,2.143781775970473,0.005086929738888967,0.0005080177955564,236.0,246.0,596.0,622.0,0.0414507772022225,0.2405465216967904,0.0414507772022225,0.0865967478108445,0.0136073661346109,1.6286031573041924,0.0001309281837254,0.0998224429861607,1.9163519073766089,2.356194490192345,0.0002513579599845,0.0009592178851363,1.4142135623730951,26.570660511172846,0.0028464857090032,0.0081821993720454,4663.104999999632,4791.159999999763,10
70,236,248,261.0,628,641,648.0,4807.474999999613,4831.339999999727,4847.385000000031,6.0,17.69180601295413,14.7648230602334,0.251414204901372,1.1026367100417016,0.9283133015334584,0.0,0.5028284098027441,0.810221252711363,0.3677597303129228,0.544730777286306,0.4362729822291954,0.0105348504043648,0.0687215151150402,0.05836613024676,1.5707963267948966,0.8253768505207384,0.4939413689195812,0.0211802378538093,0.0312348408242441,0.0206566208535294,0.0054727301613618,0.0024381590073495,0.000645396376945,71.0,248.33333333333334,639.0,4828.7333333331235,12.818876357729176,0.760788072158844,0.4376832208380357,0.5831075482477676,0.04587416525538834,0.9633715154117387,0.024357233177194265,0.002852095181885433,236.0,261.0,628.0,648.0,0.3677597303129228,0.544730777286306,0.0,0.810221252711363,0.251414204901372,1.1026367100417016,0.0105348504043648,0.0687215151150402,0.4939413689195812,1.5707963267948966,0.000645396376945,0.0054727301613618,6.0,17.69180601295413,0.0206566208535294,0.0312348408242441,4807.474999999613,4847.385000000031,10
71,274,279,281.0,651,653,653.0,4863.289999999324,4879.279999999199,4895.27999999973,13.341664064126334,5.385164807134504,2.0,0.8343754886948868,0.3365728004347334,0.1250000000029558,0.8173530336735501,0.3126954346491128,0.1249999999958504,0.1886199308477423,0.1250781738596451,0.0,0.0521810812196027,0.0210358000264725,0.0078125000003694,0.2267988480538858,0.3805063771123649,0.0,0.0167961346040596,0.0096127285215564,0.0237816485687333,0.0003888745065974,0.0019477974479909,0.000826456251604,72.0,278.0,652.3333333333334,4879.283333332751,6.908942957086946,0.431982763044192,0.4183494894395044,0.4183494894395044,0.027009793748814865,0.2024350750554169,0.0167301705647831,0.0010543760687307666,274.0,281.0,651.0,653.0,0.0,0.1886199308477423,0.1249999999958504,0.8173530336735501,0.1250000000029558,0.8343754886948868,0.0078125000003694,0.0521810812196027,0.0,0.3805063771123649,0.0003888745065974,0.0019477974479909,2.0,13.341664064126334,0.0096127285215564,0.0237816485687333,4863.289999999324,4895.27999999973,10
72,282,284,287.0,654,654,654.0,4911.279999999351,4927.284999999756,4943.264999999883,1.4142135623730951,2.0,3.0,0.0883607349164213,0.1251564455559523,0.1872659176026934,0.0625000000014779,0.1249609497000569,0.1877346683339285,0.0625000000014779,0.0,0.0,0.0055208206756754,0.0078320679321,0.0116895079651929,0.7853981633974483,0.0,0.0,0.0490873852135012,0.0490720501954128,0.0,0.0001432299577967,0.0001444078260772,0.0002413917417435,73.0,284.3333333333333,654.0,4927.27666666633,2.1380711874576983,0.1335943660250223,0.1250652060118211,0.1250652060118211,0.008347465524322766,0.2617993877991494,0.03271981180297134,0.00017634317520579998,282.0,287.0,654.0,654.0,0.0,0.0625000000014779,0.0625000000014779,0.1877346683339285,0.0883607349164213,0.1872659176026934,0.0055208206756754,0.0116895079651929,0.0,0.7853981633974483,0.0001432299577967,0.0002413917417435,1.4142135623730951,3.0,0.0,0.0490873852135012,4911.279999999351,4943.264999999883,10
73,291,295,298.0,655,655,655.0,4959.284999999909,4975.2049999997325,4991.279999999279,4.123105625617661,4.0,3.0,0.2589890468381494,0.2488335925420202,0.1873828856931798,0.2496878901369246,0.2512562814098187,0.1866251944065151,0.0624219725342311,0.0,0.0,0.0162681562086066,0.015479539194342,0.0117041152835677,0.2449786631268641,0.0,0.0,0.0152920513811777,0.0153881069805011,0.0,0.0002858082548942,4.953624461516294e-05,0.0002348630737717,74.0,294.6666666666667,655.0,4975.256666666307,3.707701875205887,0.23173517502444976,0.22918978865108616,0.22918978865108616,0.014483936895505431,0.08165955437562136,0.010226719453892934,0.00019006919109368763,291.0,298.0,655.0,655.0,0.0,0.0624219725342311,0.1866251944065151,0.2512562814098187,0.1873828856931798,0.2589890468381494,0.0117041152835677,0.0162681562086066,0.0,0.2449786631268641,4.953624461516294e-05,0.0002858082548942,3.0,4.123105625617661,0.0,0.0153881069805011,4959.284999999909,4991.279999999279,10
74,303,313,324.0,655,655,655.0,5007.289999999557,5031.334999999672,5047.199999999975,5.0,10.0,11.0,0.2079434393834957,0.630318310734867,0.6771314250622453,0.3123048094886331,0.4158868787669915,0.6933501418083537,0.0,0.0,0.0,0.0086480947965275,0.0397301172847656,0.0416824515278933,0.0,0.0,0.0,0.0,0.0,0.0,0.0001908819791996,0.0012926605318398,0.0001230592022118,75.0,313.3333333333333,655.0,5028.608333333068,8.666666666666666,0.505131058393536,0.4738472766879928,0.4738472766879928,0.030020221203062136,0.0,0.0,0.0005355339044170667,303.0,324.0,655.0,655.0,0.0,0.0,0.3123048094886331,0.6933501418083537,0.2079434393834957,0.6771314250622453,0.0086480947965275,0.0416824515278933,0.0,0.0,0.0001230592022118,0.0012926605318398,5.0,11.0,0.0,0.0,5007.289999999557,5047.199999999975,10
75,349,387,421.0,655,655,655.0,5063.444999999774,5078.739999999925,5094.814999999471,25.0,38.0,34.0,1.6345210853058587,2.3639191291491923,2.13500784921221,1.5389350569596485,2.484472049664905,2.115085536607172,0.0,0.0,0.0,0.1068663671323776,0.1470556223462493,0.1340664269469925,0.0,0.0,0.0,0.0,0.0,0.0,0.0040125525149455,0.0026276074019924,0.0008080370388568,76.0,385.6666666666667,655.0,5078.9999999997235,32.333333333333336,2.044482687889087,2.046164214410575,2.046164214410575,0.12932947214187313,0.0,0.0,0.0024827323185982334,349.0,421.0,655.0,655.0,0.0,0.0,1.5389350569596485,2.484472049664905,1.6345210853058587,2.3639191291491923,0.1068663671323776,0.1470556223462493,0.0,0.0,0.0008080370388568,0.0040125525149455,25.0,38.0,0.0,0.0,5063.444999999774,5094.814999999471,10
76,446,461,466.0,655,655,655.0,5110.740000000078,5126.7399999997,5142.749999999978,25.0,15.0,5.0,1.5625000000369482,0.9369144284658992,0.3118178983542302,1.5698587126560368,0.9375000000221688,0.3123048094886331,0.0,0.0,0.0,0.0976562500046185,0.0585205764178388,0.0194460803468098,0.0,0.0,0.0,0.0,0.0,0.0,0.0022863533400933,0.0024459795992315,0.0024406306102654,77.0,457.6666666666667,655.0,5126.743333333252,15.0,0.9370774422856925,0.9398878407222796,0.9398878407222796,0.05854096892308904,0.0,0.0,0.0023909878498634,446.0,466.0,655.0,655.0,0.0,0.0,0.3123048094886331,1.5698587126560368,0.3118178983542302,1.5625000000369482,0.0194460803468098,0.0976562500046185,0.0,0.0,0.0022863533400933,0.0024459795992315,5.0,25.0,0.0,0.0,5110.740000000078,5142.749999999978,10
77,467,468,469.0,655,655,655.0,5158.784999999625,5167.144999999437,5191.1449999997785,1.0,1.0,1.0,0.1196172248830812,0.0416666666660729,0.0413479429394695,0.062363579670846,0.1196172248830812,0.0416666666660729,0.0,0.0,0.0,0.0143082804887296,0.0017361111110616,0.0017096523853256,0.0,0.0,0.0,0.0,0.0,0.0,0.0003204115907822,0.0015038480117166,1.1024469056512464e-06,78.0,468.0,655.0,5172.358333332947,1.0,0.0675439448295412,0.07454915707333337,0.07454915707333337,0.0059180146617056,0.0,0.0,0.0006084540164681503,467.0,469.0,655.0,655.0,0.0,0.0,0.0416666666660729,0.1196172248830812,0.0413479429394695,0.1196172248830812,0.0017096523853256,0.0143082804887296,0.0,0.0,1.1024469056512464e-06,0.0015038480117166,1.0,1.0,0.0,0.0,5158.784999999625,5191.1449999997785,10
78,475,480,482.0,654,652,652.0,5215.3299999999945,5231.209999999919,5247.244999999566,6.082762530298219,5.385164807134504,2.0,0.3830454993908748,0.3358381544903688,0.2528445006236268,0.2480876576368172,0.3148614609586734,0.124727159341692,0.0413479429394695,0.1259445843834693,0.0,0.0241212531103711,0.02094406950407,0.0319651707478056,0.1651486774146268,0.3805063771123649,0.0,0.0068285580902688,0.0135615679911058,0.0237297397643119,0.0009266735879613,0.0002000745344027,0.0006873153254741,79.0,479.0,652.6666666666666,5231.2616666664935,4.489309112477574,0.3239093848349568,0.22922542597906084,0.22922542597906084,0.025676831120748905,0.1818850181756639,0.014706621948562168,0.0006046878159460333,475.0,482.0,652.0,654.0,0.0,0.1259445843834693,0.124727159341692,0.3148614609586734,0.2528445006236268,0.3830454993908748,0.02094406950407,0.0319651707478056,0.0,0.3805063771123649,0.0002000745344027,0.0009266735879613,2.0,6.082762530298219,0.0068285580902688,0.0237297397643119,5215.3299999999945,5247.244999999566,10
79,483,485,486.0,652,650,650.0,5255.154999999832,5279.305000000022,5295.149999999921,1.0,2.8284271247461903,1.0,0.0414078674944971,0.1785059719005469,0.041545492314976,0.1264222503118134,0.0828157349889943,0.063111391606586,0.0,0.0828157349889943,0.0,0.0017146114904418,0.0112657602967296,0.0017260279316937,0.0,0.7853981633974483,0.0,0.0,0.0325216630803829,0.0495675710572697,0.0038243437745067,0.0003954927041909,0.0006020657851118,80.0,484.6666666666667,650.6666666666666,5276.536666666591,1.6094757082487299,0.08715311057000667,0.09078312563579789,0.09078312563579789,0.0049021332396217,0.2617993877991494,0.027363078045884198,0.0016073007546031333,483.0,486.0,650.0,652.0,0.0,0.0828157349889943,0.063111391606586,0.1264222503118134,0.0414078674944971,0.1785059719005469,0.0017146114904418,0.0112657602967296,0.0,0.7853981633974483,0.0003954927041909,0.0038243437745067,1.0,2.8284271247461903,0.0,0.0495675710572697,5255.154999999832,5295.149999999921,10
80,487,488,489.0,650,650,649.0,5319.2199999994045,5327.234999999746,5335.309999999481,1.0,1.0,1.4142135623730951,0.1247660636253782,0.1238390092919873,0.0354439489318685,0.041545492314976,0.1247660636253782,0.1238390092919873,0.0,0.0,0.1238390092919873,0.0155665706325719,0.0153361002224209,0.0008883195221072,0.0,0.0,0.7853981633974483,0.0,0.0,0.0972629304548864,0.0005750121604144,2.875488585666516e-05,0.0017891988483947,81.0,488.0,649.6666666666666,5327.2549999995435,1.1380711874576983,0.09468300728307799,0.09671685507744716,0.13799652484144295,0.010596996792366668,0.2617993877991494,0.03242097681829547,0.0007976552982219219,487.0,489.0,649.0,650.0,0.0,0.1238390092919873,0.041545492314976,0.1247660636253782,0.0354439489318685,0.1247660636253782,0.0008883195221072,0.0155665706325719,0.0,0.7853981633974483,2.875488585666516e-05,0.0017891988483947,1.0,1.4142135623730951,0.0,0.0972629304548864,5319.2199999994045,5335.309999999481,10
81,490,492,494.0,649,648,647.0,5375.209999999242,5384.439999999813,5399.36999999918,1.0,2.23606797749979,2.23606797749979,0.1083423618567894,0.1497701257598494,0.1411213617788357,0.0250626566417539,0.2166847237135788,0.1339584728790862,0.0,0.1083423618567894,0.0669792364395431,0.0117380673727074,0.010031488664849,0.0089063655267675,0.0,0.4636476090008061,0.4636476090008061,0.0196841644962943,0.0502326770284005,0.0,0.0002719235050292,0.0001848947679038,7.53598886891607e-05,82.0,492.0,648.0,5386.339999999412,1.8240453183331933,0.1330779497984915,0.12523528441147294,0.14756169655798732,0.010225307188107966,0.3090984060005374,0.02330561384156493,0.00017739272054072023,490.0,494.0,647.0,649.0,0.0,0.1083423618567894,0.0250626566417539,0.2166847237135788,0.1083423618567894,0.1497701257598494,0.0089063655267675,0.0117380673727074,0.0,0.4636476090008061,7.53598886891607e-05,0.0002719235050292,1.0,2.23606797749979,0.0,0.0502326770284005,5375.209999999242,5399.36999999918,10
82,499,506,514.0,647,646,645.0,5415.214999999989,5431.314999999813,5447.234999999637,5.0,7.071067811865476,8.06225774829855,0.3105590062145765,0.4441625510014957,0.5027912534129123,0.3155569580148172,0.4347826087004072,0.5025125628196374,0.0,0.0621118012429153,0.0628140703524546,0.019289379268197,0.0278996577265336,0.0313558623900206,0.0,0.1418970546041639,0.1243549945467614,0.0292614458174275,0.0088134816525289,0.0011018881945726,0.0006552864462543,0.0005347999042503,0.0002170982828847,83.0,506.3333333333333,646.0,5431.254999999813,6.711108520054675,0.41917093687632817,0.4176173765116206,0.4385553999624388,0.026181633128250403,0.08875068305030843,0.013058938554843002,0.00046906154446310004,499.0,514.0,645.0,647.0,0.0,0.0628140703524546,0.3155569580148172,0.5025125628196374,0.3105590062145765,0.5027912534129123,0.019289379268197,0.0313558623900206,0.0,0.1418970546041639,0.0002170982828847,0.0006552864462543,5.0,8.06225774829855,0.0011018881945726,0.0292614458174275,5415.214999999989,5447.234999999637,10
83,519,525,526.0,643,642,641.0,5463.269999999284,5479.274999999689,5487.154999999802,5.385164807134504,6.082762530298219,1.4142135623730951,0.3364676542954258,0.7719241789607078,0.0588152864365294,0.3118178983542302,0.3748828491001708,0.1269035532976597,0.124727159341692,0.0624804748500284,0.1269035532976597,0.0210226588120534,0.0979599211864924,0.0024460505899874,0.3805063771123649,0.1651486774146268,0.7853981633974483,0.0159745171544273,0.0134556513397245,0.078711863702267,0.0006444155645896,0.0048070766868161,0.0121210495679093,84.0,523.3333333333334,642.0,5476.566666666258,4.29404696660194,0.3890690398975543,0.2712014335840202,0.3135026180165734,0.04047621019617773,0.44368440597481335,0.036047344065472935,0.005857513939771666,519.0,526.0,641.0,643.0,0.0624804748500284,0.1269035532976597,0.1269035532976597,0.3748828491001708,0.0588152864365294,0.7719241789607078,0.0024460505899874,0.0979599211864924,0.1651486774146268,0.7853981633974483,0.0006444155645896,0.0121210495679093,1.4142135623730951,6.082762530298219,0.0134556513397245,0.078711863702267,5463.269999999284,5487.154999999802,10
84,529,530,531.0,640,639,639.0,5511.199999999917,5543.20000000007,5583.189999999377,3.1622776601683795,1.4142135623730951,1.0,0.09882117687979,0.0353641801049665,0.1247660636253782,0.1247660636300974,0.0312499999998507,0.0250062515633242,0.0415886878766991,0.0312499999998507,0.0,0.0030881617774786,0.0008843255840354,0.0155665706325719,0.3217505543966422,0.7853981633974483,0.0,0.0192824956955123,0.014488987781206,0.0196398640512894,2.6704561758708632e-05,6.886988104477095e-05,0.000367147913198,85.0,530.0,639.3333333333334,5545.863333333121,1.858830407513825,0.08631714020337823,0.060340771731090766,0.060340771731090766,0.006513019331361967,0.3690495725980301,0.0178037825093359,0.00015424078533382652,529.0,531.0,639.0,640.0,0.0,0.0415886878766991,0.0250062515633242,0.1247660636300974,0.0353641801049665,0.1247660636253782,0.0008843255840354,0.0155665706325719,0.0,0.7853981633974483,2.6704561758708632e-05,0.000367147913198,1.0,3.1622776601683795,0.014488987781206,0.0196398640512894,5511.199999999917,5583.189999999377,10
85,532,533,535.0,638,637,635.0,5591.204999999718,5615.209999999934,5631.28499999948,1.4142135623730951,1.4142135623730951,2.8284271247461903,0.0589132914959545,0.0879759603367364,0.1768319552854491,0.1247660636253782,0.0416579879188092,0.1244167962710101,0.1247660636253782,0.0416579879188092,0.1244167962710101,0.0024542091853957,0.0054728435669811,0.0110554520342754,0.7853981633974483,0.7853981633974483,0.7853981633974483,0.0979910372257012,0.0,0.0,0.0016359777225973,0.0001257502345993,0.000347285130168,86.0,533.3333333333334,636.6666666666666,5612.566666666377,1.885618083164127,0.10790706903938001,0.09694694927173249,0.13841921469540253,0.006327501595550733,0.7853981633974483,0.03266367907523373,0.0007030043624548666,532.0,535.0,635.0,638.0,0.0416579879188092,0.1247660636253782,0.0416579879188092,0.1247660636253782,0.0589132914959545,0.1768319552854491,0.0024542091853957,0.0110554520342754,0.7853981633974483,0.7853981633974483,0.0001257502345993,0.0016359777225973,1.4142135623730951,2.8284271247461903,0.0,0.0979910372257012,5591.204999999718,5631.28499999948,10
86,536,537,539.0,634,633,631.0,5647.279999999228,5663.199999999961,5679.27999999938,1.4142135623730951,1.4142135623730951,2.8284271247461903,0.0888325101952242,0.0879486046283665,0.1768319552753942,0.0625195373564087,0.0628140703488661,0.1243781094572251,0.0625195373564087,0.0628140703488661,0.1243781094572251,0.0055799315446691,0.0054694405865385,0.0110554520330181,0.7853981633974483,0.7853981633974483,0.7853981633974483,0.0,0.0,0.0,0.0003423270077957,6.9403868169284e-06,0.0003473887715597,87.0,537.3333333333334,632.6666666666666,5663.2533333328565,1.885618083164127,0.1178710233663283,0.08323723905416663,0.12469660887324167,0.007368274721408567,0.7853981633974483,0.0,0.0002322187220574428,536.0,539.0,631.0,634.0,0.0625195373564087,0.1243781094572251,0.0625195373564087,0.1243781094572251,0.0879486046283665,0.1768319552753942,0.0054694405865385,0.0110554520330181,0.7853981633974483,0.7853981633974483,6.9403868169284e-06,0.0003473887715597,1.4142135623730951,2.8284271247461903,0.0,0.0,5647.279999999228,5679.27999999938,10
87,544,558,614.0,630,625,619.0,5695.275000000038,5711.1949999998615,5727.199999999357,5.0990195135927845,14.866068747318506,56.32051136131489,0.3202901704553564,0.92883903453841,3.434177521941199,0.3125976867642689,0.8793969849343655,3.4989065918004223,0.0625195373528537,0.3140703517622734,0.3748828491214738,0.0201187293001824,0.0580343039404997,0.2094010684055489,0.1973955598498807,0.3430239404207034,0.1067356726491356,0.0367616507360674,0.0091475113424896,0.0147634031726971,0.0005666319016437,0.0023816315729106,0.0094574673208261,88.0,572.0,624.6666666666666,5711.223333333085,25.42853320740873,1.5611022423116552,1.5636337544996854,1.6885947042068434,0.09585136721541032,0.2157183909732399,0.0202241884170847,0.004135243598460133,544.0,614.0,619.0,630.0,0.0625195373528537,0.3748828491214738,0.3125976867642689,3.4989065918004223,0.3202901704553564,3.434177521941199,0.0201187293001824,0.2094010684055489,0.1067356726491356,0.3430239404207034,0.0005666319016437,0.0094574673208261,5.0990195135927845,56.32051136131489,0.0091475113424896,0.0367616507360674,5695.275000000038,5727.199999999357,10
88,749,1014,1175.0,619,614,602.0,5743.599999999788,5767.344999999295,5783.289999999397,135.0,265.04716561397146,161.4465855941215,5.685407454318722,16.622587997007404,20.488145379668783,8.23170731685697,11.160244262181196,10.097209156411065,0.0,0.2105706464562489,0.7525870178691476,0.239435984604614,1.0424953274946074,2.6000184491589997,0.0,0.0188656860216707,0.0743965988248186,0.0065082727223373,0.0007945119402847,0.0034826536721727,0.0018313973291631,0.0338201449950152,0.0976809734496375,89.0,979.3333333333334,611.6666666666666,5764.744999999493,187.16458373603098,14.265380276998302,9.829720245149742,10.080582584439458,1.2939832537527403,0.0310874282821631,0.0035951461115982333,0.044444171924605265,749.0,1175.0,602.0,619.0,0.0,0.7525870178691476,8.23170731685697,11.160244262181196,5.685407454318722,20.488145379668783,0.239435984604614,2.6000184491589997,0.0,0.0743965988248186,0.0018313973291631,0.0976809734496375,135.0,265.04716561397146,0.0007945119402847,0.0065082727223373,5743.599999999788,5783.289999999397,10
89,1233,1281,1309.0,592,582,569.0,5791.169999999511,5800.289999999222,5815.254999999524,58.85575587824864,49.03060268852505,30.870698080866266,6.453482004398021,3.276351666390596,3.905211648239904,7.360406091264266,5.263157894903289,1.871032408916456,1.2690355329765977,1.0964912281048518,0.8686936184254974,0.7076186408554946,0.2189342911008658,0.4940179187914458,0.1707352114752828,0.2053953891897673,0.4346702151492448,0.0122257122651107,0.0038004580828487,0.0153207367828165,0.2401522599335249,0.0535838102818073,0.0183817993775494,90.0,1274.3333333333333,581.0,5802.2383333327525,46.25235221587999,4.545015106342841,4.8315321316946696,5.121096671169836,0.4735236169159354,0.270266938604765,0.010448969043591966,0.10403928986429388,1233.0,1309.0,569.0,592.0,0.8686936184254974,1.2690355329765977,1.871032408916456,7.360406091264266,3.276351666390596,6.453482004398021,0.2189342911008658,0.7076186408554946,0.1707352114752828,0.4346702151492448,0.0183817993775494,0.2401522599335249,30.870698080866266,58.85575587824864,0.0038004580828487,0.0153207367828165,5791.169999999511,5815.254999999524,10
90,1309,1309,1307.0,568,566,563.0,5823.159999999916,5847.3149999999805,5863.274999999703,1.0,2.0,3.605551275463989,0.0413992962118541,0.1253132832101978,0.1505135159889458,0.0,0.0,0.1253132832101978,0.1265022137824724,0.0827985924237083,0.1879699248152967,0.0017139017268368,0.0078517094744596,0.006283177457361,1.5707963267948966,1.5707963267948966,2.158798930342464,0.1437224682592473,0.0,0.0368422683933449,0.0622775480126771,0.0002541009210352,9.827894844146916e-05,91.0,1308.3333333333333,565.6666666666666,5844.5833333332,2.2018504251546633,0.10574203180366588,0.04177109440339927,0.10442773600849815,0.005282929552885799,1.7667971946440855,0.06018824555086407,0.02087664262738459,1307.0,1309.0,563.0,568.0,0.0827985924237083,0.1879699248152967,0.0,0.1253132832101978,0.0413992962118541,0.1505135159889458,0.0017139017268368,0.0078517094744596,1.5707963267948966,2.158798930342464,9.827894844146916e-05,0.0622775480126771,1.0,3.605551275463989,0.0,0.1437224682592473,5823.159999999916,5863.274999999703,10
91,1306,1303,1298.0,563,562,560.0,5887.229999999363,5911.149999999907,5919.13999999997,1.0,3.1622776601683795,5.385164807134504,0.0418060200659389,0.3957794318076681,0.6619747765346125,0.0417449384268087,0.1254180601978168,0.6257822277797618,0.0,0.0418060200659389,0.2503128911119047,0.0017477433137536,0.0495343469092021,0.0813736664451734,3.141592653589793,2.819842099193151,2.761086276477428,0.0410266634632138,0.013451110133333,0.0073536699268155,0.0001893314190637,0.0019977677087943,0.0039848960620423,92.0,1302.3333333333333,561.6666666666666,5905.839999999746,3.1824808224342944,0.3665200761360732,0.2643150754681291,0.347752705838764,0.04421858555604303,2.9075070097534574,0.0206104811744541,0.0020573317299667666,1298.0,1306.0,560.0,563.0,0.0,0.2503128911119047,0.0417449384268087,0.6257822277797618,0.0418060200659389,0.6619747765346125,0.0017477433137536,0.0813736664451734,2.761086276477428,3.141592653589793,0.0001893314190637,0.0039848960620423,1.0,5.385164807134504,0.0073536699268155,0.0410266634632138,5887.229999999363,5919.13999999997,10
92,1294,1279,1270.0,559,559,559.0,5927.275000000009,5951.42499999929,5967.309999999998,4.123105625617661,15.0,9.0,0.1707290114178216,0.9442870632251577,0.5665722379675336,0.4917025199730928,0.6211180124408489,0.5665722379350946,0.1229256299932732,0.0,0.0,0.0070695242825218,0.0594452038516261,0.0356671223150599,2.896613990462929,3.141592653589793,3.141592653589793,0.0166598296232158,0.0101440440221182,0.0,0.0091338834864536,0.0021687651996133,0.0014968889855528,93.0,1281.0,559.0,5948.669999999765,9.374368541872554,0.5605294375368376,0.5597975901163453,0.5597975901163453,0.0340606168164026,3.0599330992141716,0.008934624548444667,0.0042665125572065666,1270.0,1294.0,559.0,559.0,0.0,0.1229256299932732,0.4917025199730928,0.6211180124408489,0.1707290114178216,0.9442870632251577,0.0070695242825218,0.0594452038516261,2.896613990462929,3.141592653589793,0.0014968889855528,0.0091338834864536,4.123105625617661,15.0,0.0,0.0166598296232158,5927.275000000009,5967.309999999998,10
93,1264,1259,1245.0,559,559,560.0,5983.194999999796,5999.189999999544,6015.194999999949,6.0,5.0,14.0356688476182,0.3751172241384523,0.3124023742501424,0.8744965014491151,0.3777148253116891,0.3125976867820436,0.8747266479003987,0.0,0.0,0.0624804748500284,0.0234521553075563,0.0195190486874252,0.0544857633326477,3.141592653589793,3.141592653589793,3.070285188804503,0.0,0.0,0.0044553242601366,0.0007689623549045,0.000245896006264,0.0021847369349789,94.0,1256.0,559.3333333333334,5999.193333333096,8.345222949206066,0.5206720332792366,0.5216797199980437,0.5425065449480533,0.0324856557758764,3.117823498661363,0.0014851080867121999,0.0010665317653824667,1245.0,1264.0,559.0,560.0,0.0,0.0624804748500284,0.3125976867820436,0.8747266479003987,0.3124023742501424,0.8744965014491151,0.0195190486874252,0.0544857633326477,3.070285188804503,3.141592653589793,0.000245896006264,0.0021847369349789,5.0,14.0356688476182,0.0,0.0044553242601366,5983.194999999796,6015.194999999949,10
94,1221,1190,1168.0,562,562,562.0,6031.244999999217,6047.189999999318,6063.304999999673,24.08318915758459,31.0,22.0,1.510391292407098,1.9236735959862292,1.3810420590453518,1.4953271028719328,1.9441831294952976,1.36518771328055,0.1246105919059944,0.0,0.0,0.0947250732140154,0.1193716162546642,0.0866944167660102,3.058451421701352,3.141592653589793,3.141592653589793,0.0007373063616006,0.0052142509807407,0.0,0.0025071221111029,0.0015457223606454,0.0020277505111967,95.0,1193.0,562.0,6047.246666666069,25.694396385861534,1.6050356491462263,1.6015659818825936,1.6015659818825936,0.10026370207822993,3.1138789096269797,0.0019838524474471,0.002026864994315,1168.0,1221.0,562.0,562.0,0.0,0.1246105919059944,1.36518771328055,1.9441831294952976,1.3810420590453518,1.9236735959862292,0.0866944167660102,0.1193716162546642,3.058451421701352,3.141592653589793,0.0015457223606454,0.0025071221111029,22.0,31.0,0.0,0.0052142509807407,6031.244999999217,6063.304999999673,10
95,1158,1154,1154.0,562,562,560.0,6079.234999999244,6087.189999999282,6111.139999999978,10.0,4.0,2.0,1.25707102450686,0.167014613773855,0.0826787928893174,0.6277463904751599,0.5028284098027441,0.0,0.0,0.0,0.0835073068869275,0.1580227560654727,0.0069734703035074,0.0034178913968173,3.141592653589793,3.141592653589793,1.5707963267948966,0.0,0.0,0.0655864854592599,0.0044776107533825,0.0189879680403823,0.0001484584094608,96.0,1155.3333333333333,561.3333333333334,6092.521666666168,5.333333333333333,0.5022548103900107,0.3768582667593014,0.4046940357216105,0.0561380392552658,2.6179938779914944,0.021862161819753298,0.007871345734408532,1154.0,1158.0,560.0,562.0,0.0,0.0835073068869275,0.0,0.6277463904751599,0.0826787928893174,1.25707102450686,0.0034178913968173,0.1580227560654727,1.5707963267948966,3.141592653589793,0.0001484584094608,0.0189879680403823,2.0,10.0,0.0,0.0655864854592599,6079.234999999244,6111.139999999978,10
96,1154,1153,1152.0,558,558,558.0,6135.330000000067,6191.334999999526,6199.154999999337,2.0,1.0,1.0,0.0357110972238071,0.1278772378547606,0.0619195046425066,0.0,0.0178555486119035,0.1278772378547606,0.0826787928893174,0.0,0.0,0.0006376412324641,0.016352587961363,0.0038340250551734,1.5707963267948966,3.141592653589793,3.141592653589793,0.0,0.0280474301724858,0.0,0.0001149338637595,0.0002805989952513,0.0016008392463545,97.0,1153.0,558.0,6175.273333332977,1.3333333333333333,0.07516927990702477,0.048577595488888035,0.048577595488888035,0.006941418083000167,2.6179938779914944,0.009349143390828601,0.0006654573684551,1152.0,1154.0,558.0,558.0,0.0,0.0826787928893174,0.0,0.1278772378547606,0.0357110972238071,0.1278772378547606,0.0006376412324641,0.016352587961363,1.5707963267948966,3.141592653589793,0.0001149338637595,0.0016008392463545,1.0,2.0,0.0,0.0280474301724858,6135.330000000067,6199.154999999337,10
97,1149,1146,1145.0,558,558,558.0,6215.3049999997165,6231.1949999993885,6350.9449999992285,3.0,3.0,1.0,0.1887979861587115,0.0458820830466556,0.0637551801071511,0.18575851392752,0.1887979861587115,0.0183941874367829,0.0,0.0,0.0,0.011881559859195,0.0007017218482334,0.0040647229904952,3.141592653589793,3.141592653589793,3.141592653589793,0.0,0.0,0.057787044120151,0.0004982993686583,0.00070357696735,7.47672765657712e-05,98.0,1146.6666666666667,558.0,6265.814999999445,2.3333333333333335,0.09947841643750606,0.13098356250767146,0.13098356250767146,0.005549334899307866,3.141592653589793,0.019262348040050333,0.00042554787085802374,1145.0,1149.0,558.0,558.0,0.0,0.0,0.0183941874367829,0.1887979861587115,0.0458820830466556,0.1887979861587115,0.0007017218482334,0.011881559859195,3.141592653589793,3.141592653589793,7.47672765657712e-05,0.00070357696735,1.0,3.0,0.0,0.057787044120151,6215.3049999997165,6350.9449999992285,10
98,1140,1127,1094.0,564,569,593.0,6382.574999999633,6398.509999999988,6503.130000000056,7.810249675906654,13.92838827718412,40.80441152620633,0.490131765028745,0.1331331320701113,2.5336486511625256,0.3135779241121448,0.8158142453536896,0.3154272605618287,0.3762935089345738,0.3137747097514191,0.2294016440449663,0.030758190462369,0.0012725399739057,0.1573206241049424,2.2655346029916,2.774418819771574,2.5127963671743605,0.1420843275620676,0.0319349994834429,0.0025006925310365,0.0019290179029271,0.0018503702847698,0.0014915702937386,99.0,1120.3333333333333,575.3333333333334,6428.0716666665585,20.8476831597657,1.0523045160871274,0.4816064766758877,0.5580736913575431,0.0631171181804057,2.5175832633125115,0.05884000652551566,0.0017569861604785,1094.0,1140.0,564.0,593.0,0.2294016440449663,0.3762935089345738,0.3135779241121448,0.8158142453536896,0.1331331320701113,2.5336486511625256,0.0012725399739057,0.1573206241049424,2.2655346029916,2.774418819771574,0.0014915702937386,0.0019290179029271,7.810249675906654,40.80441152620633,0.0025006925310365,0.1420843275620676,6382.574999999633,6503.130000000056,10
99,1078,1061,1043.0,602,609,618.0,6519.234999999753,6535.210000000006,6551.279999999679,18.35755975068582,18.384776310850235,20.12461179749811,1.149143020369005,1.144043329883332,1.263711886837087,0.9934802856442356,1.0641627542867325,1.1200995644285667,0.5588326606748826,0.438184663529831,0.5600497822142834,0.0719338353897208,0.0711912464160959,0.07935396463806,2.6292031932790554,2.7509856098921066,2.677945044588987,0.0072279929280894,0.0076233124639199,0.00454515029898,0.0053018807026901,4.64844427926854e-05,0.0005079476180541,100.0,1060.6666666666667,609.6666666666666,6535.241666666479,18.95564928634472,1.1856327456964746,1.0592475347865116,1.245930795524606,0.07415968214795889,2.68604461592005,0.0064654852303297665,0.0019521042545122952,1043.0,1078.0,602.0,618.0,0.438184663529831,0.5600497822142834,0.9934802856442356,1.1200995644285667,1.144043329883332,1.263711886837087,0.0711912464160959,0.07935396463806,2.6292031932790554,2.7509856098921066,4.64844427926854e-05,0.0053018807026901,18.35755975068582,20.12461179749811,0.00454515029898,0.0076233124639199,6519.234999999753,6551.279999999679,10
100,1027,1014,1009.0,624,629,630.0,6567.204999999376,6583.2000000000335,6599.189999999908,17.08800749063506,13.92838827718412,5.0990195135927845,1.0683343225966038,0.8710686852591393,0.3184896635723762,1.0047095761572438,0.8127539855870991,0.3126954346491128,0.3767660910589663,0.3125976867642689,0.0625390869298225,0.0667917675869141,0.0544758402292675,0.019893170742344,2.782821983319221,2.774418819771574,2.9441970937399127,0.0065856790412701,0.0005253618972992,0.0106177782345011,0.0007888349796787,0.0007699860804714,0.002162768573308,101.0,1016.6666666666666,627.6666666666666,6583.198333333105,12.038471760470655,0.7526308904760398,0.7100529987978185,0.7308993611077593,0.047053592852841865,2.833812632276903,0.005909606391023466,0.0012405298778193667,1009.0,1027.0,624.0,630.0,0.0625390869298225,0.3767660910589663,0.3126954346491128,1.0047095761572438,0.3184896635723762,1.0683343225966038,0.019893170742344,0.0667917675869141,2.774418819771574,2.9441970937399127,0.0007699860804714,0.002162768573308,5.0990195135927845,17.08800749063506,0.0005253618972992,0.0106177782345011,6567.204999999376,6599.189999999908,10
101,1006,1004,1002.0,632,632,632.0,6615.199999999277,6631.259999999202,6647.274999999354,3.605551275463989,2.0,2.0,0.2245050607397787,0.1248829222591939,0.1226993865013477,0.1873828857038247,0.1245330012459122,0.1248829222591939,0.1249219238025498,0.0,0.0,0.0139791445044102,0.0077978721359979,0.0075275697239035,2.5535900500422257,3.141592653589793,3.141592653589793,0.0243976916747708,0.0366128644800944,0.0,0.0003693957675307,0.0003848861997784,1.6878077558028044e-05,102.0,1004.0,632.0,6631.244999999278,2.5351837584879964,0.15736245650010675,0.1455996030696436,0.1455996030696436,0.009768195454770534,2.945591785740604,0.020336852051621734,0.00025705334828904266,1002.0,1006.0,632.0,632.0,0.0,0.1249219238025498,0.1245330012459122,0.1873828857038247,0.1226993865013477,0.2245050607397787,0.0075275697239035,0.0139791445044102,2.5535900500422257,3.141592653589793,1.6878077558028044e-05,0.0003848861997784,2.0,3.605551275463989,0.0,0.0366128644800944,6615.199999999277,6647.274999999354,10
102,1000,998,994.0,632,632,632.0,6663.574999999582,6679.264999999759,6703.28999999947,2.0,2.0,4.0,0.1274697259386516,0.0832466181071428,0.2496878901369246,0.1226993865013477,0.1274697259386516,0.1664932362142857,0.0,0.0,0.0,0.0081242655154374,0.0034649997131382,0.0155860106202572,3.141592653589793,3.141592653589793,3.141592653589793,0.0,0.0,0.0,3.6607103774574366e-05,0.0002969576674472,0.0005045165830287,103.0,997.3333333333334,632.0,6682.043333332937,2.6666666666666665,0.15346807806090634,0.13888744955142832,0.13888744955142832,0.009058425282944267,3.141592653589793,0.0,0.00027936045141682475,994.0,1000.0,632.0,632.0,0.0,0.0,0.1226993865013477,0.1664932362142857,0.0832466181071428,0.2496878901369246,0.0034649997131382,0.0155860106202572,3.141592653589793,3.141592653589793,3.6607103774574366e-05,0.0005045165830287,2.0,4.0,0.0,0.0,6663.574999999582,6703.28999999947,10
103,992,988,982.0,632,632,630.0,6719.309999999496,6735.18999999942,6751.309999999648,2.0,4.0,6.324555320336759,0.1259445843834693,0.2481389578128648,0.3982717456150365,0.1248439450684623,0.2518891687669387,0.3722084367192972,0.0,0.0,0.1240694789064324,0.0079310191677624,0.0153932355961136,0.0250800847365823,3.141592653589793,3.141592653589793,2.819842099193151,0.0,0.0,0.0199597118109235,0.0004778396661974,0.000469912873324,0.0006009211625515,104.0,987.3333333333334,631.3333333333334,6735.269999999521,4.10818510677892,0.2574517626037902,0.2496471835182327,0.2910036764870435,0.0161347798334861,3.0343424687909124,0.006653237270307834,0.0005162245673576333,982.0,992.0,630.0,632.0,0.0,0.1240694789064324,0.1248439450684623,0.3722084367192972,0.1259445843834693,0.3982717456150365,0.0079310191677624,0.0250800847365823,2.819842099193151,3.141592653589793,0.000469912873324,0.0006009211625515,2.0,6.324555320336759,0.0,0.0199597118109235,6719.309999999496,6751.309999999648,10
104,973,968,964.0,629,628,628.0,6767.189999999573,6782.93499999927,6799.089999999524,9.055385138137416,5.0990195135927845,4.0,0.5751276683589498,0.3156310438571819,0.4860267314485575,0.5667506297256122,0.3175611305237352,0.2476013618036047,0.0629722921917346,0.063512226104747,0.0,0.0365276385119096,0.0195376690716328,0.059055495920642,3.0309354324158977,2.9441970937399127,3.141592653589793,0.01329303105943,0.0055089449779392,0.0122188523582038,0.0007208787012205,0.0010790707806035,0.0024461669358334,105.0,968.3333333333334,628.3333333333334,6783.071666666122,6.0514682172434,0.45892848122156304,0.3773043740176507,0.3773043740176507,0.03837360116806147,3.038908393248535,0.010340276131857666,0.0014153721392191332,964.0,973.0,628.0,629.0,0.0,0.063512226104747,0.2476013618036047,0.5667506297256122,0.3156310438571819,0.5751276683589498,0.0195376690716328,0.059055495920642,2.9441970937399127,3.141592653589793,0.0007208787012205,0.0024461669358334,4.0,9.055385138137416,0.0055089449779392,0.01329303105943,6767.189999999573,6799.089999999524,10
105,963,961,960.0,627,627,627.0,6807.319999999891,6903.369999999995,6935.199999999895,1.4142135623730951,2.0,1.0,0.0147237226691468,0.0628338045870653,0.0312744331510215,0.1215066828621393,0.0208224882873276,0.0314169022935326,0.1215066828621393,0.0,0.0,0.000153292271412,0.0019740434994427,0.0009780901689177,2.356194490192345,3.141592653589793,3.141592653589793,0.0954311255604404,0.0081769720291159,0.0,0.0071570113786881,1.8956285559903048e-05,3.128976847402375e-05,106.0,961.3333333333334,627.0,6881.96333333326,1.4714045207910316,0.036277320135744535,0.05791535781433316,0.05791535781433316,0.0010351419799241332,2.8797932657906435,0.034536032529852094,0.0024024191442406756,960.0,963.0,627.0,627.0,0.0,0.1215066828621393,0.0208224882873276,0.1215066828621393,0.0147237226691468,0.0628338045870653,0.000153292271412,0.0019740434994427,2.356194490192345,3.141592653589793,1.8956285559903048e-05,0.0071570113786881,1.0,2.0,0.0,0.0954311255604404,6807.319999999891,6935.199999999895,10
106,958,957,957.0,627,626,625.0,6967.17499999977,6999.199999999291,7015.284999999494,2.0,1.4142135623730951,1.0,0.0624512099931272,0.0879212659219931,0.0207986688849828,0.0625488663020431,0.0312256049965636,0.0,0.0,0.0312256049965636,0.062169723343947,0.0019500768148028,0.0054660407784199,0.0004325846273871,3.141592653589793,2.356194490192345,1.5707963267948966,0.0,0.0245245328152752,0.0488279865332635,3.039833138041986e-05,0.00010978810191,0.0003129285763735,107.0,957.3333333333334,626.0,6993.886666666185,1.4714045207910316,0.05705704826670104,0.03125815709953556,0.051981398214184564,0.0026162340735366003,2.356194490192345,0.024450839782846234,0.00015103833655463996,957.0,958.0,625.0,627.0,0.0,0.062169723343947,0.0,0.0625488663020431,0.0207986688849828,0.0879212659219931,0.0004325846273871,0.0054660407784199,1.5707963267948966,3.141592653589793,3.039833138041986e-05,0.0003129285763735,1.0,2.0,0.0,0.0488279865332635,6967.17499999977,7015.284999999494,10
107,955,954,952.0,625,625,625.0,7063.364999999976,7095.19999999975,7111.144999999851,2.0,1.0,2.0,0.0628239359200322,0.0627155848224289,0.0833680700302731,0.0415973377699657,0.0314119679600161,0.1254311696448579,0.0,0.0,0.0,0.0019734234622421,0.0039332445796192,0.0034751175502862,3.141592653589793,3.141592653589793,3.141592653589793,0.0326704726867543,0.0,0.0,3.204739673127197e-05,6.156183814641322e-05,2.8731704567582303e-05,108.0,953.6666666666666,625.0,7089.903333333193,1.6666666666666667,0.06963586359091141,0.06614682512494656,0.06614682512494656,0.0031272618640491665,3.141592653589793,0.010890157562251432,4.07803131484225e-05,952.0,955.0,625.0,625.0,0.0,0.0,0.0314119679600161,0.1254311696448579,0.0627155848224289,0.0833680700302731,0.0019734234622421,0.0039332445796192,3.141592653589793,3.141592653589793,2.8731704567582303e-05,6.156183814641322e-05,1.0,2.0,0.0,0.0326704726867543,7063.364999999976,7111.144999999851,10
108,951,950,949.0,624,624,624.0,7135.134999999536,7167.404999999235,7191.280000000006,1.4142135623730951,1.0,1.0,0.0438244054039761,0.0418848167525736,0.126823081801089,0.0416840350151365,0.0309885342426198,0.0418848167525736,0.0416840350151365,0.0,0.0,0.0013580540875235,0.0017543378743966,0.0160840940775257,2.356194490192345,3.141592653589793,3.141592653589793,0.0327385645438831,0.0243383378805325,0.0,8.824774751106643e-05,1.2280253699312332e-05,0.0006001992126771,109.0,950.0,624.0,7164.606666666259,1.1380711874576983,0.0708441013192129,0.03818579533677663,0.03818579533677663,0.006398828679815266,2.8797932657906435,0.019025634141471865,0.00023357573796249295,949.0,951.0,624.0,624.0,0.0,0.0416840350151365,0.0309885342426198,0.0418848167525736,0.0418848167525736,0.126823081801089,0.0013580540875235,0.0160840940775257,2.356194490192345,3.141592653589793,1.2280253699312332e-05,0.0006001992126771,1.0,1.4142135623730951,0.0,0.0327385645438831,7135.134999999536,7191.280000000006,10
109,948,947,945.0,623,622,622.0,7199.164999999994,7215.159999999742,7231.1549999994895,1.4142135623730951,1.4142135623730951,2.0,0.0884159776427245,0.0884159776427245,0.0833506980604696,0.126823081801089,0.0625195373564087,0.1250390747128174,0.126823081801089,0.0625195373564087,0.0,0.0055277260171377,0.0055277260171377,0.0034736694335837,2.356194490192345,2.356194490192345,3.141592653589793,0.0996066155229796,0.0,0.0491027298161815,0.0013387911300449,0.0,0.0001284186673076,110.0,946.6666666666666,622.3333333333334,7215.159999999742,1.6094757082487299,0.08672755111530621,0.1047938979567717,0.1047938979567717,0.004843040489286367,2.6179938779914944,0.04956978177972037,0.0004890699324508333,945.0,948.0,622.0,623.0,0.0,0.126823081801089,0.0625195373564087,0.126823081801089,0.0833506980604696,0.0884159776427245,0.0034736694335837,0.0055277260171377,2.356194490192345,3.141592653589793,0.0,0.0013387911300449,1.4142135623730951,2.0,0.0,0.0996066155229796,7199.164999999994,7231.1549999994895,10
110,945,943,942.0,621,621,621.0,7255.149999999958,7271.294999999554,7279.164999999921,1.0,2.0,1.0,0.0619386807076484,0.2541296060872786,0.0414679659975475,0.0,0.1238773614152969,0.1270648030436393,0.0416753490302348,0.0,0.0,0.003836400167804,0.0322909283450376,0.0017195922039737,1.5707963267948966,3.141592653589793,3.141592653589793,0.0654634851745881,0.0972930521420961,0.0,1.5116929952621823e-05,0.0017624359354564,0.0038845408055451,111.0,943.3333333333334,621.0,7268.536666666478,1.3333333333333333,0.11917875093082482,0.08364738815297873,0.08364738815297873,0.012615640238938434,2.6179938779914944,0.054252179105561404,0.0018873645569847074,942.0,945.0,621.0,621.0,0.0,0.0416753490302348,0.0,0.1270648030436393,0.0414679659975475,0.2541296060872786,0.0017195922039737,0.0322909283450376,1.5707963267948966,3.141592653589793,1.5116929952621823e-05,0.0038845408055451,1.0,2.0,0.0,0.0972930521420961,7255.149999999958,7279.164999999921,10
111,940,939,937.0,620,619,618.0,7303.279999999177,7319.19999999991,7367.19499999981,2.23606797749979,1.4142135623730951,2.23606797749979,0.1404565312435187,0.0294658519090742,0.0696269026156453,0.0829359319950951,0.0628140703488661,0.0416710073966899,0.0414679659975475,0.0628140703488661,0.0208355036983449,0.0088226464344881,0.0006139358664264,0.0021680492796418,2.677945044588987,2.356194490192345,2.677945044588987,0.0192265232848896,0.0202104619586573,0.0067038348660757,0.0002945492113097,0.0005156225230957,3.238073576869743e-05,112.0,938.6666666666666,619.0,7329.891666666299,1.9621165057908916,0.07984976192274607,0.062473669913550356,0.06941883781299867,0.0038682105268521005,2.5706948597901063,0.0153802733698742,0.0002808508233913658,937.0,940.0,618.0,620.0,0.0208355036983449,0.0628140703488661,0.0416710073966899,0.0829359319950951,0.0294658519090742,0.1404565312435187,0.0006139358664264,0.0088226464344881,2.356194490192345,2.677945044588987,3.238073576869743e-05,0.0005156225230957,1.4142135623730951,2.23606797749979,0.0067038348660757,0.0202104619586573,7303.279999999177,7367.19499999981,10
112,936,927,921.0,618,608,599.0,7399.309999999787,7439.329999999245,7447.154999999839,1.0,13.45362404707371,10.816653826391969,0.0249875062472147,1.719312977131364,1.1782847305418822,0.0311380974622681,0.2248875562249326,0.7667731628811186,0.0,0.2498750624721473,1.1501597443216778,0.0006243754684545,0.219720508242928,0.1283534564858363,3.141592653589793,2.3036114285814038,2.158798930342464,0.0144371044372147,0.0209390610949458,0.0185063895498979,4.806706558269886e-05,0.0054746659864427,0.0116763005431513,113.0,928.0,608.3333333333334,7428.598333332957,8.423425957821893,0.9741950713068203,0.3409329388561064,0.7243195202966657,0.1162327800657396,2.534667670837887,0.017960851694019467,0.005733011198392233,921.0,936.0,599.0,618.0,0.0,1.1501597443216778,0.0311380974622681,0.7667731628811186,0.0249875062472147,1.719312977131364,0.0006243754684545,0.219720508242928,2.158798930342464,3.141592653589793,4.806706558269886e-05,0.0116763005431513,1.0,13.45362404707371,0.0144371044372147,0.0209390610949458,7399.309999999787,7447.154999999839,10
113,910,861,803.0,578,517,459.0,7456.334999999854,7471.340000000055,7487.269999999626,23.706539182259394,78.24321056807422,82.02438661763951,1.5799093090264351,4.911689301329647,5.134546893041591,1.1982570806080843,3.265578140576026,3.640929064755928,2.2875816993427063,4.06531156275791,3.640929064755928,0.1052921898703938,0.3083295230045146,0.3214113861007955,2.0533096218173736,2.247533274351757,2.356194490192345,0.0114912100789672,0.0129439288591656,0.0068211686028571,0.0025121205463404,0.0135313117715027,0.000821209233938,114.0,858.0,518.0,7471.648333333178,61.32471212265771,3.875381834465891,2.701588095313346,3.915231116898656,0.2450110329919013,2.219012462120492,0.010418769180329968,0.0056215471839270335,803.0,910.0,459.0,578.0,2.2875816993427063,4.06531156275791,1.1982570806080843,3.640929064755928,1.5799093090264351,5.134546893041591,0.1052921898703938,0.3214113861007955,2.0533096218173736,2.356194490192345,0.000821209233938,0.0135313117715027,23.706539182259394,82.02438661763951,0.0068211686028571,0.0129439288591656,7456.334999999854,7487.269999999626,10
114,758,733,723.0,422,396,380.0,7503.244999999879,7519.274999999652,7535.2699999994,58.25804665451803,36.069377593742864,18.867962264113206,3.634313578000125,2.2550407998944184,1.1785110720665186,2.8169014084060566,1.5595757954057134,0.6251953735640872,2.316118935800535,1.6219588272219418,1.000312597702539,0.2267194995665331,0.1409841075292248,0.0736109351683957,2.453447688443911,2.33658915933514,2.129395642138459,0.0060878371361517,0.0072899893393901,0.0129536428383836,0.0059275046342886,0.0053484336892402,0.0042121395662326,115.0,738.0,399.3333333333333,7519.263333332977,37.7317955041247,2.3559551499870204,1.667224192458619,2.000661725026132,0.14710484742138452,2.30647749663917,0.008777156437975133,0.0051626926299204665,723.0,758.0,380.0,422.0,1.000312597702539,2.316118935800535,0.6251953735640872,2.8169014084060566,1.1785110720665186,3.634313578000125,0.0736109351683957,0.2267194995665331,2.129395642138459,2.453447688443911,0.0042121395662326,0.0059275046342886,18.867962264113206,58.25804665451803,0.0060878371361517,0.0129536428383836,7503.244999999879,7535.2699999994,10
115,717,715,715.0,372,368,366.0,7551.279999999679,7567.259999999806,7583.569999999781,10.0,4.47213595499958,2.0,0.6257822277797618,0.2741959506441571,0.2702702702882874,0.3747657713863597,0.1251564455559523,0.0,0.4996876951818129,0.2503128911119047,0.1226241569591025,0.0391603396605001,0.0168115236446697,0.0365230095008519,2.214297435588181,2.0344439357957027,1.5707963267948966,0.0053030476857117,0.0112549123774123,0.0284271985899137,0.0021518173333726,0.0013985491874626,0.0012085521677628,116.0,715.6666666666666,368.6666666666667,7567.369999999755,5.49071198499986,0.3900828162374021,0.16664073898077067,0.2075154579671382,0.0308316242686739,1.9398458993929266,0.014995052884345899,0.0015863062295326665,715.0,717.0,366.0,372.0,0.1226241569591025,0.4996876951818129,0.0,0.3747657713863597,0.2702702702882874,0.6257822277797618,0.0168115236446697,0.0391603396605001,1.5707963267948966,2.214297435588181,0.0012085521677628,0.0021518173333726,2.0,10.0,0.0053030476857117,0.0284271985899137,7551.279999999679,7583.569999999781,10
116,714,713,712.0,365,364,363.0,7590.969999999288,7623.349999999846,7639.279999999417,1.4142135623730951,1.4142135623730951,1.4142135623730951,0.043675526940974,0.0887767459140728,0.0888883445861921,0.1351351351441437,0.0308832612718585,0.0627746390475159,0.1351351351441437,0.0308832612718585,0.0627746390475159,0.0013488427097041,0.0055729281805689,0.0055869481197841,2.356194490192345,2.356194490192345,2.356194490192345,0.1061348869526764,0.0,0.0,0.0047532657829044,0.0001304535352313,8.800966237029523e-07,117.0,713.0,364.0,7617.866666666184,1.4142135623730951,0.0737802058137463,0.07626434515450603,0.09718922483701133,0.004169573003352366,2.356194490192345,0.03537829565089213,0.001628199804919801,712.0,714.0,363.0,365.0,0.0308832612718585,0.1351351351441437,0.0308832612718585,0.1351351351441437,0.043675526940974,0.0888883445861921,0.0013488427097041,0.0055869481197841,2.356194490192345,2.356194490192345,8.800966237029523e-07,0.0047532657829044,1.4142135623730951,1.4142135623730951,0.0,0.1061348869526764,7590.969999999288,7639.279999999417,10
117,708,703,698.0,360,357,354.0,7655.189999999493,7671.144999999342,7687.259999999696,5.0,5.830951894845301,5.830951894845301,0.3133813851486892,0.3618338128896702,0.3658062669235847,0.251414204901372,0.3133813851486892,0.3102699348364886,0.188560653676029,0.1880288310892135,0.1861619609018931,0.0196415785115422,0.0224532307093832,0.022948950245819,2.498091544796509,2.601173153319209,2.601173153319209,0.0089187337902881,0.0064607714524397,0.0,0.0008833834312816,0.0001762238920631,3.076137365342011e-05,118.0,703.0,357.0,7671.1983333328435,5.553967929896867,0.34700715498731466,0.29168850829551657,0.3537424952628143,0.021681253155581465,2.5668126171449757,0.005126501747575934,0.0003634562323327067,698.0,708.0,354.0,360.0,0.1861619609018931,0.188560653676029,0.251414204901372,0.3133813851486892,0.3133813851486892,0.3658062669235847,0.0196415785115422,0.022948950245819,2.498091544796509,2.601173153319209,3.076137365342011e-05,0.0008833834312816,5.0,5.830951894845301,0.0,0.0089187337902881,7655.189999999493,7687.259999999696,10
118,694,690,687.0,352,350,350.0,7703.199999999924,7719.199999999546,7735.18999999942,4.47213595499958,4.47213595499958,3.0,0.2795084971940832,0.2796832992517038,0.1874414245500854,0.2509410288546307,0.2500000000059117,0.1876172607894677,0.1254705144273153,0.1250000000029558,0.0,0.0174692810750432,0.0174911381647218,0.0117114292124551,2.677945044588987,2.677945044588987,3.141592653589793,0.0048163043455884,0.0,0.0289960981241058,0.0003437684548743,1.366068104944245e-06,0.0003614577205948,119.0,690.3333333333334,350.6666666666667,7719.196666666297,3.9814239699997196,0.2488777403319575,0.22951942988333673,0.22951942988333673,0.015557282817406698,2.832494247589256,0.011270800823231399,0.00023553074785801474,687.0,694.0,350.0,352.0,0.0,0.1254705144273153,0.1876172607894677,0.2509410288546307,0.1874414245500854,0.2796832992517038,0.0117114292124551,0.0174911381647218,2.677945044588987,3.141592653589793,1.366068104944245e-06,0.0003614577205948,3.0,4.47213595499958,0.0,0.0289960981241058,7703.199999999924,7735.18999999942,10
119,686,685,682.0,349,349,349.0,7751.194999999825,7767.329999999674,7791.124999999738,1.4142135623730951,1.0,3.0,0.0876488108079522,0.0420256356376264,0.3742981908761346,0.0624804748500284,0.0619770684852397,0.1260769069128793,0.0624804748500284,0.0,0.0,0.0054322163500942,0.0017661540507465,0.0466997118977157,2.356194490192345,3.141592653589793,3.141592653589793,0.0490720501954128,0.0486766757610651,0.0,0.0003923282013247,0.0002272117941978,0.0018883613299789,120.0,684.3333333333334,349.0,7769.8833333330795,1.804737854124365,0.16799087910723773,0.08351148341604912,0.08351148341604912,0.017966027432852135,2.8797932657906435,0.0325829086521593,0.0008359671085004667,682.0,686.0,349.0,349.0,0.0,0.0624804748500284,0.0619770684852397,0.1260769069128793,0.0420256356376264,0.3742981908761346,0.0017661540507465,0.0466997118977157,2.356194490192345,3.141592653589793,0.0002272117941978,0.0018883613299789,1.0,3.0,0.0,0.0490720501954128,7751.194999999825,7791.124999999738,10
120,682,680,679.0,350,351,351.0,7799.140000000079,7823.269999999866,7831.14999999998,1.0,2.23606797749979,1.0,0.041442188147901,0.2837649717598348,0.0414679659975475,0.0,0.0828843762958021,0.1269035532976597,0.1247660636253782,0.041442188147901,0.0,0.001717454958486,0.0360107832177331,0.0017195922039737,1.5707963267948966,2.677945044588987,3.141592653589793,0.1959820744514024,0.0458826654705301,0.0588385290601663,0.005612259131293,0.0014211905619374,0.0043516739864548,121.0,680.3333333333334,350.6666666666667,7817.853333333308,1.4120226591665965,0.12222504196842776,0.06992930986448727,0.06992930986448727,0.013149276793397599,2.4634446749912255,0.10023442299403294,0.0037950412265617336,679.0,682.0,350.0,351.0,0.0,0.1247660636253782,0.0,0.1269035532976597,0.041442188147901,0.2837649717598348,0.001717454958486,0.0360107832177331,1.5707963267948966,3.141592653589793,0.0014211905619374,0.005612259131293,1.0,2.23606797749979,0.0458826654705301,0.1959820744514024,7799.140000000079,7831.14999999998,10
121,676,675,674.0,353,353,357.0,7855.264999999235,7863.139999999476,7990.544999999656,3.605551275463989,1.0,4.123105625617661,0.4578477809973405,0.0174672489083457,0.2580973787513183,0.1244038979926427,0.1269841269802552,0.0632111251595407,0.0829359319950951,0.0,0.2528445006381629,0.0581394007597943,0.0003051047844261,0.0161563304380111,2.5535900500422257,3.141592653589793,1.8157749899217608,0.0243832719703799,0.074666997273605,0.1147771801495082,0.0023396147027809,0.0073440375839498,0.001021259825436,122.0,675.0,354.3333333333333,7902.983333332789,2.90955230036055,0.24447080288566816,0.10486638337747954,0.18914788359020052,0.0248669453274105,2.503652564517927,0.0712758164644977,0.0035683040373889,674.0,676.0,353.0,357.0,0.0,0.2528445006381629,0.0632111251595407,0.1269841269802552,0.0174672489083457,0.4578477809973405,0.0003051047844261,0.0581394007597943,1.8157749899217608,3.141592653589793,0.001021259825436,0.0073440375839498,1.0,4.123105625617661,0.0243832719703799,0.1147771801495082,7855.264999999235,7990.544999999656,10
122,674,668,657.0,361,364,369.0,8006.519999999909,8022.484999999506,8038.514999999279,4.0,6.708203932499369,12.083045973594572,0.2505480739180168,0.4184780993508575,0.372588528323113,0.0,0.3758221108770253,0.6862133499785139,0.2503912363027605,0.1879110554385126,0.3119151590811426,0.015693584336007,0.0261059325861993,0.0114890079654877,1.5707963267948966,2.677945044588987,2.714965160462917,0.0153351275820332,0.0693484946960278,0.0023094270664038,2.8966892143772466e-05,0.0006521984497623,0.0009118480736692,123.0,666.3333333333334,364.6666666666667,8022.5066666662315,7.597083302031314,0.3472049005306624,0.3540118202851797,0.4579835399788939,0.01776284162923133,2.3212355106156,0.028997683114821603,0.0005310044718584241,657.0,674.0,361.0,369.0,0.1879110554385126,0.3119151590811426,0.0,0.6862133499785139,0.2505480739180168,0.4184780993508575,0.0114890079654877,0.0261059325861993,1.5707963267948966,2.714965160462917,2.8966892143772466e-05,0.0009118480736692,4.0,12.083045973594572,0.0023094270664038,0.0693484946960278,8006.519999999909,8038.514999999279,10
123,655,656,647.0,393,402,409.0,8070.944999999483,8087.209999999686,8103.30999999951,24.08318915758459,9.055385138137416,11.40175425099138,1.4806756321723824,0.5624462818780405,0.7143956297737797,0.0616712920131797,0.0614817091907476,0.5590062111862378,0.7400555041581565,0.5533353827167288,0.4347826087004072,0.0910344686230488,0.0349345516698255,0.0447616309389846,1.6539375586833378,1.460139105621001,2.4805494847391065,0.032717471531696,0.0119150601327953,0.0633795266539916,0.0024528356662676,0.0034491187797431,0.0006103775943643,124.0,652.6666666666666,401.3333333333333,8087.15499999956,14.846776182237797,0.9191725146080675,0.22738640413005506,0.3723139403635241,0.0569102170772863,1.8648753830144817,0.0360040194394943,0.0021707773467916666,647.0,656.0,393.0,409.0,0.4347826087004072,0.7400555041581565,0.0614817091907476,0.5590062111862378,0.5624462818780405,1.4806756321723824,0.0349345516698255,0.0910344686230488,1.460139105621001,2.4805494847391065,0.0006103775943643,0.0034491187797431,9.055385138137416,24.08318915758459,0.0119150601327953,0.0633795266539916,8070.944999999483,8103.30999999951,10
124,627,607,586.0,421,436,451.0,8119.269999999233,8135.584999999992,8159.084999999322,23.323807579381203,25.0,25.80697580112788,1.4295928641309288,1.0638297872643454,1.5935150232099329,1.253132832101978,1.2258657676414058,0.8936170213020501,0.7518796992611868,0.9193993257310542,0.6382978723586072,0.0876244476901268,0.045269352650836,0.0983954938681647,2.601173153319209,2.498091544796509,2.521343167606972,0.0075578739713157,0.0063182107580695,0.0009894307579202,0.0026856401473613,0.0025960830546932,0.0022606868603762,125.0,606.6666666666666,436.0,8137.979999999516,24.71026112683636,1.3623125582017357,1.1242052070151447,1.3369711644680138,0.0770964314030425,2.540202621907563,0.0049551718291018,0.0025141366874769,586.0,627.0,421.0,451.0,0.6382978723586072,0.9193993257310542,0.8936170213020501,1.253132832101978,1.0638297872643454,1.5935150232099329,0.045269352650836,0.0983954938681647,2.498091544796509,2.601173153319209,0.0022606868603762,0.0026856401473613,23.323807579381203,25.80697580112788,0.0009894307579202,0.0075578739713157,8119.269999999233,8159.084999999322,10
125,577,573,573.0,457,459,460.0,8175.279999999475,8191.264999999476,8199.14499999959,10.816653826391969,4.47213595499958,1.0,0.6766752471937175,0.5675299435196697,0.0416840350151365,0.5557270762528712,0.2502345949327403,0.0,0.3704847175019141,0.1251172974663701,0.1269035532976597,0.0423318890956329,0.0720215664354662,0.0017375587751431,2.5535900500422257,2.677945044588987,1.5707963267948966,0.0019911628548904,0.0077794804220679,0.140501106317018,0.0034617847960483,0.0018573460957042,0.0089192903120949,126.0,574.3333333333334,458.6666666666667,8188.563333332847,5.429596593797183,0.4286297419095079,0.2686538903952038,0.310955074827757,0.0386970047687474,2.2674438071420364,0.05009058319799211,0.004746140401282467,573.0,577.0,457.0,460.0,0.1251172974663701,0.3704847175019141,0.0,0.5557270762528712,0.0416840350151365,0.6766752471937175,0.0017375587751431,0.0720215664354662,1.5707963267948966,2.677945044588987,0.0018573460957042,0.0089192903120949,1.0,10.816653826391969,0.0019911628548904,0.140501106317018,8175.279999999475,8199.14499999959,10
126,572,572,572.0,460,461,462.0,8223.134999999274,8319.419999999809,8383.199999999306,1.0,1.0,1.0,0.0103858337227444,0.0156788962058308,0.0250062515627555,0.0416840350151365,0.0,0.0,0.0,0.0103858337227444,0.0156788962058308,0.0001078655421164,0.0002458277862332,0.0006253126172198,3.141592653589793,1.5707963267948966,1.5707963267948966,0.0654771290877663,0.0163140294623895,0.0,6.793218978941345e-05,1.4328529274129365e-06,5.94990327672609e-06,127.0,572.0,461.0,8308.584999999463,1.0,0.017023660497110234,0.013894678338378832,0.019120977073655766,0.00032633531518979996,2.0943951023931953,0.0272637195167186,2.5104981997850825e-05,572.0,572.0,460.0,462.0,0.0,0.0156788962058308,0.0,0.0416840350151365,0.0103858337227444,0.0250062515627555,0.0001078655421164,0.0006253126172198,1.5707963267948966,3.141592653589793,1.4328529274129365e-06,6.793218978941345e-05,1.0,1.0,0.0,0.0654771290877663,8223.134999999274,8383.199999999306,10
127,572,572,570.0,464,466,470.0,8423.189999999522,8439.214999999422,8455.204999999296,2.0,2.0,4.47213595499958,0.1248049922004699,0.1250781738596451,0.2890844185468206,0.0,0.0,0.1250781738596451,0.050012503125511,0.1248049922004699,0.2501563477192903,0.0077881430390796,0.0078222747880318,0.0186867756006226,1.5707963267948966,1.5707963267948966,2.0344439357957027,0.0,0.0,0.0289960981241058,0.0001791155394303,2.1299063308790106e-06,0.0006794559607677,128.0,571.3333333333334,466.6666666666667,8439.203333332747,2.824045318333193,0.1796558615356452,0.041692724619881695,0.12507817385964512,0.011432397809244666,1.7253455297951652,0.0096653660413686,0.0002869004688429597,570.0,572.0,464.0,470.0,0.050012503125511,0.2501563477192903,0.0,0.1250781738596451,0.1248049922004699,0.2890844185468206,0.0077881430390796,0.0186867756006226,1.5707963267948966,2.0344439357957027,2.1299063308790106e-06,0.0006794559607677,2.0,4.47213595499958,0.0,0.0289960981241058,8423.189999999522,8455.204999999296,10
128,570,570,568.0,474,479,483.0,8470.674999999574,8486.669999999322,8502.84499999998,4.0,5.0,4.47213595499958,0.2500781494256348,0.3091190108065952,0.1847608326813893,0.0,0.0,0.123647604322638,0.2585649644426767,0.3125976867820436,0.2472952086452761,0.0156347702050375,0.0191109125684095,0.0076331680513777,1.5707963267948966,1.5707963267948966,2.0344439357957027,0.0299707568838063,0.0,0.0286644580514344,0.000197285416647,0.000217326812343,0.0007095978062791,129.0,569.3333333333334,478.6666666666667,8486.729999999625,4.49071198499986,0.2479859976378731,0.041215868107545996,0.12364760432263804,0.0141262836082749,1.7253455297951652,0.019545071645080233,0.0003747366784230333,568.0,570.0,474.0,483.0,0.2472952086452761,0.3125976867820436,0.0,0.123647604322638,0.1847608326813893,0.3091190108065952,0.0076331680513777,0.0191109125684095,1.5707963267948966,2.0344439357957027,0.000197285416647,0.0007095978062791,4.0,5.0,0.0,0.0299707568838063,8470.674999999574,8502.84499999998,10
129,566,566,565.0,488,490,492.0,8527.04999999969,8543.314999999893,8559.534999999414,5.385164807134504,2.0,2.23606797749979,0.3310891366164921,0.1233045622724456,0.1447293189332111,0.0826275562910102,0.0,0.0616522811362228,0.2065688907275256,0.1229634183814952,0.1233045622724456,0.0203559260136708,0.0076020075385997,0.009367593458537,1.9513027039072612,1.5707963267948966,2.0344439357957027,0.003434878408983,0.0233941824228473,0.0285849327382552,0.0005256251998531,0.0007841327067268,0.0001088523995061,130.0,565.6666666666666,490.0,8543.299999999666,3.2070775948780983,0.1997076726073829,0.048093279142410995,0.08919479989989287,0.012441842336935835,1.8521809888326202,0.0184713311900285,0.00047287010202866673,565.0,566.0,488.0,492.0,0.1229634183814952,0.2065688907275256,0.0,0.0826275562910102,0.1233045622724456,0.3310891366164921,0.0076020075385997,0.0203559260136708,1.5707963267948966,2.0344439357957027,0.0001088523995061,0.0007841327067268,2.0,5.385164807134504,0.003434878408983,0.0285849327382552,8527.04999999969,8559.534999999414,10
130,565,565,565.0,494,496,497.0,8574.984999999288,8590.83499999997,8606.799999999566,2.0,2.0,1.0,0.1261829652942512,0.1252740369590084,0.0627746390439319,0.0,0.0,0.0,0.129449838188763,0.1261829652942512,0.0626370184795042,0.0079610703652251,0.0078467921680035,0.0039406553070959,1.5707963267948966,1.5707963267948966,1.5707963267948966,0.0300095539808806,0.0,0.0,9.103709341899348e-05,7.209980896951535e-06,0.0002446687667401,131.0,565.0,495.6666666666667,8590.873333332942,1.6666666666666667,0.10474388043239717,0.0,0.020879006159834734,0.006582839280108166,1.5707963267948966,0.010003184660293533,0.00011430528035201498,565.0,565.0,494.0,497.0,0.0626370184795042,0.129449838188763,0.0,0.0,0.0627746390439319,0.1261829652942512,0.0039406553070959,0.0079610703652251,1.5707963267948966,1.5707963267948966,7.209980896951535e-06,0.0002446687667401,1.0,2.0,0.0,0.0300095539808806,8574.984999999288,8606.799999999566,10
131,565,565,565.0,499,501,503.0,8622.730000000047,8638.729999999669,8654.834999999366,2.0,2.0,2.0,0.1250000000029558,0.1241850357055294,0.2469135802465143,0.0,0.0,0.0,0.1255492780878639,0.1250000000029558,0.1241850357055294,0.0078125000003694,0.0077109615465918,0.0304831580550759,1.5707963267948966,1.5707963267948966,1.5707963267948966,0.0,0.0,0.0,0.0002430536530544,6.346153361254274e-06,0.0014139830182497,132.0,565.0,501.0,8638.764999999694,2.0,0.16536620531833315,0.0,0.04139501190184313,0.0153355398673457,1.5707963267948966,0.0,0.0005544609415551182,565.0,565.0,499.0,503.0,0.1241850357055294,0.1255492780878639,0.0,0.0,0.1241850357055294,0.2469135802465143,0.0077109615465918,0.0304831580550759,1.5707963267948966,1.5707963267948966,6.346153361254274e-06,0.0014139830182497,2.0,2.0,0.0,0.0,8622.730000000047,8654.834999999366,10
132,563,563,563.0,504,505,506.0,8662.93499999938,8678.954999999405,8711.089999999786,2.23606797749979,1.0,1.0,0.1395797738761656,0.0311187179084538,0.0613120784795512,0.2469135802465143,0.0,0.0,0.1234567901232571,0.0624219725342311,0.0311187179084538,0.0087128448112322,0.0009683746042659,0.0037591709674826,2.677945044588987,1.5707963267948966,1.5707963267948966,0.1366850268879383,0.0691104068534519,0.0,0.0026876929930627,0.0004834251065514,8.684600476688018e-05,133.0,563.0,505.0,8684.32666666619,1.4120226591665965,0.07733685675472353,0.0823045267488381,0.0926774327183227,0.004480130127660234,1.9398458993929266,0.06859847791379674,0.0010859880347936601,563.0,563.0,504.0,506.0,0.0311187179084538,0.1234567901232571,0.0,0.2469135802465143,0.0311187179084538,0.1395797738761656,0.0009683746042659,0.0087128448112322,1.5707963267948966,2.677945044588987,8.684600476688018e-05,0.0026876929930627,1.0,2.23606797749979,0.0,0.1366850268879383,8662.93499999938,8711.089999999786,10
133,563,563,562.0,508,509,509.0,8727.399999999761,8775.36499999951,8799.204999999347,2.0,1.0,1.0,0.0416970707809957,0.04194630872512,0.0024507701545187,0.0,0.0,0.04194630872512,0.1226241569591025,0.0208485353904978,0.0,0.0008693228558576,0.001759492815663,6.00627435027993e-06,1.5707963267948966,1.5707963267948966,3.141592653589793,0.0,0.0,0.0658891076680232,0.0001771825942139,1.8558739910560824e-05,7.355228780724954e-05,134.0,562.6666666666666,508.6666666666667,8767.323333332874,1.3333333333333333,0.02869804988687813,0.013982102908373333,0.013982102908373333,0.0008782739819569599,2.0943951023931953,0.021963035889341065,8.976454064390346e-05,562.0,563.0,508.0,509.0,0.0,0.1226241569591025,0.0,0.04194630872512,0.0024507701545187,0.04194630872512,6.00627435027993e-06,0.001759492815663,1.5707963267948966,3.141592653589793,1.8558739910560824e-05,0.0001771825942139,1.0,2.0,0.0,0.0658891076680232,8727.399999999761,8799.204999999347,10
134,560,553,543.0,507,496,481.0,9207.239999999729,9215.284999999312,9223.149999999803,2.8284271247461903,13.038404810405298,18.027756377319943,0.3515757768667014,1.65777556383833,1.116269744762305,0.0049015403090375,0.8701056557318059,1.271455816830708,0.0049015403090375,1.367308887578552,1.907183725246062,0.0437011531242886,0.2107788383642051,0.0691188696469917,2.356194490192345,2.137525544318403,2.158798930342464,0.0019248303782683,0.0271807266482612,0.0027048170403977,0.0001070867617971,0.0207678912676899,0.0180114391237557,135.0,552.0,494.6666666666667,9215.224999999615,11.298196104157142,1.0418736951557788,0.7154876709571839,1.351215579372538,0.10786628704516181,2.217506321617737,0.010603458022309067,0.012962139051080901,543.0,560.0,481.0,507.0,0.0049015403090375,1.907183725246062,0.0049015403090375,1.271455816830708,0.3515757768667014,1.65777556383833,0.0437011531242886,0.2107788383642051,2.137525544318403,2.356194490192345,0.0001070867617971,0.0207678912676899,2.8284271247461903,18.027756377319943,0.0019248303782683,0.0271807266482612,9207.239999999729,9223.149999999803,10
135,514,471,414.0,430,370,312.0,9239.299999999275,9255.26499999978,9279.42499999972,58.66856057549052,73.81734213584231,81.32035415564789,3.674823712723564,3.055353565233101,5.129003731154845,1.7956656347338171,2.693391794465244,2.3592715231848613,3.1578947369456785,3.758221108556154,2.400662251661789,0.2301800007896732,0.1264633098195753,0.3234944012153353,2.087828279286438,2.1926206146254863,2.3474990571805665,0.0043944675577927,0.0065638794447684,0.0064105315627267,0.0099728254580782,0.0064965042885569,0.0081552604054745,136.0,466.3333333333333,370.6666666666667,9257.996666666259,71.26875228899357,3.9530603363705032,2.2827763174613076,3.082997068015237,0.22671257060819458,2.209315983697497,0.005789626188429267,0.008208196717369866,414.0,514.0,312.0,430.0,2.400662251661789,3.758221108556154,1.7956656347338171,2.693391794465244,3.055353565233101,5.129003731154845,0.1264633098195753,0.3234944012153353,2.087828279286438,2.3474990571805665,0.0064965042885569,0.0099728254580782,58.66856057549052,81.32035415564789,0.0043944675577927,0.0065638794447684,9239.299999999275,9279.42499999972,10
136,391,375,362.0,295,286,279.0,9295.279999999366,9310.709999999744,9326.649999999972,28.600699292150185,18.35755975068582,14.7648230602334,1.853577400612336,1.1516662327743648,0.9233785528673856,1.4506464837913935,1.0369410239538157,0.8155583437775501,1.0722169662805952,0.5832793259740212,0.4391468004956039,0.1201281529855379,0.0722500773373839,0.0577472515869071,2.505084437801842,2.6292031932790554,2.647651284670212,0.0099391599258774,0.0080439893372759,0.0011573457585252,0.0128266318659305,0.0031029212992209,0.000909838503781,137.0,376.0,286.6666666666667,9310.879999999694,20.574360701023135,1.309540728751362,1.101048617174253,1.247430884006121,0.08337516063660962,2.593979638583703,0.006380165007226168,0.0056131305563108,362.0,391.0,279.0,295.0,0.4391468004956039,1.0722169662805952,0.8155583437775501,1.4506464837913935,0.9233785528673856,1.853577400612336,0.0577472515869071,0.1201281529855379,2.505084437801842,2.647651284670212,0.000909838503781,0.0128266318659305,14.7648230602334,28.600699292150185,0.0011573457585252,0.0099391599258774,9295.279999999366,9326.649999999972,10
137,350,337,322.0,274,271,267.0,9342.639999999848,9358.679999999367,9374.729999999545,13.0,13.341664064126334,15.524174696260024,0.8104738154855669,0.8312563279737544,0.973913092599629,0.7504690431578709,0.8104738154855669,0.9345794392419988,0.3126954346491128,0.1870324189582077,0.2492211837978663,0.0505282927375178,0.0517916715242716,0.0610986883679865,2.746801533890032,2.9147938055359077,2.8809902618424523,0.0062007660550718,0.0104733336440708,0.0021061397939614,0.0004514670950247,7.876426351567886e-05,0.0005798764388543,138.0,336.3333333333333,270.6666666666667,9358.68333333292,13.955279586795454,0.8718810786863167,0.8318407659618122,0.9149144938944342,0.0544728842099253,2.847528533756131,0.006260079831034666,0.00037003593246489296,322.0,350.0,267.0,274.0,0.1870324189582077,0.3126954346491128,0.7504690431578709,0.9345794392419988,0.8104738154855669,0.973913092599629,0.0505282927375178,0.0610986883679865,2.746801533890032,2.9147938055359077,7.876426351567886e-05,0.0005798764388543,13.0,15.524174696260024,0.0021061397939614,0.0104733336440708,9342.639999999848,9374.729999999545,10
138,308,294,278.0,263,256,249.0,9390.669999999773,9406.74499999932,9422.669999999924,14.560219778561036,15.652475842498529,17.46424919657298,0.9057679489251804,0.9828870230393782,1.0911745827631147,0.8782936009912078,0.8709175738970708,1.0047095760998637,0.2509410288546307,0.4354587869485354,0.4395604395436903,0.0563463731851174,0.0617197502669969,0.0681771060791953,2.8632929945846817,2.677945044588987,2.729182211992406,0.001110242613395,0.0115301990669318,0.0032174045464029,0.0002981377153576,0.0003342691808417,0.0004054854512999,139.0,293.3333333333333,256.0,9406.694999999672,15.892314939210848,0.9932765182425577,0.9179735836627141,1.0644937301772774,0.06208107651043654,2.7568067503886913,0.005285948742243233,0.00034596411583306665,278.0,308.0,249.0,263.0,0.2509410288546307,0.4395604395436903,0.8709175738970708,1.0047095760998637,0.9057679489251804,1.0911745827631147,0.0563463731851174,0.0681771060791953,2.677945044588987,2.8632929945846817,0.0002981377153576,0.0004054854512999,14.560219778561036,17.46424919657298,0.001110242613395,0.0115301990669318,9390.669999999773,9422.669999999924,10
139,260,238,227.0,244,238,236.0,9438.67499999942,9463.364999999612,9479.190000000017,18.68154169226941,22.80350850198276,11.180339887498947,0.7566440539540099,1.4409800000884565,0.695727435452828,1.1246485473644214,0.891049007688512,0.6951026856062433,0.3124023742678948,0.2430133657332305,0.1263823064738624,0.0306457697022333,0.0910571879969427,0.043293555411762,2.8706458032513726,2.875340604438868,2.961739153797315,0.0088387123563528,0.0001901499063369,0.0054596239719581,0.0023449757187219,0.0024467970147525,0.0030182390258426,140.0,241.66666666666666,239.33333333333334,9460.409999999683,17.55513002725037,0.9644504964984314,0.9036000802197256,0.9457275157110131,0.054998837703646,2.902575187162519,0.0048294954115492665,0.002603337253105667,227.0,260.0,236.0,244.0,0.1263823064738624,0.3124023742678948,0.6951026856062433,1.1246485473644214,0.695727435452828,1.4409800000884565,0.0306457697022333,0.0910571879969427,2.8706458032513726,2.961739153797315,0.0023449757187219,0.0030182390258426,11.180339887498947,22.80350850198276,0.0001901499063369,0.0088387123563528,9438.67499999942,9479.190000000017,10
140,224,223,223.0,235,235,237.0,9495.25999999969,9503.13499999993,9591.16499999982,3.1622776601683795,1.0,2.0,0.401559067945646,0.0113597637169289,0.2509410288689488,0.1866832607380944,0.1269841269802552,0.0,0.0622277535793648,0.0,0.0227195274338578,0.0509916276740828,0.0001290442317044,0.0314856999849033,2.819842099193151,3.141592653589793,1.5707963267948966,0.0088299349475455,0.0408572132554707,0.0178438751198098,0.0004790337437758,0.0064587407543908,0.0003562042003094,141.0,223.33333333333334,235.66666666666666,9529.853333333145,2.05409255338946,0.2212866201771746,0.10455579590611654,0.11212897171740248,0.027535457296896836,2.5107436931926137,0.022510341107608665,0.0024313262328253334,223.0,224.0,235.0,237.0,0.0,0.0622277535793648,0.0,0.1866832607380944,0.0113597637169289,0.401559067945646,0.0001290442317044,0.0509916276740828,1.5707963267948966,3.141592653589793,0.0003562042003094,0.0064587407543908,1.0,3.1622776601683795,0.0088299349475455,0.0408572132554707,9495.25999999969,9591.16499999982,10
141,223,222,222.0,238,241,246.0,9599.134999999478,9607.224999999744,9623.219999999492,1.0,3.1622776601683795,5.0,0.1236093943099078,0.1977041363062337,0.2069108214375734,0.0,0.1236093943099078,0.0,0.1254705144344744,0.3708281829297236,0.3125976867820436,0.0152792823616622,0.0123603711353141,0.0085624176055942,1.5707963267948966,1.892546881191539,1.5707963267948966,0.0,0.039771391147846,0.020115695805046,0.0020334275563279,0.0003608048487332,0.0002374462975792,142.0,222.33333333333334,241.66666666666666,9609.859999999571,3.05409255338946,0.17607478401790497,0.04120313143663593,0.1454023603639838,0.012067357034190167,1.6780465115937773,0.01996236231763067,0.0008772262342134333,222.0,223.0,238.0,246.0,0.1254705144344744,0.3708281829297236,0.0,0.1236093943099078,0.1236093943099078,0.2069108214375734,0.0085624176055942,0.0152792823616622,1.5707963267948966,1.892546881191539,0.0002374462975792,0.0020334275563279,1.0,5.0,0.0,0.039771391147846,9599.134999999478,9623.219999999492,10
142,222,223,225.0,251,255,258.0,9647.384999999304,9663.264999999228,9679.18499999996,5.0,4.123105625617661,3.605551275463989,0.3148614609586734,0.2589890468233536,0.2242955692420419,0.0,0.0629722921917346,0.1256281406977323,0.2069108214375734,0.2518891687669387,0.1884422110465985,0.019827547919406,0.0162681562067479,0.0139530680714386,1.5707963267948966,1.3258176636680326,0.982793723247329,0.0,0.0154268679551654,0.0215467299249313,0.0004661754733664,0.0002241430549543,0.0001454201089951,143.0,223.33333333333334,254.66666666666666,9663.278333332832,4.242885633693883,0.2660486923413563,0.06286681096315562,0.1256808813120218,0.016682924065864167,1.293135904570086,0.0123245326266989,0.00027857954577193333,222.0,225.0,251.0,258.0,0.1884422110465985,0.2518891687669387,0.0,0.1256281406977323,0.2242955692420419,0.3148614609586734,0.0139530680714386,0.019827547919406,0.982793723247329,1.5707963267948966,0.0001454201089951,0.0004661754733664,3.605551275463989,5.0,0.0,0.0215467299249313,9647.384999999304,9679.18499999996,10
143,230,239,249.0,262,267,272.0,9695.259999999507,9711.260000000038,9727.18999999961,6.4031242374328485,10.295630140987,11.180339887498947,0.4001952648262679,0.6463044658671852,0.6981167585009482,0.3110419906775253,0.5624999999813269,0.6277463904751599,0.2488335925420202,0.3124999999896261,0.3138731952375799,0.0250122040508114,0.0405715295596101,0.0435914304398572,0.6747409422235526,0.507098504392337,0.4636476090008061,0.0191634700486766,0.0104776523641031,0.0027276142744947,0.0006879711340395,0.0009724578442676,0.0001895731877167,144.0,239.33333333333334,267.0,9711.236666666386,9.293031421972932,0.5815388297314671,0.5004294603780041,0.6050538587905306,0.036391721350092894,0.5484956852055652,0.010789578895758134,0.0006166673886746,230.0,249.0,262.0,272.0,0.2488335925420202,0.3138731952375799,0.3110419906775253,0.6277463904751599,0.4001952648262679,0.6981167585009482,0.0250122040508114,0.0435914304398572,0.4636476090008061,0.6747409422235526,0.0001895731877167,0.0009724578442676,6.4031242374328485,11.180339887498947,0.0027276142744947,0.0191634700486766,9695.259999999507,9727.18999999961,10
144,258,264,265.0,277,282,282.0,9743.204999999762,9759.25499999994,9767.1449999998,10.295630140987,7.810249675906654,1.0,0.6414722829204434,0.9898922276354976,0.0073402576430463,0.5619731501663728,0.3738317756967995,0.1267427122962731,0.3122073056479849,0.3115264797473329,0.0,0.0399671204307381,0.1254616258115228,5.387938226630074e-05,0.507098504392337,0.6947382761967031,0.0,0.0027131373956364,0.0116909515141614,0.0880530134612074,0.000226307212556,0.005326760459803,0.0158945179254072,145.0,262.3333333333333,280.3333333333333,9756.534999999834,6.368626605631218,0.5462349227329958,0.3541825460531485,0.3541825460531485,0.05516087520817573,0.4006122601963467,0.03415236745700174,0.0071491951992554,258.0,265.0,277.0,282.0,0.0,0.3122073056479849,0.1267427122962731,0.5619731501663728,0.0073402576430463,0.9898922276354976,5.387938226630074e-05,0.1254616258115228,0.0,0.6947382761967031,0.000226307212556,0.0158945179254072,1.0,10.295630140987,0.0027131373956364,0.0880530134612074,9743.204999999762,9767.1449999998,10
145,265,266,266.0,283,283,287.0,9903.379999999745,9990.724999999657,10014.624999999796,1.0,1.0,4.0,0.0596125186287259,4.081632650108416,0.2517306482116153,0.0,0.0141703273345892,0.0,0.0073402576430463,0.0,0.169097442401452,0.0035536523772601,16.65972509043105,0.01584207981226,1.5707963267948966,0.0,1.5707963267948966,0.0115300497434254,0.0,0.0664044103486531,2.5689235475431225e-05,0.2360737578356773,0.0006697137946432,146.0,265.6666666666667,284.3333333333333,9969.576666666399,2.0,1.4643252723162525,0.004723442444863067,0.0610892565786804,5.5597069408735225,1.0471975511965976,0.02597815336402617,0.07892305362193199,265.0,266.0,283.0,287.0,0.0,0.169097442401452,0.0,0.0141703273345892,0.0596125186287259,4.081632650108416,0.0035536523772601,16.65972509043105,0.0,1.5707963267948966,2.5689235475431225e-05,0.2360737578356773,1.0,4.0,0.0,0.0664044103486531,9903.379999999745,10014.624999999796,10
146,263,262,262.0,292,294,295.0,10030.514999999468,10046.579999999269,10054.564999999457,5.830951894845301,2.23606797749979,1.0,0.3629599685601245,0.2800335601060302,0.0417623721028882,0.1887979861587115,0.0622471210714308,0.0,0.3146633102645191,0.1244942421428616,0.1252348152756713,0.0225932131070448,0.0350699511708673,0.00174409572366,2.1112158270654806,2.0344439357957027,1.5707963267948966,0.0340100377773278,0.0047788292107525,0.0580648226662226,0.0004248667901147,0.0007766410248352,0.0041735573508347,147.0,262.3333333333333,293.6666666666667,10043.886666666063,3.0223399574483634,0.22825196692301433,0.08368170241004742,0.1254266408352712,0.019802420000524033,1.9054853632186932,0.03228456321810096,0.0017916883885948668,262.0,263.0,292.0,295.0,0.1244942421428616,0.3146633102645191,0.0,0.1887979861587115,0.0417623721028882,0.3629599685601245,0.00174409572366,0.0350699511708673,1.5707963267948966,2.1112158270654806,0.0004248667901147,0.0041735573508347,1.0,5.830951894845301,0.0047788292107525,0.0580648226662226,10030.514999999468,10054.564999999457,10
147,262,262,241.0,298,299,333.0,10078.509999999367,10094.9499999997,10158.854999999676,3.0,1.0,39.96248240537617,0.1824817518211574,0.0156482278382029,1.6162783581405753,0.0,0.0,0.328612784602262,0.1252871163086646,0.0608272506070524,0.5320397464989004,0.0110998632492394,0.0002448670344763,0.0653702065976299,1.5707963267948966,1.5707963267948966,2.1240906521171894,0.0,0.0,0.008658075664228,0.0003907190447113,0.000660279575094,0.0010190961515245,148.0,255.0,310.0,10110.771666666247,14.654160801792058,0.6048027792666452,0.10953759486742067,0.28688417703372077,0.0255716456271152,1.755227768568994,0.0028860252214093335,0.0006900315904432667,241.0,262.0,298.0,333.0,0.0608272506070524,0.5320397464989004,0.0,0.328612784602262,0.0156482278382029,1.6162783581405753,0.0002448670344763,0.0653702065976299,1.5707963267948966,2.1240906521171894,0.0003907190447113,0.0010190961515245,1.0,39.96248240537617,0.0,0.008658075664228,10078.509999999367,10158.854999999676,10
148,233,228,226.0,354,369,383.0,10183.579999999893,10198.859999999511,10214.89500000007,22.47220505424423,15.811388300841896,14.142135623730953,1.470694048089161,0.9860547739503082,0.8737803907427655,0.3235591506543921,0.3272251308981797,0.1247271593346176,0.8493427704677793,0.9816753926945392,0.8730901153423234,0.0962496104794299,0.0614939054515802,0.0539870491671297,1.9347752833045408,1.892546881191539,1.7126933813990606,0.0076568399923554,0.0027636388818095,0.0112163080627525,0.0012489142115886,0.0022745880254393,0.0004681544299463,149.0,229.0,368.6666666666667,10199.111666666491,17.475242992939027,1.110176404260745,0.2585038136290631,0.5495338520765043,0.07057685503271327,1.8466718486317133,0.007212262312305801,0.0013305522223247335,226.0,233.0,354.0,383.0,0.8493427704677793,0.9816753926945392,0.1247271593346176,0.3272251308981797,0.8737803907427655,1.470694048089161,0.0539870491671297,0.0962496104794299,1.7126933813990606,1.9347752833045408,0.0004681544299463,0.0022745880254393,14.142135623730953,22.47220505424423,0.0027636388818095,0.0112163080627525,10183.579999999893,10214.89500000007,10
149,226,226,226.0,395,409,419.0,10231.079999999563,10247.24999999944,10263.224999999691,12.0,14.0,10.0,0.7421150278350704,0.876369327059662,0.626566416050989,0.0,0.0,0.0,0.7414272474744488,0.8658008658075822,0.6259780907569015,0.0458945595448872,0.0548587998150717,0.0392585473722981,1.5707963267948966,1.5707963267948966,1.5707963267948966,0.0087671952183247,0.0,0.0,0.0004999993588195,0.0005543747848023,0.0009765416239453,150.0,226.0,407.6666666666667,10247.184999999567,12.0,0.7483502569819072,0.0,0.20865936358563383,0.046670635577419,1.5707963267948966,0.0029223984061082335,0.0006769719225223667,226.0,226.0,395.0,419.0,0.6259780907569015,0.8658008658075822,0.0,0.0,0.626566416050989,0.876369327059662,0.0392585473722981,0.0548587998150717,1.5707963267948966,1.5707963267948966,0.0004999993588195,0.0009765416239453,10.0,14.0,0.0,0.0087671952183247,10231.079999999563,10263.224999999691,10
150,230,231,231.0,430,435,439.0,10279.184999999416,10295.180000000071,10311.184999999568,11.704699910719626,5.0990195135927845,4.0,0.73177242327218,0.3185891604969424,0.2487562189003805,0.2506265664203956,0.0625195373528537,0.0,0.6892230576560879,0.3125976867642689,0.2499218994143159,0.0457500733505533,0.019905602031052,0.0154699141104035,1.2220253232109897,1.373400766945016,1.5707963267948966,0.0218528197738075,0.0094639227088342,0.0123333683134086,0.0004067372166897,0.0016157843900243,0.0002771438875844,151.0,230.66666666666666,434.6666666666667,10295.18333333302,6.934573141437471,0.43303926755650096,0.1043820345910831,0.18768933439585508,0.027041863164002932,1.3887408056503006,0.014550036932016766,0.0007665551647661334,230.0,231.0,430.0,439.0,0.2499218994143159,0.6892230576560879,0.0,0.2506265664203956,0.2487562189003805,0.73177242327218,0.0154699141104035,0.0457500733505533,1.2220253232109897,1.5707963267948966,0.0002771438875844,0.0016157843900243,4.0,11.704699910719626,0.0094639227088342,0.0218528197738075,10279.184999999416,10311.184999999568,10
151,232,234,235.0,442,446,448.0,10327.264999999898,10343.259999999646,10359.24999999952,3.1622776601683795,4.47213595499958,2.23606797749979,0.1977041363062337,0.2796832992517038,0.1407217103553144,0.0621890547250951,0.1250390747128174,0.0625390869298225,0.1865671641752853,0.2500781494256348,0.1250781738596451,0.0123603711353141,0.0174911381647218,0.0088559918412976,1.2490457723982544,1.1071487177940904,1.1071487177940904,0.0200093628352024,0.0088713382060894,0.0,0.0001933795382478,0.000320773180962,0.0005400341665723,152.0,233.66666666666666,445.3333333333333,10343.25833333302,3.2901605308892496,0.20603638197108398,0.08325573878924501,0.1249484634091267,0.0129025003804445,1.1544477359954783,0.009626900347097267,0.00035139562859403333,232.0,235.0,442.0,448.0,0.1250781738596451,0.2500781494256348,0.0621890547250951,0.1250390747128174,0.1407217103553144,0.2796832992517038,0.0088559918412976,0.0174911381647218,1.1071487177940904,1.2490457723982544,0.0001933795382478,0.0005400341665723,2.23606797749979,4.47213595499958,0.0,0.0200093628352024,10327.264999999898,10359.24999999952,10
152,235,237,238.0,450,453,454.0,10375.139999999192,10399.184999999306,10423.149999999623,2.0,3.605551275463989,1.4142135623730951,0.0831773757533983,0.1504507104283892,0.1745942669593591,0.0,0.0831773757533983,0.0417275192984263,0.1258653241058076,0.1247660636300974,0.0417275192984263,0.003459237918611,0.0062779349228625,0.0215548477727255,1.5707963267948966,0.982793723247329,0.7853981633974483,0.0291785782888846,0.0244542567496262,0.0082368270330595,0.0003396320907991,0.0001172259099288,0.000637467675763,153.0,236.66666666666666,452.3333333333333,10399.158333332707,2.3399216126123616,0.13607411771371553,0.041634965017274865,0.0555441381167503,0.010430673538066334,1.112996071146558,0.02062322069052343,0.00036477522549696666,235.0,238.0,450.0,454.0,0.0417275192984263,0.1258653241058076,0.0,0.0831773757533983,0.0831773757533983,0.1745942669593591,0.003459237918611,0.0215548477727255,0.7853981633974483,1.5707963267948966,0.0001172259099288,0.000637467675763,1.4142135623730951,3.605551275463989,0.0082368270330595,0.0291785782888846,10375.139999999192,10423.149999999623,10
153,239,240,241.0,455,456,458.0,10431.249999999636,10447.249999999258,10463.15499999946,1.4142135623730951,1.4142135623730951,2.23606797749979,0.0883883476504085,0.088916288107833,0.2798583200853609,0.1234567901232571,0.0625000000014779,0.0628733102789854,0.1234567901232571,0.0625000000014779,0.1257466205579709,0.0055242717282811,0.0055904613710594,0.0350260726011437,0.7853981633974483,0.7853981633974483,1.1071487177940904,0.0,0.0,0.0202295224390156,0.0019790834622738,4.136852673740741e-06,0.0018507143181206,154.0,240.0,456.3333333333333,10447.218333332785,1.6881650340819931,0.15238765194786746,0.08294336680124013,0.12485890698723041,0.015380268566828068,0.892648348196329,0.0067431741463385335,0.0012779782110227136,239.0,241.0,455.0,458.0,0.0625000000014779,0.1257466205579709,0.0625000000014779,0.1234567901232571,0.0883883476504085,0.2798583200853609,0.0055242717282811,0.0350260726011437,0.7853981633974483,1.1071487177940904,4.136852673740741e-06,0.0019790834622738,1.4142135623730951,2.23606797749979,0.0,0.0202295224390156,10431.249999999636,10463.15499999946,10
154,242,243,244.0,459,461,462.0,10471.144999999524,10495.134999999207,10511.179999999513,1.4142135623730951,2.23606797749979,1.4142135623730951,0.0589501276528411,0.1393622921444341,0.0877848269603282,0.1251564455559523,0.0416840350151365,0.0623247117470279,0.1251564455559523,0.0833680700302731,0.0623247117470279,0.0024572791852278,0.0086857146863069,0.0054490891966299,0.7853981633974483,1.1071487177940904,0.7853981633974483,0.0402691557439408,0.0134118613756092,0.0200530105572171,0.0040761944199821,0.0002596263235165,0.0002017217506772,155.0,243.0,460.6666666666667,10492.486666666082,1.6881650340819931,0.09536574891920113,0.07638839743937224,0.0971633013550482,0.005530694356054866,0.892648348196329,0.02457800922558903,0.0015125141647252668,242.0,244.0,459.0,462.0,0.0623247117470279,0.1251564455559523,0.0416840350151365,0.1251564455559523,0.0589501276528411,0.1393622921444341,0.0024572791852278,0.0086857146863069,0.7853981633974483,1.1071487177940904,0.0002017217506772,0.0040761944199821,1.4142135623730951,2.23606797749979,0.0134118613756092,0.0402691557439408,10471.144999999524,10511.179999999513,10
155,245,247,249.0,463,465,466.0,10527.289999999994,10543.114999999489,10567.309999999452,1.4142135623730951,2.8284271247461903,2.23606797749979,0.0893657859348006,0.1169013070779283,0.1412104816847702,0.0620732464289357,0.1263823064811258,0.0826617069643741,0.0620732464289357,0.1263823064811258,0.041330853482187,0.0056471270734693,0.004831630794714,0.008917618041264,0.7853981633974483,0.7853981633974483,0.4636476090008061,0.0,0.0,0.01329822502158,1.2292853931314693e-05,5.153215031793624e-05,0.0001688773402172,156.0,247.0,464.6666666666667,10545.904999999644,2.159569554873025,0.11582585823249969,0.0903724199581452,0.10414937111887419,0.006465458636482434,0.6781479785985676,0.00443274167386,7.756744815548364e-05,245.0,249.0,463.0,466.0,0.041330853482187,0.1263823064811258,0.0620732464289357,0.1263823064811258,0.0893657859348006,0.1412104816847702,0.004831630794714,0.008917618041264,0.4636476090008061,0.7853981633974483,1.2292853931314693e-05,0.0001688773402172,1.4142135623730951,2.8284271247461903,0.0,0.01329822502158,10527.289999999994,10567.309999999452,10
156,250,251,253.0,466,467,468.0,10583.144999999604,10599.129999999604,10615.254999999706,1.0,1.4142135623730951,2.23606797749979,0.062558648733185,0.0877031666582425,0.1404124318707874,0.063151247236527,0.062558648733185,0.1240310077511544,0.0,0.062558648733185,0.0620155038755772,0.003913584531322,0.0054389560717946,0.0088171071820066,0.0,0.7853981633974483,0.4636476090008061,0.0292799247866345,0.0491334478196696,0.019953522753154,0.0003160109573662,9.542518238802264e-05,0.0002094977432676,157.0,251.33333333333334,467.0,10599.176666666304,1.5500938466242948,0.09689141575407163,0.08324696790695546,0.10391880253214786,0.006056549261707733,0.41634859079941816,0.032788965119819366,0.00020697796100727423,250.0,253.0,466.0,468.0,0.0,0.062558648733185,0.062558648733185,0.1240310077511544,0.062558648733185,0.1404124318707874,0.003913584531322,0.0088171071820066,0.0,0.7853981633974483,9.542518238802264e-05,0.0003160109573662,1.0,2.23606797749979,0.019953522753154,0.0491334478196696,10583.144999999604,10615.254999999706,10
157,256,261,262.0,471,472,472.0,10631.179999999404,10647.294999999758,10655.03499999977,4.242640687119285,5.0990195135927845,1.0,0.2632727699054271,0.6587880508507158,0.0019216172330649,0.1883830455294831,0.3102699348364886,0.1291989664080598,0.1883830455294831,0.0620539869672977,0.0,0.0163371250325557,0.0851147352518928,3.6926127904123742e-06,0.7853981633974483,0.1973955598498807,0.0,0.020204116446013,0.0364879058972778,0.0255033023061449,0.0004722146217075,0.0042679249281926,0.0109962587388843,158.0,259.6666666666667,471.6666666666667,10644.503333332977,3.4472200669040234,0.3079941459964026,0.2092839822580105,0.2092839822580105,0.03381851763241297,0.32759790774910963,0.0273984415498119,0.005245466096261466,256.0,262.0,471.0,472.0,0.0,0.1883830455294831,0.1291989664080598,0.3102699348364886,0.0019216172330649,0.6587880508507158,3.6926127904123742e-06,0.0851147352518928,0.0,0.7853981633974483,0.0004722146217075,0.0109962587388843,1.0,5.0990195135927845,0.020204116446013,0.0364879058972778,10631.179999999404,10655.03499999977,10
158,263,263,261.0,473,475,479.0,11175.429999999324,11183.154999999717,11199.179999999616,1.4142135623730951,2.0,4.47213595499958,0.1830697168027745,0.1248049922004699,0.2795958709015347,0.0019216172330649,0.0,0.1248049922004699,0.0019216172330649,0.2588996763622854,0.2496099844009399,0.0236983452159867,0.0077881430390796,0.0174802044955261,0.7853981633974483,1.5707963267948966,2.0344439357957027,0.0015092346456021,0.1016696651595663,0.028932768112556,4.553205277379053e-05,0.0020595730972298,0.0006048088272391,159.0,262.3333333333333,475.6666666666667,11185.921666666218,2.6287831724575583,0.1958235266349264,0.042242203144511596,0.12544553127815825,0.016322230916864133,1.4635461419960158,0.04403722263924146,0.0009033046590808969,261.0,263.0,473.0,479.0,0.0019216172330649,0.2588996763622854,0.0,0.1248049922004699,0.1248049922004699,0.2795958709015347,0.0077881430390796,0.0236983452159867,0.7853981633974483,2.0344439357957027,4.553205277379053e-05,0.0020595730972298,1.4142135623730951,4.47213595499958,0.0015092346456021,0.1016696651595663,11175.429999999324,11199.179999999616,10
159,259,257,254.0,487,499,515.0,11215.174999999364,11231.26499999944,11247.294999999212,8.246211251235321,12.16552506059644,16.278820596099706,0.5125053605466807,0.7589223369163132,1.0199762277853974,0.1250390747128174,0.1243008079546603,0.1871490954486856,0.5001562988512697,0.7458048477279623,0.9981285090596566,0.0318524151985234,0.0473438762898968,0.0639082849464284,1.8157749899217608,1.7359450042095237,1.7561442767905917,0.0136710813302524,0.00496146586152,0.0012600918640894,0.0008985439639402,0.0009628005650279,0.0010333380322374,160.0,256.6666666666667,500.3333333333333,11231.244999999339,12.230185635977156,0.7638013084161305,0.1454963260387211,0.47820582905860665,0.04770152547828286,1.7692880903072918,0.006630879685287266,0.0009648941870685,254.0,259.0,487.0,515.0,0.5001562988512697,0.9981285090596566,0.1243008079546603,0.1871490954486856,0.5125053605466807,1.0199762277853974,0.0318524151985234,0.0639082849464284,1.7359450042095237,1.8157749899217608,0.0008985439639402,0.0010333380322374,8.246211251235321,16.278820596099706,0.0012600918640894,0.0136710813302524,11215.174999999364,11247.294999999212,10
160,254,254,255.0,525,533,537.0,11263.254999999845,11279.254999999466,11303.344999999354,10.0,8.0,4.123105625617661,0.6250000000147793,0.3320880033224327,0.2602970723239264,0.0,0.0,0.041511000415304,0.6265664160152835,0.5000000000118234,0.1660440016612163,0.0390625000018474,0.013785305243835,0.0164328959800192,1.5707963267948966,1.5707963267948966,1.3258176636680326,0.0116132800744582,0.0,0.0101693093867998,0.0015567534425812,0.0015798246724131,0.0001099041401493,161.0,254.33333333333334,531.6666666666666,11281.951666666222,7.3743685418725535,0.40579502522037947,0.013837000138434667,0.06918500069217344,0.023093567075233867,1.4891367724192752,0.007260863153752667,0.0010821607517145333,254.0,255.0,525.0,537.0,0.1660440016612163,0.6265664160152835,0.0,0.041511000415304,0.2602970723239264,0.6250000000147793,0.013785305243835,0.0390625000018474,1.3258176636680326,1.5707963267948966,0.0001099041401493,0.0015798246724131,4.123105625617661,10.0,0.0,0.0116132800744582,11263.254999999845,11303.344999999354,10
161,256,257,258.0,537,539,539.0,11319.18499999938,11327.139999999416,11351.329999999509,1.0,2.23606797749979,1.0,0.125707102450686,0.09243770059907,0.0629722921917346,0.063131313131211,0.125707102450686,0.0413393964446587,0.0,0.251414204901372,0.0,0.0158022756065472,0.0038213187514976,0.0039655095838812,0.0,1.1071487177940904,0.0,0.0837006100799172,0.1391764572958873,0.0457688597680854,3.981189226458308e-05,0.0015060913708349,5.960761983590444e-06,162.0,257.0,538.3333333333334,11332.5516666661,1.4120226591665965,0.0937056984138302,0.07672593734218523,0.07672593734218523,0.007863034647308666,0.3690495725980301,0.08954864238129663,0.0005172880083610245,256.0,258.0,537.0,539.0,0.0,0.251414204901372,0.0413393964446587,0.125707102450686,0.0629722921917346,0.125707102450686,0.0038213187514976,0.0158022756065472,0.0,1.1071487177940904,5.960761983590444e-06,0.0015060913708349,1.0,2.23606797749979,0.0457688597680854,0.1391764572958873,11319.18499999938,11351.329999999509,10
162,258,259,259.0,540,541,547.0,11367.209999999432,11383.25999999961,11399.17499999956,1.0,1.4142135623730951,6.0,0.0623052959494665,0.0888604186225286,0.3750000000088676,0.0,0.0623052959494665,0.0,0.0629722921917346,0.0623052959494665,0.3770028275223922,0.0038819499033506,0.0055834381792527,0.0234375000011084,1.5707963267948966,0.7853981633974483,1.5707963267948966,0.0989166452646317,0.0489344650086455,0.0493495547219553,5.261944617820412e-06,0.0001060117305846,0.0011218386315998,163.0,258.6666666666667,542.6666666666666,11383.214999999533,2.8047378541243653,0.17538857152695422,0.020768431983155502,0.14643604115728623,0.010967629361237234,1.3089969389957472,0.06573355499841083,0.00041103743560074016,258.0,259.0,540.0,547.0,0.0623052959494665,0.3770028275223922,0.0,0.0623052959494665,0.0623052959494665,0.3750000000088676,0.0038819499033506,0.0234375000011084,0.7853981633974483,1.5707963267948966,5.261944617820412e-06,0.0011218386315998,1.0,6.0,0.0489344650086455,0.0989166452646317,11367.209999999432,11399.17499999956,10
163,259,259,259.0,557,564,570.0,11415.17499999918,11431.259999999384,11447.220000000016,10.0,7.0,6.0,0.6216972334394707,0.4385964912106985,0.3762935089560373,0.0,0.0,0.0,0.6250000000147793,0.4351880634076295,0.3759398496091701,0.0386507450066291,0.0274809831574766,0.0235994674804078,1.5707963267948966,1.5707963267948966,1.5707963267948966,0.0,0.0,0.0,0.0009508278128675,0.0006944210039795,0.0002432027366488,164.0,259.0,563.6666666666666,11431.21833333286,7.666666666666667,0.4788624112020688,0.0,0.1253132832030567,0.029910398548171166,1.5707963267948966,0.0,0.0006294838511652666,259.0,259.0,557.0,570.0,0.3759398496091701,0.6250000000147793,0.0,0.0,0.3762935089560373,0.6216972334394707,0.0235994674804078,0.0386507450066291,1.5707963267948966,1.5707963267948966,0.0002432027366488,0.0009508278128675,6.0,10.0,0.0,0.0,11415.17499999918,11447.220000000016,10
164,256,255,253.0,573,575,576.0,11463.164999999208,11487.304999999653,11519.179999999324,4.242640687119285,2.23606797749979,2.23606797749979,0.1757514783364284,0.0701511522360081,0.1402802997156726,0.1881467544780186,0.0414250207117497,0.0627450980398602,0.1881467544780186,0.0828500414234994,0.0313725490199301,0.0072805086302071,0.0022008204623287,0.0088005206846717,2.356194490192345,2.0344439357957027,2.677945044588987,0.0492567051387421,0.0133285233798978,0.0201882700799966,0.0010234530480418,0.0002104261875635,0.0002070494187422,165.0,254.66666666666666,574.6666666666666,11489.883333332727,2.9049255473729545,0.1287276434293697,0.0974389577432095,0.1078964740831862,0.006093949925735834,2.356194490192345,0.027591166199545502,0.00048030955144916666,253.0,256.0,573.0,576.0,0.0313725490199301,0.1881467544780186,0.0414250207117497,0.1881467544780186,0.0701511522360081,0.1757514783364284,0.0022008204623287,0.0088005206846717,2.0344439357957027,2.677945044588987,0.0002070494187422,0.0010234530480418,2.23606797749979,4.242640687119285,0.0133285233798978,0.0492567051387421,11463.164999999208,11519.179999999324,10
165,253,253,253.0,577,578,580.0,11535.119999999552,11543.274999999994,11575.299999999515,1.0,1.0,2.0,0.1226241569522646,0.0312256049965636,0.0306701426162799,0.0,0.0,0.0,0.0627352572136576,0.1226241569522646,0.0624512099931272,0.0150366838682536,0.0009750384074014,0.0004703288240514,1.5707963267948966,1.5707963267948966,1.5707963267948966,0.0694572595845835,0.0,0.0,0.0003912273013483,0.0017242974199986,1.5759862087665515e-05,166.0,253.0,578.3333333333334,11551.231666666354,1.3333333333333333,0.06150663485503604,0.0,0.020817069997709065,0.005494017033235466,1.5707963267948966,0.023152419861527832,0.0007104281944781884,253.0,253.0,577.0,580.0,0.0624512099931272,0.1226241569522646,0.0,0.0,0.0306701426162799,0.1226241569522646,0.0004703288240514,0.0150366838682536,1.5707963267948966,1.5707963267948966,1.5759862087665515e-05,0.0017242974199986,1.0,2.0,0.0,0.0694572595845835,11535.119999999552,11575.299999999515,10
166,252,251,250.0,581,583,584.0,11750.864999999976,11855.40999999921,11919.184999999745,1.4142135623730951,2.23606797749979,1.4142135623730951,0.013527318976359,0.0350618263815149,0.0014369022488835,0.0207576543850971,0.0095652589794569,0.0156801254408725,0.0207576543850971,0.0191305179589138,0.0156801254408725,0.0001293923093065,0.0005497738358482,1.4599549373447377e-06,2.356194490192345,2.0344439357957027,2.356194490192345,0.0489090708914828,0.0030776273795877,0.0050450890536096,2.6858808366759093e-06,4.021058171550363e-06,8.597630433654661e-06,167.0,251.0,582.6666666666666,11841.819999999643,1.6881650340819931,0.016675349202252467,0.0153343462684755,0.020561054748766332,0.00022687536669734827,2.248944305393464,0.019010595774893366,5.101523147293644e-06,250.0,252.0,581.0,584.0,0.0156801254408725,0.0207576543850971,0.0095652589794569,0.0207576543850971,0.0014369022488835,0.0350618263815149,1.4599549373447377e-06,0.0005497738358482,2.0344439357957027,2.356194490192345,2.6858808366759093e-06,8.597630433654661e-06,1.4142135623730951,2.23606797749979,0.0030776273795877,0.0489090708914828,11750.864999999976,11919.184999999745,10
167,251,267,317.0,584,581,578.0,12903.394999999364,12911.674999999375,12919.13999999997,1.0,16.278820596099706,50.08991914547278,0.1207729468597081,2.1806859470604505,3.131598571194877,0.0010160433240877,1.9323671497553296,6.6979236431382745,0.0,0.3623188405791243,0.4018754185882964,0.0145861046931778,0.2921213592615114,0.1957860938570943,0.0,0.1853479499956947,0.0599281551212078,0.0023939956820122,0.0223850181153858,0.0168010441881475,1.481863092048054e-05,0.0335187505516769,0.0129049250364049,168.0,278.3333333333333,581.0,12911.403333332904,22.456246580524162,1.8110191550383454,2.877102278739231,3.0110607516019967,0.16749785260392783,0.08175870170563417,0.013860019328515166,0.01547949807300076,251.0,317.0,578.0,584.0,0.0,0.4018754185882964,0.0010160433240877,6.6979236431382745,0.1207729468597081,3.131598571194877,0.0145861046931778,0.2921213592615114,0.0,0.1853479499956947,1.481863092048054e-05,0.0335187505516769,1.0,50.08991914547278,0.0023939956820122,0.0223850181153858,12903.394999999364,12919.13999999997,10
168,464,772,931.0,567,567,567.0,12935.134999999718,12959.13500000006,12975.244999999632,147.41099009232656,308.0,159.0,6.142124587092756,19.118559901191563,9.990574929343394,9.19037199139208,12.833333333150474,9.869646182757984,0.6877149109204959,0.0,0.0,0.2559218577918849,1.1867510801800325,0.6277458328227973,0.0746907288217991,0.0,0.0,0.0009229492779508,0.0031121137008639,0.0,0.0037596601397773,0.0387845509322868,0.0346992704762328,169.0,722.3333333333334,567.0,12956.504999999803,204.80366336410884,11.750419805875906,10.631117169100179,10.631117169100179,0.6901395902649049,0.024896909607266367,0.0013450209929382333,0.025747827182765633,464.0,931.0,567.0,567.0,0.0,0.6877149109204959,9.19037199139208,12.833333333150474,6.142124587092756,19.118559901191563,0.2559218577918849,1.1867510801800325,0.0,0.0746907288217991,0.0037596601397773,0.0387845509322868,147.41099009232656,308.0,0.0,0.0031121137008639,12935.134999999718,12975.244999999632,10
169,1039,1080,1083.0,567,565,564.0,12991.15999999958,13007.244999999784,13015.124999999898,108.0,41.04875150354759,3.1622776601683795,6.714330121146284,5.209232424232842,0.0246937190392648,6.78605089540306,2.54895865710183,0.3807106598929792,0.0,0.1243394466878941,0.1269035532976597,0.417428046071595,0.6610701045885298,0.0001928292912639,0.0,0.0487418513099315,0.3217505543966422,0.0,0.0030302674112102,0.0346457745028893,0.0132150667139091,0.0151471593729475,0.0838676745288987,170.0,1067.3333333333333,565.3333333333334,13004.509999999755,50.73700972123865,3.9827520881394634,3.238573404132623,3.2808745885651764,0.3595636599837962,0.1234974685688579,0.012558680638033165,0.037409966871918436,1039.0,1083.0,564.0,567.0,0.0,0.1269035532976597,0.3807106598929792,6.78605089540306,0.0246937190392648,6.714330121146284,0.0001928292912639,0.6610701045885298,0.0,0.3217505543966422,0.0132150667139091,0.0838676745288987,3.1622776601683795,108.0,0.0,0.0346457745028893,12991.15999999958,13015.124999999898,10
170,1082,1080,1079.0,564,563,563.0,13143.184999999905,13159.16500000003,13175.179999999273,1.0,2.23606797749979,1.0,0.0625782227779761,0.1396233517081188,0.0207835394365469,0.0078088396064341,0.1251564455559523,0.062441461133143,0.0,0.0625782227779761,0.0,0.00391603396605,0.0087182860889616,0.0004319555115105,3.141592653589793,2.677945044588987,3.141592653589793,0.0220196946680699,0.0290142433665284,0.0289508341568985,2.9073908127330185e-05,0.0003005164031835,0.0005174105886882,171.0,1080.3333333333333,563.3333333333334,13159.176666666403,1.4120226591665965,0.07432837130754726,0.0651355820985098,0.0651355820985098,0.0043554251888407005,2.9870434505895247,0.026661590730498935,0.00028233363333301007,1079.0,1082.0,563.0,564.0,0.0,0.0625782227779761,0.0078088396064341,0.1251564455559523,0.0207835394365469,0.1396233517081188,0.0004319555115105,0.0087182860889616,2.677945044588987,3.141592653589793,2.9073908127330185e-05,0.0005174105886882,1.0,2.23606797749979,0.0220196946680699,0.0290142433665284,13143.184999999905,13175.179999999273,10
171,1079,1079,1079.0,562,561,559.0,13223.29499999978,13239.235000000008,13263.175000000048,1.0,1.0,2.0,0.0627352572136576,0.0417710944026058,0.1244942421428616,0.0,0.0,0.0,0.0207835394365469,0.0627352572136576,0.0835421888052116,0.0039357124976637,0.0017448243275914,0.0077494081633627,1.5707963267948966,1.5707963267948966,1.5707963267948966,0.0326467074047248,0.0,0.0,7.282047149779375e-05,0.0001374459328758,0.0002508180382523,172.0,1079.0,560.6666666666666,13241.901666666612,1.3333333333333333,0.07633353125304167,0.0,0.027847396268403865,0.004476648329539267,1.5707963267948966,0.010882235801574934,0.00015369481420863127,1079.0,1079.0,559.0,562.0,0.0207835394365469,0.0835421888052116,0.0,0.0,0.0417710944026058,0.1244942421428616,0.0017448243275914,0.0077494081633627,1.5707963267948966,1.5707963267948966,7.282047149779375e-05,0.0002508180382523,1.0,2.0,0.0,0.0326467074047248,13223.29499999978,13263.175000000048,10
172,1081,1085,1089.0,558,558,558.0,13279.239999999843,13295.239999999469,13303.249999999936,2.23606797749979,4.0,4.0,0.1397542485970416,0.4993757802454984,0.1677148846989434,0.1244942421428616,0.2500000000059117,0.4993757802454984,0.0622471210714308,0.0,0.0,0.0087346405375216,0.06234404247395,0.0070320706373949,0.4636476090008061,0.0,0.0,0.0689168202806081,0.0289779755632356,0.0,6.132787887776278e-05,0.003350587621106,0.0069053647731991,173.0,1085.0,558.0,13292.576666666415,3.4120226591665967,0.26894830451382784,0.29129000746475725,0.29129000746475725,0.026036917882955504,0.1545492030002687,0.032631598614614565,0.0034390934243942878,1081.0,1089.0,558.0,558.0,0.0,0.0622471210714308,0.1244942421428616,0.4993757802454984,0.1397542485970416,0.4993757802454984,0.0070320706373949,0.06234404247395,0.0,0.4636476090008061,6.132787887776278e-05,0.0069053647731991,2.23606797749979,4.0,0.0,0.0689168202806081,13279.239999999843,13303.249999999936,10
173,1114,1124,1125.0,558,558,558.0,13327.099999999518,13343.249999999898,13375.204999999369,25.0,10.0,1.0,1.5479876160626669,0.312940071981401,0.0112277550103707,1.0482180293683965,0.6191950464250666,0.0312940071981401,0.0,0.0,0.0,0.0958506263793351,0.0097931488651724,0.0001260624825729,0.0,0.0,0.0,0.0,0.0,0.0,0.0037240484588465,0.0053286363784606,0.0003025218708421,174.0,1121.0,558.0,13348.518333332928,12.0,0.6240518143514796,0.5662356943305343,0.5662356943305343,0.035256612575693465,0.0,0.0,0.0031184022360497333,1114.0,1125.0,558.0,558.0,0.0,0.0,0.0312940071981401,1.0482180293683965,0.0112277550103707,1.5479876160626669,0.0001260624825729,0.0958506263793351,0.0,0.0,0.0003025218708421,0.0053286363784606,1.0,25.0,0.0,0.0,13327.099999999518,13375.204999999369,10
174,1126,1126,1125.0,558,558,558.0,13486.954999999398,13561.219999999594,13598.579999999856,1.0,0.0,1.0,0.0139372822299524,0.0,0.1252348152756713,0.0440819925062354,0.0,0.0267665952888911,0.0,0.0,0.0,0.0001942478359573,0.0,0.0156837589571315,0.0,0.0,3.141592653589793,0.0,0.0,0.0840897391211916,8.562831649024268e-06,0.0,0.000419800828614,175.0,1125.6666666666667,558.0,13548.91833333295,0.6666666666666666,0.04639069916854124,0.02361619593170883,0.02361619593170883,0.005292668931029601,1.0471975511965976,0.0280299130403972,0.00014278788675434144,1125.0,1126.0,558.0,558.0,0.0,0.0,0.0,0.0440819925062354,0.0,0.1252348152756713,0.0,0.0156837589571315,0.0,3.141592653589793,0.0,0.000419800828614,0.0,1.0,0.0,0.0840897391211916,13486.954999999398,13598.579999999856,10
175,1124,1123,1121.0,558,558,559.0,13606.565000000046,13614.5549999992,13647.014999999556,1.0,1.0,2.23606797749979,0.1251564455701988,0.0308071472578263,0.2708743764471775,0.1252348152756713,0.1251564455701988,0.0616142945156527,0.0,0.0,0.0308071472578263,0.0156641358677661,0.0009490803221653,0.0328133708607944,3.141592653589793,3.141592653589793,2.677945044588987,0.0,0.0,0.0142836601662269,2.457493971813036e-06,0.0018416840484554,0.0009816478908897,176.0,1122.6666666666667,558.3333333333334,13622.711666666268,1.4120226591665965,0.1422793230917342,0.10400185178717426,0.11427090087311637,0.016475529016908602,2.9870434505895247,0.0047612200554089665,0.0009419298111056377,1121.0,1124.0,558.0,559.0,0.0,0.0308071472578263,0.0616142945156527,0.1252348152756713,0.0308071472578263,0.2708743764471775,0.0009490803221653,0.0328133708607944,2.677945044588987,3.141592653589793,2.457493971813036e-06,0.0018416840484554,1.0,2.23606797749979,0.0,0.0142836601662269,13606.565000000046,13647.014999999556,10
176,1121,1059,987.0,560,583,597.0,13655.269999999293,13695.184999999585,13711.45499999966,1.0,66.12866246946176,73.348483283569,0.0250532381308452,4.064453747335555,4.6408404481852354,0.0,1.5533007641124033,4.425322679757835,0.1211387038197513,0.5762244770094399,0.8604794099529125,0.0006276647408408,0.2498127687348715,0.2936311577466086,1.5707963267948966,2.786361791543112,2.949544636349063,0.1341185606092758,0.0304538510519685,0.010029677000933,0.0038989347208946,0.0062428937490218,0.002693201537279,177.0,1055.6666666666667,580.0,13687.303333332844,46.82571525101025,2.910115811217212,1.9928744812900796,2.2797009512743838,0.18135719707410694,2.4355675848956904,0.05820069622072576,0.0042783433357317996,987.0,1121.0,560.0,597.0,0.1211387038197513,0.8604794099529125,0.0,4.425322679757835,0.0250532381308452,4.6408404481852354,0.0006276647408408,0.2936311577466086,1.5707963267948966,2.949544636349063,0.002693201537279,0.0062428937490218,1.0,73.348483283569,0.010029677000933,0.1341185606092758,13655.269999999293,13711.45499999966,10
177,905,813,720.0,610,623,627.0,13727.25999999966,13743.289999999432,13759.22999999966,83.02409288875127,92.91393867445294,93.08598175880188,5.179294628192483,5.828979841475823,5.839773008624285,5.188231572287156,5.739238927093025,5.834378920870166,0.8225245175577197,0.8109794136109709,0.2509410288546307,0.3231001015761532,0.3656825496482114,0.3663596617654202,2.9843646026132244,3.00121766782546,3.098608393722022,0.0022030981502157,0.0010513453033358,0.0061098322393456,0.0018645329851024,0.0026564222128921,4.247880283558051e-05,178.0,812.6666666666666,620.0,13743.259999999585,89.67467110733537,5.616015826097531,5.587283140083449,5.670930149701658,0.3517141043299283,3.0280635547202355,0.0031214252309657,0.0015211446669433602,720.0,905.0,610.0,627.0,0.2509410288546307,0.8225245175577197,5.188231572287156,5.834378920870166,5.179294628192483,5.839773008624285,0.3231001015761532,0.3663596617654202,2.9843646026132244,3.098608393722022,4.247880283558051e-05,0.0026564222128921,83.02409288875127,93.08598175880188,0.0010513453033358,0.0061098322393456,13727.25999999966,13759.22999999966,10
178,644,595,560.0,627,627,627.0,13775.16999999989,13791.129999999612,13807.20999999994,76.0,49.0,35.0,4.761904761987516,3.047263681529661,2.1936696960408244,4.767879548237985,3.070175438649846,2.176616915378329,0.0,0.0,0.0,0.2983649600294655,0.1895064478524429,0.1374910495807955,3.141592653589793,3.141592653589793,3.141592653589793,0.0026966285989433,0.0,0.0,0.004265665102571,0.00682070878314,0.0032347884496631,179.0,599.6666666666666,627.0,13791.169999999815,53.333333333333336,3.334279379852667,3.3382239674220533,3.3382239674220533,0.20845415248756796,3.141592653589793,0.0008988761996477666,0.004773720778458034,560.0,644.0,627.0,627.0,0.0,0.0,2.176616915378329,4.767879548237985,2.1936696960408244,4.761904761987516,0.1374910495807955,0.2983649600294655,3.141592653589793,3.141592653589793,0.0032347884496631,0.00682070878314,35.0,76.0,0.0,0.0026966285989433,13775.16999999989,13807.20999999994,10
179,539,524,509.0,627,627,627.0,13823.16499999979,13839.164999999412,13855.514999999286,21.0,15.0,15.0,1.3125000000310365,0.9174311926675728,0.636537237417124,1.3162018176244945,0.9375000000221688,0.9174311926675728,0.0,0.0,0.0,0.0820312500038795,0.0561119995519629,0.0270119769745749,3.141592653589793,3.141592653589793,3.141592653589793,0.0,0.0,0.0,0.0034760137622965,0.001619953153283,0.001779817894655,180.0,524.0,627.0,13839.281666666162,17.0,0.9554894767052443,1.057044336771412,1.057044336771412,0.05505174217680577,3.141592653589793,0.0,0.0022919282700781664,509.0,539.0,627.0,627.0,0.0,0.0,0.9174311926675728,1.3162018176244945,0.636537237417124,1.3125000000310365,0.0270119769745749,0.0820312500038795,3.141592653589793,3.141592653589793,0.001619953153283,0.0034760137622965,15.0,21.0,0.0,0.0,13823.16499999979,13855.514999999286,10
180,490,479,474.0,627,627,627.0,13879.079999999703,13895.164999999906,13911.164999999528,19.0,11.0,5.0,1.1812247435349943,0.6875000000162572,0.3108486167197353,0.8062805007283571,0.6838669567834178,0.3125000000073896,0.0,0.0,0.0,0.0734364155125954,0.0429687500020321,0.0193253725033145,3.141592653589793,3.141592653589793,3.141592653589793,0.0,0.0,0.0,0.0019700589237088,0.0018941663357276,0.0014777110937047,181.0,481.0,627.0,13895.13666666638,11.666666666666666,0.7265244534236622,0.6008824858397216,0.6008824858397216,0.04524351267264733,3.141592653589793,0.0,0.0017806454510470332,474.0,490.0,627.0,627.0,0.0,0.0,0.3125000000073896,0.8062805007283571,0.3108486167197353,1.1812247435349943,0.0193253725033145,0.0734364155125954,3.141592653589793,3.141592653589793,0.0014777110937047,0.0019700589237088,5.0,19.0,0.0,0.0,13879.079999999703,13911.164999999528,10
181,472,471,470.0,627,627,626.0,13927.24999999973,13951.17499999924,14151.389999999992,2.0,1.0,1.4142135623730951,0.0835945663549056,0.0049946307719013,0.0252876810439279,0.1243394466878941,0.0417972831774528,0.0049946307719013,0.0,0.0,0.0049946307719013,0.0034940257620323,2.494633654762433e-05,0.0004521713195186,3.141592653589793,3.141592653589793,2.356194490192345,0.0,0.0,0.0039227738350997,0.0009842304470676,0.000144998095112,2.1338310464722e-06,182.0,471.0,626.6666666666666,14009.938333332988,1.4714045207910316,0.037958959390244934,0.05704378687908273,0.05870866380304982,0.0013237144726995081,2.8797932657906435,0.0013075912783665669,0.0003771207910753574,470.0,472.0,626.0,627.0,0.0,0.0049946307719013,0.0049946307719013,0.1243394466878941,0.0049946307719013,0.0835945663549056,2.494633654762433e-05,0.0034940257620323,2.356194490192345,3.141592653589793,2.1338310464722e-06,0.0009842304470676,1.0,2.0,0.0,0.0039227738350997,13927.24999999973,14151.389999999992,10
182,469,468,468.0,625,624,623.0,14207.314999999651,14431.19999999999,14551.174999999605,1.4142135623730951,1.4142135623730951,1.0,0.0063166963502287,0.0117875687633061,0.0156274417878651,0.0178810907466439,0.004466578823943,0.0,0.0178810907466439,0.004466578823943,0.0083350698062365,2.821402215521035e-05,9.825020848797e-05,0.0002442169368331,2.356194490192345,2.356194490192345,1.5707963267948966,0.0,0.0,0.0065463485176076,7.5808189068578115e-06,3.12822146783636e-07,1.2166428701447317e-06,183.0,468.3333333333333,624.0,14396.563333333082,1.2761423749153968,0.011243902300466633,0.007449223190195632,0.010227579792274467,0.0001235603891587601,2.0943951023931953,0.0021821161725358667,3.036761307928726e-06,468.0,469.0,623.0,625.0,0.004466578823943,0.0178810907466439,0.0,0.0178810907466439,0.0063166963502287,0.0156274417878651,2.821402215521035e-05,0.0002442169368331,1.5707963267948966,2.356194490192345,3.12822146783636e-07,7.5808189068578115e-06,1.0,1.4142135623730951,0.0,0.0065463485176076,14207.314999999651,14551.174999999605,10
183,468,468,468.0,621,620,617.0,14615.164999999251,14639.279999999417,14647.264999999608,2.0,1.0,3.0,0.0829359319919672,0.1252348152756713,0.1876759461995552,0.0,0.0,0.0,0.0312548835757302,0.0414679659959836,0.375704445827014,0.0034391844076881,0.0156837589571315,0.0117407535939661,1.5707963267948966,1.5707963267948966,1.5707963267948966,0.0,0.0,0.0,4.99291681649091e-05,0.0005077576010516,0.000493801548287,184.0,468.0,619.3333333333334,14633.903333332759,2.0,0.1319488978223979,0.0,0.12523481527567135,0.0102878989862619,1.5707963267948966,0.0,0.00035049610583450305,468.0,468.0,617.0,621.0,0.0312548835757302,0.375704445827014,0.0,0.0,0.0829359319919672,0.1876759461995552,0.0034391844076881,0.0156837589571315,1.5707963267948966,1.5707963267948966,4.99291681649091e-05,0.0005077576010516,1.0,3.0,0.0,0.0,14615.164999999251,14647.264999999608,10
184,468,470,477.0,603,593,578.0,14663.249999999607,14671.219999999266,14679.724999999962,14.0,10.198039027185567,16.55294535724685,1.756587202082642,1.199063965473389,1.072429242497675,0.0,0.2509410288689488,0.823045267422371,0.8758210822645912,1.254705144344744,1.763668430190795,0.2203998998943231,0.1409834174456534,0.0694803526105173,1.5707963267948966,1.373400766945016,1.1341691669813554,0.0,0.0247673224414456,0.028128348023996,0.0130534342383703,0.0099644269074109,0.0084071798741076,185.0,471.6666666666667,591.3333333333334,14671.398333332945,13.58366146147747,1.3426934700179018,0.3579954320971066,0.9458849088273716,0.14362122331683128,1.3594554202404225,0.0176318901551472,0.010475013673296266,468.0,477.0,578.0,603.0,0.8758210822645912,1.763668430190795,0.0,0.823045267422371,1.072429242497675,1.756587202082642,0.0694803526105173,0.2203998998943231,1.1341691669813554,1.5707963267948966,0.0084071798741076,0.0130534342383703,10.198039027185567,16.55294535724685,0.0,0.028128348023996,14663.249999999607,14679.724999999962,10
185,500,530,553.0,534,497,470.0,14695.159999999303,14711.159999999836,14727.164999999331,49.64876634922564,47.63402145525821,35.4682957019364,3.103047896723592,2.976196279710102,2.205054131270693,1.49011985753024,1.8749999999377565,1.4370509216323164,2.8506640752752417,2.312499999923233,1.6869728210466322,0.1939404935387863,0.1859541568137423,0.1370876052995265,1.089132649240035,0.8894981015070477,0.8652281491096856,0.0029178178000154,0.0124771592328975,0.0015163981504609,0.0080635011942706,0.0004991460452986,0.003053205343065,186.0,527.6666666666666,500.3333333333333,14711.161666666158,44.25036116880674,2.7614327692347955,1.6007235930334376,2.1630478667156483,0.17232741855068504,0.9479529666189227,0.005637125061124599,0.003871950860878067,500.0,553.0,470.0,534.0,1.6869728210466322,2.8506640752752417,1.4370509216323164,1.8749999999377565,2.205054131270693,3.103047896723592,0.1370876052995265,0.1939404935387863,0.8652281491096856,1.089132649240035,0.0004991460452986,0.0080635011942706,35.4682957019364,49.64876634922564,0.0015163981504609,0.0124771592328975,14695.159999999303,14727.164999999331,10
186,565,569,570.0,457,453,450.0,14743.249999999534,14759.164999999484,14774.899999999434,17.69180601295413,5.656854249492381,3.1622776601683795,1.111643481810228,0.3595077374966941,0.1308889760006826,0.7460366801273649,0.2513352183482615,0.0635525897682364,0.8082064034713119,0.2513352183482615,0.1906577693047092,0.0698487893065488,0.0228476477596342,0.0054175900662673,0.8253768505207384,0.7853981633974483,1.2490457723982544,0.0024775442081718,0.0025120130143522,0.0294660062918519,0.0041802185882579,0.0029532605433278,0.0011077253062232,187.0,568.0,453.3333333333333,14759.104999999485,8.836979307538297,0.5340133984358683,0.35364149608128753,0.41719408584952394,0.03270467571081676,0.9532735954388137,0.0114851878381253,0.0027470681459363,565.0,570.0,450.0,457.0,0.1906577693047092,0.8082064034713119,0.0635525897682364,0.7460366801273649,0.1308889760006826,1.111643481810228,0.0054175900662673,0.0698487893065488,0.7853981633974483,1.2490457723982544,0.0011077253062232,0.0041802185882579,3.1622776601683795,17.69180601295413,0.0024775442081718,0.0294660062918519,14743.249999999534,14774.899999999434,10
187,570,572,573.0,449,447,443.0,14799.059999999372,14815.24999999965,14831.234999999651,1.0,2.8284271247461903,4.123105625617661,0.061766522543717,0.1769425789644096,0.2571316261745204,0.0,0.123533045087434,0.062558648733185,0.0413907284769273,0.123533045087434,0.2502345949327403,0.0038151033071435,0.0110692886433783,0.0160356486548289,1.5707963267948966,0.7853981633974483,1.3258176636680326,0.0133174898343322,0.0485113133652824,0.0338079136859909,6.632809433476535e-05,0.0004480658021068,0.0003106887714388,188.0,571.6666666666666,446.3333333333333,14815.181666666225,2.6505109167879506,0.16528024256088233,0.062030564606873,0.14544209625111978,0.010306680201783566,1.2273373846201256,0.03187890562853517,0.0002750275559601218,570.0,573.0,443.0,449.0,0.0413907284769273,0.2502345949327403,0.0,0.123533045087434,0.061766522543717,0.2571316261745204,0.0038151033071435,0.0160356486548289,0.7853981633974483,1.5707963267948966,6.632809433476535e-05,0.0004480658021068,1.0,4.123105625617661,0.0133174898343322,0.0485113133652824,14799.059999999372,14831.234999999651,10
188,577,580,581.0,437,431,426.0,14847.269999999298,14863.239999999678,14879.274999999325,7.211102550927978,6.708203932499369,5.0990195135927845,0.4515405479496939,0.4183476103927071,0.3209958774545535,0.2494543186833841,0.187852222913507,0.062363579670846,0.3741814780250762,0.375704445827014,0.3118178983542302,0.0282742985559776,0.0260896545308336,0.0202074836285961,0.982793723247329,1.1071487177940904,1.373400766945016,0.021392200837434,0.0077867873853353,0.0166044308797497,0.0007632460181738,0.000136796745466,0.0003668332336992,189.0,579.3333333333334,431.3333333333333,14863.2616666661,6.339441999006712,0.39696134526565147,0.1665567070892457,0.27049600654065575,0.024857145571802436,1.1544477359954783,0.015261139700839666,0.000422291999113,577.0,581.0,426.0,437.0,0.3118178983542302,0.375704445827014,0.062363579670846,0.2494543186833841,0.3209958774545535,0.4515405479496939,0.0202074836285961,0.0282742985559776,0.982793723247329,1.373400766945016,0.000136796745466,0.0007632460181738,5.0990195135927845,7.211102550927978,0.0077867873853353,0.021392200837434,14847.269999999298,14879.274999999325,10
189,583,584,588.0,418,412,405.0,14895.160000000033,14911.259999999857,14927.159999999276,8.246211251235321,6.082762530298219,8.06225774829855,0.5121870342438203,0.3825636811648015,0.5004505119837328,0.1259049417633543,0.0621118012429153,0.2515723270532118,0.5036197670534174,0.3726708074574918,0.4402515723431207,0.0318128592701504,0.024060608879168,0.0310645879558533,1.3258176636680326,1.40564764938027,1.0516502125483738,0.0029954739235041,0.0049583842057832,0.0222639897386681,0.0007305870721458,0.00048150623547,0.0004405018287384,190.0,585.0,411.6666666666667,14911.193333333054,7.4637438432773635,0.46506707579745155,0.14652969001982713,0.2932802141342007,0.028979352035057235,1.2610385085322255,0.010072615955985133,0.0005508650454514,583.0,588.0,405.0,418.0,0.3726708074574918,0.5036197670534174,0.0621118012429153,0.2515723270532118,0.3825636811648015,0.5121870342438203,0.024060608879168,0.0318128592701504,1.0516502125483738,1.40564764938027,0.0004405018287384,0.0007305870721458,6.082762530298219,8.246211251235321,0.0029954739235041,0.0222639897386681,14895.160000000033,14927.159999999276,10
190,598,612,634.0,394,381,364.0,14943.269999999757,14959.170000000086,14983.099999999467,14.866068747318506,19.1049731745428,27.80287754891569,0.9349728771705044,0.7983691255761105,1.7178175809836118,0.6207324642893578,0.8805031446358759,0.9193480986447268,0.6828057107182937,0.8176100628761704,0.7104053489527433,0.0588033256069915,0.0333626880734113,0.1061363967216937,0.8329812666744317,0.7483780475235183,0.65788860518221,0.0135734913635888,0.0053209571791926,0.0037814225801774,0.0017218334978467,0.0016000400964184,0.003041107758051,191.0,614.6666666666666,379.6666666666667,14961.846666666437,20.591306490258997,1.1503865279100756,0.8068612358566535,1.0436630188409013,0.06610080346736551,0.74641597312672,0.007558623707652933,0.002120993784105367,598.0,634.0,364.0,394.0,0.6828057107182937,0.8176100628761704,0.6207324642893578,0.9193480986447268,0.7983691255761105,1.7178175809836118,0.0333626880734113,0.1061363967216937,0.65788860518221,0.8329812666744317,0.0016000400964184,0.003041107758051,14.866068747318506,27.80287754891569,0.0037814225801774,0.0135734913635888,14943.269999999757,14983.099999999467,10
191,647,658,659.0,356,350,350.0,14999.284999999873,15015.179999999418,15023.129999999584,15.264337522473747,12.529964086141668,1.0,0.960323216288772,1.5760961114317609,0.0138504155125399,0.8032128513855173,0.6920415225111294,0.1257861635194108,0.4942848316218568,0.3774771940969796,0.0,0.0604166855184787,0.198251083194863,0.00019183400987,0.5516549825285468,0.4993467216801301,0.0,0.0065637085357432,0.0032908625888588,0.0628109083861385,0.0028248199692351,0.0086715569474881,0.0249131131045152,192.0,654.6666666666666,352.0,15012.531666666291,9.598100536205138,0.8500899144110243,0.5403468458053525,0.5403468458053525,0.08628653424107058,0.35033390140289233,0.024221826503580166,0.012136496673746134,647.0,659.0,350.0,356.0,0.0,0.4942848316218568,0.1257861635194108,0.8032128513855173,0.0138504155125399,1.5760961114317609,0.00019183400987,0.198251083194863,0.0,0.5516549825285468,0.0028248199692351,0.0249131131045152,1.0,15.264337522473747,0.0032908625888588,0.0628109083861385,14999.284999999873,15023.129999999584,10
192,658,656,655.0,350,352,352.0,15095.329999999194,15103.12999999951,15119.109999999637,1.0,2.8284271247461903,1.0,0.1282051281999379,0.1769979427236377,0.0112095056607885,0.0138504155125399,0.2564102563998758,0.0625782227779761,0.0,0.2564102563998758,0.0,0.0164365548967625,0.0110762166910032,0.0001256530171592,3.141592653589793,2.356194490192345,3.141592653589793,0.0435123636233614,0.1006920722263656,0.0491488212384988,0.0002249961341686,0.0006872228468643,0.0006852668131262,193.0,656.3333333333334,351.3333333333333,15105.856666666114,1.6094757082487299,0.10547085886145469,0.1109462982301306,0.1109462982301306,0.009212808201641635,2.8797932657906435,0.06445108569607527,0.0005324952647197,655.0,658.0,350.0,352.0,0.0,0.2564102563998758,0.0138504155125399,0.2564102563998758,0.0112095056607885,0.1769979427236377,0.0001256530171592,0.0164365548967625,2.356194490192345,3.141592653589793,0.0002249961341686,0.0006872228468643,1.0,2.8284271247461903,0.0435123636233614,0.1006920722263656,15095.329999999194,15119.109999999637,10
193,655,653,636.0,353,356,365.0,15286.575000000084,15294.564999999238,15310.459999999694,1.0,3.605551275463989,19.235384061671343,0.1251564455701988,0.2268355630928428,0.4770089041959205,0.0,0.2503128911403976,1.0695187165469124,0.1263423878689101,0.3754693367105964,0.5662157911130713,0.0156641358677661,0.0142708753121325,0.0118291110774121,1.5707963267948966,2.158798930342464,2.654693421778524,0.1984581587829801,0.0735923158460363,0.0311981435307869,0.0019790443294366,0.0001743755388962,0.0001536183853193,194.0,648.0,358.0,15297.199999999671,7.946978445711778,0.27633363761965407,0.43994386922910333,0.6286824662667937,0.013921374085770233,2.128096226305295,0.10108287271993444,0.0007690127512173665,636.0,655.0,353.0,365.0,0.1263423878689101,0.5662157911130713,0.0,1.0695187165469124,0.1251564455701988,0.4770089041959205,0.0118291110774121,0.0156641358677661,1.5707963267948966,2.654693421778524,0.0001536183853193,0.0019790443294366,1.0,19.235384061671343,0.0311981435307869,0.1984581587829801,15286.575000000084,15310.459999999694,10
194,602,595,588.0,385,392,397.0,15350.784999999632,15366.794999999913,15382.759999999507,39.44616584663204,9.899494936611664,8.602325267042627,2.463845461957889,0.6200748472823032,0.5218274350615206,0.8431494110366158,0.4372267332840863,0.4384591293565295,0.4959702417862446,0.4372267332840863,0.313185092397521,0.1538941575212383,0.0388396396678973,0.0316546821388096,2.609868586330988,2.356194490192345,2.521343167606972,0.0011115892237471,0.015844728053356,0.0103444207590856,0.0035230017717059,0.0071864158557988,0.0004500443175239,195.0,595.0,391.3333333333333,15366.779999999684,19.315995350095445,1.2019159147672376,0.5729450912257438,0.6773401220249174,0.07479615977598174,2.4958020813767683,0.0091002460120629,0.0037198206483428664,588.0,602.0,385.0,397.0,0.313185092397521,0.4959702417862446,0.4372267332840863,0.8431494110366158,0.5218274350615206,2.463845461957889,0.0316546821388096,0.1538941575212383,2.356194490192345,2.609868586330988,0.0004500443175239,0.0071864158557988,8.602325267042627,39.44616584663204,0.0011115892237471,0.015844728053356,15350.784999999632,15382.759999999507,10
195,573,545,506.0,404,419,439.0,15399.24499999961,15415.169999999309,15431.164999999964,16.55294535724685,31.76476034853718,43.829214001622255,1.0394314196270935,1.985918121114819,2.7223114287019623,0.909918107364682,1.7582417582751764,2.438261956761297,0.4246284501035183,0.941915227647416,1.2503907470570756,0.0652704188161287,0.1241586821527471,0.1690876663808531,2.704965493776252,2.649783477601095,2.667741317095033,0.0111387519665234,0.0034651187551777,0.0011227158170178,0.0020391711663397,0.0036978501310981,0.0028089393076748,196.0,541.3333333333334,420.6666666666667,15415.19333333296,30.715639902468762,1.9158869898146247,1.702140607467052,2.1189375231527436,0.11950558911657631,2.674163429490793,0.0052421955129063,0.0028486535350375334,506.0,573.0,404.0,439.0,0.4246284501035183,1.2503907470570756,0.909918107364682,2.438261956761297,1.0394314196270935,2.7223114287019623,0.0652704188161287,0.1690876663808531,2.649783477601095,2.704965493776252,0.0020391711663397,0.0036978501310981,16.55294535724685,43.829214001622255,0.0011227158170178,0.0111387519665234,15399.24499999961,15431.164999999964,10
196,451,404,368.0,467,494,511.0,15447.264999999788,15463.159999999334,15479.274999999689,61.71709649683789,54.20332093147061,39.81205847478876,3.882799402239817,3.363532170665733,2.5062674520172648,3.416149068360342,2.956904687093008,2.2339435308227182,1.7391304348016288,1.6986473734364085,1.054917778444061,0.244278037266486,0.208720581482578,0.1577757288038455,2.67069879460909,2.620158213818049,2.7004131731748124,0.0001836942555335,0.0031796527708389,0.0049801402019855,0.0046702093718295,0.0022370214397561,0.0031613312241769,197.0,407.6666666666667,490.6666666666667,15463.233333332937,51.91082530103242,3.2508663416409385,2.8689990954253566,3.22063835490671,0.20359144918430316,2.6637567272006506,0.002781162409452633,0.003356187345254167,368.0,451.0,467.0,511.0,1.054917778444061,1.7391304348016288,2.2339435308227182,3.416149068360342,2.5062674520172648,3.882799402239817,0.1577757288038455,0.244278037266486,2.620158213818049,2.7004131731748124,0.0022370214397561,0.0046702093718295,39.81205847478876,61.71709649683789,0.0001836942555335,0.0049801402019855,15447.264999999788,15479.274999999689,10
197,348,339,336.0,523,528,531.0,15495.159999999489,15511.269999999968,15527.224999999817,23.323807579381203,10.295630140987,4.242640687119285,1.4477844555360095,0.6452917669122201,0.1759701653765247,1.2590494177056304,0.558659217860422,0.1880288310892135,0.7554296506233782,0.3103662321446789,0.1880288310892135,0.0898686812844693,0.0404444855479993,0.0072986381327679,2.601173153319209,2.6344941491974563,2.356194490192345,0.0062474044606146,0.0020683423884079,0.0174427865250859,0.0042749164318689,0.0030679202815018,0.0020774583149824,198.0,341.0,527.3333333333334,15511.21833333309,12.62069280249583,0.7563487959415848,0.6685791555517553,0.7312554325814932,0.045870601655078835,2.53062059756967,0.008586177791369467,0.0031400983427843665,336.0,348.0,523.0,531.0,0.1880288310892135,0.7554296506233782,0.1880288310892135,1.2590494177056304,0.1759701653765247,1.4477844555360095,0.0072986381327679,0.0898686812844693,2.356194490192345,2.6344941491974563,0.0020774583149824,0.0042749164318689,4.242640687119285,23.323807579381203,0.0020683423884079,0.0174427865250859,15495.159999999489,15527.224999999817,10
198,334,331,330.0,534,537,538.0,15551.3349999992,15567.15499999973,15583.244999999806,3.605551275463989,4.242640687119285,1.4142135623730951,0.2279109529293932,0.2636818326351213,0.1796967677853474,0.0829531314828392,0.1896333754677201,0.0621504039773301,0.1244296972242589,0.1896333754677201,0.0621504039773301,0.0144065077700218,0.0163879324197555,0.0228331344088624,2.158798930342464,2.356194490192345,2.356194490192345,0.0081872899151779,0.012477595438891,0.0,0.000294810022291,0.0001252480815213,0.0004005719073384,199.0,331.6666666666667,536.3333333333334,15567.244999999579,3.0874685083187896,0.22376318444995394,0.11157897030929646,0.13229577163507314,0.017875858199546565,2.290395970242385,0.006888295118022966,0.0002735433370502333,330.0,334.0,534.0,538.0,0.0621504039773301,0.1896333754677201,0.0621504039773301,0.1896333754677201,0.1796967677853474,0.2636818326351213,0.0144065077700218,0.0228331344088624,2.158798930342464,2.356194490192345,0.0001252480815213,0.0004005719073384,1.4142135623730951,4.242640687119285,0.0,0.012477595438891,15551.3349999992,15583.244999999806,10
199,329,327,326.0,539,541,542.0,15591.114999999263,15615.209999999934,15631.274999999732,1.4142135623730951,2.8284271247461903,1.4142135623730951,0.0586932376980177,0.1760614456757951,0.0443327135540842,0.1270648030583235,0.0830047727721245,0.0622471210714308,0.1270648030583235,0.0830047727721245,0.0622471210714308,0.0024359094291921,0.0109593181249923,0.0013897402368073,2.356194490192345,2.356194490192345,2.356194490192345,0.0,0.0,0.0,0.0025917693749781,0.0003537418010194,0.0005956786734083,200.0,327.3333333333333,540.6666666666666,15612.533333332976,1.885618083164127,0.093029132309299,0.09077223230062627,0.11152127265776988,0.0049283225969972335,2.356194490192345,0.0,0.0011803966164686001,326.0,329.0,539.0,542.0,0.0622471210714308,0.1270648030583235,0.0622471210714308,0.1270648030583235,0.0443327135540842,0.1760614456757951,0.0013897402368073,0.0109593181249923,2.356194490192345,2.356194490192345,0.0003537418010194,0.0025917693749781,1.4142135623730951,2.8284271247461903,0.0,0.0,15591.114999999263,15631.274999999732,10
200,325,324,323.0,543,544,545.0,15663.174999999685,15671.049999999925,15687.099999999193,1.4142135623730951,1.4142135623730951,1.4142135623730951,0.1795826745815842,0.0881129945443981,0.0352715690824987,0.0313479623824937,0.1269841269802552,0.0623052959529972,0.0313479623824937,0.1269841269802552,0.0623052959529972,0.0228041491525217,0.0054899062023935,0.0008796999396992,2.356194490192345,2.356194490192345,2.356194490192345,0.0,0.0,0.0,0.0006712980851331,0.002198634025346,0.0002872402656015,201.0,324.0,544.0,15673.774999999601,1.4142135623730951,0.10098907940282699,0.07354579510524871,0.0943142270895811,0.009724585098204801,2.356194490192345,0.0,0.0010523907920268669,323.0,325.0,543.0,545.0,0.0313479623824937,0.1269841269802552,0.0313479623824937,0.1269841269802552,0.0352715690824987,0.1795826745815842,0.0008796999396992,0.0228041491525217,2.356194490192345,2.356194490192345,0.0002872402656015,0.002198634025346,1.4142135623730951,1.4142135623730951,0.0,0.0,15663.174999999685,15687.099999999193,10
201,322,321,321.0,547,548,545.0,15727.194999999483,15751.084999999875,16535.17499999998,2.23606797749979,1.4142135623730951,3.0,0.0935984921499819,0.0018036367794167,0.377121307352058,0.0249407656813246,0.041858518207768,0.0,0.0498815313626493,0.041858518207768,0.0038260913925692,0.0039178941878796,2.30029305234927e-06,0.0474068268196418,2.0344439357957027,2.356194490192345,1.5707963267948966,0.0080247051850429,0.0134680014395713,0.0010016683842382,7.577489083821558e-05,0.0001639009583408,6.045801697073432e-05,202.0,321.3333333333333,546.6666666666666,16004.48499999978,2.2167605132909616,0.15750781209381887,0.02226642796303087,0.023541791760553935,0.01710900710019125,1.9871449175943148,0.007498125002950801,0.00010004462204991664,321.0,322.0,545.0,548.0,0.0038260913925692,0.0498815313626493,0.0,0.041858518207768,0.0018036367794167,0.377121307352058,2.30029305234927e-06,0.0474068268196418,1.5707963267948966,2.356194490192345,6.045801697073432e-05,0.0001639009583408,1.4142135623730951,3.0,0.0010016683842382,0.0134680014395713,15727.194999999483,16535.17499999998,10
202,322,322,316.0,534,520,491.0,16543.13000000002,16551.23999999978,16567.159999999603,11.04536101718726,14.0,29.61418578992169,1.3619434053654107,0.8793969849343655,1.8514651947726373,0.125707102450686,0.0,0.376884422114728,1.3827781269575463,1.7262638718142396,1.8216080402211856,0.167933835438426,0.0552385040794037,0.1157527474086784,1.4801364395941514,1.5707963267948966,1.7748143063874453,0.0113965917285117,0.0111787777069571,0.012815199723292,0.0151511010205162,0.0138958485033724,0.0038011459378106,203.0,320.0,515.0,16553.843333333134,18.219848935702984,1.3642685283574714,0.16753050818847134,0.7747331882622,0.1129750289755027,1.6085823575921643,0.0117968563862536,0.010949365153899734,316.0,322.0,491.0,534.0,1.3827781269575463,1.8216080402211856,0.0,0.376884422114728,0.8793969849343655,1.8514651947726373,0.0552385040794037,0.167933835438426,1.4801364395941514,1.7748143063874453,0.0038011459378106,0.0151511010205162,11.04536101718726,29.61418578992169,0.0111787777069571,0.012815199723292,16543.13000000002,16567.159999999603,10
203,308,300,293.0,462,441,428.0,16583.15499999935,16599.159999999756,16615.154999999504,30.083217912982647,22.47220505424423,14.7648230602334,1.8796137402200384,1.404951863369699,0.9190677286286024,0.5001562988512697,0.4998437988002278,0.4376367614948609,1.8130665833358528,1.312089971850598,0.8127539856333132,0.117439159023586,0.0878369405058979,0.0572093201767895,1.8399638195805967,1.9347752833045408,2.0647376957144776,0.0040731174238311,0.0059238652746982,0.008125189897592,0.0001054336739564,0.0018495606695994,0.0019148246533035,204.0,300.3333333333333,443.6666666666667,16599.156666666204,22.440082009153425,1.4012111107394467,0.4792122863821195,0.7501302815932238,0.08749513990209112,1.9464922661998718,0.0060407241987071,0.0012899396656197665,293.0,308.0,428.0,462.0,0.8127539856333132,1.8130665833358528,0.4376367614948609,0.5001562988512697,0.9190677286286024,1.8796137402200384,0.0572093201767895,0.117439159023586,1.8399638195805967,2.0647376957144776,0.0001054336739564,0.0019148246533035,14.7648230602334,30.083217912982647,0.0040731174238311,0.008125189897592,16583.15499999935,16615.154999999504,10
204,287,278,275.0,415,405,400.0,16631.219999999303,16655.28499999982,16671.155,14.317821063276352,13.45362404707371,5.830951894845301,0.5949645153944573,0.8477393854394111,0.364434493436449,0.373482726428585,0.373987118213419,0.1890359168220853,0.8092125739286009,0.4155412424593545,0.3150598613701423,0.024723229394624,0.05341773065091,0.0227771558403166,2.0032041023654346,2.3036114285814038,2.1112158270654806,0.003830289035158,0.0124831633579676,0.0121232263083663,0.0020221656260549,0.0011923748703788,0.0019307230504254,205.0,280.0,406.6666666666667,16652.553333333042,11.200799001731788,0.6023794647567724,0.3121685871546965,0.41718854094474384,0.0336393719619502,2.1393437860041065,0.0094788929004973,0.0017150878489530334,275.0,287.0,400.0,415.0,0.3150598613701423,0.8092125739286009,0.1890359168220853,0.373987118213419,0.364434493436449,0.8477393854394111,0.0227771558403166,0.05341773065091,2.0032041023654346,2.3036114285814038,0.0011923748703788,0.0020221656260549,5.830951894845301,14.317821063276352,0.003830289035158,0.0124831633579676,16631.219999999303,16671.155,10
205,275,275,277.0,395,388,380.0,16687.15499999962,16703.154999999242,16719.159999999647,5.0,7.0,8.246211251235321,0.3125000000073896,0.4373633239501993,0.5155493123704445,0.0,0.0,0.1249609497000569,0.3125000000073896,0.4375000000103455,0.4998437988002278,0.0195312500009237,0.0273266681623952,0.0322319044938148,1.5707963267948966,1.5707963267948966,1.3258176636680326,0.0337762187677102,0.0,0.0153063832002916,0.0002028691149668,0.0004872136351034,0.0003064814952387,206.0,275.6666666666667,387.6666666666667,16703.15666666617,6.748737083745108,0.42180421210934443,0.04165364990001897,0.2082682495000949,0.026363274219044566,1.4891367724192752,0.016360867322667266,0.00033218808176963335,275.0,277.0,380.0,395.0,0.3125000000073896,0.4998437988002278,0.0,0.1249609497000569,0.3125000000073896,0.5155493123704445,0.0195312500009237,0.0322319044938148,1.3258176636680326,1.5707963267948966,0.0002028691149668,0.0004872136351034,5.0,8.246211251235321,0.0,0.0337762187677102,16687.15499999962,16719.159999999647,10
206,280,282,282.0,369,359,350.0,16735.154999999395,16751.239999999598,16767.15999999942,11.40175425099138,10.198039027185567,9.0,0.7088439074198065,0.6405803409107128,0.5597014925258561,0.1875586120692261,0.1243394466878941,0.0,0.6877149109204959,0.6216972334394707,0.5653266331720921,0.0440686296183318,0.0402374586003649,0.0348073067484078,1.3045442776439713,1.373400766945016,1.5707963267948966,0.0013300022522286,0.0042807888902813,0.0123992185836725,0.0007400265785997,0.0002381828422703,0.0003410899404533,207.0,281.3333333333333,359.3333333333333,16751.18499999947,10.199931092725649,0.6363752469521251,0.10396601958570673,0.29240823064307075,0.03970446498903483,1.416247123794628,0.006003336575394133,0.0004397664537744333,280.0,282.0,350.0,369.0,0.5653266331720921,0.6877149109204959,0.0,0.1875586120692261,0.5597014925258561,0.7088439074198065,0.0348073067484078,0.0440686296183318,1.3045442776439713,1.5707963267948966,0.0002381828422703,0.0007400265785997,9.0,11.40175425099138,0.0013300022522286,0.0123992185836725,16735.154999999395,16767.15999999942,10
207,282,282,282.0,346,343,339.0,16783.23999999975,16799.269999999524,16815.174999999726,4.0,3.0,4.0,0.2495321272649141,0.1886199308369564,0.1657687525916043,0.0,0.0,0.0,0.2487562189003805,0.1871490954486856,0.2514932411159419,0.0155665706343383,0.0118591594363127,0.0068698198339441,1.5707963267948966,1.5707963267948966,1.5707963267948966,0.0,0.0,0.0,0.0011965631911489,0.0002312795507222,0.0003136962969069,208.0,282.0,342.6666666666667,16799.228333333,3.6666666666666665,0.20130693689782495,0.0,0.08383108037198063,0.011431849968198368,1.5707963267948966,0.0,0.0005805130129260001,282.0,282.0,339.0,346.0,0.1871490954486856,0.2514932411159419,0.0,0.0,0.1657687525916043,0.2495321272649141,0.0068698198339441,0.0155665706343383,1.5707963267948966,1.5707963267948966,0.0002312795507222,0.0011965631911489,3.0,4.0,0.0,0.0,16783.23999999975,16815.174999999726,10
208,281,281,281.0,336,331,326.0,16839.304999999513,16855.16000000007,16871.154999999817,3.1622776601683795,5.0,5.0,0.1994498681840082,0.3125976867820436,0.3103662321622007,0.041442188147901,0.0,0.0,0.1243265644437032,0.3153579312409086,0.3125976867820436,0.0125796195633561,0.0195434627562969,0.0192654396133122,1.892546881191539,1.5707963267948966,1.5707963267948966,0.0133340470119971,0.0202933178420281,0.0,0.0002366265946731,0.0004392206365623,1.7381878273778714e-05,209.0,281.0,331.0,16855.206666666465,4.387425886722793,0.27413792904275086,0.013814062715967001,0.11801329164331487,0.0171295073109884,1.6780465115937773,0.011209121618008402,0.0002310763698363929,281.0,281.0,326.0,336.0,0.1243265644437032,0.3153579312409086,0.0,0.041442188147901,0.1994498681840082,0.3125976867820436,0.0125796195633561,0.0195434627562969,1.5707963267948966,1.892546881191539,1.7381878273778714e-05,0.0004392206365623,3.1622776601683795,5.0,0.0,0.0202933178420281,16839.304999999513,16871.154999999817,10
209,281,281,280.0,319,314,309.0,16887.26499999939,16903.254999999263,16919.27499999929,7.0,5.0,5.0990195135927845,0.437773608508758,0.3121098626711557,0.6491431588935641,0.0,0.0,0.0624219725342311,0.434512725027081,0.3126954346491128,0.3121098626711557,0.0273779617581113,0.0194825132753215,0.0826407586036878,1.5707963267948966,1.5707963267948966,1.7681918866447774,0.0,0.0,0.0123218202153284,0.0005035705862827,0.0004937741390151,0.0039424622551975,210.0,280.6666666666667,314.0,16903.264999999312,5.699673171197595,0.46634221002449266,0.020807324178077034,0.12484394506846226,0.0431670778790402,1.6365948467448568,0.004107273405109467,0.0016466023268317668,280.0,281.0,309.0,319.0,0.3121098626711557,0.434512725027081,0.0,0.0624219725342311,0.3121098626711557,0.6491431588935641,0.0194825132753215,0.0826407586036878,1.5707963267948966,1.7681918866447774,0.0004937741390151,0.0039424622551975,5.0,7.0,0.0,0.0123218202153284,16887.26499999939,16919.27499999929,10
210,280,278,0.0,307,305,0.0,16927.130000000034,16951.159999999618,0.0,2.0,2.8284271247461903,0.0,0.0832292967138832,0.0271742049742786,0.0,0.0,0.0832292967138832,0.0,0.2546148949471958,0.0832292967138832,0.0,0.0034635579157438,0.0002610770521621,0.0,1.5707963267948966,2.356194490192345,0.0,0.0251299248671101,0.0326840683899725,0.0,0.0100798473176869,0.0001332701150077,0.0,211.0,186.0,204.0,11292.763333333218,1.6094757082487299,0.03680116722938726,0.02774309890462773,0.02774309890462773,0.0012415449893019668,1.3089969389957472,0.0192713310856942,0.003404372477564867,0.0,280.0,0.0,307.0,0.0,0.2546148949471958,0.0,0.0832292967138832,0.0,0.0832292967138832,0.0,0.0034635579157438,0.0,2.356194490192345,0.0,0.0100798473176869,0.0,2.8284271247461903,0.0,0.0326840683899725,0.0,16951.159999999618,10
